rank0,csv_row_index0,working_index0
0,29771,12736
1,1957,838
2,59710,25345
3,82299,34928
4,25989,11131
5,38779,16583
6,90373,38232
7,67990,28882
8,101143,42815
9,10859,4706
10,60681,25757
11,129960,55158
12,76202,32324
13,104539,44223
14,119539,50676
15,46030,19637
16,80396,34080
17,115239,48843
18,13446,5796
19,34506,14778
20,84074,35685
21,44217,18873
22,28770,12291
23,84802,35986
24,4215,1840
25,59319,25180
26,94890,40158
27,115672,49045
28,28267,12093
29,109554,46389
30,28995,12388
31,73366,31134
32,118042,50040
33,104084,44020
34,73560,31210
35,86134,36554
36,123810,52549
37,106610,45116
38,109090,46200
39,120029,50892
40,111245,47118
41,38027,16279
42,106818,45212
43,92558,39179
44,59475,25248
45,28661,12246
46,109767,46478
47,123988,52629
48,1331,570
49,68845,29245
50,28538,12200
51,12707,5485
52,21909,9383
53,37141,15892
54,80419,34093
55,8752,3778
56,9069,3920
57,50617,21574
58,33664,14446
59,100685,42638
60,27302,11670
61,72314,30696
62,18340,7882
63,70486,29933
64,102848,43512
65,113930,48276
66,75328,31951
67,68198,28966
68,88408,37438
69,30860,13203
70,130155,55239
71,113614,48149
72,88229,37365
73,70358,29876
74,26493,11330
75,29319,12530
76,69762,29618
77,61010,25891
78,55679,23673
79,120452,51079
80,23159,9915
81,12933,5574
82,118367,50188
83,125834,53421
84,120056,50902
85,112442,47668
86,71951,30552
87,56261,23916
88,67213,28541
89,78171,33150
90,56973,24217
91,77416,32803
92,38338,16415
93,12626,5452
94,72802,30908
95,1032,426
96,59259,25156
97,68111,28932
98,24179,10363
99,40982,17507
100,97913,41439
101,120159,50949
102,3199,1399
103,4840,2117
104,55402,23552
105,102923,43546
106,79568,33727
107,64417,27347
108,89096,37732
109,72816,30915
110,63686,27031
111,113322,48031
112,88657,37539
113,42613,18202
114,83989,35656
115,44614,19058
116,15453,6653
117,2374,1026
118,83737,35543
119,28890,12339
120,44815,19146
121,122551,51963
122,60193,25554
123,88208,37356
124,58523,24852
125,27874,11913
126,6720,2959
127,87289,37001
128,69394,29458
129,9391,4059
130,72954,30967
131,91568,38768
132,117696,49886
133,106168,44926
134,124379,52800
135,25896,11091
136,61149,25956
137,46156,19689
138,35161,15061
139,103215,43664
140,53439,22727
141,95769,40513
142,4139,1813
143,93138,39419
144,9697,4199
145,35315,15128
146,126015,53495
147,58547,24862
148,90517,38302
149,11283,4889
150,99286,42011
151,80825,34292
152,119316,50577
153,28431,12161
154,15289,6588
155,124288,52766
156,49369,21038
157,69966,29707
158,96319,40745
159,97625,41316
160,125439,53265
161,26322,11257
162,6278,2761
163,7542,3311
164,103101,43615
165,110406,46748
166,76647,32492
167,18225,7835
168,10974,4758
169,39446,16858
170,67506,28668
171,126051,53510
172,14677,6324
173,68296,29004
174,45377,19373
175,95570,40445
176,102247,43264
177,128126,54405
178,11478,4969
179,31942,13680
180,97497,41260
181,113839,48238
182,113513,48105
183,122031,51751
184,9646,4175
185,82267,34920
186,54709,23260
187,76800,32546
188,42861,18301
189,87235,36979
190,52270,22254
191,69016,29319
192,104271,44106
193,625,261
194,32026,13719
195,2915,1266
196,114164,48376
197,103438,43747
198,37456,16033
199,106391,45024
200,57557,24456
201,52135,22202
202,98968,41893
203,125196,53150
204,88507,37474
205,25726,11022
206,36908,15790
207,105630,44695
208,50706,21609
209,59466,25246
210,83631,35499
211,82022,34810
212,104445,44184
213,9033,3906
214,22647,9689
215,115128,48793
216,99333,42034
217,115206,48828
218,81079,34405
219,90283,38198
220,14313,6172
221,40738,17398
222,114558,48532
223,123390,52353
224,16087,6924
225,64424,27350
226,155,71
227,124028,52645
228,94476,39990
229,85803,36417
230,66305,28146
231,18790,8061
232,64776,27496
233,53853,22902
234,64798,27504
235,58564,24872
236,84446,35838
237,29709,12707
238,10180,4398
239,103162,43638
240,116047,49181
241,65997,28017
242,27151,11617
243,125600,53331
244,53004,22547
245,8875,3836
246,373,150
247,65210,27698
248,48564,20704
249,30257,12949
250,113450,48084
251,114773,48628
252,92716,39253
253,5309,2314
254,19674,8436
255,85794,36413
256,72776,30894
257,29218,12488
258,63188,26822
259,82363,34955
260,56737,24121
261,35373,15153
262,579,243
263,38822,16597
264,89344,37823
265,72476,30765
266,79999,33908
267,16109,6933
268,116607,49416
269,9674,4187
270,1290,545
271,82582,35049
272,82452,34991
273,25854,11070
274,8617,3723
275,83645,35506
276,31818,13619
277,85879,36454
278,115529,48977
279,46975,20031
280,43330,18502
281,31737,13579
282,96971,41047
283,26611,11392
284,113711,48194
285,96079,40646
286,57707,24506
287,6431,2839
288,112616,47744
289,74823,31743
290,109360,46314
291,66147,28077
292,114612,48561
293,116315,49292
294,8340,3611
295,126721,53809
296,22763,9736
297,77950,33050
298,9812,4242
299,57395,24376
300,44586,19046
301,111441,47190
302,114033,48321
303,95525,40428
304,100269,42439
305,6238,2742
306,77647,32913
307,79675,33773
308,77264,32738
309,69197,29387
310,85184,36141
311,119056,50471
312,20450,8767
313,24899,10672
314,62818,26668
315,11501,4974
316,1274,535
317,90793,38417
318,106120,44902
319,29655,12682
320,55044,23407
321,81591,34620
322,6780,2986
323,93498,39566
324,51792,22072
325,54152,23024
326,72426,30742
327,29941,12813
328,85390,36234
329,18649,8005
330,17210,7403
331,27728,11852
332,26797,11470
333,48409,20643
334,73036,30997
335,44113,18834
336,2721,1174
337,47348,20182
338,41778,17839
339,93462,39550
340,20895,8972
341,125295,53203
342,55005,23394
343,39569,16910
344,97215,41143
345,2005,863
346,38400,16435
347,126527,53707
348,20180,8638
349,120507,51104
350,92388,39112
351,66628,28294
352,73470,31168
353,112074,47479
354,61541,26130
355,40650,17354
356,124366,52795
357,113604,48145
358,68923,29276
359,10011,4325
360,68622,29161
361,79140,33541
362,42308,18073
363,541,227
364,76462,32422
365,20907,8979
366,45608,19460
367,87721,37166
368,88692,37552
369,71529,30369
370,19027,8148
371,15492,6667
372,108093,45763
373,40340,17222
374,9127,3952
375,123099,52209
376,107420,45481
377,38272,16385
378,40057,17113
379,45055,19238
380,123790,52537
381,92497,39152
382,54880,23336
383,58866,24993
384,31848,13633
385,67837,28818
386,23043,9867
387,94512,40005
388,62190,26415
389,46816,19953
390,25045,10726
391,119607,50707
392,58517,24849
393,118281,50149
394,91343,38670
395,57192,24302
396,68166,28955
397,94561,40026
398,12905,5560
399,40970,17499
400,68345,29028
401,93734,39666
402,40653,17355
403,36198,15483
404,84756,35968
405,42523,18169
406,42064,17964
407,115447,48936
408,82750,35119
409,126762,53829
410,29934,12809
411,93094,39405
412,12805,5523
413,112453,47673
414,119339,50586
415,10758,4661
416,91530,38755
417,116275,49277
418,44093,18820
419,113078,47937
420,21220,9104
421,88069,37299
422,129796,55095
423,67210,28539
424,90937,38480
425,35545,15230
426,110062,46604
427,8620,3725
428,118561,50260
429,111674,47292
430,94221,39874
431,13519,5830
432,47077,20085
433,109227,46260
434,56746,24127
435,24673,10564
436,34154,14621
437,115753,49078
438,109786,46484
439,79767,33809
440,27082,11592
441,75181,31889
442,41817,17858
443,31768,13594
444,60502,25687
445,114191,48387
446,100563,42580
447,51964,22131
448,16564,7129
449,26696,11431
450,1474,637
451,79835,33840
452,73886,31351
453,89718,37962
454,123347,52328
455,116877,49535
456,16554,7122
457,125678,53362
458,48200,20543
459,7585,3322
460,21716,9306
461,18618,7989
462,13140,5667
463,84290,35767
464,116048,49182
465,91170,38583
466,122787,52077
467,53478,22740
468,38797,16588
469,55969,23797
470,85167,36132
471,32519,13944
472,53379,22698
473,128255,54457
474,109722,46463
475,128921,54728
476,86397,36664
477,80594,34181
478,96754,40945
479,114021,48315
480,55617,23645
481,90699,38375
482,106130,44906
483,42732,18257
484,86999,36888
485,48233,20561
486,106611,45117
487,129679,55040
488,90233,38181
489,41926,17902
490,90714,38382
491,25388,10863
492,43820,18706
493,98009,41484
494,79126,33532
495,84441,35836
496,119574,50692
497,108265,45843
498,112881,47861
499,38901,16622
500,49028,20899
501,19735,8463
502,87191,36962
503,49806,21236
504,41032,17527
505,121162,51373
506,61225,25996
507,56968,24216
508,110229,46669
509,23092,9883
510,103958,43968
511,82158,34867
512,96121,40665
513,58497,24845
514,86694,36771
515,67771,28790
516,100307,42458
517,126750,53823
518,7385,3245
519,12300,5305
520,77655,32916
521,2777,1199
522,82407,34973
523,39018,16670
524,54774,23287
525,29889,12790
526,63972,27155
527,46314,19742
528,111661,47284
529,54737,23271
530,107893,45680
531,118149,50090
532,99899,42278
533,74978,31794
534,121568,51557
535,84572,35890
536,62987,26745
537,22107,9462
538,27901,11925
539,42857,18299
540,8108,3520
541,65547,27834
542,19184,8222
543,122201,51827
544,35187,15075
545,107583,45556
546,95917,40577
547,55047,23409
548,23671,10150
549,80715,34239
550,44734,19109
551,12888,5550
552,48128,20508
553,31265,13381
554,106979,45282
555,62261,26442
556,63136,26805
557,122161,51808
558,49626,21148
559,119963,50868
560,82554,35037
561,64626,27433
562,8451,3661
563,79774,33813
564,63555,26966
565,100162,42394
566,121252,51408
567,46868,19982
568,123106,52212
569,45978,19613
570,62626,26589
571,17957,7715
572,58335,24774
573,93283,39475
574,94422,39970
575,118385,50198
576,43023,18369
577,125136,53125
578,74566,31639
579,3385,1489
580,90805,38423
581,1979,852
582,7651,3346
583,106172,44928
584,47272,20156
585,106835,45221
586,89596,37916
587,87521,37089
588,120918,51279
589,59370,25208
590,126358,53644
591,108092,45762
592,4090,1801
593,31037,13290
594,107188,45379
595,106633,45126
596,108881,46107
597,77219,32717
598,65441,27789
599,2289,986
600,114747,48620
601,55124,23431
602,14419,6212
603,40357,17233
604,40698,17379
605,36865,15773
606,123634,52465
607,73033,30995
608,123147,52232
609,16604,7147
610,58396,24805
611,43800,18699
612,33282,14273
613,25442,10885
614,27486,11747
615,64684,27456
616,66910,28416
617,78079,33110
618,106771,45192
619,28852,12324
620,83114,35267
621,99834,42246
622,125691,53368
623,7609,3329
624,120330,51022
625,18437,7917
626,24639,10551
627,42900,18321
628,111571,47242
629,48914,20853
630,15303,6597
631,123211,52262
632,56941,24201
633,49133,20947
634,70255,29833
635,45021,19223
636,124861,53011
637,4064,1788
638,16648,7166
639,61331,26037
640,98941,41877
641,44501,19005
642,102381,43318
643,36465,15595
644,21189,9090
645,80325,34047
646,48214,20550
647,26847,11489
648,124697,52940
649,2704,1167
650,70379,29887
651,95332,40350
652,120534,51113
653,17506,7527
654,51264,21838
655,92338,39095
656,52068,22168
657,29865,12779
658,37669,16127
659,94777,40115
660,120090,50914
661,114878,48682
662,76867,32574
663,48569,20708
664,29118,12442
665,45276,19337
666,115680,49050
667,71660,30428
668,56450,23999
669,42009,17939
670,2947,1277
671,79830,33835
672,99220,41988
673,13547,5839
674,95209,40304
675,118413,50207
676,76617,32483
677,116212,49257
678,43272,18484
679,77328,32766
680,27808,11885
681,97590,41302
682,26284,11238
683,129823,55105
684,10643,4611
685,86612,36741
686,28343,12117
687,70514,29949
688,54562,23198
689,110540,46811
690,26745,11448
691,45519,19427
692,26347,11269
693,130123,55226
694,16449,7079
695,44040,18798
696,79192,33561
697,97914,41440
698,111955,47425
699,120773,51223
700,79609,33742
701,113954,48285
702,86529,36708
703,49898,21277
704,43071,18387
705,36661,15682
706,76002,32230
707,43985,18776
708,61931,26307
709,10525,4549
710,54788,23291
711,82695,35093
712,29939,12811
713,66003,28021
714,29723,12713
715,34891,14950
716,20419,8750
717,97012,41061
718,28707,12264
719,2032,874
720,108244,45832
721,88343,37412
722,26056,11158
723,3391,1493
724,118197,50108
725,16780,7219
726,94913,40170
727,110645,46855
728,49395,21051
729,41264,17616
730,53327,22671
731,37145,15895
732,69920,29684
733,44378,18948
734,105282,44551
735,13479,5813
736,21029,9019
737,49661,21162
738,14291,6161
739,122576,51978
740,14444,6225
741,67962,28874
742,55048,23410
743,91935,38926
744,72238,30669
745,59638,25308
746,94470,39986
747,5209,2279
748,13715,5921
749,121140,51365
750,56873,24177
751,109902,46531
752,19725,8459
753,46264,19726
754,59930,25443
755,116571,49406
756,37955,16252
757,38957,16648
758,115328,48882
759,42040,17952
760,32565,13960
761,99666,42174
762,110084,46614
763,57179,24295
764,89350,37824
765,130216,55264
766,24958,10696
767,73816,31318
768,77263,32737
769,130346,55336
770,49915,21287
771,121148,51368
772,76818,32555
773,29813,12757
774,107886,45675
775,117809,49937
776,37517,16064
777,71574,30389
778,79006,33485
779,103,46
780,11718,5065
781,87278,36994
782,85320,36203
783,64688,27457
784,50198,21406
785,37483,16047
786,45007,19217
787,88646,37534
788,68124,28936
789,1877,804
790,103684,43854
791,120909,51277
792,58299,24762
793,98078,41518
794,92672,39235
795,75467,32010
796,80824,34291
797,22354,9568
798,113438,48079
799,59298,25169
800,44145,18847
801,118870,50392
802,46992,20039
803,128523,54571
804,80065,33935
805,42548,18179
806,127096,53972
807,98415,41669
808,20338,8712
809,37370,15996
810,59220,25140
811,116037,49177
812,177,82
813,115333,48884
814,42973,18351
815,58173,24701
816,108785,46065
817,13164,5678
818,21797,9341
819,128121,54402
820,121933,51702
821,68579,29140
822,128444,54536
823,100531,42560
824,22208,9506
825,91454,38728
826,63913,27131
827,90507,38294
828,57702,24504
829,36219,15492
830,124690,52937
831,114894,48689
832,37576,16087
833,3778,1656
834,114501,48510
835,23269,9956
836,68807,29231
837,36025,15419
838,35934,15387
839,68533,29116
840,11459,4963
841,116688,49457
842,44463,18989
843,5706,2485
844,80719,34242
845,18473,7933
846,12689,5476
847,12512,5398
848,66054,28039
849,37045,15847
850,51298,21848
851,32057,13738
852,90730,38389
853,63768,27072
854,112826,47831
855,22010,9418
856,26849,11490
857,90584,38333
858,90844,38439
859,59088,25081
860,50930,21700
861,59146,25108
862,60622,25733
863,3139,1376
864,31946,13682
865,45460,19400
866,77540,32866
867,76020,32240
868,91120,38562
869,68604,29150
870,3010,1317
871,22233,9518
872,52558,22371
873,100612,42609
874,51924,22117
875,60972,25877
876,63648,27012
877,86497,36696
878,46559,19842
879,19558,8375
880,110298,46697
881,32572,13964
882,85743,36388
883,35570,15243
884,85779,36406
885,120896,51273
886,13750,5935
887,34073,14593
888,129981,55165
889,31140,13323
890,42008,17938
891,126057,53515
892,68921,29275
893,37050,15850
894,17641,7582
895,108249,45835
896,62892,26703
897,60900,25848
898,27659,11819
899,60258,25582
900,15324,6606
901,85258,36178
902,709,305
903,39077,16698
904,106250,44959
905,87707,37161
906,105220,44518
907,53749,22855
908,58188,24706
909,61727,26218
910,103460,43760
911,56657,24085
912,57715,24507
913,104561,44232
914,39144,16739
915,27202,11629
916,15813,6805
917,34917,14959
918,71041,30175
919,90816,38429
920,117494,49800
921,87179,36954
922,117454,49780
923,3113,1367
924,46407,19786
925,85919,36469
926,127181,54006
927,13074,5636
928,33935,14546
929,64064,27192
930,36308,15530
931,48435,20658
932,65969,28006
933,23879,10235
934,100270,42440
935,6810,3000
936,25071,10740
937,47947,20423
938,27188,11625
939,4339,1897
940,94641,40060
941,20182,8640
942,8323,3602
943,63629,27004
944,16416,7063
945,16715,7194
946,92336,39093
947,112159,47521
948,121940,51707
949,107773,45626
950,52473,22330
951,41317,17637
952,110767,46914
953,37705,16140
954,115703,49059
955,17340,7446
956,49836,21249
957,53396,22704
958,20679,8875
959,27827,11893
960,103797,43901
961,99923,42287
962,104307,44123
963,20268,8682
964,114905,48693
965,66827,28381
966,49772,21217
967,127324,54057
968,86700,36773
969,6956,3067
970,71867,30512
971,100486,42536
972,34295,14684
973,37321,15979
974,115107,48780
975,122018,51748
976,89031,37709
977,75451,32003
978,103441,43750
979,88718,37566
980,5949,2611
981,10972,4757
982,118454,50228
983,34646,14840
984,126678,53788
985,24998,10709
986,126609,53752
987,112204,47547
988,83039,35231
989,15073,6497
990,100039,42329
991,13602,5864
992,126522,53704
993,100423,42508
994,42584,18195
995,25062,10736
996,18700,8027
997,68996,29312
998,7809,3405
999,83392,35402
1000,78062,33103
1001,35271,15112
1002,43629,18628
1003,90296,38203
1004,126456,53683
1005,859,370
1006,812,350
1007,96324,40748
1008,16542,7116
1009,25108,10752
1010,9199,3978
1011,3086,1354
1012,110265,46680
1013,113288,48017
1014,1514,653
1015,15650,6738
1016,30102,12883
1017,40094,17130
1018,62524,26548
1019,78365,33229
1020,129934,55146
1021,6853,3020
1022,31413,13441
1023,28527,12195
1024,48165,20523
1025,107018,45300
1026,116348,49305
1027,3572,1570
1028,84253,35750
1029,53205,22619
1030,97796,41384
1031,18613,7987
1032,125718,53380
1033,124193,52726
1034,17698,7601
1035,57332,24349
1036,108865,46097
1037,38967,16653
1038,12934,5575
1039,121628,51574
1040,67878,28840
1041,23416,10022
1042,58770,24957
1043,108121,45773
1044,25700,11012
1045,97954,41461
1046,33462,14355
1047,97733,41358
1048,124307,52775
1049,111099,47056
1050,68062,28912
1051,108088,45758
1052,40639,17351
1053,66347,28163
1054,18326,7873
1055,21203,9097
1056,21570,9249
1057,21492,9213
1058,69310,29430
1059,25284,10822
1060,62411,26508
1061,26568,11369
1062,14236,6136
1063,82915,35183
1064,100275,42442
1065,71062,30182
1066,11877,5127
1067,116673,49449
1068,108599,45988
1069,16815,7236
1070,64088,27208
1071,98082,41520
1072,21147,9073
1073,125227,53166
1074,31583,13516
1075,3014,1318
1076,113619,48153
1077,96033,40627
1078,70448,29919
1079,105859,44794
1080,66552,28260
1081,56214,23896
1082,94769,40112
1083,74670,31673
1084,126765,53832
1085,7664,3356
1086,44518,19016
1087,84099,35694
1088,125321,53213
1089,52260,22250
1090,86129,36552
1091,88167,37343
1092,18020,7741
1093,69763,29619
1094,34614,14826
1095,39219,16775
1096,119119,50503
1097,110522,46802
1098,104095,44028
1099,17712,7605
1100,25212,10788
1101,32700,14015
1102,118951,50428
1103,104350,44141
1104,94354,39938
1105,10071,4356
1106,126207,53588
1107,57829,24557
1108,69915,29679
1109,104336,44133
1110,52052,22162
1111,63671,27024
1112,99339,42035
1113,106246,44958
1114,107795,45635
1115,85376,36229
1116,60717,25774
1117,77402,32795
1118,105289,44556
1119,119033,50464
1120,26170,11194
1121,51427,21912
1122,97500,41262
1123,31343,13411
1124,26860,11496
1125,111488,47209
1126,103942,43963
1127,72161,30638
1128,7483,3280
1129,31320,13399
1130,108025,45737
1131,69089,29347
1132,63087,26777
1133,11270,4884
1134,60571,25716
1135,115983,49160
1136,126739,53819
1137,51385,21889
1138,50795,21643
1139,40482,17283
1140,19660,8430
1141,37607,16100
1142,34906,14955
1143,20242,8671
1144,84869,36014
1145,9305,4020
1146,8106,3518
1147,58669,24910
1148,120572,51139
1149,38919,16633
1150,40058,17114
1151,18071,7767
1152,107395,45469
1153,72026,30582
1154,106612,45118
1155,18450,7926
1156,54551,23192
1157,74177,31477
1158,54100,23005
1159,6524,2887
1160,125570,53323
1161,23717,10161
1162,7656,3350
1163,82493,35012
1164,81984,34792
1165,38288,16395
1166,19219,8234
1167,56745,24126
1168,77056,32646
1169,116190,49245
1170,14585,6282
1171,101697,43039
1172,109622,46416
1173,32268,13844
1174,126104,53539
1175,4118,1809
1176,129135,54818
1177,117295,49708
1178,124974,53060
1179,126965,53920
1180,123399,52356
1181,65265,27718
1182,11048,4794
1183,48265,20575
1184,50870,21677
1185,122828,52093
1186,41344,17649
1187,116341,49303
1188,112360,47624
1189,8224,3565
1190,17607,7569
1191,29761,12731
1192,15017,6472
1193,126374,53653
1194,50266,21439
1195,98131,41542
1196,45341,19361
1197,14606,6289
1198,115262,48850
1199,38644,16537
1200,86052,36523
1201,104429,44179
1202,114731,48614
1203,65043,27621
1204,107887,45676
1205,31221,13358
1206,58259,24744
1207,61904,26294
1208,68808,29232
1209,102533,43385
1210,114521,48519
1211,98964,41891
1212,125073,53104
1213,7271,3192
1214,68748,29209
1215,83213,35315
1216,93148,39425
1217,43439,18555
1218,112376,47637
1219,107471,45505
1220,52347,22289
1221,31874,13646
1222,122884,52114
1223,4402,1932
1224,40995,17512
1225,122999,52164
1226,44128,18843
1227,35681,15283
1228,89520,37885
1229,65489,27812
1230,10531,4552
1231,22923,9813
1232,38456,16463
1233,9985,4314
1234,85939,36474
1235,122304,51859
1236,77830,32998
1237,124501,52852
1238,94932,40178
1239,88681,37548
1240,20769,8916
1241,63867,27109
1242,86475,36688
1243,102733,43464
1244,17553,7542
1245,35405,15162
1246,97614,41310
1247,65238,27710
1248,97507,41264
1249,112561,47718
1250,100190,42404
1251,129374,54911
1252,86909,36856
1253,17902,7694
1254,603,252
1255,29110,12438
1256,55903,23765
1257,110911,46973
1258,112303,47595
1259,12623,5450
1260,99890,42272
1261,25571,10940
1262,2130,918
1263,5222,2287
1264,124283,52763
1265,122420,51902
1266,87613,37131
1267,41629,17776
1268,10776,4668
1269,67482,28659
1270,98610,41749
1271,33087,14191
1272,97389,41214
1273,16539,7114
1274,20081,8599
1275,85512,36280
1276,77931,33042
1277,47019,20052
1278,13392,5772
1279,107329,45441
1280,121355,51457
1281,109666,46436
1282,11702,5058
1283,53589,22791
1284,33865,14511
1285,113302,48024
1286,56787,24143
1287,4849,2122
1288,80029,33918
1289,54189,23044
1290,13457,5803
1291,12289,5299
1292,126836,53865
1293,29024,12397
1294,125456,53273
1295,66161,28084
1296,105903,44816
1297,120235,50986
1298,73291,31103
1299,79464,33680
1300,123619,52458
1301,68260,28988
1302,68419,29066
1303,39966,17082
1304,42252,18046
1305,84563,35884
1306,100731,42656
1307,105581,44674
1308,89677,37946
1309,57735,24515
1310,126312,53628
1311,15157,6531
1312,50731,21615
1313,70936,30126
1314,7299,3205
1315,114085,48342
1316,93157,39428
1317,6389,2818
1318,62956,26732
1319,54046,22985
1320,128753,54659
1321,95896,40567
1322,121412,51484
1323,106070,44880
1324,69030,29323
1325,80818,34289
1326,38145,16331
1327,74976,31793
1328,99731,42198
1329,9770,4225
1330,44945,19194
1331,98589,41737
1332,122448,51917
1333,74421,31576
1334,8714,3762
1335,94247,39888
1336,24040,10299
1337,54140,23017
1338,71419,30328
1339,99909,42281
1340,124488,52847
1341,114200,48391
1342,15566,6703
1343,58167,24697
1344,9961,4305
1345,54545,23188
1346,72489,30771
1347,114713,48605
1348,129031,54768
1349,39249,16785
1350,8821,3810
1351,94883,40154
1352,118142,50085
1353,127651,54204
1354,69548,29530
1355,86317,36629
1356,26858,11495
1357,37472,16041
1358,79702,33785
1359,124464,52835
1360,74264,31513
1361,88758,37586
1362,37383,16001
1363,36765,15725
1364,88380,37428
1365,83943,35638
1366,88512,37476
1367,81350,34509
1368,32564,13959
1369,17816,7656
1370,117234,49683
1371,52985,22540
1372,45275,19336
1373,53736,22848
1374,93416,39529
1375,88611,37519
1376,73088,31021
1377,32043,13730
1378,117804,49934
1379,67350,28599
1380,50471,21517
1381,114837,48662
1382,62191,26416
1383,16584,7138
1384,14713,6343
1385,85436,36247
1386,4729,2072
1387,129712,55053
1388,9498,4108
1389,23192,9932
1390,17154,7382
1391,61606,26162
1392,109410,46335
1393,112649,47758
1394,1847,790
1395,1765,760
1396,125395,53248
1397,106940,45263
1398,24115,10332
1399,20946,8993
1400,104000,43985
1401,15596,6715
1402,11762,5083
1403,32988,14140
1404,122671,52019
1405,127658,54208
1406,127780,54262
1407,11653,5033
1408,86492,36694
1409,83857,35604
1410,116760,49488
1411,42157,18006
1412,111688,47300
1413,24765,10609
1414,15312,6602
1415,86803,36822
1416,69440,29478
1417,112219,47553
1418,123377,52342
1419,100016,42321
1420,13332,5749
1421,85110,36109
1422,112117,47501
1423,13005,5604
1424,24973,10701
1425,106274,44968
1426,100429,42511
1427,81110,34412
1428,42419,18128
1429,78210,33168
1430,64403,27338
1431,288,128
1432,82409,34974
1433,86783,36814
1434,49920,21291
1435,61581,26149
1436,104231,44092
1437,37320,15978
1438,101483,42950
1439,184,85
1440,79351,33631
1441,57552,24451
1442,56870,24174
1443,93928,39740
1444,53575,22784
1445,13711,5919
1446,59820,25392
1447,44228,18879
1448,75105,31857
1449,79545,33719
1450,101112,42802
1451,44331,18927
1452,78936,33460
1453,110463,46778
1454,115839,49113
1455,47795,20362
1456,116790,49499
1457,22134,9477
1458,86828,36831
1459,101160,42825
1460,68560,29128
1461,126821,53857
1462,18534,7960
1463,28147,12041
1464,29986,12835
1465,71989,30566
1466,96290,40736
1467,61955,26319
1468,88210,37357
1469,79785,33820
1470,72073,30599
1471,16643,7164
1472,37097,15877
1473,85445,36251
1474,40749,17404
1475,86025,36509
1476,38835,16600
1477,37912,16229
1478,126157,53567
1479,101109,42801
1480,25585,10946
1481,10323,4465
1482,91776,38861
1483,82939,35190
1484,48563,20703
1485,91369,38685
1486,109403,46330
1487,1698,731
1488,61982,26331
1489,70520,29952
1490,122928,52134
1491,81793,34706
1492,67500,28665
1493,98765,41812
1494,81845,34734
1495,43224,18455
1496,97351,41201
1497,38689,16549
1498,117733,49900
1499,115659,49040
1500,63760,27066
1501,8058,3504
1502,73572,31216
1503,36932,15803
1504,47971,20433
1505,26805,11474
1506,74073,31420
1507,123813,52552
1508,45925,19588
1509,896,382
1510,7323,3215
1511,74290,31524
1512,82775,35132
1513,66205,28100
1514,99783,42219
1515,70214,29817
1516,27344,11689
1517,16284,6999
1518,118604,50278
1519,123293,52298
1520,25316,10836
1521,88464,37458
1522,57899,24587
1523,51375,21883
1524,52819,22469
1525,108435,45918
1526,73000,30985
1527,56762,24136
1528,117654,49866
1529,68514,29107
1530,107521,45526
1531,97475,41247
1532,63853,27105
1533,17427,7488
1534,16752,7210
1535,53250,22636
1536,99463,42088
1537,84141,35707
1538,62077,26374
1539,41612,17768
1540,92702,39244
1541,126497,53696
1542,96262,40724
1543,59719,25348
1544,85908,36465
1545,20871,8961
1546,43907,18738
1547,48414,20647
1548,95349,40356
1549,80694,34229
1550,47073,20083
1551,50145,21383
1552,84769,35975
1553,10394,4497
1554,70943,30130
1555,65225,27703
1556,38773,16581
1557,29240,12496
1558,108510,45945
1559,43076,18392
1560,12794,5518
1561,2993,1305
1562,91741,38850
1563,98592,41738
1564,69530,29521
1565,59026,25058
1566,113687,48184
1567,110677,46877
1568,47501,20247
1569,127579,54165
1570,63761,27067
1571,25818,11061
1572,15684,6751
1573,27968,11959
1574,80340,34057
1575,362,147
1576,34222,14649
1577,26005,11137
1578,34094,14599
1579,39282,16799
1580,26925,11527
1581,129864,55119
1582,102434,43341
1583,79662,33768
1584,105232,44525
1585,59569,25288
1586,127912,54311
1587,94475,39989
1588,51042,21747
1589,88531,37485
1590,35212,15088
1591,52103,22183
1592,54355,23116
1593,107387,45465
1594,104256,44100
1595,5186,2269
1596,121761,51628
1597,17985,7728
1598,99116,41945
1599,55708,23686
1600,64180,27242
1601,82258,34915
1602,110988,47010
1603,78096,33116
1604,93370,39508
1605,101354,42893
1606,95771,40514
1607,48320,20599
1608,13283,5732
1609,53592,22793
1610,79010,33487
1611,89184,37771
1612,80378,34074
1613,16291,7005
1614,31534,13497
1615,3932,1724
1616,14674,6321
1617,8598,3718
1618,119664,50738
1619,130051,55193
1620,52563,22374
1621,40708,17385
1622,74144,31460
1623,62347,26483
1624,49030,20900
1625,32247,13832
1626,85742,36387
1627,52671,22412
1628,24169,10356
1629,118014,50022
1630,69248,29402
1631,70377,29885
1632,19350,8292
1633,108492,45937
1634,63978,27156
1635,90988,38503
1636,77015,32628
1637,41517,17729
1638,100631,42619
1639,94889,40157
1640,72694,30865
1641,52110,22187
1642,6984,3084
1643,104944,44402
1644,37859,16209
1645,72731,30876
1646,16481,7092
1647,38066,16298
1648,51575,21971
1649,1871,801
1650,83282,35356
1651,42940,18337
1652,77467,32828
1653,85419,36240
1654,32420,13906
1655,107974,45717
1656,110413,46750
1657,1102,459
1658,113342,48040
1659,84807,35988
1660,80064,33934
1661,43246,18467
1662,122882,52112
1663,36860,15770
1664,92011,38953
1665,47513,20255
1666,46954,20023
1667,35022,15006
1668,98251,41588
1669,88686,37551
1670,50256,21433
1671,28081,12012
1672,30007,12840
1673,91217,38607
1674,73132,31040
1675,89045,37716
1676,108154,45788
1677,34403,14732
1678,53256,22638
1679,92237,39054
1680,41736,17825
1681,81478,34567
1682,91825,38879
1683,88922,37659
1684,6380,2815
1685,37412,16014
1686,6771,2982
1687,62125,26391
1688,61890,26286
1689,38497,16480
1690,115599,49008
1691,24511,10491
1692,108075,45755
1693,105279,44549
1694,77220,32718
1695,87430,37055
1696,21736,9316
1697,129782,55090
1698,122707,52036
1699,96707,40928
1700,43202,18446
1701,27478,11744
1702,38691,16550
1703,129618,55010
1704,15687,6753
1705,31129,13317
1706,45615,19464
1707,94918,40174
1708,46848,19969
1709,80415,34089
1710,80978,34364
1711,124399,52808
1712,126241,53602
1713,3296,1447
1714,57034,24237
1715,95721,40498
1716,11140,4825
1717,104470,44195
1718,73565,31213
1719,53409,22710
1720,64771,27492
1721,109888,46525
1722,11332,4913
1723,37458,16034
1724,45073,19245
1725,105853,44790
1726,96027,40624
1727,23478,10053
1728,85460,36260
1729,120634,51161
1730,64071,27197
1731,22076,9447
1732,10022,4333
1733,117601,49845
1734,114079,48341
1735,100074,42344
1736,119565,50689
1737,75768,32134
1738,19303,8270
1739,1075,444
1740,99679,42178
1741,7281,3199
1742,82530,35027
1743,113901,48265
1744,30061,12866
1745,100348,42474
1746,62154,26403
1747,47683,20320
1748,5627,2450
1749,15249,6573
1750,18943,8121
1751,84810,35990
1752,30149,12900
1753,35029,15010
1754,95225,40308
1755,97770,41373
1756,43541,18601
1757,109116,46210
1758,126540,53714
1759,23,10
1760,95305,40339
1761,64989,27593
1762,47617,20291
1763,90405,38246
1764,116750,49483
1765,91128,38567
1766,109404,46331
1767,877,373
1768,75305,31941
1769,75053,31832
1770,53376,22696
1771,49059,20907
1772,80901,34329
1773,25748,11027
1774,96172,40682
1775,82963,35203
1776,81879,34748
1777,113353,48043
1778,99677,42177
1779,122128,51789
1780,77277,32743
1781,112702,47780
1782,34694,14863
1783,95576,40449
1784,42367,18098
1785,29142,12453
1786,111580,47245
1787,124222,52739
1788,88573,37502
1789,128075,54382
1790,16995,7315
1791,91515,38749
1792,69161,29375
1793,110281,46688
1794,85882,36456
1795,53989,22964
1796,97657,41329
1797,92824,39301
1798,89736,37973
1799,46867,19981
1800,40944,17487
1801,122893,52119
1802,2195,940
1803,74742,31709
1804,113884,48257
1805,29336,12538
1806,24173,10358
1807,17627,7577
1808,23304,9976
1809,129637,55021
1810,53878,22915
1811,106209,44943
1812,31562,13507
1813,25231,10795
1814,104289,44116
1815,89437,37856
1816,91326,38657
1817,53009,22549
1818,49962,21310
1819,82799,35141
1820,90036,38101
1821,111084,47047
1822,99536,42116
1823,34607,14822
1824,86118,36548
1825,19930,8541
1826,5754,2507
1827,101758,43067
1828,25392,10866
1829,108322,45868
1830,125831,53420
1831,33193,14236
1832,2067,889
1833,67004,28453
1834,68180,28961
1835,99188,41973
1836,66500,28232
1837,22477,9618
1838,16906,7275
1839,16852,7253
1840,5377,2342
1841,36824,15752
1842,112573,47725
1843,64566,27410
1844,5800,2532
1845,70777,30053
1846,49905,21281
1847,91982,38945
1848,130029,55184
1849,11735,5072
1850,102317,43292
1851,103605,43827
1852,65102,27651
1853,60475,25671
1854,43285,18488
1855,20481,8785
1856,44267,18896
1857,10400,4501
1858,74111,31445
1859,44770,19125
1860,81678,34662
1861,107829,45648
1862,89418,37848
1863,82406,34972
1864,93449,39544
1865,96212,40700
1866,75764,32131
1867,107227,45397
1868,70203,29811
1869,62859,26687
1870,31098,13306
1871,108199,45807
1872,70759,30047
1873,70803,30065
1874,128633,54619
1875,120961,51294
1876,83873,35614
1877,61467,26104
1878,104493,44210
1879,57092,24259
1880,60251,25578
1881,94700,40082
1882,62905,26710
1883,126605,53750
1884,14200,6122
1885,96223,40704
1886,47098,20092
1887,55000,23391
1888,109576,46397
1889,107089,45332
1890,103523,43793
1891,127695,54226
1892,10493,4540
1893,74994,31804
1894,45153,19285
1895,33097,14197
1896,19723,8457
1897,103518,43791
1898,52114,22190
1899,52495,22340
1900,94481,39992
1901,34962,14981
1902,92508,39159
1903,4195,1831
1904,63766,27070
1905,32328,13867
1906,63395,26903
1907,35537,15226
1908,10660,4620
1909,35363,15147
1910,20181,8639
1911,22833,9768
1912,52356,22292
1913,62559,26563
1914,102413,43332
1915,70048,29746
1916,76398,32394
1917,105590,44678
1918,7776,3393
1919,49335,21021
1920,1486,643
1921,6792,2994
1922,74922,31771
1923,77488,32838
1924,112990,47901
1925,55224,23477
1926,115540,48982
1927,92623,39214
1928,6888,3032
1929,90142,38143
1930,7124,3132
1931,13934,6010
1932,79459,33677
1933,27680,11833
1934,2698,1165
1935,108869,46099
1936,16947,7293
1937,110789,46924
1938,25248,10806
1939,126302,53624
1940,125093,53111
1941,6188,2722
1942,67414,28630
1943,5573,2418
1944,111027,47026
1945,43016,18366
1946,76888,32583
1947,126844,53869
1948,128388,54508
1949,101305,42878
1950,98977,41897
1951,9283,4008
1952,33874,14516
1953,93736,39668
1954,98487,41699
1955,96394,40776
1956,33414,14336
1957,22596,9662
1958,14529,6258
1959,95451,40400
1960,20660,8862
1961,90637,38352
1962,34949,14976
1963,123742,52517
1964,14980,6456
1965,59412,25223
1966,46976,20032
1967,21257,9121
1968,87797,37194
1969,40491,17285
1970,34129,14615
1971,10349,4478
1972,54673,23242
1973,31139,13322
1974,22137,9479
1975,47328,20173
1976,84034,35675
1977,65881,27969
1978,111468,47200
1979,103048,43590
1980,45372,19371
1981,55937,23784
1982,44873,19169
1983,112814,47824
1984,60049,25494
1985,105241,44530
1986,83670,35516
1987,124618,52912
1988,117552,49827
1989,119464,50638
1990,88146,37335
1991,56508,24025
1992,56037,23823
1993,113054,47925
1994,8374,3625
1995,122939,52139
1996,91583,38773
1997,91065,38542
1998,65925,27989
1999,44240,18886
2000,73556,31208
2001,84325,35783
2002,58362,24791
2003,46646,19877
2004,120843,51248
2005,67000,28451
2006,64172,27239
2007,60506,25689
2008,11398,4943
2009,100602,42605
2010,73995,31393
2011,9120,3948
2012,50205,21410
2013,8018,3489
2014,53220,22626
2015,72226,30661
2016,97615,41311
2017,100698,42643
2018,73438,31157
2019,105729,44736
2020,122718,52043
2021,12547,5416
2022,118248,50133
2023,62188,26413
2024,43947,18755
2025,26662,11416
2026,75324,31950
2027,90508,38295
2028,119335,50584
2029,6714,2957
2030,568,239
2031,38589,16510
2032,78420,33251
2033,14214,6126
2034,88080,37304
2035,91449,38726
2036,4390,1926
2037,81978,34788
2038,82900,35177
2039,120845,51250
2040,55479,23589
2041,100874,42715
2042,122935,52137
2043,28986,12383
2044,69381,29453
2045,51539,21961
2046,66835,28386
2047,21938,9393
2048,16216,6974
2049,40412,17254
2050,130269,55293
2051,102679,43439
2052,48618,20728
2053,72875,30937
2054,46436,19793
2055,20345,8715
2056,34470,14762
2057,27432,11726
2058,127166,54001
2059,104768,44330
2060,11116,4818
2061,127716,54237
2062,20678,8874
2063,5199,2272
2064,44753,19118
2065,39391,16837
2066,48493,20676
2067,80893,34325
2068,107788,45631
2069,115592,49006
2070,50160,21390
2071,43226,18456
2072,62320,26469
2073,72760,30887
2074,49422,21065
2075,129416,54928
2076,5523,2397
2077,29335,12537
2078,59631,25306
2079,29452,12592
2080,83557,35469
2081,98441,41683
2082,117440,49770
2083,46232,19713
2084,32623,13985
2085,79977,33900
2086,42013,17942
2087,90582,38332
2088,56683,24098
2089,119059,50473
2090,36740,15715
2091,9475,4102
2092,68804,29230
2093,46070,19650
2094,47321,20172
2095,51502,21943
2096,117947,49990
2097,113338,48038
2098,96591,40869
2099,14625,6295
2100,27064,11586
2101,30323,12977
2102,76301,32355
2103,57843,24562
2104,81940,34776
2105,4235,1849
2106,34912,14957
2107,80212,33993
2108,77705,32944
2109,125397,53250
2110,45067,19243
2111,5212,2280
2112,9080,3926
2113,129436,54938
2114,7878,3433
2115,60032,25490
2116,96111,40662
2117,78433,33259
2118,71805,30486
2119,124470,52837
2120,92939,39348
2121,99455,42084
2122,45533,19432
2123,26047,11152
2124,59276,25163
2125,18800,8064
2126,20865,8958
2127,22098,9457
2128,68871,29253
2129,40328,17217
2130,24745,10597
2131,117757,49913
2132,75010,31814
2133,74679,31678
2134,53077,22570
2135,43218,18452
2136,89652,37933
2137,79257,33588
2138,129607,55007
2139,59032,25061
2140,51282,21845
2141,63272,26857
2142,39120,16724
2143,121964,51719
2144,85825,36422
2145,40346,17226
2146,108495,45938
2147,72852,30928
2148,95030,40227
2149,93445,39541
2150,14551,6266
2151,21367,9161
2152,59121,25098
2153,114534,48525
2154,57872,24574
2155,71647,30424
2156,45829,19557
2157,73012,30989
2158,88714,37564
2159,58704,24923
2160,68149,28947
2161,15913,6851
2162,35390,15157
2163,41424,17687
2164,94859,40144
2165,115334,48885
2166,34668,14852
2167,46478,19806
2168,114717,48606
2169,44544,19029
2170,44045,18801
2171,127154,53994
2172,97671,41336
2173,72624,30829
2174,81767,34695
2175,50174,21396
2176,85150,36127
2177,42025,17945
2178,24086,10317
2179,2538,1095
2180,99572,42136
2181,113355,48044
2182,42901,18322
2183,94530,40017
2184,14009,6034
2185,38238,16371
2186,97082,41090
2187,100597,42602
2188,97651,41326
2189,115410,48922
2190,59062,25073
2191,116408,49335
2192,113615,48150
2193,112413,47654
2194,23430,10029
2195,46017,19631
2196,123,54
2197,118528,50245
2198,83354,35384
2199,68965,29296
2200,52335,22283
2201,10292,4452
2202,86541,36713
2203,51715,22034
2204,42082,17973
2205,56854,24166
2206,87589,37121
2207,54361,23119
2208,117993,50011
2209,124442,52827
2210,20444,8762
2211,22079,9449
2212,102842,43509
2213,98571,41731
2214,116301,49286
2215,36905,15788
2216,8592,3714
2217,73683,31269
2218,20855,8954
2219,102755,43476
2220,14078,6064
2221,35475,15194
2222,81526,34596
2223,62251,26438
2224,20633,8849
2225,37809,16183
2226,52035,22156
2227,67523,28674
2228,32832,14070
2229,51416,21907
2230,41346,17650
2231,85672,36359
2232,5884,2574
2233,43955,18759
2234,47151,20116
2235,17328,7441
2236,29488,12607
2237,50436,21500
2238,58723,24930
2239,52641,22401
2240,82349,34946
2241,60087,25514
2242,90226,38178
2243,127204,54012
2244,13442,5794
2245,113380,48059
2246,6484,2866
2247,61726,26217
2248,117944,49989
2249,130237,55277
2250,14811,6375
2251,98164,41557
2252,485,204
2253,33308,14285
2254,13523,5832
2255,16441,7076
2256,123719,52504
2257,63090,26779
2258,100817,42687
2259,77810,32983
2260,58367,24795
2261,128184,54428
2262,86301,36622
2263,19560,8376
2264,28574,12216
2265,17119,7370
2266,73061,31008
2267,14589,6283
2268,5135,2249
2269,9738,4211
2270,42230,18035
2271,40043,17106
2272,54079,22996
2273,1052,437
2274,47897,20402
2275,110399,46746
2276,85993,36495
2277,91215,38606
2278,57913,24592
2279,40297,17205
2280,78023,33083
2281,79343,33628
2282,101607,42994
2283,100318,42460
2284,43402,18542
2285,112642,47754
2286,5550,2408
2287,3831,1679
2288,127653,54205
2289,31393,13435
2290,78597,33322
2291,15905,6846
2292,56902,24187
2293,42832,18291
2294,36934,15804
2295,127711,54233
2296,108246,45833
2297,66094,28058
2298,103474,43767
2299,121740,51619
2300,36238,15497
2301,37891,16221
2302,18175,7810
2303,54119,23011
2304,88373,37424
2305,37754,16158
2306,96460,40811
2307,124027,52644
2308,63567,26972
2309,95545,40437
2310,122075,51769
2311,68247,28984
2312,25069,10739
2313,104221,44088
2314,1885,808
2315,57216,24308
2316,60146,25537
2317,101199,42843
2318,81533,34600
2319,58423,24815
2320,105715,44732
2321,38176,16348
2322,49123,20940
2323,77142,32688
2324,94763,40109
2325,26692,11428
2326,63563,26969
2327,127966,54335
2328,88869,37639
2329,64563,27408
2330,95940,40588
2331,30562,13071
2332,3513,1549
2333,14253,6144
2334,25385,10861
2335,21944,9396
2336,101356,42894
2337,31964,13695
2338,99873,42264
2339,30954,13247
2340,784,335
2341,20454,8770
2342,114174,48380
2343,97894,41431
2344,124514,52859
2345,63401,26906
2346,3467,1530
2347,112115,47500
2348,93221,39448
2349,2762,1192
2350,70022,29734
2351,79682,33778
2352,32474,13927
2353,51483,21934
2354,109693,46450
2355,122652,52013
2356,71208,30246
2357,74184,31482
2358,50589,21562
2359,27538,11767
2360,98111,41534
2361,3336,1465
2362,105325,44564
2363,3983,1750
2364,115273,48856
2365,43765,18682
2366,5401,2354
2367,130235,55275
2368,101645,43015
2369,37084,15870
2370,43268,18482
2371,60567,25715
2372,109571,46395
2373,130045,55189
2374,73356,31129
2375,29818,12759
2376,121364,51462
2377,24619,10543
2378,87619,37133
2379,119020,50459
2380,60457,25659
2381,60440,25651
2382,16165,6956
2383,53158,22603
2384,93812,39693
2385,54699,23255
2386,73989,31391
2387,15612,6725
2388,7489,3284
2389,128097,54392
2390,45054,19237
2391,10148,4385
2392,128626,54617
2393,5308,2313
2394,94677,40072
2395,98282,41603
2396,97338,41195
2397,114559,48533
2398,51392,21893
2399,109714,46458
2400,85133,36119
2401,79912,33875
2402,111794,47345
2403,114120,48358
2404,31520,13490
2405,87778,37189
2406,93544,39590
2407,48416,20649
2408,31023,13282
2409,39565,16909
2410,113680,48179
2411,32924,14113
2412,14960,6447
2413,25666,10993
2414,65810,27940
2415,32693,14011
2416,91052,38535
2417,107665,45587
2418,129713,55054
2419,41482,17712
2420,43536,18599
2421,39515,16890
2422,29718,12711
2423,66927,28421
2424,96853,40992
2425,30802,13172
2426,80241,34009
2427,88140,37331
2428,127106,53978
2429,80786,34279
2430,82309,34932
2431,27144,11612
2432,115671,49044
2433,98134,41544
2434,33371,14313
2435,9549,4133
2436,98786,41818
2437,14868,6406
2438,103476,43768
2439,100515,42552
2440,25277,10820
2441,14508,6247
2442,94956,40190
2443,2341,1011
2444,71181,30233
2445,118322,50167
2446,7302,3207
2447,10533,4554
2448,103712,43865
2449,63146,26806
2450,119593,50699
2451,128329,54483
2452,34259,14667
2453,5808,2538
2454,15877,6834
2455,102881,43529
2456,70809,30068
2457,71492,30357
2458,65222,27702
2459,4722,2067
2460,61466,26103
2461,53759,22862
2462,40309,17210
2463,38171,16345
2464,77934,33043
2465,122313,51861
2466,11188,4849
2467,89306,37808
2468,88312,37394
2469,19476,8337
2470,58537,24859
2471,65786,27929
2472,101449,42938
2473,32868,14089
2474,43302,18494
2475,24193,10369
2476,116333,49300
2477,127331,54064
2478,63417,26912
2479,36129,15456
2480,40145,17151
2481,36786,15733
2482,121087,51341
2483,122282,51851
2484,112830,47833
2485,83051,35236
2486,52062,22166
2487,86264,36606
2488,44459,18988
2489,113103,47946
2490,2378,1028
2491,26176,11197
2492,128655,54628
2493,112407,47651
2494,113389,48062
2495,72430,30745
2496,70120,29778
2497,7327,3218
2498,4537,1985
2499,6012,2637
2500,14662,6316
2501,98930,41874
2502,84009,35665
2503,35876,15362
2504,98430,41678
2505,43515,18591
2506,9091,3934
2507,56298,23929
2508,105596,44682
2509,25597,10950
2510,44737,19111
2511,4963,2177
2512,122954,52148
2513,9086,3931
2514,110914,46975
2515,15918,6853
2516,24646,10555
2517,83310,35368
2518,12059,5208
2519,74409,31575
2520,123800,52543
2521,90747,38399
2522,85367,36224
2523,35502,15208
2524,64730,27477
2525,117837,49949
2526,126180,53579
2527,35115,15043
2528,87533,37093
2529,7111,3127
2530,3840,1683
2531,82442,34986
2532,2770,1197
2533,125759,53394
2534,112006,47448
2535,9916,4285
2536,128829,54689
2537,33195,14238
2538,86152,36561
2539,22292,9544
2540,20095,8605
2541,88786,37599
2542,20807,8928
2543,73322,31118
2544,52471,22329
2545,33867,14513
2546,24176,10361
2547,32297,13850
2548,83765,35556
2549,23764,10185
2550,15191,6545
2551,21455,9199
2552,105233,44526
2553,73162,31052
2554,122953,52147
2555,89914,38044
2556,17805,7652
2557,77511,32851
2558,71892,30523
2559,80354,34065
2560,16886,7268
2561,126729,53813
2562,70508,29945
2563,29043,12406
2564,21396,9173
2565,56343,23950
2566,1747,753
2567,33547,14391
2568,50958,21715
2569,16966,7302
2570,77329,32767
2571,5859,2562
2572,25856,11072
2573,27872,11911
2574,87184,36957
2575,2377,1027
2576,15557,6698
2577,51599,21982
2578,83653,35510
2579,31496,13479
2580,101241,42859
2581,70699,30021
2582,113447,48082
2583,102024,43172
2584,35278,15114
2585,118976,50439
2586,73566,31214
2587,125075,53106
2588,85832,36427
2589,94050,39781
2590,54172,23035
2591,128658,54630
2592,28530,12197
2593,118031,50034
2594,29591,12647
2595,58439,24821
2596,52077,22174
2597,31531,13495
2598,48839,20814
2599,31836,13630
2600,81490,34574
2601,83543,35462
2602,111539,47229
2603,68592,29145
2604,39441,16857
2605,84863,36011
2606,40200,17176
2607,34000,14573
2608,130378,55350
2609,39817,17014
2610,85225,36156
2611,6430,2838
2612,123072,52199
2613,85350,36217
2614,64056,27190
2615,65500,27816
2616,113281,48015
2617,48662,20746
2618,86752,36801
2619,77221,32719
2620,31425,13447
2621,63096,26783
2622,127715,54236
2623,6395,2823
2624,23951,10265
2625,102758,43477
2626,21120,9058
2627,101801,43083
2628,128037,54363
2629,31860,13639
2630,104409,44168
2631,117222,49680
2632,30805,13174
2633,72828,30920
2634,65333,27744
2635,68289,28999
2636,39254,16787
2637,6523,2886
2638,3418,1507
2639,76979,32616
2640,48301,20591
2641,52299,22265
2642,120994,51301
2643,87077,36914
2644,78045,33094
2645,86581,36727
2646,253,114
2647,129929,55142
2648,75059,31835
2649,98785,41817
2650,114414,48476
2651,86923,36862
2652,451,189
2653,94028,39772
2654,16663,7169
2655,33538,14385
2656,22212,9510
2657,121979,51727
2658,51168,21797
2659,99793,42226
2660,43967,18765
2661,586,244
2662,44566,19037
2663,6426,2835
2664,100679,42634
2665,126587,53741
2666,77479,32833
2667,107330,45442
2668,70956,30137
2669,104384,44154
2670,62557,26561
2671,120829,51241
2672,57410,24382
2673,23172,9924
2674,59937,25448
2675,52717,22428
2676,12315,5309
2677,129501,54963
2678,54486,23167
2679,112450,47671
2680,66375,28177
2681,16766,7214
2682,33929,14543
2683,33499,14371
2684,80711,34238
2685,58272,24751
2686,26370,11282
2687,50031,21343
2688,47704,20328
2689,60465,25665
2690,60214,25564
2691,15306,6598
2692,34121,14611
2693,11103,4816
2694,117095,49629
2695,107972,45715
2696,7583,3321
2697,31786,13603
2698,73147,31046
2699,24162,10353
2700,88739,37579
2701,38907,16627
2702,9790,4235
2703,84401,35818
2704,111892,47386
2705,21014,9013
2706,70994,30156
2707,19633,8417
2708,54592,23211
2709,104202,44077
2710,98295,41608
2711,67947,28869
2712,116268,49274
2713,44318,18921
2714,86755,36803
2715,84370,35801
2716,65192,27687
2717,36337,15546
2718,121852,51670
2719,116830,49520
2720,66273,28132
2721,48751,20780
2722,35185,15073
2723,50902,21689
2724,66949,28427
2725,83564,35473
2726,87870,37224
2727,37577,16088
2728,95670,40481
2729,26252,11226
2730,95880,40561
2731,89668,37941
2732,9231,3991
2733,120075,50907
2734,73229,31081
2735,118377,50192
2736,56608,24063
2737,12927,5569
2738,46530,19829
2739,73302,31109
2740,124498,52850
2741,100566,42582
2742,120052,50901
2743,29442,12587
2744,61386,26064
2745,81536,34601
2746,14986,6457
2747,3291,1444
2748,78385,33239
2749,402,165
2750,40654,17356
2751,101145,42817
2752,51154,21792
2753,2436,1056
2754,100138,42377
2755,30682,13118
2756,102971,43558
2757,15364,6619
2758,13481,5814
2759,82086,34834
2760,53915,22930
2761,86837,36832
2762,60662,25752
2763,70988,30153
2764,85648,36350
2765,67936,28864
2766,119812,50802
2767,28560,12208
2768,44436,18975
2769,95807,40530
2770,123171,52242
2771,22558,9651
2772,56215,23897
2773,124606,52905
2774,2326,1005
2775,124245,52747
2776,39841,17027
2777,70421,29905
2778,80274,34022
2779,15599,6717
2780,36059,15434
2781,85164,36131
2782,98612,41751
2783,10545,4561
2784,108513,45947
2785,64413,27343
2786,89904,38039
2787,42425,18131
2788,47447,20224
2789,24882,10661
2790,102126,43215
2791,98081,41519
2792,44779,19130
2793,125101,53113
2794,23540,10076
2795,110647,46857
2796,59783,25375
2797,20830,8941
2798,90866,38450
2799,20773,8918
2800,111009,47017
2801,73424,31152
2802,90799,38420
2803,9277,4005
2804,128564,54593
2805,44796,19139
2806,61072,25924
2807,78228,33177
2808,94992,40206
2809,110995,47012
2810,74212,31493
2811,31267,13382
2812,27800,11881
2813,15035,6480
2814,80105,33949
2815,105911,44821
2816,119879,50830
2817,109054,46184
2818,9129,3953
2819,96539,40846
2820,124083,52671
2821,61297,26024
2822,19165,8209
2823,73236,31085
2824,17745,7621
2825,50325,21461
2826,45761,19527
2827,83155,35286
2828,105760,44750
2829,122819,52088
2830,55638,23658
2831,38862,16608
2832,73252,31091
2833,25000,10710
2834,121855,51671
2835,115532,48979
2836,60668,25753
2837,22102,9460
2838,105451,44624
2839,128787,54670
2840,123185,52249
2841,28876,12335
2842,30838,13190
2843,103384,43729
2844,1740,750
2845,71886,30520
2846,6028,2641
2847,66184,28093
2848,117103,49634
2849,59716,25347
2850,37836,16193
2851,39780,17001
2852,128877,54712
2853,16703,7185
2854,85206,36149
2855,96038,40631
2856,91137,38572
2857,117602,49846
2858,78822,33407
2859,41782,17840
2860,60547,25707
2861,111815,47356
2862,13927,6007
2863,27043,11575
2864,73786,31305
2865,71081,30196
2866,71016,30165
2867,111537,47228
2868,21234,9110
2869,108348,45880
2870,126291,53617
2871,130309,55320
2872,35534,15224
2873,126816,53854
2874,74745,31711
2875,91010,38516
2876,71474,30348
2877,126311,53627
2878,68577,29138
2879,70270,29837
2880,30235,12941
2881,116060,49187
2882,79229,33577
2883,29803,12751
2884,111018,47020
2885,105810,44774
2886,61479,26107
2887,95068,40247
2888,10052,4348
2889,46202,19701
2890,6156,2704
2891,85726,36379
2892,118575,50266
2893,29612,12657
2894,107116,45347
2895,118166,50095
2896,23321,9984
2897,108747,46048
2898,93366,39506
2899,28868,12329
2900,114701,48598
2901,117335,49725
2902,68228,28977
2903,31424,13446
2904,101973,43153
2905,16594,7144
2906,1107,461
2907,71710,30443
2908,54564,23199
2909,107072,45322
2910,68567,29133
2911,57596,24462
2912,27736,11855
2913,49544,21115
2914,125161,53133
2915,117006,49593
2916,67719,28760
2917,17431,7490
2918,73305,31112
2919,83614,35492
2920,113480,48094
2921,97449,41238
2922,107026,45303
2923,117600,49844
2924,35298,15121
2925,13532,5836
2926,63640,27010
2927,4357,1909
2928,104926,44395
2929,87012,36890
2930,101696,43038
2931,56481,24015
2932,20664,8866
2933,33799,14489
2934,51956,22129
2935,31671,13550
2936,727,308
2937,35246,15101
2938,7421,3258
2939,3525,1555
2940,91017,38520
2941,37206,15924
2942,79202,33565
2943,90461,38271
2944,12976,5592
2945,68154,28950
2946,20041,8580
2947,88103,37314
2948,99764,42209
2949,657,274
2950,92567,39185
2951,73837,31328
2952,11396,4942
2953,34168,14628
2954,40344,17225
2955,111638,47273
2956,129219,54852
2957,58625,24893
2958,49008,20890
2959,44425,18969
2960,99430,42075
2961,51645,22003
2962,116949,49568
2963,94585,40036
2964,85738,36386
2965,26132,11179
2966,122883,52113
2967,54900,23345
2968,43261,18476
2969,51123,21779
2970,11167,4837
2971,18132,7794
2972,23022,9861
2973,76355,32375
2974,128919,54727
2975,67209,28538
2976,26921,11525
2977,49990,21325
2978,59033,25062
2979,97483,41251
2980,1887,809
2981,76025,32243
2982,64278,27280
2983,21452,9197
2984,99787,42223
2985,17842,7666
2986,49613,21144
2987,124769,52972
2988,94569,40029
2989,63029,26761
2990,102663,43432
2991,16377,7043
2992,118574,50265
2993,54899,23344
2994,87483,37071
2995,8420,3644
2996,25152,10765
2997,106424,45036
2998,35953,15393
2999,103505,43782
3000,59120,25097
3001,104924,44394
3002,55295,23508
3003,105664,44711
3004,124331,52783
3005,129952,55153
3006,77503,32847
3007,28275,12096
3008,48143,20512
3009,80530,34151
3010,115486,48956
3011,14441,6224
3012,127397,54094
3013,46086,19657
3014,124539,52872
3015,64753,27487
3016,23861,10230
3017,126114,53544
3018,116177,49236
3019,116312,49291
3020,36570,15644
3021,130154,55238
3022,22687,9705
3023,66908,28415
3024,76483,32430
3025,89987,38081
3026,32706,14018
3027,658,275
3028,84826,35997
3029,125856,53434
3030,28361,12125
3031,88165,37341
3032,17357,7454
3033,20872,8962
3034,125191,53148
3035,49140,20951
3036,34665,14849
3037,65146,27668
3038,106227,44951
3039,75434,31997
3040,60160,25543
3041,50585,21560
3042,17789,7644
3043,61860,26275
3044,10141,4383
3045,39148,16742
3046,48218,20553
3047,115443,48933
3048,119427,50625
3049,66261,28123
3050,39973,17085
3051,248,112
3052,40495,17286
3053,15386,6627
3054,113296,48020
3055,32573,13965
3056,119268,50556
3057,92856,39316
3058,43651,18641
3059,128365,54498
3060,88416,37442
3061,34453,14754
3062,117672,49875
3063,30016,12846
3064,77770,32969
3065,41199,17589
3066,81985,34793
3067,38965,16652
3068,35784,15324
3069,86032,36514
3070,8594,3715
3071,20843,8949
3072,29071,12419
3073,57314,24341
3074,76907,32591
3075,1724,745
3076,45844,19563
3077,9403,4067
3078,123310,52309
3079,112373,47635
3080,59302,25172
3081,53451,22729
3082,49043,20903
3083,46167,19691
3084,85012,36074
3085,29869,12780
3086,5016,2199
3087,19920,8533
3088,124951,53050
3089,23824,10214
3090,15927,6858
3091,38600,16515
3092,82049,34822
3093,54972,23375
3094,36140,15458
3095,28927,12357
3096,77156,32692
3097,11224,4865
3098,43449,18559
3099,116785,49497
3100,24873,10655
3101,98707,41792
3102,127352,54072
3103,11544,4996
3104,19429,8320
3105,53874,22914
3106,68909,29271
3107,708,304
3108,63572,26976
3109,27637,11808
3110,59355,25200
3111,53305,22662
3112,18058,7763
3113,839,361
3114,18170,7807
3115,78170,33149
3116,117960,49998
3117,51988,22139
3118,85971,36487
3119,125271,53187
3120,28736,12279
3121,87398,37039
3122,65665,27877
3123,38684,16546
3124,47510,20253
3125,17563,7547
3126,86103,36542
3127,109691,46449
3128,65691,27890
3129,12442,5364
3130,127300,54046
3131,40783,17419
3132,1324,566
3133,74529,31625
3134,100883,42719
3135,6768,2980
3136,109586,46402
3137,18991,8133
3138,129377,54913
3139,114225,48400
3140,72303,30691
3141,92502,39155
3142,3230,1414
3143,51831,22086
3144,23649,10136
3145,63114,26794
3146,129653,55029
3147,67291,28571
3148,68667,29175
3149,118811,50362
3150,13485,5816
3151,122239,51839
3152,63785,27079
3153,84885,36021
3154,73002,30987
3155,80875,34315
3156,44333,18929
3157,99390,42056
3158,99776,42215
3159,11998,5183
3160,15783,6795
3161,54625,23227
3162,58404,24807
3163,8655,3737
3164,16258,6987
3165,71400,30321
3166,91201,38598
3167,114012,48309
3168,112532,47703
3169,19074,8167
3170,12515,5400
3171,10864,4708
3172,89954,38063
3173,33841,14500
3174,705,302
3175,26139,11183
3176,13455,5802
3177,120549,51122
3178,50565,21552
3179,33816,14494
3180,98761,41810
3181,74730,31704
3182,80467,34118
3183,32169,13797
3184,53040,22559
3185,72402,30735
3186,53100,22579
3187,74112,31446
3188,58495,24844
3189,8845,3824
3190,90693,38371
3191,28151,12043
3192,89938,38051
3193,103718,43870
3194,35229,15094
3195,2449,1063
3196,80737,34251
3197,95476,40410
3198,108652,46006
3199,111591,47250
3200,52204,22228
3201,4539,1987
3202,42264,18052
3203,106292,44977
3204,102749,43472
3205,121889,51683
3206,33454,14351
3207,125078,53107
3208,65817,27944
3209,21978,9403
3210,63721,27047
3211,124107,52683
3212,83748,35548
3213,64067,27195
3214,88732,37575
3215,64119,27217
3216,35586,15250
3217,34635,14835
3218,116626,49430
3219,14657,6314
3220,104686,44297
3221,52891,22500
3222,26258,11228
3223,63193,26825
3224,67320,28580
3225,79771,33812
3226,86864,36842
3227,93492,39560
3228,68321,29016
3229,116255,49271
3230,25565,10938
3231,12353,5323
3232,55272,23497
3233,91220,38609
3234,57723,24509
3235,57352,24353
3236,113163,47968
3237,105843,44787
3238,79281,33600
3239,40919,17476
3240,105791,44762
3241,26806,11475
3242,96527,40841
3243,122033,51752
3244,125680,53363
3245,82298,34927
3246,33133,14213
3247,74072,31419
3248,96348,40761
3249,42049,17955
3250,12604,5440
3251,107649,45578
3252,1932,828
3253,72545,30792
3254,122183,51817
3255,11786,5094
3256,20458,8773
3257,116513,49383
3258,23153,9912
3259,40161,17161
3260,64692,27460
3261,111668,47289
3262,88076,37301
3263,46694,19900
3264,4806,2103
3265,26196,11203
3266,44946,19195
3267,31999,13705
3268,36300,15526
3269,5444,2368
3270,81833,34727
3271,23277,9962
3272,108791,46069
3273,15560,6701
3274,92813,39298
3275,95874,40556
3276,92083,38990
3277,33294,14279
3278,37771,16168
3279,108962,46144
3280,119378,50605
3281,79770,33811
3282,31271,13384
3283,104892,44382
3284,73944,31371
3285,38422,16447
3286,76736,32520
3287,36101,15445
3288,46886,19993
3289,116652,49440
3290,111240,47115
3291,36862,15771
3292,45832,19558
3293,14548,6264
3294,123991,52630
3295,97064,41081
3296,59934,25446
3297,5336,2325
3298,84271,35757
3299,94754,40106
3300,108545,45962
3301,26564,11368
3302,15729,6773
3303,126782,53839
3304,36195,15481
3305,3594,1580
3306,68480,29088
3307,4632,2029
3308,21290,9133
3309,120289,51009
3310,92077,38988
3311,103185,43651
3312,128897,54720
3313,104432,44180
3314,107506,45521
3315,13827,5969
3316,64871,27543
3317,129382,54914
3318,17474,7512
3319,121947,51712
3320,114693,48594
3321,5697,2482
3322,30715,13137
3323,50745,21625
3324,85384,36233
3325,14776,6364
3326,52607,22388
3327,53574,22783
3328,108291,45852
3329,55694,23681
3330,5824,2546
3331,85400,36237
3332,75784,32141
3333,99514,42106
3334,37948,16248
3335,45430,19392
3336,78113,33126
3337,92041,38970
3338,35515,15212
3339,84908,36028
3340,103236,43672
3341,6,1
3342,94788,40119
3343,22769,9740
3344,60756,25790
3345,42869,18307
3346,70855,30088
3347,18558,7968
3348,115346,48892
3349,124534,52869
3350,55469,23584
3351,56727,24116
3352,39290,16802
3353,116976,49580
3354,1134,472
3355,126556,53724
3356,35206,15085
3357,28874,12333
3358,71004,30161
3359,4081,1796
3360,93702,39654
3361,3728,1634
3362,87666,37149
3363,67123,28501
3364,7479,3279
3365,17251,7416
3366,51265,21839
3367,64054,27189
3368,125220,53161
3369,48868,20829
3370,57230,24313
3371,59674,25328
3372,95379,40371
3373,95503,40420
3374,27921,11934
3375,23626,10124
3376,66176,28091
3377,14022,6039
3378,13672,5901
3379,4732,2074
3380,79354,33632
3381,44513,19012
3382,35035,15013
3383,84778,35976
3384,14261,6148
3385,70304,29855
3386,15666,6745
3387,110746,46906
3388,39903,17057
3389,70032,29738
3390,27864,11908
3391,116073,49193
3392,19630,8416
3393,96883,41008
3394,4453,1957
3395,67521,28673
3396,24898,10671
3397,35708,15292
3398,17155,7383
3399,129239,54863
3400,99130,41950
3401,29304,12522
3402,23605,10113
3403,102998,43573
3404,44550,19031
3405,88057,37291
3406,109613,46413
3407,111588,47249
3408,115561,48989
3409,102781,43485
3410,96463,40813
3411,64923,27564
3412,66233,28112
3413,68746,29208
3414,120557,51128
3415,104423,44175
3416,65551,27837
3417,41388,17669
3418,84820,35993
3419,82604,35055
3420,11042,4793
3421,69178,29380
3422,74510,31612
3423,107178,45374
3424,25254,10809
3425,96232,40711
3426,94151,39835
3427,41636,17780
3428,72664,30849
3429,125700,53372
3430,104413,44171
3431,90716,38384
3432,94703,40083
3433,5398,2353
3434,68340,29024
3435,101469,42946
3436,87204,36969
3437,124129,52697
3438,5099,2232
3439,34971,14984
3440,29020,12396
3441,40583,17324
3442,46955,20024
3443,100242,42432
3444,128438,54531
3445,17936,7707
3446,22686,9704
3447,20527,8807
3448,126905,53894
3449,76084,32265
3450,115148,48805
3451,71484,30352
3452,113873,48252
3453,113402,48065
3454,93367,39507
3455,88353,37416
3456,7797,3399
3457,4665,2040
3458,51706,22030
3459,91205,38599
3460,14378,6198
3461,71000,30159
3462,51393,21894
3463,13296,5736
3464,40804,17425
3465,68854,29247
3466,94616,40049
3467,13193,5690
3468,114865,48677
3469,26396,11289
3470,13657,5894
3471,123590,52444
3472,46036,19639
3473,60052,25496
3474,9111,3941
3475,117386,49750
3476,102867,43518
3477,29724,12714
3478,114825,48656
3479,94911,40168
3480,116920,49558
3481,84136,35705
3482,83539,35460
3483,124058,52661
3484,15841,6818
3485,43672,18648
3486,124246,52748
3487,7717,3374
3488,51902,22110
3489,81698,34671
3490,18252,7840
3491,81953,34781
3492,25905,11097
3493,31199,13347
3494,36210,15488
3495,66864,28395
3496,114726,48613
3497,85756,36395
3498,103703,43861
3499,119220,50540
3500,31941,13679
3501,106235,44952
3502,124817,52990
3503,89071,37726
3504,122934,52136
3505,2178,935
3506,31508,13486
3507,16170,6959
3508,42923,18330
3509,93403,39520
3510,96726,40937
3511,24099,10324
3512,8130,3528
3513,48864,20827
3514,108209,45814
3515,113081,47939
3516,87572,37111
3517,103830,43917
3518,67324,28581
3519,5641,2459
3520,100503,42547
3521,82833,35149
3522,28197,12060
3523,69937,29694
3524,13963,6016
3525,64322,27296
3526,16117,6936
3527,91816,38876
3528,44041,18799
3529,18662,8013
3530,40664,17362
3531,82640,35071
3532,95374,40368
3533,71582,30394
3534,39972,17084
3535,14137,6093
3536,53311,22665
3537,89816,38010
3538,93711,39657
3539,48385,20630
3540,80036,33922
3541,31401,13438
3542,486,205
3543,101012,42761
3544,11924,5150
3545,83360,35388
3546,56682,24097
3547,39507,16886
3548,83875,35615
3549,6444,2846
3550,76024,32242
3551,110337,46716
3552,77112,32673
3553,27892,11922
3554,117343,49729
3555,2353,1018
3556,30993,13266
3557,84745,35963
3558,126754,53824
3559,16461,7085
3560,76195,32319
3561,31258,13376
3562,113778,48216
3563,10989,4766
3564,65464,27801
3565,50583,21559
3566,82509,35018
3567,53941,22940
3568,47123,20104
3569,26390,11288
3570,47645,20306
3571,37384,16002
3572,115825,49108
3573,54548,23190
3574,8134,3530
3575,27974,11962
3576,35487,15199
3577,29412,12574
3578,94800,40127
3579,43418,18548
3580,101306,42879
3581,101513,42957
3582,112740,47795
3583,15119,6517
3584,113449,48083
3585,62092,26378
3586,87597,37124
3587,45786,19538
3588,129996,55170
3589,56465,24004
3590,21984,9406
3591,99252,42000
3592,77139,32685
3593,123389,52352
3594,110484,46788
3595,14537,6259
3596,116586,49410
3597,38078,16303
3598,72609,30821
3599,21708,9302
3600,50478,21522
3601,1098,457
3602,92569,39186
3603,73476,31169
3604,53010,22550
3605,111292,47134
3606,83447,35427
3607,57764,24530
3608,33636,14436
3609,70495,29939
3610,68535,29118
3611,88552,37490
3612,109439,46342
3613,104667,44286
3614,109307,46294
3615,24275,10391
3616,56229,23901
3617,89908,38040
3618,100475,42530
3619,60205,25559
3620,31149,13327
3621,68044,28905
3622,30706,13131
3623,111273,47128
3624,116698,49464
3625,2743,1184
3626,121986,51733
3627,93754,39674
3628,68538,29120
3629,80998,34372
3630,37697,16139
3631,70905,30112
3632,62268,26448
3633,33387,14320
3634,2886,1247
3635,126168,53574
3636,89973,38074
3637,24724,10587
3638,11020,4781
3639,51041,21746
3640,37425,16020
3641,107293,45428
3642,2836,1223
3643,111648,47279
3644,46557,19841
3645,10043,4345
3646,23569,10090
3647,100411,42503
3648,64198,27252
3649,113922,48273
3650,29932,12808
3651,68493,29097
3652,7061,3110
3653,11354,4925
3654,55280,23501
3655,57944,24608
3656,48231,20559
3657,124931,53042
3658,39954,17075
3659,41945,17912
3660,61738,26224
3661,68562,29129
3662,60729,25780
3663,43165,18429
3664,63832,27097
3665,39096,16710
3666,58031,24644
3667,28711,12265
3668,111727,47313
3669,84589,35897
3670,4133,1812
3671,116895,49544
3672,94322,39924
3673,77237,32725
3674,61544,26132
3675,109907,46534
3676,84460,35842
3677,112518,47695
3678,63201,26830
3679,31338,13407
3680,93595,39611
3681,34932,14969
3682,84032,35673
3683,66190,28095
3684,63344,26885
3685,1632,700
3686,38752,16569
3687,108431,45916
3688,111133,47073
3689,49214,20980
3690,59022,25056
3691,26326,11260
3692,43431,18551
3693,6455,2850
3694,36902,15786
3695,125612,53339
3696,46765,19928
3697,116159,49230
3698,75184,31890
3699,76532,32450
3700,108208,45813
3701,40131,17145
3702,116668,49445
3703,99360,42044
3704,98604,41747
3705,52744,22437
3706,117885,49966
3707,25715,11018
3708,65557,27839
3709,410,169
3710,116935,49563
3711,32266,13843
3712,82164,34871
3713,2350,1015
3714,16573,7133
3715,87847,37219
3716,46153,19687
3717,101681,43028
3718,52769,22445
3719,86821,36828
3720,112288,47589
3721,23658,10141
3722,98763,41811
3723,47347,20181
3724,90871,38453
3725,24111,10329
3726,67720,28761
3727,119095,50486
3728,79490,33693
3729,83988,35655
3730,111652,47281
3731,44418,18966
3732,82864,35161
3733,119877,50829
3734,106295,44979
3735,120804,51232
3736,28916,12351
3737,124186,52723
3738,107319,45438
3739,31632,13538
3740,102031,43175
3741,48861,20825
3742,20809,8929
3743,128108,54396
3744,58781,24962
3745,129662,55032
3746,105446,44620
3747,86724,36784
3748,53640,22807
3749,10933,4742
3750,29715,12709
3751,107059,45317
3752,74732,31706
3753,114263,48415
3754,54666,23239
3755,7243,3183
3756,78848,33415
3757,111706,47304
3758,81046,34393
3759,25463,10896
3760,94466,39984
3761,38796,16587
3762,47522,20259
3763,648,269
3764,8971,3878
3765,120450,51077
3766,122639,52005
3767,8851,3828
3768,31303,13392
3769,12384,5338
3770,7131,3136
3771,116707,49466
3772,118316,50164
3773,122751,52059
3774,23131,9902
3775,118704,50321
3776,111838,47368
3777,943,394
3778,11192,4851
3779,59446,25240
3780,15280,6583
3781,20816,8932
3782,10337,4472
3783,97093,41094
3784,101779,43074
3785,80701,34233
3786,112460,47677
3787,123413,52364
3788,29618,12660
3789,74257,31510
3790,123382,52345
3791,30643,13103
3792,90610,38340
3793,121235,51401
3794,17797,7649
3795,76720,32515
3796,63649,27013
3797,82329,34939
3798,67654,28732
3799,14217,6127
3800,17349,7449
3801,84726,35955
3802,3794,1664
3803,16494,7097
3804,80068,33937
3805,93613,39618
3806,38245,16373
3807,121170,51377
3808,41312,17636
3809,23798,10198
3810,21319,9145
3811,33948,14550
3812,2031,873
3813,16567,7131
3814,4468,1964
3815,77501,32845
3816,71589,30398
3817,128806,54680
3818,126150,53563
3819,40676,17368
3820,7800,3401
3821,57200,24303
3822,17669,7592
3823,77689,32936
3824,111766,47334
3825,119623,50717
3826,91634,38803
3827,95048,40235
3828,127010,53939
3829,110704,46887
3830,18998,8135
3831,121978,51726
3832,37154,15899
3833,100219,42421
3834,109843,46507
3835,18847,8082
3836,86985,36881
3837,127916,54315
3838,96341,40758
3839,106569,45102
3840,121826,51654
3841,46332,19753
3842,86558,36719
3843,89838,38020
3844,111093,47054
3845,75261,31918
3846,8595,3716
3847,117951,49993
3848,100713,42650
3849,13843,5976
3850,71739,30462
3851,68768,29219
3852,42876,18311
3853,32774,14042
3854,37882,16217
3855,26648,11407
3856,81742,34685
3857,1133,471
3858,84800,35985
3859,97340,41196
3860,19257,8249
3861,45005,19215
3862,56723,24114
3863,41392,17673
3864,115246,48845
3865,75488,32017
3866,41389,17670
3867,20399,8743
3868,92544,39174
3869,61184,25972
3870,33800,14490
3871,80127,33959
3872,123716,52502
3873,81288,34483
3874,546,231
3875,34602,14820
3876,111603,47258
3877,57532,24441
3878,44502,19006
3879,435,181
3880,124091,52676
3881,53167,22605
3882,1125,467
3883,106975,45278
3884,4362,1911
3885,6365,2807
3886,29419,12579
3887,14861,6401
3888,110367,46729
3889,12931,5573
3890,43499,18586
3891,14472,6236
3892,15703,6759
3893,96544,40847
3894,89755,37983
3895,70727,30030
3896,87925,37238
3897,49299,21008
3898,87111,36927
3899,111083,47046
3900,106969,45274
3901,127055,53956
3902,2723,1175
3903,98869,41849
3904,115220,48832
3905,17631,7578
3906,13629,5879
3907,90446,38264
3908,123650,52473
3909,80399,34082
3910,92321,39087
3911,2420,1050
3912,19170,8213
3913,96834,40981
3914,98311,41619
3915,128451,54539
3916,79473,33684
3917,40561,17314
3918,103790,43896
3919,12915,5564
3920,91646,38808
3921,12774,5511
3922,124235,52744
3923,64732,27479
3924,61848,26268
3925,124913,53035
3926,50225,21419
3927,38147,16332
3928,23963,10271
3929,110750,46908
3930,89795,38004
3931,125232,53169
3932,38039,16284
3933,106222,44948
3934,99615,42152
3935,3618,1593
3936,57010,24227
3937,123534,52418
3938,100643,42624
3939,82713,35104
3940,3965,1740
3941,56920,24194
3942,81829,34724
3943,101753,43066
3944,72197,30648
3945,34389,14724
3946,32389,13891
3947,37445,16029
3948,126262,53608
3949,34782,14898
3950,112213,47550
3951,50024,21341
3952,128751,54657
3953,72011,30575
3954,77988,33069
3955,40429,17261
3956,51172,21800
3957,44077,18814
3958,12130,5233
3959,42087,17977
3960,127582,54166
3961,56205,23892
3962,82059,34825
3963,49902,21279
3964,78874,33428
3965,94054,39784
3966,46592,19857
3967,52136,22203
3968,15928,6859
3969,37880,16215
3970,26054,11157
3971,110454,46774
3972,57042,24241
3973,50012,21333
3974,99460,42087
3975,34433,14746
3976,39542,16902
3977,4057,1785
3978,86004,36501
3979,9556,4137
3980,101669,43023
3981,109846,46510
3982,34479,14767
3983,20493,8791
3984,93035,39385
3985,729,310
3986,108203,45810
3987,37738,16153
3988,20102,8608
3989,25115,10757
3990,4712,2061
3991,96788,40963
3992,23270,9957
3993,57952,24613
3994,92221,39047
3995,85417,36239
3996,7030,3103
3997,66991,28447
3998,44751,19117
3999,7764,3389
4000,7926,3450
4001,5157,2257
4002,79167,33552
4003,87082,36915
4004,24519,10494
4005,3114,1368
4006,67412,28629
4007,24346,10428
4008,47996,20442
4009,99561,42129
4010,57931,24600
4011,98862,41845
4012,92058,38979
4013,112363,47627
4014,94958,40191
4015,94122,39821
4016,31557,13504
4017,127131,53987
4018,38381,16427
4019,116028,49175
4020,20187,8644
4021,43699,18659
4022,44605,19054
4023,87120,36933
4024,89944,38055
4025,73559,31209
4026,64375,27323
4027,51276,21843
4028,33056,14177
4029,42360,18093
4030,20075,8596
4031,121673,51591
4032,121915,51693
4033,126236,53599
4034,114240,48408
4035,93981,39755
4036,61138,25951
4037,94252,39890
4038,123465,52386
4039,17987,7729
4040,92612,39208
4041,6708,2954
4042,70732,30031
4043,29812,12756
4044,46827,19959
4045,107000,45290
4046,56559,24048
4047,14544,6263
4048,35952,15392
4049,5759,2509
4050,4449,1955
4051,71203,30242
4052,120601,51149
4053,5847,2556
4054,109125,46215
4055,91182,38589
4056,94632,40057
4057,39075,16696
4058,101083,42790
4059,80389,34077
4060,33973,14563
4061,44005,18785
4062,83221,35318
4063,15575,6705
4064,81076,34403
4065,51395,21896
4066,53834,22892
4067,99458,42085
4068,114752,48621
4069,1973,848
4070,35888,15367
4071,41882,17884
4072,47404,20205
4073,126454,53682
4074,74622,31654
4075,82115,34846
4076,92480,39145
4077,128487,54552
4078,13256,5718
4079,116493,49373
4080,44652,19074
4081,55064,23414
4082,43366,18521
4083,1809,779
4084,84639,35911
4085,106974,45277
4086,96177,40683
4087,5375,2341
4088,9345,4040
4089,18506,7948
4090,94894,40160
4091,78440,33263
4092,67445,28643
4093,17648,7584
4094,90904,38464
4095,39107,16720
4096,45877,19575
4097,99210,41984
4098,67169,28522
4099,115899,49131
4100,99643,42165
4101,13798,5955
4102,7640,3340
4103,34830,14923
4104,48173,20528
4105,92870,39320
4106,67157,28516
4107,110948,46991
4108,48608,20721
4109,22897,9798
4110,86167,36567
4111,77997,33075
4112,2450,1064
4113,75206,31897
4114,102784,43486
4115,112919,47877
4116,107351,45454
4117,40060,17116
4118,68488,29095
4119,3319,1455
4120,76468,32423
4121,8829,3815
4122,3468,1531
4123,33792,14487
4124,70578,29977
4125,107914,45690
4126,93177,39433
4127,69881,29667
4128,77957,33054
4129,55826,23732
4130,110786,46923
4131,121115,51351
4132,63650,27014
4133,898,383
4134,45212,19313
4135,76323,32367
4136,23117,9897
4137,117789,49928
4138,59334,25188
4139,36538,15630
4140,79434,33669
4141,46037,19640
4142,68752,29211
4143,99325,42029
4144,17830,7664
4145,223,104
4146,12496,5389
4147,90880,38455
4148,116401,49332
4149,119510,50660
4150,61777,26234
4151,126940,53909
4152,54665,23238
4153,58010,24634
4154,71851,30502
4155,121196,51385
4156,87029,36896
4157,109016,46166
4158,79520,33710
4159,82749,35118
4160,18671,8017
4161,65797,27935
4162,11981,5177
4163,71002,30160
4164,81330,34501
4165,124114,52688
4166,4854,2125
4167,40167,17164
4168,45163,19289
4169,88493,37468
4170,75352,31962
4171,2359,1021
4172,107371,45463
4173,82348,34945
4174,6487,2869
4175,112703,47781
4176,110492,46792
4177,92893,39328
4178,113656,48168
4179,33078,14186
4180,103119,43624
4181,128870,54709
4182,71578,30391
4183,50937,21704
4184,115419,48925
4185,14840,6393
4186,48332,20603
4187,36674,15687
4188,22696,9710
4189,89890,38035
4190,90095,38127
4191,125494,53291
4192,26480,11324
4193,84093,35690
4194,2123,915
4195,50536,21540
4196,83756,35551
4197,17324,7439
4198,87405,37043
4199,32135,13775
4200,57783,24538
4201,83947,35640
4202,30839,13191
4203,8044,3499
4204,59766,25368
4205,97080,41089
4206,102496,43368
4207,68293,29002
4208,99642,42164
4209,129048,54776
4210,71403,30323
4211,125166,53135
4212,15183,6541
4213,95189,40297
4214,1604,691
4215,61156,25960
4216,97715,41352
4217,54766,23281
4218,123983,52627
4219,37291,15966
4220,19702,8448
4221,55269,23495
4222,126897,53891
4223,24640,10552
4224,80575,34173
4225,71478,30350
4226,24237,10383
4227,103540,43805
4228,40308,17209
4229,54819,23305
4230,109254,46275
4231,56499,24021
4232,26934,11533
4233,28414,12149
4234,129552,54984
4235,102463,43353
4236,72744,30881
4237,4326,1888
4238,126939,53908
4239,31570,13511
4240,61463,26100
4241,66977,28439
4242,19843,8508
4243,13794,5953
4244,35819,15338
4245,91372,38688
4246,94523,40013
4247,129168,54831
4248,74084,31427
4249,112352,47618
4250,34692,14861
4251,93512,39575
4252,14572,6276
4253,76486,32431
4254,16345,7032
4255,114434,48484
4256,5120,2242
4257,57019,24230
4258,109904,46532
4259,20589,8832
4260,89589,37912
4261,56525,24033
4262,13157,5675
4263,68278,28996
4264,124573,52890
4265,10247,4429
4266,36244,15501
4267,14817,6378
4268,92265,39063
4269,75186,31891
4270,112819,47828
4271,43795,18696
4272,52123,22196
4273,4582,2008
4274,34228,14652
4275,85571,36310
4276,49345,21027
4277,129596,55005
4278,41496,17720
4279,81952,34780
4280,19371,8300
4281,98165,41558
4282,41530,17735
4283,49505,21097
4284,60431,25649
4285,123352,52330
4286,40385,17243
4287,28178,12050
4288,18310,7866
4289,113689,48185
4290,64488,27379
4291,38213,16361
4292,57696,24500
4293,97863,41414
4294,51246,21828
4295,109219,46255
4296,98462,41691
4297,5489,2384
4298,120474,51091
4299,55812,23727
4300,63855,27106
4301,35518,15214
4302,114780,48632
4303,103560,43810
4304,32553,13956
4305,43375,18524
4306,69896,29675
4307,4333,1893
4308,47824,20374
4309,122685,52024
4310,112625,47748
4311,49218,20983
4312,117524,49813
4313,124958,53055
4314,67466,28654
4315,51201,21813
4316,51382,21888
4317,1884,807
4318,100611,42608
4319,11097,4813
4320,75961,32213
4321,45734,19510
4322,30684,13120
4323,117009,49594
4324,2059,886
4325,44289,18906
4326,100607,42606
4327,114890,48687
4328,45185,19303
4329,76148,32294
4330,75117,31861
4331,48966,20875
4332,14913,6428
4333,111746,47323
4334,46562,19843
4335,100017,42322
4336,76718,32514
4337,59115,25096
4338,115235,48841
4339,51307,21852
4340,45668,19482
4341,62419,26513
4342,124485,52844
4343,120620,51156
4344,32038,13727
4345,28944,12366
4346,106117,44901
4347,77438,32814
4348,129677,55038
4349,84933,36039
4350,96449,40805
4351,94,41
4352,35995,15410
4353,87554,37103
4354,52796,22457
4355,120652,51168
4356,24350,10430
4357,69134,29365
4358,63089,26778
4359,68012,28888
4360,95910,40574
4361,65971,28008
4362,1313,559
4363,75041,31826
4364,117299,49712
4365,65108,27654
4366,16775,7217
4367,45353,19365
4368,111450,47192
4369,69657,29574
4370,129365,54906
4371,83243,35335
4372,89288,37802
4373,34550,14799
4374,99820,42239
4375,123202,52257
4376,122310,51860
4377,125982,53481
4378,54126,23014
4379,4943,2168
4380,52812,22464
4381,96333,40752
4382,21191,9092
4383,115458,48942
4384,47473,20235
4385,66243,28117
4386,2342,1012
4387,98347,41636
4388,122364,51883
4389,4890,2145
4390,117999,50015
4391,4043,1779
4392,23151,9911
4393,70314,29859
4394,42062,17963
4395,95862,40549
4396,36325,15537
4397,42306,18071
4398,127857,54285
4399,58193,24709
4400,17193,7396
4401,63901,27127
4402,51412,21904
4403,86736,36794
4404,67066,28476
4405,46862,19978
4406,97787,41381
4407,119247,50547
4408,114178,48382
4409,76128,32285
4410,124537,52871
4411,64072,27198
4412,119616,50712
4413,8582,3708
4414,50128,21377
4415,53778,22871
4416,111496,47213
4417,114720,48609
4418,35004,15001
4419,104123,44038
4420,126644,53768
4421,56869,24173
4422,95991,40611
4423,17436,7494
4424,49832,21247
4425,22311,9552
4426,9030,3905
4427,127327,54060
4428,120403,51053
4429,4567,2000
4430,112427,47661
4431,79299,33607
4432,61346,26045
4433,91625,38796
4434,120113,50926
4435,18315,7869
4436,7091,3119
4437,123057,52192
4438,91171,38584
4439,41679,17797
4440,36127,15455
4441,94497,39998
4442,102727,43460
4443,117048,49611
4444,71279,30277
4445,37241,15943
4446,114605,48556
4447,130352,55340
4448,90240,38183
4449,76111,32278
4450,61045,25909
4451,59622,25302
4452,45701,19496
4453,8503,3682
4454,11546,4997
4455,47858,20388
4456,87794,37193
4457,66237,28115
4458,90398,38243
4459,69583,29540
4460,48395,20637
4461,94982,40203
4462,19419,8315
4463,48722,20769
4464,8921,3855
4465,127890,54300
4466,34825,14919
4467,12477,5375
4468,115288,48864
4469,110957,46996
4470,17785,7641
4471,106284,44973
4472,2826,1219
4473,50000,21328
4474,39955,17076
4475,113559,48129
4476,77558,32874
4477,81752,34691
4478,18027,7744
4479,24045,10301
4480,61533,26125
4481,91340,38668
4482,58200,24715
4483,108283,45849
4484,103691,43857
4485,3447,1521
4486,57479,24416
4487,2467,1071
4488,100601,42604
4489,18953,8124
4490,63726,27051
4491,63528,26955
4492,82141,34861
4493,46998,20043
4494,15308,6599
4495,26995,11558
4496,53473,22738
4497,79083,33515
4498,99073,41931
4499,32258,13838
4500,49570,21128
4501,85281,36187
4502,60642,25743
4503,105049,44450
4504,73062,31009
4505,27356,11694
4506,58786,24965
4507,100901,42724
4508,21115,9056
4509,41512,17727
4510,4896,2149
4511,92396,39115
4512,6362,2804
4513,25067,10737
4514,97799,41386
4515,30520,13052
4516,6821,3005
4517,19765,8473
4518,27174,11623
4519,127273,54038
4520,109772,46479
4521,43919,18746
4522,95082,40253
4523,117793,49930
4524,14924,6433
4525,63360,26890
4526,74145,31461
4527,71643,30423
4528,27505,11756
4529,76952,32605
4530,50957,21714
4531,102840,43508
4532,61464,26101
4533,58449,24825
4534,26940,11537
4535,2288,985
4536,5621,2447
4537,9843,4259
4538,9454,4090
4539,46829,19961
4540,26600,11386
4541,114125,48360
4542,52634,22398
4543,36812,15743
4544,14396,6205
4545,17242,7413
4546,123791,52538
4547,45470,19405
4548,108934,46131
4549,23134,9905
4550,106518,45080
4551,96238,40715
4552,18033,7748
4553,103464,43764
4554,83280,35355
4555,90162,38155
4556,92113,39007
4557,517,217
4558,124418,52815
4559,76597,32476
4560,52132,22201
4561,56151,23869
4562,59487,25255
4563,4408,1935
4564,9026,3903
4565,49945,21306
4566,38418,16444
4567,109007,46163
4568,37920,16234
4569,93983,39756
4570,117419,49763
4571,106126,44904
4572,41928,17903
4573,65886,27970
4574,91299,38643
4575,121131,51359
4576,21545,9235
4577,27977,11963
4578,99811,42236
4579,109135,46219
4580,23449,10036
4581,116522,49387
4582,94647,40062
4583,101579,42982
4584,126488,53694
4585,119758,50779
4586,107277,45423
4587,31814,13617
4588,126975,53923
4589,106578,45106
4590,55847,23742
4591,80202,33989
4592,3242,1418
4593,125914,53456
4594,53902,22922
4595,16123,6940
4596,37551,16078
4597,120748,51211
4598,48613,20725
4599,47657,20310
4600,78539,33303
4601,96226,40707
4602,105918,44824
4603,41494,17719
4604,102671,43436
4605,63473,26935
4606,54606,23219
4607,96496,40828
4608,11685,5048
4609,128586,54604
4610,106034,44864
4611,54734,23269
4612,23066,9877
4613,125729,53384
4614,10843,4698
4615,15169,6537
4616,111395,47170
4617,62587,26573
4618,78846,33413
4619,17101,7362
4620,99815,42238
4621,57523,24436
4622,51269,21840
4623,116765,49490
4624,83533,35458
4625,21895,9379
4626,103176,43647
4627,116774,49493
4628,92605,39205
4629,78731,33367
4630,48048,20463
4631,33131,14211
4632,68841,29244
4633,32562,13958
4634,34323,14698
4635,7518,3300
4636,7165,3149
4637,63325,26876
4638,47108,20097
4639,100117,42368
4640,71955,30555
4641,77304,32757
4642,69999,29721
4643,19720,8455
4644,44750,19116
4645,35600,15254
4646,126771,53837
4647,8790,3795
4648,101424,42924
4649,41902,17890
4650,4036,1774
4651,86623,36745
4652,51668,22015
4653,11760,5081
4654,14852,6398
4655,94416,39968
4656,121693,51600
4657,50415,21493
4658,48642,20740
4659,55725,23697
4660,84517,35863
4661,73101,31026
4662,95598,40455
4663,97529,41273
4664,110636,46852
4665,96991,41054
4666,113905,48267
4667,88525,37482
4668,92527,39167
4669,7047,3107
4670,50077,21361
4671,121703,51605
4672,112823,47829
4673,125961,53473
4674,83142,35280
4675,48953,20870
4676,66584,28277
4677,77644,32911
4678,62235,26432
4679,100493,42539
4680,31740,13580
4681,14603,6287
4682,18389,7904
4683,41527,17733
4684,66664,28309
4685,102220,43256
4686,26720,11437
4687,34533,14791
4688,116424,49341
4689,36259,15508
4690,83463,35436
4691,22983,9839
4692,39454,16863
4693,32314,13858
4694,110299,46698
4695,16789,7226
4696,94356,39939
4697,82711,35103
4698,91466,38730
4699,101724,43055
4700,36245,15502
4701,10122,4375
4702,104899,44384
4703,83424,35417
4704,8242,3572
4705,118234,50125
4706,11166,4836
4707,96912,41022
4708,34872,14940
4709,59289,25166
4710,70381,29888
4711,77065,32650
4712,130424,55371
4713,15781,6793
4714,75802,32151
4715,119750,50777
4716,104359,44146
4717,49471,21085
4718,103957,43967
4719,37133,15888
4720,10451,4523
4721,6391,2820
4722,8696,3752
4723,25935,11110
4724,42705,18242
4725,87413,37047
4726,32549,13955
4727,33141,14217
4728,115993,49163
4729,35169,15064
4730,121463,51504
4731,127906,54307
4732,126877,53881
4733,35330,15136
4734,74171,31475
4735,101021,42763
4736,42545,18178
4737,54756,23278
4738,42748,18261
4739,57110,24262
4740,126809,53850
4741,109629,46420
4742,73650,31253
4743,6736,2967
4744,12736,5498
4745,37110,15880
4746,81336,34503
4747,127918,54316
4748,109138,46221
4749,91938,38928
4750,115790,49092
4751,6498,2874
4752,97666,41333
4753,70115,29774
4754,79601,33739
4755,90586,38334
4756,14841,6394
4757,60869,25839
4758,99803,42229
4759,104807,44348
4760,113883,48256
4761,8498,3680
4762,130201,55260
4763,39268,16794
4764,25538,10922
4765,70562,29971
4766,122601,51985
4767,82451,34990
4768,81651,34644
4769,40551,17310
4770,68473,29084
4771,1873,802
4772,62555,26559
4773,44227,18878
4774,103219,43665
4775,59171,25122
4776,111704,47303
4777,117680,49880
4778,80755,34260
4779,69622,29558
4780,90906,38466
4781,15443,6648
4782,33901,14530
4783,41260,17615
4784,808,347
4785,26981,11551
4786,72290,30684
4787,69405,29464
4788,41952,17916
4789,31191,13343
4790,36631,15670
4791,20938,8990
4792,52212,22231
4793,66471,28214
4794,114870,48679
4795,47107,20096
4796,30837,13189
4797,92930,39343
4798,119344,50590
4799,24302,10402
4800,126731,53814
4801,128590,54605
4802,118351,50179
4803,31707,13566
4804,51680,22018
4805,62370,26489
4806,70258,29834
4807,101626,43006
4808,55217,23474
4809,53381,22700
4810,103541,43806
4811,36545,15633
4812,126156,53566
4813,88325,37403
4814,29541,12625
4815,118272,50144
4816,56474,24012
4817,1255,528
4818,54346,23108
4819,20740,8900
4820,47240,20147
4821,103124,43627
4822,66340,28159
4823,86692,36770
4824,21045,9027
4825,18379,7898
4826,3506,1544
4827,80050,33928
4828,28377,12133
4829,102985,43568
4830,29540,12624
4831,17997,7731
4832,41710,17813
4833,33551,14393
4834,93603,39614
4835,38817,16596
4836,48876,20831
4837,110608,46840
4838,43789,18691
4839,109697,46452
4840,33175,14229
4841,26913,11522
4842,42385,18106
4843,86636,36750
4844,55368,23535
4845,111525,47225
4846,92290,39071
4847,7905,3445
4848,39344,16823
4849,7567,3318
4850,50818,21655
4851,96889,41013
4852,7491,3285
4853,91455,38729
4854,78077,33109
4855,129226,54857
4856,15626,6732
4857,6584,2907
4858,96631,40886
4859,21055,9032
4860,84678,35929
4861,38704,16557
4862,70347,29870
4863,17803,7651
4864,82647,35074
4865,111615,47263
4866,48274,20578
4867,106161,44922
4868,94306,39917
4869,19933,8542
4870,124759,52968
4871,81988,34795
4872,18512,7950
4873,110587,46831
4874,12678,5472
4875,13499,5824
4876,30799,13170
4877,108812,46075
4878,102112,43208
4879,14318,6175
4880,65093,27646
4881,81166,34435
4882,69460,29490
4883,109758,46475
4884,10389,4495
4885,6472,2860
4886,77586,32886
4887,45595,19453
4888,38944,16643
4889,87319,37010
4890,115398,48916
4891,49815,21240
4892,58925,25014
4893,27915,11932
4894,12360,5325
4895,103289,43693
4896,14172,6106
4897,83200,35308
4898,7192,3163
4899,69503,29507
4900,6958,3069
4901,114216,48397
4902,20222,8661
4903,43249,18470
4904,50734,21617
4905,109835,46503
4906,72462,30760
4907,95875,40557
4908,14173,6107
4909,121753,51623
4910,82521,35023
4911,60235,25572
4912,112903,47871
4913,92432,39129
4914,17326,7440
4915,121483,51518
4916,79898,33868
4917,34359,14712
4918,1297,550
4919,12250,5282
4920,105205,44510
4921,107871,45669
4922,46353,19762
4923,89375,37833
4924,19169,8212
4925,106823,45214
4926,89340,37821
4927,124775,52974
4928,114735,48618
4929,123448,52381
4930,119707,50756
4931,80115,33956
4932,128260,54458
4933,69810,29639
4934,81581,34614
4935,128332,54484
4936,88587,37507
4937,69052,29329
4938,84663,35924
4939,23160,9916
4940,124045,52657
4941,50949,21711
4942,11801,5102
4943,117679,49879
4944,68459,29080
4945,39582,16916
4946,45996,19622
4947,117773,49918
4948,97952,41459
4949,74738,31708
4950,108583,45979
4951,41754,17830
4952,49652,21157
4953,72681,30857
4954,119113,50499
4955,49192,20970
4956,44924,19186
4957,63607,26994
4958,118318,50165
4959,120866,51259
4960,6552,2895
4961,100224,42424
4962,122334,51870
4963,56831,24158
4964,77266,32740
4965,129231,54860
4966,107356,45456
4967,73263,31098
4968,108573,45975
4969,60454,25657
4970,104381,44152
4971,8704,3757
4972,62326,26471
4973,51114,21774
4974,30241,12944
4975,10685,4631
4976,127489,54127
4977,68309,29009
4978,125488,53289
4979,10396,4498
4980,108990,46157
4981,122154,51805
4982,29680,12689
4983,30212,12929
4984,81141,34420
4985,12892,5554
4986,55133,23434
4987,19979,8562
4988,128656,54629
4989,60423,25646
4990,61110,25940
4991,55697,23682
4992,46457,19800
4993,37166,15905
4994,76203,32325
4995,19657,8427
4996,125279,53193
4997,3155,1380
4998,124888,53023
4999,123296,52301
5000,65666,27878
5001,13294,5735
5002,18373,7896
5003,13,4
5004,78182,33155
5005,64368,27320
5006,103539,43804
5007,2905,1260
5008,101837,43097
5009,31691,13558
5010,101546,42969
5011,101628,43008
5012,33355,14304
5013,39603,16925
5014,108016,45730
5015,112621,47747
5016,80500,34137
5017,23147,9909
5018,62791,26653
5019,40383,17242
5020,80431,34102
5021,7388,3248
5022,126656,53774
5023,6741,2969
5024,117318,49717
5025,8929,3858
5026,25296,10830
5027,11297,4896
5028,116459,49358
5029,114718,48607
5030,38063,16296
5031,52218,22234
5032,15835,6816
5033,83025,35226
5034,82096,34839
5035,20147,8626
5036,98741,41805
5037,36747,15720
5038,55938,23785
5039,121633,51575
5040,2413,1046
5041,59655,25318
5042,71510,30362
5043,33618,14427
5044,34439,14748
5045,35431,15175
5046,66265,28126
5047,15561,6702
5048,14423,6215
5049,34864,14938
5050,65848,27955
5051,48854,20819
5052,87535,37094
5053,99376,42051
5054,123088,52207
5055,116501,49378
5056,122801,52082
5057,98047,41500
5058,110918,46977
5059,11857,5121
5060,62582,26571
5061,65887,27971
5062,33321,14291
5063,7255,3188
5064,71249,30262
5065,127512,54135
5066,80456,34113
5067,9579,4148
5068,71877,30516
5069,75084,31846
5070,56186,23883
5071,104446,44185
5072,120575,51140
5073,48927,20858
5074,33631,14433
5075,4598,2014
5076,9433,4082
5077,34808,14912
5078,32090,13756
5079,124893,53025
5080,62456,26521
5081,121494,51524
5082,45652,19476
5083,76470,32424
5084,114788,48637
5085,13576,5853
5086,8421,3645
5087,45700,19495
5088,65112,27657
5089,34155,14622
5090,19700,8446
5091,88565,37498
5092,31485,13475
5093,74659,31665
5094,97817,41397
5095,65332,27743
5096,23743,10176
5097,101428,42927
5098,65895,27974
5099,90209,38173
5100,2574,1111
5101,69545,29528
5102,21083,9042
5103,675,286
5104,23823,10213
5105,114474,48498
5106,13749,5934
5107,95322,40347
5108,46512,19821
5109,51898,22108
5110,47763,20347
5111,91805,38873
5112,50994,21725
5113,117788,49927
5114,3062,1347
5115,123320,52313
5116,33558,14396
5117,82772,35130
5118,124906,53030
5119,36675,15688
5120,123805,52546
5121,26739,11446
5122,17315,7434
5123,82030,34815
5124,97970,41468
5125,120811,51235
5126,33227,14251
5127,4775,2093
5128,50095,21369
5129,48554,20698
5130,58206,24719
5131,113095,47943
5132,66951,28428
5133,97451,41240
5134,28360,12124
5135,70780,30055
5136,107255,45409
5137,78957,33469
5138,22336,9562
5139,75855,32173
5140,48001,20444
5141,24344,10426
5142,80516,34144
5143,25082,10745
5144,40563,17315
5145,9964,4306
5146,23965,10272
5147,93989,39759
5148,30556,13067
5149,30850,13197
5150,1327,567
5151,45480,19411
5152,1409,602
5153,29829,12763
5154,130293,55309
5155,22806,9759
5156,28421,12154
5157,51774,22064
5158,16105,6931
5159,49507,21099
5160,4150,1816
5161,118074,50051
5162,95778,40517
5163,115617,49020
5164,58057,24657
5165,72795,30905
5166,102309,43290
5167,74200,31489
5168,24000,10284
5169,84230,35742
5170,24340,10423
5171,19299,8268
5172,110897,46967
5173,100739,42659
5174,74251,31506
5175,112596,47736
5176,34577,14808
5177,41532,17737
5178,50670,21595
5179,24309,10406
5180,59901,25428
5181,68874,29254
5182,91892,38909
5183,73897,31355
5184,26475,11321
5185,32161,13791
5186,23302,9974
5187,61599,26159
5188,96484,40823
5189,104485,44204
5190,104792,44343
5191,26723,11439
5192,53719,22843
5193,118803,50359
5194,46021,19633
5195,64365,27317
5196,107096,45337
5197,39430,16855
5198,88388,37430
5199,21924,9390
5200,56382,23970
5201,64569,27411
5202,33683,14451
5203,73604,31230
5204,29284,12515
5205,102670,43435
5206,69130,29363
5207,128994,54754
5208,33993,14570
5209,41667,17793
5210,46215,19706
5211,15965,6872
5212,93419,39532
5213,115490,48958
5214,45033,19228
5215,75273,31924
5216,72359,30716
5217,34333,14703
5218,22622,9674
5219,100370,42483
5220,101954,43144
5221,30895,13222
5222,99016,41907
5223,54317,23099
5224,34939,14971
5225,106350,45000
5226,114945,48707
5227,103512,43787
5228,67427,28635
5229,17008,7321
5230,18907,8103
5231,1390,595
5232,79155,33547
5233,94896,40161
5234,120431,51065
5235,76182,32310
5236,120613,51153
5237,44986,19211
5238,125532,53305
5239,91359,38678
5240,19173,8215
5241,25237,10798
5242,67120,28498
5243,33745,14471
5244,130153,55237
5245,94395,39957
5246,43289,18491
5247,55279,23500
5248,45886,19578
5249,29241,12497
5250,62057,26365
5251,50235,21422
5252,49645,21153
5253,62066,26369
5254,107132,45354
5255,92795,39286
5256,50673,21597
5257,77977,33064
5258,83965,35648
5259,127044,53952
5260,5683,2475
5261,84720,35952
5262,103455,43757
5263,66002,28020
5264,34459,14757
5265,85277,36186
5266,79000,33483
5267,89544,37892
5268,70974,30145
5269,24276,10392
5270,90659,38360
5271,32777,14044
5272,50363,21476
5273,2934,1272
5274,66284,28138
5275,120750,51213
5276,76765,32532
5277,33047,14171
5278,42715,18249
5279,68342,29026
5280,125386,53242
5281,33688,14452
5282,59787,25378
5283,56958,24209
5284,17134,7375
5285,72153,30633
5286,73931,31369
5287,65744,27913
5288,97318,41188
5289,99292,42016
5290,126932,53905
5291,78525,33300
5292,100181,42400
5293,4955,2173
5294,94970,40197
5295,33389,14321
5296,118133,50078
5297,93713,39658
5298,50172,21395
5299,12854,5539
5300,26164,11191
5301,61592,26153
5302,54429,23142
5303,5526,2398
5304,78669,33350
5305,205,96
5306,79320,33618
5307,48074,20476
5308,58280,24753
5309,59503,25260
5310,56316,23938
5311,19437,8323
5312,98807,41826
5313,109844,46508
5314,29517,12616
5315,20358,8722
5316,85539,36294
5317,117191,49673
5318,114785,48635
5319,120648,51166
5320,10415,4510
5321,19956,8554
5322,2051,881
5323,72564,30800
5324,6558,2898
5325,16961,7299
5326,81291,34485
5327,22766,9739
5328,114036,48323
5329,74588,31648
5330,106414,45032
5331,48594,20719
5332,18751,8046
5333,80723,34244
5334,80279,34025
5335,119786,50793
5336,112356,47622
5337,129470,54951
5338,42069,17966
5339,34653,14843
5340,78380,33236
5341,89988,38082
5342,54311,23094
5343,78694,33358
5344,124922,53040
5345,48297,20588
5346,21027,9018
5347,50481,21523
5348,4740,2078
5349,72656,30845
5350,76806,32552
5351,32606,13976
5352,83551,35465
5353,50087,21366
5354,81387,34530
5355,52309,22268
5356,49930,21297
5357,126576,53736
5358,89464,37865
5359,20934,8989
5360,39861,17036
5361,82894,35173
5362,89284,37801
5363,19568,8384
5364,123079,52202
5365,15732,6774
5366,71317,30293
5367,88701,37557
5368,52487,22336
5369,61192,25977
5370,99772,42212
5371,14308,6168
5372,65356,27753
5373,8531,3689
5374,103061,43598
5375,5508,2390
5376,120541,51116
5377,86500,36698
5378,119639,50724
5379,1196,500
5380,121837,51660
5381,23009,9850
5382,36610,15660
5383,69349,29442
5384,115347,48893
5385,38854,16605
5386,68624,29162
5387,3328,1461
5388,103192,43653
5389,68894,29264
5390,75870,32179
5391,680,290
5392,16314,7016
5393,82527,35025
5394,112962,47892
5395,18676,8018
5396,70658,30007
5397,61786,26240
5398,115272,48855
5399,79575,33733
5400,49892,21275
5401,43362,18519
5402,40261,17194
5403,5372,2339
5404,85322,36204
5405,108659,46008
5406,92743,39264
5407,103969,43972
5408,3725,1632
5409,66815,28376
5410,10904,4728
5411,30552,13064
5412,103479,43769
5413,71588,30397
5414,5307,2312
5415,104975,44415
5416,20464,8775
5417,33638,14437
5418,122717,52042
5419,70583,29980
5420,70365,29879
5421,48187,20536
5422,100572,42585
5423,38707,16559
5424,35141,15057
5425,57839,24560
5426,101317,42885
5427,105134,44481
5428,67571,28696
5429,37846,16198
5430,48317,20598
5431,6813,3003
5432,80718,34241
5433,87493,37075
5434,78133,33134
5435,92371,39105
5436,51973,22135
5437,76376,32385
5438,85608,36329
5439,36500,15610
5440,102707,43450
5441,110242,46674
5442,65190,27686
5443,103882,43941
5444,37299,15969
5445,112388,47641
5446,47494,20244
5447,87085,36917
5448,104134,44046
5449,79903,33871
5450,88484,37463
5451,6967,3074
5452,124271,52759
5453,20933,8988
5454,129227,54858
5455,79635,33755
5456,19850,8511
5457,57017,24229
5458,26185,11200
5459,38168,16343
5460,36817,15746
5461,10142,4384
5462,8761,3780
5463,100516,42553
5464,126184,53580
5465,125594,53330
5466,71901,30529
5467,88021,37279
5468,55378,23540
5469,21657,9281
5470,44715,19099
5471,69993,29717
5472,3269,1433
5473,95079,40252
5474,28226,12072
5475,79193,33562
5476,7977,3472
5477,21917,9386
5478,20087,8601
5479,33349,14301
5480,120453,51080
5481,63576,26979
5482,97047,41076
5483,102455,43347
5484,52584,22379
5485,58,23
5486,9656,4180
5487,29397,12564
5488,4434,1946
5489,89363,37828
5490,129586,55001
5491,107211,45390
5492,32069,13746
5493,106665,45141
5494,83165,35292
5495,80263,34018
5496,36335,15545
5497,31559,13506
5498,312,136
5499,104130,44043
5500,33184,14230
5501,70589,29983
5502,97151,41123
5503,101644,43014
5504,33923,14541
5505,72010,30574
5506,124299,52771
5507,110327,46712
5508,56145,23866
5509,41375,17661
5510,74198,31488
5511,91367,38683
5512,63115,26795
5513,38038,16283
5514,7366,3238
5515,122323,51867
5516,87971,37256
5517,60485,25676
5518,11142,4826
5519,59435,25234
5520,90236,38182
5521,56956,24208
5522,85037,36081
5523,106638,45127
5524,109386,46323
5525,53895,22918
5526,105759,44749
5527,104617,44261
5528,31180,13340
5529,5894,2580
5530,25079,10743
5531,13444,5795
5532,19786,8481
5533,74952,31782
5534,19236,8239
5535,8331,3607
5536,103812,43909
5537,58533,24858
5538,117073,49619
5539,41395,17675
5540,24875,10656
5541,129196,54839
5542,75506,32025
5543,66445,28206
5544,67429,28637
5545,52853,22484
5546,65052,27626
5547,36770,15727
5548,29474,12601
5549,120794,51228
5550,119723,50765
5551,123781,52534
5552,4848,2121
5553,6966,3073
5554,11746,5075
5555,77985,33068
5556,22504,9630
5557,89871,38030
5558,65331,27742
5559,60687,25759
5560,30779,13160
5561,60788,25802
5562,128389,54509
5563,114387,48464
5564,91588,38775
5565,94809,40131
5566,129889,55128
5567,63921,27136
5568,80443,34107
5569,67073,28479
5570,46780,19940
5571,113473,48091
5572,64943,27572
5573,855,369
5574,50382,21481
5575,120844,51249
5576,102250,43265
5577,45458,19399
5578,59899,25427
5579,82651,35076
5580,112044,47467
5581,37757,16159
5582,111958,47427
5583,128844,54696
5584,94676,40071
5585,59478,25250
5586,48091,20488
5587,130218,55266
5588,20206,8652
5589,60861,25836
5590,42709,18244
5591,65172,27678
5592,33572,14404
5593,77188,32701
5594,17406,7476
5595,126389,53660
5596,122423,51904
5597,37975,16263
5598,51781,22066
5599,13881,5987
5600,26585,11378
5601,64615,27429
5602,39149,16743
5603,23244,9947
5604,31308,13396
5605,60493,25682
5606,82130,34854
5607,90815,38428
5608,15123,6519
5609,50868,21675
5610,42135,17999
5611,83457,35433
5612,18684,8020
5613,55766,23716
5614,33012,14152
5615,93759,39676
5616,50770,21637
5617,73657,31256
5618,25656,10987
5619,65515,27823
5620,112139,47512
5621,127969,54337
5622,46893,19994
5623,90914,38470
5624,125956,53472
5625,104225,44090
5626,46331,19752
5627,81795,34708
5628,60793,25804
5629,106310,44984
5630,41148,17571
5631,33786,14485
5632,27885,11919
5633,101728,43058
5634,48221,20554
5635,90652,38358
5636,20216,8656
5637,123316,52312
5638,82352,34949
5639,69564,29535
5640,83356,35385
5641,71087,30199
5642,59854,25405
5643,18320,7870
5644,8927,3857
5645,16614,7151
5646,80908,34332
5647,6832,3010
5648,122692,52028
5649,117019,49599
5650,121911,51692
5651,38443,16456
5652,47555,20269
5653,62574,26568
5654,129395,54917
5655,78442,33265
5656,17317,7436
5657,1974,849
5658,56903,24188
5659,126619,53757
5660,27341,11688
5661,29467,12598
5662,43153,18420
5663,102766,43481
5664,47070,20080
5665,126688,53793
5666,32526,13947
5667,44817,19147
5668,3577,1573
5669,15757,6781
5670,1627,699
5671,108393,45900
5672,119724,50766
5673,130193,55257
5674,26773,11461
5675,13940,6012
5676,37205,15923
5677,107299,45429
5678,64745,27485
5679,81604,34625
5680,118358,50182
5681,60781,25800
5682,126422,53673
5683,110076,46611
5684,9631,4168
5685,68616,29157
5686,113245,48001
5687,20199,8650
5688,55772,23718
5689,2898,1256
5690,110735,46901
5691,83722,35536
5692,127836,54277
5693,2175,933
5694,29165,12463
5695,101674,43025
5696,130222,55268
5697,32867,14088
5698,80635,34202
5699,71896,30526
5700,21151,9075
5701,123898,52589
5702,27585,11786
5703,118193,50105
5704,3490,1536
5705,36062,15436
5706,53329,22673
5707,66973,28437
5708,107189,45380
5709,130392,55357
5710,102411,43330
5711,77672,32926
5712,122490,51938
5713,95614,40461
5714,58030,24643
5715,69648,29570
5716,68221,28975
5717,15018,6473
5718,112394,47644
5719,59352,25197
5720,54845,23317
5721,11539,4993
5722,95002,40212
5723,3064,1348
5724,84597,35902
5725,76955,32607
5726,122613,51991
5727,118804,50360
5728,27199,11628
5729,47394,20201
5730,19676,8437
5731,9410,4070
5732,79757,33803
5733,60392,25635
5734,4073,1791
5735,55485,23591
5736,89300,37807
5737,95158,40284
5738,33997,14571
5739,84263,35753
5740,94128,39825
5741,95926,40582
5742,16435,7074
5743,104154,44055
5744,53151,22601
5745,98034,41495
5746,75557,32054
5747,19991,8565
5748,109675,46440
5749,52957,22529
5750,25081,10744
5751,126171,53575
5752,58525,24854
5753,11673,5041
5754,83040,35232
5755,111938,47413
5756,6560,2899
5757,22860,9782
5758,54993,23385
5759,121637,51576
5760,6859,3022
5761,61512,26118
5762,22059,9440
5763,100816,42686
5764,94787,40118
5765,102208,43251
5766,107170,45371
5767,44723,19104
5768,110568,46821
5769,115637,49029
5770,14148,6096
5771,76802,32548
5772,119496,50654
5773,93570,39603
5774,95491,40416
5775,29449,12590
5776,78339,33218
5777,101182,42836
5778,13226,5707
5779,47088,20088
5780,113431,48077
5781,21856,9370
5782,57751,24523
5783,33470,14359
5784,68789,29226
5785,106484,45063
5786,114094,48347
5787,65019,27609
5788,49763,21212
5789,77370,32783
5790,48278,20580
5791,87784,37191
5792,105672,44715
5793,65278,27722
5794,43427,18550
5795,70773,30051
5796,24017,10292
5797,74502,31610
5798,61854,26273
5799,32062,13741
5800,4207,1835
5801,32461,13920
5802,115335,48886
5803,20277,8687
5804,77980,33065
5805,127644,54198
5806,70390,29893
5807,57852,24565
5808,81239,34460
5809,6129,2689
5810,32150,13782
5811,75894,32188
5812,124342,52786
5813,5961,2618
5814,39963,17081
5815,12364,5327
5816,117860,49959
5817,42703,18241
5818,52000,22142
5819,115628,49027
5820,73680,31268
5821,38448,16459
5822,44536,19023
5823,100259,42437
5824,85713,36374
5825,67168,28521
5826,13239,5712
5827,17722,7608
5828,81885,34750
5829,110726,46898
5830,89966,38069
5831,25937,11111
5832,39459,16866
5833,34119,14609
5834,69828,29646
5835,58213,24724
5836,65898,27976
5837,13413,5780
5838,2903,1259
5839,25415,10876
5840,35422,15170
5841,110649,46858
5842,84166,35715
5843,46081,19654
5844,113030,47918
5845,84405,35820
5846,18742,8042
5847,116726,49475
5848,86353,36643
5849,109234,46263
5850,32406,13900
5851,50186,21400
5852,12309,5307
5853,54313,23095
5854,89176,37767
5855,46305,19740
5856,5354,2330
5857,110744,46905
5858,80014,33912
5859,106914,45253
5860,16511,7104
5861,17581,7560
5862,17848,7668
5863,107922,45693
5864,94346,39934
5865,81751,34690
5866,121909,51690
5867,4621,2024
5868,18961,8126
5869,121971,51723
5870,75452,32004
5871,65189,27685
5872,109361,46315
5873,120497,51099
5874,85143,36122
5875,121192,51384
5876,5601,2436
5877,10548,4563
5878,36515,15617
5879,15664,6743
5880,53277,22652
5881,38203,16358
5882,101689,43033
5883,4354,1907
5884,50677,21598
5885,102431,43340
5886,109669,46437
5887,106303,44981
5888,21088,9045
5889,98642,41762
5890,8896,3848
5891,74682,31680
5892,109956,46555
5893,59792,25381
5894,85631,36342
5895,40477,17280
5896,16315,7017
5897,38811,16593
5898,115462,48945
5899,37796,16179
5900,45684,19488
5901,113364,48049
5902,5711,2486
5903,53372,22694
5904,4767,2088
5905,76243,32337
5906,58393,24804
5907,70753,30044
5908,65422,27779
5909,62571,26566
5910,26612,11393
5911,45737,19512
5912,2432,1054
5913,40683,17370
5914,105235,44527
5915,129788,55094
5916,115821,49106
5917,8113,3522
5918,22291,9543
5919,70446,29918
5920,23164,9920
5921,12949,5580
5922,37201,15920
5923,125300,53206
5924,67673,28740
5925,69097,29349
5926,117067,49616
5927,50076,21360
5928,46440,19795
5929,66316,28148
5930,56899,24186
5931,52395,22303
5932,117292,49706
5933,84531,35870
5934,6648,2933
5935,62507,26542
5936,4819,2108
5937,107823,45645
5938,72771,30891
5939,81471,34563
5940,58740,24942
5941,55364,23534
5942,58371,24797
5943,94338,39931
5944,107011,45296
5945,3216,1407
5946,10902,4726
5947,42033,17949
5948,93378,39512
5949,6786,2989
5950,115030,48753
5951,128796,54674
5952,67519,28672
5953,89409,37845
5954,43451,18560
5955,91983,38946
5956,78441,33264
5957,82945,35194
5958,51171,21799
5959,49919,21290
5960,79602,33740
5961,34874,14942
5962,88783,37596
5963,8689,3749
5964,42723,18252
5965,10485,4537
5966,79734,33795
5967,120524,51110
5968,69403,29462
5969,31672,13551
5970,95415,40383
5971,123450,52383
5972,115699,49057
5973,29080,12423
5974,88256,37374
5975,12946,5578
5976,3074,1350
5977,125269,53186
5978,80412,34088
5979,25192,10784
5980,128390,54510
5981,109857,46514
5982,90569,38325
5983,15128,6520
5984,101041,42770
5985,116655,49441
5986,100406,42501
5987,126907,53895
5988,101170,42829
5989,119412,50621
5990,106154,44920
5991,4911,2153
5992,115123,48790
5993,19443,8324
5994,33010,14150
5995,24203,10374
5996,290,129
5997,35949,15390
5998,2534,1092
5999,113413,48069
6000,125485,53288
6001,116875,49534
6002,117785,49925
6003,63105,26787
6004,3037,1333
6005,112426,47660
6006,17087,7355
6007,88695,37554
6008,128435,54530
6009,22350,9566
6010,52297,22263
6011,117571,49832
6012,123053,52189
6013,13223,5705
6014,75804,32152
6015,3860,1687
6016,101666,43022
6017,102182,43238
6018,110733,46900
6019,86485,36692
6020,36885,15781
6021,112852,47843
6022,20749,8905
6023,8944,3867
6024,60689,25760
6025,103121,43626
6026,65010,27604
6027,9028,3904
6028,54391,23123
6029,70208,29815
6030,83781,35567
6031,27333,11683
6032,82639,35070
6033,89636,37927
6034,49181,20963
6035,17033,7331
6036,77394,32793
6037,88600,37512
6038,113600,48143
6039,13049,5624
6040,12285,5297
6041,82011,34804
6042,58349,24785
6043,88897,37649
6044,13006,5605
6045,123731,52512
6046,107720,45607
6047,62659,26610
6048,81406,34537
6049,92175,39030
6050,123779,52533
6051,116717,49469
6052,76543,32455
6053,41795,17846
6054,88782,37595
6055,10940,4746
6056,97978,41471
6057,12819,5526
6058,95840,40541
6059,85547,36298
6060,78582,33318
6061,61178,25969
6062,113201,47983
6063,45742,19516
6064,83855,35603
6065,40402,17248
6066,58957,25029
6067,104981,44417
6068,115446,48935
6069,111844,47371
6070,49189,20968
6071,63730,27053
6072,41768,17835
6073,118988,50442
6074,58951,25024
6075,32608,13978
6076,75781,32140
6077,108232,45828
6078,124486,52845
6079,115609,49016
6080,10164,4393
6081,54810,23303
6082,70906,30113
6083,71470,30346
6084,99566,42131
6085,17318,7437
6086,25750,11029
6087,54605,23218
6088,41479,17710
6089,48464,20666
6090,39589,16919
6091,76114,32279
6092,25357,10853
6093,75591,32068
6094,35463,15187
6095,111735,47320
6096,27887,11920
6097,21733,9314
6098,38071,16300
6099,31591,13521
6100,109963,46560
6101,108462,45929
6102,93790,39684
6103,65669,27879
6104,51335,21865
6105,3038,1334
6106,42262,18051
6107,67761,28784
6108,37134,15889
6109,85451,36256
6110,78945,33464
6111,25579,10943
6112,27727,11851
6113,48432,20655
6114,20237,8669
6115,23722,10164
6116,121313,51435
6117,72567,30802
6118,54580,23206
6119,125184,53145
6120,64397,27334
6121,55882,23752
6122,40410,17252
6123,47489,20242
6124,84123,35699
6125,107143,45360
6126,91668,38819
6127,64867,27539
6128,61916,26299
6129,104071,44013
6130,45338,19360
6131,11317,4904
6132,30439,13022
6133,44535,19022
6134,33581,14409
6135,51880,22103
6136,60628,25737
6137,54960,23371
6138,59152,25112
6139,2662,1148
6140,104691,44300
6141,87654,37145
6142,101706,43045
6143,63911,27130
6144,77821,32991
6145,296,132
6146,20282,8690
6147,4852,2124
6148,10993,4769
6149,58914,25011
6150,41131,17562
6151,75838,32168
6152,107499,45518
6153,116279,49279
6154,91212,38604
6155,99251,41999
6156,41689,17802
6157,108913,46123
6158,90002,38089
6159,86245,36597
6160,8419,3643
6161,102129,43217
6162,2065,888
6163,72147,30631
6164,111644,47277
6165,102258,43268
6166,1895,812
6167,60312,25598
6168,5429,2365
6169,116237,49268
6170,64646,27442
6171,21497,9214
6172,108529,45953
6173,23531,10072
6174,84017,35668
6175,589,245
6176,15611,6724
6177,42730,18255
6178,113573,48136
6179,39200,16765
6180,7708,3370
6181,46533,19832
6182,93096,39406
6183,43692,18656
6184,95963,40596
6185,116649,49439
6186,21008,9010
6187,9922,4288
6188,98830,41834
6189,34377,14718
6190,9616,4161
6191,80298,34033
6192,62393,26501
6193,12891,5553
6194,96855,40993
6195,53312,22666
6196,87240,36983
6197,89602,37919
6198,4529,1984
6199,20370,8730
6200,129594,55003
6201,10250,4432
6202,80943,34347
6203,38052,16291
6204,1866,799
6205,89316,37814
6206,24501,10486
6207,18582,7974
6208,80110,33952
6209,69170,29377
6210,60693,25762
6211,57673,24489
6212,124254,52752
6213,71827,30492
6214,111422,47178
6215,44070,18811
6216,63779,27077
6217,68482,29090
6218,94604,40045
6219,92533,39169
6220,24612,10538
6221,69628,29560
6222,98954,41885
6223,9705,4202
6224,130092,55210
6225,65334,27745
6226,94075,39793
6227,116157,49229
6228,47149,20115
6229,109842,46506
6230,96929,41027
6231,99066,41928
6232,36106,15447
6233,31762,13589
6234,77357,32777
6235,36555,15637
6236,86763,36805
6237,128867,54706
6238,120721,51201
6239,54599,23214
6240,97473,41246
6241,22281,9538
6242,52197,22224
6243,66485,28224
6244,103428,43745
6245,51338,21867
6246,37711,16143
6247,107310,45432
6248,105914,44823
6249,117025,49601
6250,11144,4827
6251,92382,39110
6252,94160,39840
6253,25766,11037
6254,78325,33210
6255,120542,51117
6256,28764,12288
6257,13858,5982
6258,36370,15557
6259,35276,15113
6260,41457,17701
6261,23755,10182
6262,100401,42498
6263,48823,20806
6264,113866,48247
6265,98290,41605
6266,86136,36555
6267,83425,35418
6268,77342,32771
6269,115145,48804
6270,36218,15491
6271,110132,46631
6272,12724,5492
6273,24175,10360
6274,47671,20316
6275,121430,51492
6276,51926,22118
6277,61657,26183
6278,113597,48141
6279,119025,50460
6280,62799,26658
6281,103267,43683
6282,127086,53968
6283,71882,30518
6284,111242,47116
6285,100453,42520
6286,53506,22754
6287,68354,29032
6288,36917,15794
6289,68051,28908
6290,87607,37129
6291,27036,11570
6292,109894,46528
6293,69190,29385
6294,2959,1285
6295,97871,41419
6296,17482,7514
6297,90158,38153
6298,7601,3327
6299,4479,1967
6300,100413,42504
6301,83133,35277
6302,7847,3418
6303,119005,50452
6304,23272,9959
6305,119675,50742
6306,4912,2154
6307,32172,13799
6308,7891,3439
6309,114446,48489
6310,54762,23279
6311,21217,9102
6312,21721,9309
6313,94448,39977
6314,5596,2433
6315,35251,15104
6316,95211,40305
6317,109565,46393
6318,41798,17848
6319,103305,43700
6320,36054,15431
6321,3663,1607
6322,57423,24389
6323,3544,1563
6324,1815,781
6325,22907,9805
6326,123796,52541
6327,102078,43192
6328,67287,28570
6329,86315,36627
6330,5156,2256
6331,78038,33091
6332,5901,2584
6333,111821,47359
6334,88918,37658
6335,22945,9823
6336,87283,36997
6337,37504,16057
6338,11686,5049
6339,77836,33001
6340,54343,23106
6341,70040,29741
6342,36633,15671
6343,17723,7609
6344,26365,11278
6345,91529,38754
6346,75096,31851
6347,47293,20163
6348,55575,23629
6349,110435,46764
6350,90477,38277
6351,11089,4810
6352,82468,35000
6353,108430,45915
6354,74546,31633
6355,56271,23919
6356,127745,54244
6357,73975,31385
6358,55023,23398
6359,119346,50592
6360,98044,41497
6361,7003,3093
6362,24297,10400
6363,105436,44617
6364,60149,25538
6365,37864,16212
6366,37243,15945
6367,99535,42115
6368,27910,11929
6369,51526,21955
6370,85459,36259
6371,4683,2049
6372,58111,24680
6373,55960,23792
6374,82487,35007
6375,30034,12851
6376,126473,53691
6377,92852,39313
6378,65301,27732
6379,39392,16838
6380,72310,30694
6381,12397,5344
6382,116185,49243
6383,59583,25293
6384,37012,15833
6385,3017,1319
6386,43264,18479
6387,87066,36911
6388,12747,5503
6389,58874,24995
6390,129555,54986
6391,72976,30977
6392,16991,7313
6393,112885,47863
6394,90024,38097
6395,63769,27073
6396,53904,22923
6397,111713,47306
6398,69482,29498
6399,96661,40901
6400,73479,31171
6401,96961,41041
6402,71296,30285
6403,71736,30461
6404,87102,36925
6405,58783,24963
6406,66981,28442
6407,8474,3674
6408,37304,15973
6409,77869,33013
6410,73379,31137
6411,16119,6937
6412,115151,48808
6413,56036,23822
6414,54559,23196
6415,126736,53818
6416,30642,13102
6417,76728,32517
6418,72295,30687
6419,27614,11795
6420,7084,3116
6421,94716,40088
6422,45084,19249
6423,77786,32974
6424,57057,24250
6425,111976,47436
6426,88078,37302
6427,26473,11320
6428,4285,1874
6429,27804,11882
6430,105474,44634
6431,36543,15632
6432,125822,53418
6433,3655,1603
6434,62023,26348
6435,53755,22859
6436,75974,32216
6437,100081,42348
6438,20220,8659
6439,11061,4802
6440,39343,16822
6441,119689,50749
6442,78904,33443
6443,5486,2383
6444,22237,9520
6445,41366,17657
6446,98791,41821
6447,60572,25717
6448,114903,48691
6449,85491,36271
6450,53866,22909
6451,5926,2598
6452,94017,39768
6453,82224,34902
6454,99319,42026
6455,5954,2613
6456,75618,32078
6457,63936,27143
6458,92811,39297
6459,106279,44971
6460,123915,52596
6461,103408,43738
6462,1840,788
6463,49485,21089
6464,40531,17303
6465,128249,54453
6466,107873,45670
6467,24857,10644
6468,25049,10729
6469,60537,25700
6470,18426,7915
6471,123422,52369
6472,127275,54039
6473,17614,7572
6474,100322,42462
6475,45045,19232
6476,108099,45765
6477,95923,40579
6478,109510,46367
6479,30705,13130
6480,94207,39867
6481,34413,14736
6482,99421,42071
6483,119745,50774
6484,51735,22046
6485,11329,4911
6486,122379,51888
6487,39656,16947
6488,46964,20027
6489,71302,30289
6490,100508,42550
6491,33220,14249
6492,40625,17342
6493,69819,29643
6494,57890,24584
6495,89355,37827
6496,34894,14951
6497,117911,49976
6498,64194,27250
6499,86534,36711
6500,99850,42254
6501,57137,24272
6502,43630,18629
6503,78857,33418
6504,97425,41226
6505,48283,20582
6506,97419,41224
6507,6329,2786
6508,29166,12464
6509,116557,49402
6510,62396,26503
6511,8202,3559
6512,101385,42910
6513,97519,41268
6514,84080,35687
6515,16699,7184
6516,11504,4975
6517,25363,10855
6518,120708,51192
6519,32776,14043
6520,62415,26511
6521,73632,31245
6522,38697,16555
6523,1551,669
6524,101729,43059
6525,126401,53665
6526,88083,37306
6527,44442,18977
6528,77383,32788
6529,114589,48550
6530,77186,32700
6531,63520,26952
6532,71443,30336
6533,14316,6174
6534,26625,11399
6535,108443,45920
6536,126004,53491
6537,16782,7221
6538,85481,36268
6539,111319,47141
6540,117078,49622
6541,75482,32014
6542,55248,23487
6543,68770,29220
6544,52846,22481
6545,2325,1004
6546,67129,28504
6547,96056,40639
6548,97668,41334
6549,96615,40879
6550,8672,3741
6551,100860,42707
6552,36571,15645
6553,12505,5393
6554,3465,1529
6555,28746,12282
6556,94786,40117
6557,116622,49427
6558,45723,19506
6559,44633,19065
6560,50068,21357
6561,36563,15642
6562,100809,42684
6563,39271,16796
6564,37720,16148
6565,13215,5701
6566,35239,15097
6567,21154,9077
6568,56133,23862
6569,46753,19921
6570,119348,50594
6571,17568,7550
6572,80670,34220
6573,126879,53883
6574,10751,4656
6575,95801,40526
6576,112815,47825
6577,57165,24288
6578,85223,36155
6579,17257,7420
6580,75654,32088
6581,70641,29999
6582,126706,53803
6583,29972,12827
6584,62834,26676
6585,106777,45195
6586,70821,30071
6587,61536,26127
6588,112707,47784
6589,41797,17847
6590,25615,10962
6591,4024,1769
6592,45452,19397
6593,52436,22321
6594,3109,1365
6595,88350,37415
6596,47941,20419
6597,38318,16404
6598,21714,9305
6599,119043,50467
6600,39737,16982
6601,100389,42494
6602,61802,26248
6603,91762,38858
6604,42556,18181
6605,79289,33603
6606,61917,26300
6607,11542,4995
6608,54554,23193
6609,40831,17443
6610,29930,12807
6611,49666,21167
6612,56238,23906
6613,41544,17743
6614,75713,32109
6615,21385,9168
6616,101076,42786
6617,75070,31839
6618,64471,27374
6619,77638,32907
6620,123820,52555
6621,22593,9661
6622,46100,19664
6623,119276,50560
6624,2985,1298
6625,61824,26256
6626,44654,19076
6627,68919,29273
6628,91924,38925
6629,34424,14742
6630,103625,43835
6631,97323,41190
6632,126808,53849
6633,103879,43939
6634,121717,51610
6635,100470,42528
6636,2124,916
6637,56458,24003
6638,123308,52307
6639,108829,46082
6640,84428,35828
6641,106099,44893
6642,79493,33694
6643,104208,44082
6644,107221,45394
6645,5434,2366
6646,12386,5340
6647,40505,17290
6648,83286,35358
6649,18365,7895
6650,52477,22331
6651,40304,17207
6652,13389,5770
6653,69942,29696
6654,18916,8108
6655,105176,44500
6656,99945,42294
6657,103702,43860
6658,9513,4115
6659,73826,31324
6660,102367,43312
6661,35214,15090
6662,60773,25797
6663,11536,4991
6664,98188,41565
6665,43868,18727
6666,794,340
6667,9699,4201
6668,102920,43544
6669,77834,33000
6670,62040,26355
6671,59371,25209
6672,42529,18172
6673,80423,34096
6674,85521,36287
6675,75316,31948
6676,46844,19968
6677,127518,54139
6678,21514,9223
6679,59563,25283
6680,16134,6944
6681,117762,49916
6682,94183,39855
6683,91901,38913
6684,95017,40220
6685,59734,25353
6686,50825,21657
6687,41810,17855
6688,72516,30783
6689,87332,37014
6690,71201,30240
6691,118012,50020
6692,37376,15997
6693,6225,2739
6694,105104,44471
6695,55500,23597
6696,117405,49757
6697,87743,37175
6698,30386,12999
6699,17108,7365
6700,46930,20012
6701,66149,28079
6702,89763,37986
6703,37883,16218
6704,97644,41324
6705,12057,5207
6706,80061,33933
6707,23468,10047
6708,65636,27867
6709,116596,49412
6710,84232,35743
6711,98502,41705
6712,45122,19266
6713,26224,11214
6714,78942,33463
6715,41393,17674
6716,120437,51069
6717,68264,28991
6718,11414,4946
6719,74604,31650
6720,100098,42358
6721,84396,35816
6722,96323,40747
6723,53544,22775
6724,107304,45431
6725,16280,6998
6726,79887,33864
6727,74229,31499
6728,107039,45309
6729,70792,30060
6730,63391,26901
6731,29636,12672
6732,63739,27055
6733,76940,32603
6734,43634,18631
6735,30218,12933
6736,20430,8756
6737,32981,14135
6738,112227,47559
6739,54640,23231
6740,59567,25286
6741,8848,3826
6742,122279,51850
6743,61527,26123
6744,90204,38171
6745,53408,22709
6746,130274,55296
6747,71234,30255
6748,13275,5730
6749,60497,25685
6750,115230,48838
6751,75720,32113
6752,98727,41799
6753,6462,2854
6754,79328,33621
6755,55511,23602
6756,26469,11319
6757,83064,35241
6758,54353,23114
6759,74046,31412
6760,114688,48593
6761,54049,22987
6762,3240,1417
6763,34924,14965
6764,31008,13272
6765,22515,9634
6766,655,273
6767,63205,26832
6768,53716,22841
6769,123843,52566
6770,19658,8428
6771,49087,20922
6772,51871,22097
6773,92032,38965
6774,90440,38260
6775,45738,19513
6776,107683,45593
6777,94843,40141
6778,16473,7089
6779,16285,7000
6780,32799,14055
6781,70,30
6782,33565,14399
6783,34572,14806
6784,71488,30355
6785,72424,30741
6786,122728,52047
6787,81078,34404
6788,17202,7399
6789,58004,24631
6790,113902,48266
6791,114410,48473
6792,80183,33985
6793,128370,54500
6794,86366,36648
6795,56396,23976
6796,122641,52006
6797,74393,31566
6798,87203,36968
6799,90922,38474
6800,12519,5403
6801,124397,52807
6802,53138,22592
6803,96283,40733
6804,65818,27945
6805,121129,51358
6806,94445,39975
6807,56061,23832
6808,51481,21932
6809,23724,10165
6810,128010,54352
6811,17009,7322
6812,7967,3467
6813,851,368
6814,116951,49570
6815,92997,39367
6816,126112,53543
6817,113973,48295
6818,28499,12188
6819,93380,39513
6820,55747,23707
6821,94177,39850
6822,110072,46609
6823,74220,31496
6824,44059,18807
6825,82420,34979
6826,58726,24933
6827,21228,9107
6828,74052,31414
6829,67647,28728
6830,127631,54190
6831,44266,18895
6832,19902,8527
6833,103166,43641
6834,69003,29315
6835,81102,34408
6836,78782,33387
6837,25244,10803
6838,85243,36168
6839,103058,43596
6840,71320,30295
6841,49929,21296
6842,62202,26422
6843,80390,34078
6844,40727,17395
6845,66980,28441
6846,53909,22926
6847,32942,14122
6848,27009,11564
6849,90700,38376
6850,49108,20932
6851,71231,30252
6852,51466,21927
6853,95572,40447
6854,106768,45189
6855,84339,35788
6856,1654,711
6857,122700,52031
6858,21507,9218
6859,80850,34301
6860,54835,23312
6861,15584,6708
6862,43658,18642
6863,47181,20129
6864,51163,21796
6865,97022,41065
6866,29821,12761
6867,10481,4535
6868,84045,35679
6869,106570,45103
6870,127967,54336
6871,92154,39020
6872,8737,3773
6873,36840,15762
6874,98417,41671
6875,14438,6223
6876,7265,3190
6877,94526,40015
6878,28777,12294
6879,112148,47516
6880,85677,36362
6881,23511,10064
6882,2260,975
6883,33380,14318
6884,120119,50930
6885,125376,53236
6886,78319,33209
6887,123093,52208
6888,44787,19133
6889,90423,38256
6890,71396,30319
6891,25846,11068
6892,24536,10502
6893,27773,11870
6894,6193,2724
6895,64515,27390
6896,112294,47591
6897,113642,48163
6898,59861,25409
6899,82545,35032
6900,10640,4609
6901,119890,50835
6902,81491,34575
6903,7509,3294
6904,45318,19351
6905,64193,27249
6906,3503,1542
6907,59545,25279
6908,87163,36949
6909,31448,13457
6910,116121,49210
6911,27447,11732
6912,98426,41677
6913,12804,5522
6914,104158,44057
6915,24968,10699
6916,5331,2322
6917,830,357
6918,67024,28461
6919,128538,54581
6920,53981,22959
6921,39142,16737
6922,48755,20781
6923,29917,12803
6924,89364,37829
6925,22111,9463
6926,111065,47040
6927,30565,13073
6928,124972,53059
6929,31506,13485
6930,30464,13034
6931,122913,52127
6932,119292,50565
6933,87173,36952
6934,75003,31808
6935,86596,36733
6936,118779,50346
6937,104060,44008
6938,39587,16918
6939,40673,17367
6940,36346,15549
6941,30828,13181
6942,71953,30553
6943,67582,28700
6944,106608,45114
6945,15050,6488
6946,104843,44363
6947,121225,51398
6948,82683,35088
6949,75719,32112
6950,75016,31816
6951,19871,8517
6952,35623,15262
6953,80094,33944
6954,89798,38005
6955,122926,52132
6956,80178,33983
6957,69386,29454
6958,125221,53162
6959,26062,11159
6960,73506,31185
6961,112093,47487
6962,91164,38580
6963,12121,5230
6964,44110,18831
6965,521,219
6966,22559,9652
6967,50386,21483
6968,13419,5782
6969,49598,21137
6970,90413,38252
6971,86719,36782
6972,42488,18153
6973,51652,22007
6974,9621,4164
6975,76318,32364
6976,77854,33009
6977,23928,10254
6978,130036,55187
6979,8333,3609
6980,74787,31731
6981,99512,42105
6982,128520,54570
6983,29872,12781
6984,40011,17097
6985,160,74
6986,37549,16076
6987,76975,32614
6988,8465,3670
6989,55803,23725
6990,15657,6741
6991,1092,454
6992,97806,41391
6993,53389,22701
6994,23200,9934
6995,111408,47174
6996,112202,47545
6997,5263,2296
6998,1094,455
6999,118046,50042
7000,54007,22972
7001,86079,36530
7002,26367,11280
7003,8549,3696
7004,42379,18103
7005,48185,20535
7006,66989,28445
7007,124465,52836
7008,36452,15586
7009,60802,25810
7010,105694,44724
7011,16636,7160
7012,96761,40951
7013,10566,4575
7014,79738,33796
7015,111930,47407
7016,110104,46621
7017,56357,23957
7018,801,343
7019,55385,23545
7020,82917,35184
7021,69557,29534
7022,58295,24760
7023,41653,17785
7024,28982,12380
7025,77942,33047
7026,72801,30907
7027,68233,28979
7028,5719,2490
7029,108448,45922
7030,24522,10496
7031,112565,47720
7032,13981,6022
7033,111787,47339
7034,49025,20897
7035,42130,17997
7036,81587,34617
7037,116442,49350
7038,80355,34066
7039,64691,27459
7040,42172,18011
7041,117291,49705
7042,2688,1160
7043,61900,26292
7044,13600,5863
7045,108158,45790
7046,6011,2636
7047,52510,22348
7048,115265,48852
7049,22652,9691
7050,93170,39431
7051,113116,47952
7052,95292,40335
7053,107180,45376
7054,54528,23178
7055,75827,32163
7056,6904,3043
7057,32272,13845
7058,125350,53224
7059,110424,46758
7060,91194,38594
7061,92593,39198
7062,24177,10362
7063,58074,24663
7064,20460,8774
7065,35870,15361
7066,43639,18636
7067,43463,18568
7068,42941,18338
7069,31075,13300
7070,101567,42979
7071,114268,48417
7072,112351,47617
7073,42330,18083
7074,124626,52915
7075,38402,16436
7076,69063,29335
7077,64073,27199
7078,28703,12260
7079,96236,40713
7080,55534,23612
7081,10393,4496
7082,68520,29112
7083,78736,33369
7084,10699,4638
7085,117961,49999
7086,12131,5234
7087,62766,26649
7088,104616,44260
7089,84791,35981
7090,31935,13675
7091,99330,42032
7092,64679,27453
7093,72009,30573
7094,82159,34868
7095,62872,26694
7096,16855,7256
7097,118140,50083
7098,1169,488
7099,118089,50059
7100,104742,44320
7101,129949,55152
7102,37946,16246
7103,22077,9448
7104,27849,11904
7105,46490,19811
7106,40285,17200
7107,120776,51224
7108,5864,2565
7109,50651,21588
7110,15978,6879
7111,95250,40318
7112,77126,32680
7113,124346,52788
7114,113629,48158
7115,42415,18126
7116,70093,29760
7117,128181,54427
7118,65789,27931
7119,130393,55358
7120,101855,43104
7121,92738,39262
7122,75578,32063
7123,86364,36647
7124,14863,6403
7125,59558,25282
7126,112992,47902
7127,105346,44575
7128,119748,50776
7129,95056,40241
7130,104758,44327
7131,81706,34674
7132,120371,51037
7133,54025,22977
7134,63885,27117
7135,89054,37720
7136,127365,54078
7137,25068,10738
7138,35063,15026
7139,20410,8748
7140,51325,21859
7141,21256,9120
7142,73118,31035
7143,98140,41546
7144,107878,45672
7145,70155,29792
7146,88476,37461
7147,107342,45447
7148,39847,17032
7149,41274,17620
7150,55670,23667
7151,6624,2922
7152,12617,5446
7153,105264,44544
7154,29777,12739
7155,13816,5963
7156,25646,10979
7157,120799,51231
7158,45731,19509
7159,34741,14886
7160,19662,8431
7161,76535,32452
7162,114136,48365
7163,66880,28402
7164,12613,5443
7165,43621,18624
7166,40207,17179
7167,17954,7713
7168,72080,30603
7169,102178,43236
7170,118332,50170
7171,80942,34346
7172,106290,44975
7173,8771,3787
7174,69682,29585
7175,10236,4423
7176,117149,49656
7177,66095,28059
7178,62936,26725
7179,100195,42406
7180,2927,1270
7181,122957,52149
7182,23597,10109
7183,83648,35507
7184,24085,10316
7185,25664,10992
7186,7799,3400
7187,65236,27708
7188,63424,26914
7189,103964,43970
7190,99823,42242
7191,54064,22990
7192,43981,18773
7193,86928,36864
7194,38092,16310
7195,47254,20151
7196,128152,54415
7197,23295,9969
7198,67111,28494
7199,43498,18585
7200,13242,5713
7201,24952,10693
7202,100506,42549
7203,4311,1883
7204,15849,6823
7205,101268,42872
7206,95571,40446
7207,70158,29794
7208,27594,11789
7209,93079,39400
7210,104009,43988
7211,65638,27868
7212,76785,32543
7213,35043,15016
7214,27087,11594
7215,116438,49347
7216,39152,16745
7217,92515,39161
7218,35003,15000
7219,115666,49042
7220,106834,45220
7221,39645,16941
7222,48589,20718
7223,78607,33325
7224,60014,25484
7225,30967,13251
7226,85744,36389
7227,89580,37907
7228,59670,25325
7229,27283,11662
7230,22779,9745
7231,65410,27771
7232,4557,1995
7233,61378,26060
7234,4462,1959
7235,41400,17677
7236,54168,23032
7237,42186,18020
7238,4078,1793
7239,20103,8609
7240,45512,19423
7241,84521,35864
7242,16392,7050
7243,73807,31316
7244,11235,4870
7245,64956,27579
7246,104245,44097
7247,120893,51271
7248,105056,44453
7249,54590,23209
7250,30429,13017
7251,66491,28227
7252,3970,1744
7253,57599,24464
7254,12981,5594
7255,42490,18155
7256,22433,9597
7257,127428,54109
7258,90745,38397
7259,106558,45098
7260,35060,15025
7261,25877,11082
7262,109604,46409
7263,42297,18068
7264,47779,20356
7265,127391,54090
7266,70554,29967
7267,78967,33473
7268,48679,20753
7269,32948,14124
7270,104247,44098
7271,116802,49503
7272,39642,16939
7273,80740,34254
7274,12217,5270
7275,87993,37267
7276,116970,49577
7277,31863,13641
7278,72651,30842
7279,26428,11301
7280,81687,34666
7281,110827,46936
7282,23445,10034
7283,3497,1539
7284,80743,34256
7285,53414,22711
7286,103482,43771
7287,399,163
7288,127638,54194
7289,23685,10155
7290,43759,18678
7291,496,208
7292,28331,12111
7293,49767,21214
7294,26947,11539
7295,107241,45403
7296,97004,41060
7297,34219,14647
7298,91179,38588
7299,67879,28841
7300,121063,51332
7301,8995,3888
7302,66483,28222
7303,122397,51895
7304,111848,47372
7305,10492,4539
7306,17015,7325
7307,111170,47084
7308,24927,10684
7309,57776,24536
7310,88127,37325
7311,4260,1864
7312,100292,42449
7313,14095,6075
7314,80240,34008
7315,14320,6176
7316,106667,45142
7317,127442,54111
7318,41478,17709
7319,70639,29998
7320,108939,46133
7321,70490,29935
7322,119838,50809
7323,37609,16101
7324,5084,2228
7325,118175,50099
7326,128889,54716
7327,67867,28833
7328,22829,9765
7329,104238,44096
7330,29514,12615
7331,37765,16162
7332,74772,31721
7333,25425,10879
7334,84274,35758
7335,7219,3172
7336,18635,7999
7337,59523,25268
7338,113384,48060
7339,101635,43011
7340,49862,21260
7341,73967,31382
7342,71950,30551
7343,129958,55156
7344,59536,25274
7345,27643,11810
7346,123646,52471
7347,122137,51796
7348,21373,9166
7349,65053,27627
7350,79639,33756
7351,52547,22364
7352,79410,33661
7353,230,106
7354,22898,9799
7355,70815,30069
7356,55346,23527
7357,35125,15049
7358,10891,4720
7359,4014,1764
7360,24676,10565
7361,13156,5674
7362,22036,9432
7363,3207,1402
7364,1568,677
7365,100167,42396
7366,40757,17406
7367,55911,23769
7368,129879,55126
7369,88426,37447
7370,71254,30265
7371,32122,13768
7372,25909,11098
7373,68372,29040
7374,81215,34452
7375,47775,20353
7376,2499,1081
7377,124088,52674
7378,27947,11948
7379,74859,31749
7380,40102,17134
7381,84287,35765
7382,123801,52544
7383,23406,10018
7384,71556,30382
7385,86097,36540
7386,19775,8475
7387,101878,43112
7388,6461,2853
7389,74781,31727
7390,23500,10058
7391,16502,7100
7392,106160,44921
7393,108878,46105
7394,124800,52982
7395,111586,47247
7396,130147,55234
7397,79280,33599
7398,125400,53251
7399,128493,54555
7400,92779,39277
7401,64591,27418
7402,7185,3160
7403,73825,31323
7404,23530,10071
7405,35709,15293
7406,30913,13228
7407,64192,27248
7408,96026,40623
7409,97552,41283
7410,96647,40892
7411,51949,22126
7412,123905,52593
7413,25769,11038
7414,100451,42519
7415,97108,41101
7416,90949,38486
7417,74406,31573
7418,102720,43455
7419,91032,38524
7420,11932,5156
7421,8302,3594
7422,30614,13091
7423,73783,31304
7424,119821,50806
7425,114293,48428
7426,125968,53477
7427,118225,50120
7428,61748,26226
7429,103595,43825
7430,100476,42531
7431,61736,26222
7432,45135,19273
7433,27780,11873
7434,40961,17493
7435,104490,44208
7436,93566,39602
7437,5196,2271
7438,102368,43313
7439,77575,32882
7440,13530,5835
7441,32794,14053
7442,23636,10129
7443,72102,30614
7444,79363,33637
7445,41676,17795
7446,68374,29042
7447,33909,14534
7448,31950,13685
7449,113406,48067
7450,2910,1262
7451,90251,38187
7452,39934,17067
7453,17562,7546
7454,105041,44445
7455,79172,33554
7456,90241,38184
7457,27387,11704
7458,108975,46150
7459,60043,25493
7460,28880,12336
7461,19612,8405
7462,35836,15343
7463,64735,27481
7464,119987,50875
7465,23155,9913
7466,53260,22641
7467,96560,40855
7468,119376,50604
7469,20340,8713
7470,59304,25173
7471,69931,29690
7472,125259,53181
7473,54913,23353
7474,60461,25663
7475,34708,14871
7476,10249,4431
7477,82301,34930
7478,12482,5379
7479,22790,9751
7480,81529,34598
7481,46505,19818
7482,37146,15896
7483,25770,11039
7484,122809,52085
7485,110713,46892
7486,75274,31925
7487,65237,27709
7488,47022,20055
7489,53354,22687
7490,24189,10367
7491,948,397
7492,71286,30280
7493,14417,6211
7494,32327,13866
7495,70036,29740
7496,87802,37198
7497,110204,46658
7498,26969,11546
7499,115564,48991
7500,101602,42992
7501,101375,42903
7502,49917,21288
7503,14736,6349
7504,69901,29677
7505,124471,52838
7506,122504,51942
7507,92714,39251
7508,25556,10934
7509,40916,17474
7510,112323,47602
7511,7692,3364
7512,121383,51470
7513,15675,6748
7514,31270,13383
7515,96398,40779
7516,119179,50527
7517,126701,53799
7518,70271,29838
7519,60486,25677
7520,7420,3257
7521,58986,25041
7522,98641,41761
7523,64837,27523
7524,29158,12458
7525,38207,16359
7526,26907,11518
7527,24472,10472
7528,13405,5777
7529,114452,48490
7530,38058,16293
7531,33361,14308
7532,10834,4694
7533,69702,29591
7534,89452,37861
7535,77819,32989
7536,32157,13787
7537,35757,15313
7538,115639,49031
7539,50612,21571
7540,82948,35196
7541,15589,6712
7542,129988,55167
7543,58230,24732
7544,61922,26303
7545,123971,52623
7546,33775,14482
7547,116101,49202
7548,1237,520
7549,75413,31984
7550,3121,1372
7551,46840,19965
7552,25686,11003
7553,93204,39442
7554,63602,26989
7555,55917,23773
7556,42533,18173
7557,29099,12433
7558,1571,679
7559,79458,33676
7560,83448,35428
7561,27880,11916
7562,40566,17317
7563,25590,10947
7564,117714,49893
7565,111499,47215
7566,80114,33955
7567,96288,40735
7568,1427,614
7569,75926,32198
7570,39124,16726
7571,64980,27588
7572,157,73
7573,106223,44949
7574,87177,36953
7575,54124,23013
7576,29153,12455
7577,66329,28152
7578,5837,2553
7579,107432,45487
7580,121567,51556
7581,57447,24400
7582,109485,46359
7583,42738,18258
7584,95596,40454
7585,56257,23914
7586,28971,12378
7587,118256,50138
7588,59693,25338
7589,19955,8553
7590,50627,21579
7591,57163,24286
7592,78446,33268
7593,87251,36985
7594,126804,53848
7595,101604,42993
7596,45525,19430
7597,60101,25522
7598,101535,42964
7599,36977,15816
7600,89060,37723
7601,92536,39170
7602,5470,2380
7603,17000,7318
7604,23801,10199
7605,105710,44730
7606,65400,27767
7607,22887,9792
7608,84842,36003
7609,35424,15172
7610,118184,50102
7611,87638,37139
7612,88126,37324
7613,55191,23465
7614,90616,38343
7615,20061,8587
7616,107082,45328
7617,59985,25470
7618,12843,5534
7619,104046,44003
7620,89422,37850
7621,4342,1900
7622,50053,21351
7623,63337,26881
7624,64266,27276
7625,107575,45552
7626,113168,47969
7627,87437,37057
7628,92035,38968
7629,111732,47318
7630,91608,38784
7631,37827,16191
7632,111131,47072
7633,111398,47171
7634,43136,18416
7635,61930,26306
7636,127514,54136
7637,64492,27380
7638,89735,37972
7639,115824,49107
7640,12993,5598
7641,43399,18540
7642,112289,47590
7643,100650,42626
7644,74516,31615
7645,107134,45355
7646,41158,17574
7647,75167,31880
7648,29886,12787
7649,15473,6662
7650,100222,42423
7651,1770,763
7652,62896,26705
7653,13124,5661
7654,80019,33915
7655,29331,12536
7656,85673,36360
7657,69211,29393
7658,122552,51964
7659,63462,26929
7660,56068,23835
7661,90979,38499
7662,102241,43263
7663,82191,34886
7664,84039,35676
7665,28943,12365
7666,105594,44680
7667,73270,31100
7668,108447,45921
7669,96693,40918
7670,124082,52670
7671,11508,4979
7672,101899,43119
7673,123428,52373
7674,8969,3876
7675,9426,4078
7676,36931,15802
7677,43306,18495
7678,109906,46533
7679,16588,7140
7680,130225,55271
7681,113674,48177
7682,11582,5010
7683,108455,45927
7684,91362,38680
7685,88056,37290
7686,78573,33313
7687,92655,39230
7688,116300,49285
7689,110634,46851
7690,119207,50536
7691,73261,31097
7692,52864,22490
7693,58911,25010
7694,127443,54112
7695,51419,21908
7696,75180,31888
7697,44841,19156
7698,13941,6013
7699,14591,6284
7700,92805,39292
7701,19342,8289
7702,61950,26317
7703,87452,37065
7704,118276,50147
7705,42602,18200
7706,60562,25712
7707,92220,39046
7708,105734,44739
7709,48610,20723
7710,109484,46358
7711,58172,24700
7712,50021,21339
7713,25013,10713
7714,27233,11641
7715,94631,40056
7716,116855,49529
7717,67235,28552
7718,33468,14357
7719,129825,55106
7720,129283,54879
7721,2023,869
7722,65542,27832
7723,107905,45685
7724,121846,51666
7725,57393,24375
7726,44754,19119
7727,23408,10019
7728,93906,39733
7729,97427,41227
7730,36441,15584
7731,61933,26309
7732,59826,25395
7733,47365,20188
7734,115854,49119
7735,117781,49923
7736,64551,27404
7737,125268,53185
7738,75737,32120
7739,51092,21763
7740,106086,44888
7741,99396,42059
7742,93115,39413
7743,1136,473
7744,113602,48144
7745,59044,25065
7746,5129,2246
7747,125610,53337
7748,116223,49263
7749,49752,21208
7750,71987,30564
7751,99589,42145
7752,42463,18144
7753,46586,19853
7754,39066,16692
7755,55200,23469
7756,34750,14889
7757,38998,16664
7758,31146,13325
7759,97183,41132
7760,107654,45581
7761,1470,634
7762,95781,40519
7763,86769,36808
7764,75362,31967
7765,24116,10333
7766,66217,28104
7767,79954,33885
7768,38225,16368
7769,32716,14021
7770,23587,10103
7771,97953,41460
7772,110472,46782
7773,20138,8624
7774,129405,54925
7775,85113,36111
7776,28066,12005
7777,65349,27751
7778,112069,47475
7779,17502,7524
7780,98999,41904
7781,78544,33304
7782,96557,40854
7783,23668,10147
7784,50533,21539
7785,100937,42733
7786,21527,9227
7787,66230,28110
7788,13892,5994
7789,98527,41715
7790,117792,49929
7791,57903,24589
7792,48306,20595
7793,112608,47740
7794,123831,52562
7795,103608,43829
7796,48358,20617
7797,51580,21973
7798,64918,27562
7799,36913,15791
7800,32917,14111
7801,104688,44298
7802,129732,55065
7803,35659,15274
7804,17440,7497
7805,35467,15190
7806,39213,16772
7807,44401,18956
7808,44512,19011
7809,42651,18215
7810,50794,21642
7811,100165,42395
7812,41959,17919
7813,42724,18253
7814,27307,11672
7815,108906,46118
7816,122633,52002
7817,84915,36031
7818,117069,49617
7819,89154,37756
7820,39424,16853
7821,64949,27575
7822,44152,18850
7823,57606,24467
7824,10075,4359
7825,109596,46408
7826,109067,46189
7827,80228,34001
7828,91819,38877
7829,76552,32458
7830,110218,46663
7831,77454,32822
7832,128825,54688
7833,12481,5378
7834,12591,5434
7835,60737,25783
7836,105850,44789
7837,107355,45455
7838,34693,14862
7839,94206,39866
7840,82109,34844
7841,71511,30363
7842,28934,12361
7843,123949,52611
7844,58076,24664
7845,106661,45138
7846,122245,51840
7847,75945,32206
7848,50867,21674
7849,52858,22489
7850,30394,13002
7851,71476,30349
7852,56168,23874
7853,91002,38510
7854,35922,15381
7855,121305,51431
7856,49132,20946
7857,34422,14741
7858,114757,48624
7859,41078,17545
7860,16357,7035
7861,114712,48604
7862,93140,39420
7863,128060,54373
7864,63682,27030
7865,49705,21187
7866,29679,12688
7867,70140,29785
7868,11660,5037
7869,58127,24683
7870,110769,46916
7871,12766,5508
7872,42247,18044
7873,9716,4207
7874,110899,46968
7875,49710,21188
7876,27889,11921
7877,111639,47274
7878,33513,14374
7879,22413,9590
7880,58766,24954
7881,19157,8203
7882,16260,6988
7883,71859,30508
7884,47931,20416
7885,22468,9615
7886,121453,51501
7887,123410,52361
7888,65430,27783
7889,103461,43761
7890,40447,17267
7891,5991,2627
7892,72230,30664
7893,122292,51852
7894,60031,25489
7895,68551,29124
7896,10611,4597
7897,58940,25019
7898,60540,25702
7899,119222,50541
7900,80418,34092
7901,78358,33225
7902,19829,8503
7903,52718,22429
7904,94245,39886
7905,66998,28450
7906,53943,22941
7907,18828,8073
7908,76504,32435
7909,115130,48795
7910,71642,30422
7911,27148,11615
7912,67818,28809
7913,111075,47043
7914,12028,5195
7915,15412,6635
7916,38741,16567
7917,126365,53648
7918,39527,16894
7919,60332,25609
7920,80380,34075
7921,90387,38240
7922,112839,47838
7923,38394,16432
7924,6974,3078
7925,113610,48148
7926,69019,29320
7927,7688,3363
7928,101242,42860
7929,18659,8011
7930,84883,36020
7931,73801,31313
7932,124635,52919
7933,117347,49733
7934,119934,50854
7935,109340,46305
7936,71248,30261
7937,92405,39120
7938,18327,7874
7939,54473,23159
7940,106861,45229
7941,98396,41658
7942,64109,27215
7943,2400,1037
7944,104608,44256
7945,13112,5657
7946,12290,5300
7947,88809,37609
7948,33591,14415
7949,94051,39782
7950,35789,15326
7951,110940,46986
7952,78803,33398
7953,60532,25698
7954,19167,8210
7955,65709,27899
7956,90843,38438
7957,6845,3016
7958,90037,38102
7959,13183,5685
7960,24989,10706
7961,11807,5106
7962,67217,28544
7963,7025,3101
7964,42405,18118
7965,10068,4355
7966,114069,48334
7967,120343,51029
7968,10647,4612
7969,128676,54638
7970,103094,43613
7971,59773,25371
7972,87932,37241
7973,95789,40522
7974,115527,48976
7975,57438,24395
7976,22455,9606
7977,57231,24314
7978,125574,53324
7979,33761,14479
7980,41910,17894
7981,9042,3910
7982,46678,19892
7983,32280,13847
7984,16382,7045
7985,75007,31811
7986,36876,15776
7987,68244,28983
7988,96402,40782
7989,64414,27344
7990,57303,24337
7991,65659,27875
7992,58486,24841
7993,74677,31677
7994,78371,33232
7995,61317,26032
7996,87719,37165
7997,39413,16848
7998,92733,39260
7999,107469,45503
