role_rank0,csv_row_index0,working_index0
0,129490,54956
1,10597,4586
2,50449,21507
3,1873,802
4,27748,11861
5,126575,53735
6,42154,18005
7,67337,28590
8,51163,21796
9,37899,16224
10,113625,48156
11,109551,46387
12,38548,16497
13,79571,33730
14,83631,35499
15,46976,20032
16,69928,29688
17,37289,15965
18,59172,25123
19,14958,6446
20,3433,1517
21,67768,28788
22,117888,49968
23,11158,4834
24,99308,42022
25,24872,10654
26,107470,45504
27,22464,9613
28,129333,54894
29,100951,42742
30,121722,51613
31,91641,38805
32,66138,28075
33,7000,3091
34,30642,13102
35,63878,27115
36,32983,14137
37,128565,54594
38,29359,12549
39,89043,37715
40,4254,1860
41,35934,15387
42,109436,46339
43,127297,54045
44,126988,53927
45,79759,33804
46,10349,4478
47,17063,7344
48,108666,46012
49,84905,36027
50,43067,18385
51,36644,15678
52,44228,18879
53,128215,54442
54,89718,37962
55,97187,41134
56,36235,15496
57,90060,38114
58,21475,9205
59,75669,32093
60,42900,18321
61,2220,953
62,65207,27696
63,19712,8451
64,78017,33081
65,35722,15300
66,22952,9824
67,79460,33678
68,112365,47628
69,31369,13427
70,42489,18154
71,71921,30535
72,105824,44780
73,112731,47792
74,88704,37559
75,73392,31141
76,23768,10187
77,84585,35895
78,81651,34644
79,44289,18906
80,29407,12571
81,97918,41441
82,88696,37555
83,29624,12664
84,37020,15838
85,100727,42653
86,78453,33271
87,41630,17777
88,80187,33986
89,38973,16655
90,109833,46501
91,92332,39091
92,58555,24865
93,34163,14626
94,22469,9616
95,2262,977
96,102745,43470
97,123296,52301
98,7002,3092
99,17346,7448
100,53909,22926
101,38795,16586
102,61527,26123
103,67626,28720
104,79797,33825
105,106037,44867
106,5815,2542
107,91167,38581
108,5803,2533
109,11970,5171
110,468,196
111,90763,38406
112,47853,20386
113,82372,34958
114,101349,42891
115,45385,19378
116,13731,5924
117,80127,33959
118,98438,41681
119,35792,15328
120,111679,47296
121,84021,35670
122,46320,19745
123,62109,26383
124,37655,16121
125,124520,52861
126,98348,41637
127,107484,45510
128,62297,26458
129,116442,49350
130,54219,23057
131,112374,47636
132,60703,25769
133,66316,28148
134,15906,6847
135,117350,49735
136,96969,41046
137,22571,9655
138,90034,38100
139,96302,40739
140,64036,27183
141,100406,42501
142,39044,16680
143,110522,46802
144,68933,29282
145,16005,6893
146,77590,32888
147,72134,30625
148,4647,2034
149,27632,11804
150,78330,33212
151,51593,21979
152,46916,20005
153,71656,30427
154,40356,17232
155,94323,39925
156,41968,17925
157,18354,7887
158,41948,17913
159,93024,39379
160,83405,35409
161,97587,41301
162,128979,54748
163,73427,31153
164,125953,53470
165,52157,22209
166,104401,44163
167,99547,42121
168,2227,956
169,2897,1255
170,111667,47288
171,117544,49823
172,89982,38079
173,113733,48202
174,40544,17308
175,71839,30497
176,24177,10362
177,88815,37612
178,40353,17229
179,75181,31889
180,88507,37474
181,61748,26226
182,99251,41999
183,84848,36005
184,127316,54053
185,42244,18041
186,68523,29114
187,116192,49246
188,47934,20418
189,103704,43862
190,34843,14929
191,123536,52420
192,110662,46866
193,70402,29900
194,26458,11314
195,33038,14166
196,3526,1556
197,74184,31482
198,66389,28181
199,90045,38109
200,126764,53831
201,56648,24080
202,77915,33033
203,124004,52635
204,121945,51710
205,120895,51272
206,85646,36349
207,128360,54496
208,15827,6811
209,120936,51285
210,59224,25141
211,62386,26497
212,98257,41590
213,35453,15183
214,112936,47883
215,113333,48037
216,106161,44922
217,124311,52779
218,12489,5384
219,59959,25456
220,74823,31743
221,102196,43246
222,61720,26214
223,106038,44868
224,124382,52801
225,4414,1938
226,65063,27632
227,13949,6015
228,23482,10055
229,37380,15999
230,130212,55262
231,79435,33670
232,14580,6280
233,16554,7122
234,111806,47352
235,22431,9596
236,53522,22764
237,81911,34762
238,3462,1527
239,92832,39304
240,119642,50725
241,112722,47789
242,60600,25725
243,36285,15521
244,2981,1295
245,127758,54249
246,111946,47417
247,81158,34430
248,106625,45122
249,51502,21943
250,30978,13256
251,48205,20546
252,65743,27912
253,118650,50294
254,13217,5702
255,71932,30544
256,84412,35823
257,67538,28682
258,4574,2005
259,16850,7252
260,26032,11148
261,98731,41802
262,54906,23349
263,16096,6928
264,77037,32641
265,110127,46629
266,62925,26719
267,81866,34741
268,8389,3635
269,70848,30085
270,125855,53433
271,96026,40623
272,60060,25497
273,25881,11085
274,13142,5668
275,70539,29961
276,92072,38985
277,68412,29062
278,49524,21106
279,45006,19216
280,126533,53710
281,27810,11886
282,6170,2711
283,60832,25827
284,115792,49094
285,29861,12776
286,124221,52738
287,48983,20882
288,53832,22890
289,78901,33440
290,27683,11835
291,94109,39814
292,56131,23861
293,76664,32495
294,88023,37280
295,123329,52316
296,124388,52803
297,42343,18087
298,2779,1201
299,129644,55026
300,65259,27716
301,90113,38135
302,25386,10862
303,1584,684
304,14538,6260
305,84394,35814
306,112390,47642
307,42288,18061
308,91607,38783
309,109666,46436
310,84376,35805
311,114231,48402
312,97540,41277
313,104065,44011
314,10005,4323
315,59220,25140
316,48890,20840
317,86070,36526
318,30391,13001
319,6076,2660
320,49090,20924
321,2548,1101
322,14055,6053
323,46185,19695
324,63417,26912
325,124379,52800
326,96693,40918
327,92930,39343
328,74376,31559
329,122952,52146
330,85243,36168
331,124596,52902
332,121476,51513
333,77971,33061
334,120167,50955
335,41854,17873
336,701,300
337,75295,31936
338,37013,15834
339,45816,19551
340,104613,44259
341,99260,42003
342,112231,47562
343,7003,3093
344,113332,48036
345,25572,10941
346,128655,54628
347,45672,19483
348,89092,37731
349,124254,52752
350,26396,11289
351,2080,895
352,48628,20732
353,2051,881
354,121273,51421
355,64513,27389
356,119653,50732
357,113955,48286
358,85532,36290
359,109970,46566
360,124526,52866
361,104782,44337
362,6386,2816
363,88772,37592
364,89917,38046
365,41254,17610
366,33245,14257
367,42739,18259
368,109561,46391
369,3456,1525
370,19183,8221
371,114639,48569
372,127381,54084
373,33929,14543
374,90746,38398
375,23661,10143
376,83870,35612
377,104108,44031
378,39603,16925
379,63224,26840
380,66020,28028
381,30284,12960
382,13059,5629
383,65101,27650
384,70967,30142
385,22278,9535
386,46109,19669
387,128510,54565
388,36817,15746
389,90120,38139
390,14869,6407
391,94766,40110
392,13296,5736
393,50902,21689
394,104081,44017
395,40996,17513
396,97260,41160
397,23176,9927
398,30760,13157
399,83564,35473
400,97119,41107
401,48382,20628
402,126678,53788
403,1287,543
404,120938,51286
405,128398,54514
406,35789,15326
407,101602,42992
408,17033,7331
409,77420,32805
410,30869,13208
411,44567,19038
412,14413,6210
413,18776,8055
414,106506,45074
415,57636,24477
416,33122,14206
417,49218,20983
418,44730,19107
419,72066,30597
420,6811,3001
421,128380,54503
422,60599,25724
423,113851,48243
424,20737,8897
425,14654,6312
426,9230,3990
427,105442,44619
428,130325,55329
429,4149,1815
430,6353,2797
431,124767,52971
432,69977,29711
433,24808,10626
434,62391,26500
435,78897,33438
436,29869,12780
437,111566,47240
438,25547,10928
439,129282,54878
440,93492,39560
441,107686,45595
442,40689,17374
443,22849,9776
444,48103,20496
445,27088,11595
446,130315,55323
447,62000,26340
448,25748,11027
449,30467,13035
450,11780,5091
451,96851,40990
452,17148,7381
453,88752,37582
454,108178,45799
455,15285,6586
456,10401,4502
457,85832,36427
458,94017,39768
459,46585,19852
460,52696,22423
461,63978,27156
462,35065,15027
463,80755,34260
464,34502,14774
465,77114,32674
466,66357,28167
467,40307,17208
468,123960,52618
469,29474,12601
470,23200,9934
471,104777,44333
472,19334,8283
473,44223,18876
474,46781,19941
475,38874,16612
476,66081,28050
477,82202,34891
478,122185,51819
479,7279,3198
480,27258,11650
481,6447,2847
482,78242,33182
483,74573,31643
484,57525,24437
485,99371,42049
486,22254,9526
487,79025,33493
488,28777,12294
489,111014,47019
490,61523,26122
491,57693,24497
492,104488,44206
493,108278,45847
494,81242,34461
495,106479,45061
496,19652,8425
497,73838,31329
498,120694,51186
499,63183,26819
500,51396,21897
501,130364,55343
502,33040,14167
503,121148,51368
504,46305,19740
505,111106,47061
506,86455,36678
507,79739,33797
508,61300,26025
509,69593,29545
510,107460,45499
511,65483,27809
512,104579,44244
513,79656,33763
514,113313,48027
515,64773,27494
516,39239,16781
517,35659,15274
518,36692,15694
519,64144,27229
520,64609,27427
521,19437,8323
522,41898,17888
523,112644,47756
524,119444,50632
525,116036,49176
526,85570,36309
527,18872,8091
528,14217,6127
529,62013,26343
530,66406,28187
531,46756,19923
532,31417,13443
533,4715,2063
534,7700,3368
535,112430,47662
536,30510,13047
537,81201,34448
538,129554,54985
539,63353,26887
540,106529,45085
541,86637,36751
542,129933,55145
543,32942,14122
544,120100,50919
545,97805,41390
546,84401,35818
547,94102,39808
548,14832,6390
549,25874,11081
550,36697,15697
551,120115,50927
552,7153,3144
553,27488,11748
554,50930,21700
555,50070,21359
556,87022,36894
557,104698,44303
558,37706,16141
559,59737,25355
560,46420,19789
561,78363,33227
562,92870,39320
563,110250,46675
564,83633,35501
565,14525,6254
566,13384,5768
567,59939,25449
568,9609,4158
569,61803,26249
570,101008,42758
571,6560,2899
572,64819,27515
573,43260,18475
574,93411,39525
575,89537,37890
576,9966,4308
577,84709,35946
578,63106,26788
579,117901,49971
580,26304,11249
581,17718,7607
582,79611,33743
583,85760,36397
584,32939,14120
585,102200,43247
586,106182,44932
587,87576,37115
588,101317,42885
589,38986,16659
590,113698,48188
591,18060,7764
592,13833,5972
593,123959,52617
594,672,284
595,80696,34230
596,9691,4196
597,55531,23611
598,986,407
599,10228,4419
600,60277,25586
601,34808,14912
602,96206,40697
603,38607,16520
604,19447,8325
605,85331,36208
606,52599,22384
607,115446,48935
608,98050,41502
609,38487,16477
610,86136,36555
611,115612,49018
612,10739,4652
613,37611,16102
614,16365,7036
615,114962,48721
616,62347,26483
617,77508,32849
618,26012,11140
619,35321,15133
620,11441,4955
621,100170,42398
622,114174,48380
623,45561,19441
624,122373,51885
625,40449,17268
626,64351,27311
627,6906,3044
628,58078,24665
629,40566,17317
630,6790,2992
631,18905,8101
632,89500,37878
633,3513,1549
634,83902,35622
635,33036,14165
636,37278,15961
637,100270,42440
638,19311,8274
639,45811,19549
640,55725,23697
641,39127,16729
642,18174,7809
643,11821,5115
644,49459,21079
645,46314,19742
646,47334,20175
647,86075,36527
648,101763,43069
649,37427,16021
650,63995,27161
651,96195,40694
652,82969,35206
653,47683,20320
654,49413,21060
655,126073,53526
656,86520,36703
657,70368,29880
658,6974,3078
659,11914,5144
660,94228,39879
661,103454,43756
662,99163,41962
663,2195,940
664,100505,42548
665,61098,25936
666,18137,7795
667,92891,39326
668,106444,45043
669,81316,34496
670,105303,44558
671,78200,33163
672,58205,24718
673,88757,37585
674,121371,51464
675,52715,22427
676,120556,51127
677,76602,32478
678,19134,8195
679,34329,14701
680,72640,30836
681,89844,38022
682,114932,48702
683,34667,14851
684,1364,585
685,115283,48861
686,77812,32985
687,8323,3602
688,59019,25054
689,88602,37513
690,37696,16138
691,128733,54650
692,44361,18941
693,58961,25031
694,105840,44786
695,3220,1408
696,94369,39945
697,121977,51725
698,82096,34839
699,55789,23724
700,18106,7781
701,111429,47183
702,57221,24310
703,49662,21163
704,50170,21394
705,34858,14935
706,108398,45904
707,60950,25867
708,74548,31634
709,40812,17431
710,57938,24604
711,54352,23113
712,68041,28904
713,106531,45086
714,72470,30764
715,13164,5678
716,116545,49399
717,85214,36152
718,79102,33521
719,36121,15452
720,43918,18745
721,97947,41456
722,38045,16287
723,30732,13146
724,85933,36472
725,83385,35398
726,4870,2135
727,2341,1011
728,60240,25575
729,66989,28445
730,75259,31917
731,23705,10160
732,28871,12331
733,23899,10243
734,4991,2190
735,27500,11753
736,43622,18625
737,17357,7454
738,40379,17241
739,27957,11952
740,100204,42412
741,33729,14465
742,126302,53624
743,10384,4492
744,31814,13617
745,27553,11771
746,93605,39615
747,127790,54265
748,78842,33412
749,128399,54515
750,117319,49718
751,33592,14416
752,3119,1371
753,60162,25545
754,81029,34385
755,38600,16515
756,1627,699
757,122486,51936
758,123688,52492
759,64835,27522
760,56438,23994
761,74578,31647
762,45517,19426
763,22790,9751
764,77726,32954
765,30743,13149
766,15119,6517
767,83724,35537
768,58004,24631
769,45183,19301
770,93167,39430
771,68983,29303
772,84915,36031
773,66478,28218
774,24968,10699
775,11922,5148
776,95052,40237
777,99196,41977
778,81467,34561
779,6856,3021
780,22742,9730
781,3052,1342
782,7183,3159
783,87592,37122
784,114776,48629
785,82190,34885
786,108997,46159
787,44114,18835
788,75009,31813
789,70318,29861
790,123923,52600
791,80210,33991
792,54342,23105
793,60349,25616
794,103150,43635
795,90925,38475
796,92958,39354
797,80881,34319
798,59070,25075
799,115265,48852
800,83990,35657
801,68899,29266
802,29595,12649
803,77077,32656
804,125700,53372
805,63050,26768
806,8936,3864
807,108563,45969
808,60459,25661
809,96865,40998
810,109297,46290
811,16561,7127
812,9676,4189
813,127512,54135
814,113200,47982
815,24087,10318
816,25864,11075
817,52226,22237
818,34536,14794
819,12074,5217
820,68373,29041
821,27452,11735
822,9252,4000
823,14171,6105
824,44547,19030
825,16621,7154
826,39080,16700
827,57542,24447
828,73105,31029
829,50941,21707
830,76422,32406
831,68588,29144
832,122102,51778
833,33679,14450
834,81826,34721
835,31176,13339
836,107859,45662
837,85756,36395
838,31252,13374
839,122753,52060
840,85799,36415
841,53531,22768
842,24475,10473
843,119383,50607
844,60336,25610
845,101697,43039
846,11767,5086
847,6414,2829
848,62505,26541
849,78148,33140
850,76270,32346
851,63103,26786
852,21257,9121
853,4252,1858
854,98668,41774
855,102664,43433
856,63919,27134
857,41567,17751
858,55051,23411
859,100466,42524
860,123624,52461
861,45264,19332
862,123151,52233
863,119705,50755
864,4861,2130
865,47791,20360
866,33397,14326
867,73902,31359
868,101704,43043
869,61646,26177
870,76246,32338
871,105619,44689
872,96347,40760
873,57107,24260
874,21985,9407
875,24275,10391
876,127348,54070
877,127032,53949
878,39609,16930
879,50188,21401
880,95847,40545
881,86886,36851
882,103319,43707
883,16029,6904
884,19419,8315
885,69015,29318
886,33544,14389
887,6900,3039
888,60653,25748
889,46205,19702
890,17224,7408
891,55357,23530
892,59749,25361
893,112975,47894
894,77786,32974
895,66360,28169
896,102182,43238
897,71634,30417
898,80861,34309
899,12373,5330
900,48464,20666
901,11314,4901
902,123216,52265
903,59915,25436
904,126045,53507
905,87898,37230
906,65957,28002
907,124942,53047
908,65782,27928
909,20016,8572
910,55879,23751
911,128451,54539
912,103342,43714
913,93926,39739
914,10690,4634
915,1568,677
916,63327,26877
917,32961,14131
918,57249,24320
919,78344,33220
920,113538,48118
921,54190,23045
922,24130,10341
923,124136,52700
924,51046,21749
925,59214,25137
926,16082,6921
927,43592,18615
928,60482,25675
929,83129,35274
930,77372,32784
931,12497,5390
932,59987,25471
933,34333,14703
934,63877,27114
935,65510,27821
936,65092,27645
937,63343,26884
938,102410,43329
939,30526,13055
940,77679,32929
941,67142,28508
942,75604,32072
943,2514,1084
944,16904,7274
945,86077,36529
946,130428,55374
947,42850,18295
948,71950,30551
949,32819,14063
950,18699,8026
951,54694,23250
952,77293,32750
953,52801,22459
954,22506,9631
955,93029,39381
956,35492,15202
957,57450,24403
958,102891,43534
959,19051,8158
960,732,311
961,65771,27922
962,99576,42139
963,39744,16984
964,74112,31446
965,58757,24951
966,129429,54934
967,101434,42932
968,117382,49747
969,123866,52572
970,72242,30672
971,88533,37487
972,70578,29977
973,90518,38303
974,114300,48430
975,94351,39936
976,107250,45407
977,70176,29802
978,1661,715
979,81110,34412
980,71157,30225
981,50207,21411
982,10834,4694
983,66502,28234
984,25091,10749
985,44085,18817
986,126735,53817
987,45968,19607
988,49229,20988
989,112959,47890
990,123732,52513
991,99406,42064
992,55371,23536
993,47007,20047
994,57701,24503
995,127871,54292
996,42406,18119
997,118306,50159
998,1276,537
999,126594,53745
1000,9635,4171
1001,75517,32032
1002,15829,6813
1003,25815,11060
1004,45898,19579
1005,6937,3059
1006,117823,49940
1007,112274,47580
1008,125574,53324
1009,7874,3432
1010,123254,52278
1011,44723,19104
1012,97079,41088
1013,41617,17771
1014,105686,44722
1015,91980,38943
1016,76578,32469
1017,65330,27741
1018,55825,23731
1019,61171,25966
1020,99283,42010
1021,63723,27049
1022,61407,26075
1023,37479,16044
1024,125241,53174
1025,7559,3317
1026,94092,39803
1027,58809,24972
1028,40955,17491
1029,66600,28283
1030,128758,54663
1031,108249,45835
1032,37853,16204
1033,9992,4319
1034,87122,36934
1035,6274,2759
1036,36263,15510
1037,32924,14113
1038,92804,39291
1039,7647,3343
1040,65012,27605
1041,91418,38710
1042,104644,44275
1043,92096,38999
1044,50381,21480
1045,47764,20348
1046,78914,33449
1047,17589,7563
1048,123161,52236
1049,71273,30276
1050,109715,46459
1051,10358,4483
1052,128884,54713
1053,68507,29103
1054,106086,44888
1055,31339,13408
1056,119512,50661
1057,62071,26372
1058,61037,25903
1059,72838,30924
1060,120603,51150
1061,56352,23955
1062,102208,43251
1063,106002,44851
1064,121753,51623
1065,38374,16426
1066,43635,18632
1067,16163,6955
1068,90415,38254
1069,84145,35708
1070,41874,17880
1071,55053,23413
1072,72671,30852
1073,42379,18103
1074,60452,25656
1075,45513,19424
1076,73845,31333
1077,58701,24921
1078,129100,54799
1079,64467,27371
1080,69359,29446
1081,36563,15642
1082,42632,18210
1083,76707,32511
1084,56892,24183
1085,98292,41606
1086,97425,41226
1087,112698,47776
1088,104602,44254
1089,77792,32977
1090,111179,47090
1091,45440,19393
1092,49160,20956
1093,13606,5867
1094,94154,39837
1095,57273,24327
1096,66480,28220
1097,82661,35080
1098,44775,19128
1099,6509,2881
1100,107873,45670
1101,28302,12106
1102,29875,12783
1103,20754,8908
1104,30453,13028
1105,30450,13026
1106,94667,40068
1107,79252,33586
1108,80611,34190
1109,12511,5397
1110,69536,29525
1111,43113,18407
1112,48001,20444
1113,89735,37972
1114,117781,49923
1115,4956,2174
1116,78188,33157
1117,111313,47140
1118,123905,52593
1119,14660,6315
1120,88148,37336
1121,70749,30040
1122,45576,19445
1123,54127,23015
1124,12304,5306
1125,123147,52232
1126,128825,54688
1127,117593,49840
1128,43015,18365
1129,36259,15508
1130,122103,51779
1131,26200,11205
1132,90236,38182
1133,1229,517
1134,77753,32962
1135,49929,21296
1136,85793,36412
1137,57960,24615
1138,117207,49676
1139,67905,28851
1140,29317,12528
1141,48414,20647
1142,109895,46529
1143,18149,7801
1144,112135,47509
1145,36162,15469
1146,47144,20113
1147,56683,24098
1148,65833,27951
1149,22893,9796
1150,108351,45883
1151,17390,7467
1152,124,55
1153,57348,24352
1154,32836,14073
1155,7706,3369
1156,99749,42206
1157,81262,34469
1158,44110,18831
1159,14694,6334
1160,36851,15765
1161,6048,2647
1162,113411,48068
1163,97801,41388
1164,22030,9427
1165,103323,43708
1166,100210,42416
1167,10630,4605
1168,96590,40868
1169,99206,41982
1170,100819,42688
1171,95808,40531
1172,172,80
1173,86688,36768
1174,91528,38753
1175,3909,1715
1176,657,274
1177,71736,30461
1178,13437,5791
1179,62547,26556
1180,64382,27324
1181,91006,38513
1182,28232,12075
1183,546,231
1184,51182,21804
1185,32706,14018
1186,57930,24599
1187,122764,52067
1188,41684,17800
1189,101462,42943
1190,1632,700
1191,102142,43227
1192,42791,18279
1193,118576,50267
1194,29368,12553
1195,16989,7312
1196,83947,35640
1197,20327,8707
1198,19867,8516
1199,13989,6024
1200,127141,53990
1201,111520,47223
1202,53478,22740
1203,95508,40421
1204,43252,18472
1205,45381,19376
1206,30675,13117
1207,96472,40820
1208,27510,11759
1209,31217,13355
1210,39144,16739
1211,81839,34730
1212,4253,1859
1213,604,253
1214,42253,18047
1215,99708,42188
1216,67379,28614
1217,41990,17930
1218,76021,32241
1219,7589,3324
1220,121478,51515
1221,34119,14609
1222,48644,20741
1223,6011,2636
1224,98887,41857
1225,13871,5985
1226,93551,39593
1227,73706,31281
1228,13447,5797
1229,87055,36906
1230,59696,25340
1231,111474,47202
1232,91602,38781
1233,53943,22941
1234,26079,11164
1235,104334,44132
1236,67015,28458
1237,30410,13008
1238,67604,28712
1239,94252,39890
1240,16416,7063
1241,7457,3273
1242,109933,46547
1243,47786,20358
1244,24122,10337
1245,105715,44732
1246,89546,37893
1247,84200,35731
1248,51109,21773
1249,34306,14690
1250,40827,17441
1251,122313,51861
1252,112813,47823
1253,39653,16946
1254,29836,12766
1255,24101,10325
1256,93812,39693
1257,48437,20659
1258,91440,38722
1259,119649,50729
1260,39686,16962
1261,45055,19238
1262,104964,44411
1263,66916,28418
1264,43630,18629
1265,19416,8312
1266,53908,22925
1267,77320,32763
1268,43452,18561
1269,84422,35824
1270,69457,29487
1271,102009,43168
1272,115011,48746
1273,74589,31649
1274,75063,31837
1275,71295,30284
1276,83448,35428
1277,69837,29651
1278,120023,50889
1279,10198,4407
1280,121297,51429
1281,55045,23408
1282,69201,29390
1283,74566,31639
1284,11056,4800
1285,107871,45669
1286,65356,27753
1287,14691,6332
1288,108729,46041
1289,53456,22731
1290,95643,40470
1291,80133,33963
1292,13927,6007
1293,92569,39186
1294,63029,26761
1295,8289,3591
1296,83066,35242
1297,108485,45935
1298,98121,41539
1299,53850,22901
1300,43368,18522
1301,77211,32715
1302,42529,18172
1303,59743,25357
1304,68748,29209
1305,104891,44381
1306,25648,10981
1307,114454,48491
1308,31101,13307
1309,43464,18569
1310,126996,53933
1311,96704,40925
1312,91310,38648
1313,26868,11501
1314,73951,31375
1315,65723,27904
1316,93794,39687
1317,130057,55195
1318,111988,47440
1319,5947,2609
1320,55837,23737
1321,54425,23139
1322,98534,41717
1323,7608,3328
1324,433,179
1325,20133,8621
1326,55019,23396
1327,102295,43282
1328,40977,17504
1329,13300,5737
1330,54771,23285
1331,122749,52057
1332,102517,43378
1333,7435,3263
1334,45584,19449
1335,2438,1057
1336,62058,26366
1337,101799,43082
1338,64515,27390
1339,60820,25823
1340,106883,45239
1341,63739,27055
1342,45855,19564
1343,110853,46946
1344,103994,43981
1345,102792,43490
1346,115821,49106
1347,27146,11613
1348,29412,12574
1349,118925,50416
1350,78133,33134
1351,95717,40497
1352,37422,16017
1353,92616,39210
1354,89932,38050
1355,79131,33535
1356,90560,38321
1357,19915,8532
1358,18834,8076
1359,18037,7751
1360,50656,21589
1361,68342,29026
1362,106149,44918
1363,100324,42463
1364,1082,448
1365,31401,13438
1366,31133,13319
1367,111407,47173
1368,102858,43515
1369,47862,20392
1370,120567,51135
1371,21559,9244
1372,80774,34272
1373,23717,10161
1374,3749,1643
1375,67191,28531
1376,83553,35466
1377,98051,41503
1378,114852,48670
1379,76801,32547
1380,2015,867
1381,78577,33315
1382,113890,48259
1383,57501,24425
1384,105794,44764
1385,55252,23488
1386,104021,43994
1387,111729,47315
1388,48897,20844
1389,125588,53328
1390,4855,2126
1391,102458,43350
1392,2442,1060
1393,12351,5322
1394,57447,24400
1395,119181,50528
1396,53766,22864
1397,111754,47329
1398,36504,15611
1399,37607,16100
1400,59693,25338
1401,128130,54408
1402,110955,46994
1403,88313,37395
1404,102389,43321
1405,80995,34369
1406,93512,39575
1407,3966,1741
1408,31464,13466
1409,118529,50246
1410,114590,48551
1411,109508,46366
1412,77193,32705
1413,11228,4867
1414,26739,11446
1415,97788,41382
1416,14827,6386
1417,129415,54927
1418,16640,7162
1419,56922,24195
1420,228,105
1421,81070,34399
1422,14103,6079
1423,39565,16909
1424,69533,29523
1425,703,301
1426,35242,15099
1427,18795,8063
1428,41124,17560
1429,13422,5784
1430,56237,23905
1431,33054,14176
1432,86037,36516
1433,8881,3840
1434,17336,7444
1435,1328,568
1436,79581,33735
1437,51103,21770
1438,82229,34904
1439,74663,31668
1440,69493,29503
1441,55901,23763
1442,61628,26168
1443,94913,40170
1444,77891,33023
1445,20592,8834
1446,77036,32640
1447,120510,51106
1448,101021,42763
1449,126331,53634
1450,23870,10232
1451,42785,18275
1452,54770,23284
1453,72610,30822
1454,116807,49507
1455,126698,53798
1456,59050,25066
1457,19070,8164
1458,33702,14457
1459,31623,13533
1460,68051,28908
1461,120682,51180
1462,107973,45716
1463,100520,42555
1464,81999,34798
1465,68300,29006
1466,106516,45078
1467,19760,8471
1468,68206,28968
1469,82363,34955
1470,71488,30355
1471,88593,37508
1472,86157,36563
1473,32062,13741
1474,115819,49104
1475,119596,50702
1476,19937,8544
1477,55469,23584
1478,22776,9743
1479,129048,54776
1480,117957,49997
1481,31050,13292
1482,105873,44800
1483,125709,53376
1484,31517,13487
1485,14272,6151
1486,83949,35642
1487,8727,3770
1488,128527,54574
1489,3889,1704
1490,92558,39179
1491,8202,3559
1492,29561,12634
1493,111253,47122
1494,23134,9905
1495,89517,37883
1496,55154,23444
1497,18761,8050
1498,95630,40467
1499,61630,26170
1500,83806,35579
1501,11150,4831
1502,111539,47229
1503,67374,28613
1504,85198,36147
1505,56103,23845
1506,104337,44134
1507,36239,15498
1508,68315,29012
1509,78401,33246
1510,41099,17551
1511,88126,37324
1512,123999,52634
1513,124126,52695
1514,68244,28983
1515,2405,1040
1516,101102,42797
1517,71574,30389
1518,19253,8246
1519,45594,19452
1520,120356,51032
1521,46835,19963
1522,100075,42345
1523,98818,41831
1524,72960,30970
1525,19079,8169
1526,108802,46070
1527,1840,788
1528,66425,28196
1529,2566,1108
1530,32299,13852
1531,29508,12613
1532,6520,2885
1533,123822,52557
1534,60098,25521
1535,128684,54639
1536,6892,3034
1537,31596,13523
1538,90979,38499
1539,23942,10260
1540,18303,7860
1541,110053,46601
1542,120079,50911
1543,34015,14577
1544,129889,55128
1545,107535,45532
1546,44324,18924
1547,114285,48425
1548,58568,24873
1549,98273,41598
1550,82497,35013
1551,936,393
1552,39885,17049
1553,111889,47384
1554,114522,48520
1555,95163,40287
1556,120381,51043
1557,86621,36744
1558,120202,50972
1559,129401,54922
1560,24090,10319
1561,63587,26982
1562,44343,18935
1563,101068,42783
1564,86523,36704
1565,59780,25374
1566,54327,23102
1567,129991,55168
1568,19806,8491
1569,81434,34549
1570,112661,47763
1571,80810,34286
1572,75879,32181
1573,36513,15616
1574,6610,2916
1575,85274,36184
1576,57517,24432
1577,40091,17128
1578,30129,12896
1579,115804,49099
1580,4317,1885
1581,105196,44507
1582,31303,13392
1583,94006,39764
1584,78771,33380
1585,128005,54351
1586,44016,18791
1587,554,233
1588,91540,38757
1589,6754,2975
1590,57251,24321
1591,52414,22312
1592,61202,25982
1593,76231,32334
1594,5087,2229
1595,114282,48423
1596,128260,54458
1597,115149,48806
1598,117262,49698
1599,56238,23906
1600,50911,21691
1601,116477,49366
1602,65787,27930
1603,70007,29725
1604,35825,15340
1605,6102,2675
1606,127766,54255
1607,102482,43362
1608,420,173
1609,48232,20560
1610,9770,4225
1611,11550,4999
1612,76808,32553
1613,117598,49842
1614,129603,55006
1615,84710,35947
1616,99923,42287
1617,118384,50197
1618,72016,30577
1619,55526,23610
1620,118089,50059
1621,11521,4983
1622,38166,16341
1623,16573,7133
1624,14845,6395
1625,129216,54850
1626,58167,24697
1627,106274,44968
1628,19365,8297
1629,44024,18793
1630,129717,55058
1631,13618,5872
1632,118940,50422
1633,54419,23136
1634,104588,44249
1635,120433,51067
1636,40968,17498
1637,114348,48448
1638,94831,40137
1639,51798,22074
1640,53895,22918
1641,5631,2452
1642,37041,15845
1643,32626,13988
1644,90586,38334
1645,2436,1056
1646,53214,22622
1647,57843,24562
1648,9442,4084
1649,62235,26432
1650,101951,43143
1651,11344,4918
1652,57220,24309
1653,48580,20714
1654,69259,29409
1655,73120,31036
1656,17903,7695
1657,13049,5624
1658,28815,12311
1659,74031,31407
1660,505,213
1661,110995,47012
1662,116573,49408
1663,78420,33251
1664,44047,18803
1665,25486,10903
1666,104232,44093
1667,118876,50394
1668,58561,24869
1669,127692,54224
1670,70571,29974
1671,89687,37952
1672,42940,18337
1673,29934,12809
1674,3786,1660
1675,66902,28412
1676,112987,47899
1677,114682,48588
1678,117181,49669
1679,9186,3970
1680,82357,34953
1681,122487,51937
1682,104538,44222
1683,66491,28227
1684,49536,21111
1685,86192,36580
1686,103050,43591
1687,60401,25638
1688,40725,17394
1689,72803,30909
1690,83218,35316
1691,82483,35006
1692,3106,1363
1693,72453,30755
1694,76392,32393
1695,31023,13282
1696,86364,36647
1697,116631,49433
1698,69980,29712
1699,117871,49963
1700,90289,38202
1701,31826,13623
1702,43031,18374
1703,20220,8659
1704,1306,555
1705,77120,32677
1706,97338,41195
1707,17174,7387
1708,10616,4601
1709,113617,48152
1710,11211,4860
1711,105575,44670
1712,62690,26620
1713,129823,55105
1714,112653,47760
1715,87609,37130
1716,103809,43906
1717,41712,17814
1718,63335,26879
1719,45542,19434
1720,43739,18671
1721,114818,48652
1722,72136,30626
1723,88269,37378
1724,30520,13052
1725,8209,3561
1726,41452,17697
1727,28880,12336
1728,93912,39735
1729,99914,42284
1730,101816,43089
1731,89689,37954
1732,124558,52883
1733,8024,3491
1734,3643,1600
1735,58940,25019
1736,48438,20660
1737,118551,50256
1738,76310,32361
1739,39103,16716
1740,8197,3557
1741,13324,5747
1742,79768,33810
1743,8336,3610
1744,101545,42968
1745,104791,44342
1746,115611,49017
1747,47180,20128
1748,109780,46482
1749,15324,6606
1750,38565,16502
1751,53039,22558
1752,15433,6644
1753,104952,44405
1754,123081,52204
1755,26238,11220
1756,58703,24922
1757,27106,11601
1758,70540,29962
1759,73446,31161
1760,17878,7680
1761,10649,4613
1762,76576,32468
1763,80731,34247
1764,61652,26181
1765,69079,29342
1766,36589,15650
1767,94125,39823
1768,40341,17223
1769,58572,24875
1770,67318,28579
1771,42174,18013
1772,70425,29907
1773,42153,18004
1774,120709,51193
1775,84869,36014
1776,102720,43455
1777,114302,48431
1778,12622,5449
1779,121093,51343
1780,73604,31230
1781,23879,10235
1782,107573,45550
1783,112437,47665
1784,45022,19224
1785,114164,48376
1786,2270,980
1787,5587,2428
1788,26013,11141
1789,75781,32140
1790,72895,30948
1791,83504,35448
1792,110902,46969
1793,77199,32708
1794,95006,40214
1795,103861,43932
1796,22021,9422
1797,12483,5380
1798,84680,35931
1799,77204,32711
1800,8005,3483
1801,73253,31092
1802,130111,55220
1803,62052,26364
1804,51745,22050
1805,64578,27414
1806,102067,43188
1807,46956,20025
1808,10132,4378
1809,19864,8515
1810,23096,9886
1811,44715,19099
1812,63640,27010
1813,71425,30331
1814,124850,53006
1815,44187,18861
1816,67052,28473
1817,55298,23509
1818,85841,36434
1819,72021,30579
1820,27749,11862
1821,68919,29273
1822,80885,34322
1823,67381,28615
1824,52630,22396
1825,122560,51970
1826,92489,39149
1827,22698,9711
1828,65515,27823
1829,33034,14164
1830,112682,47768
1831,48609,20722
1832,84806,35987
1833,43859,18722
1834,22025,9423
1835,23269,9956
1836,55710,23688
1837,111714,47307
1838,96598,40871
1839,50742,21622
1840,124092,52677
1841,123957,52615
1842,60205,25559
1843,114683,48589
1844,53923,22934
1845,110535,46807
1846,67042,28468
1847,92844,39307
1848,92246,39058
1849,48467,20667
1850,51660,22012
1851,108120,45772
1852,80947,34350
1853,36156,15466
1854,30462,13033
1855,116829,49519
1856,4151,1817
1857,15928,6859
1858,14868,6406
1859,18285,7854
1860,118255,50137
1861,100238,42430
1862,26132,11179
1863,84261,35752
1864,76036,32248
1865,104684,44295
1866,15221,6558
1867,118216,50114
1868,62548,26557
1869,103915,43953
1870,47336,20177
1871,14541,6261
1872,92287,39070
1873,73976,31386
1874,2199,943
1875,128132,54409
1876,39972,17084
1877,17134,7375
1878,109891,46527
1879,124405,52810
1880,39130,16730
1881,27928,11937
1882,123541,52423
1883,4974,2183
1884,100169,42397
1885,39143,16738
1886,43793,18694
1887,37425,16020
1888,34876,14944
1889,26778,11462
1890,13780,5947
1891,35585,15249
1892,76018,32238
1893,65354,27752
1894,126732,53815
1895,19695,8444
1896,36930,15801
1897,34472,14763
1898,42067,17965
1899,54247,23065
1900,45214,19315
1901,50119,21374
1902,45761,19527
1903,95961,40594
1904,95206,40302
1905,23631,10127
1906,22930,9817
1907,80637,34203
1908,71660,30428
1909,83365,35391
1910,130193,55257
1911,96466,40816
1912,50794,21642
1913,1165,486
1914,88993,37688
1915,111678,47295
1916,70255,29833
1917,41237,17605
1918,48700,20759
1919,11516,4981
1920,89119,37741
1921,36623,15665
1922,63882,27116
1923,13286,5733
1924,123640,52468
1925,59757,25364
1926,1716,740
1927,54447,23148
1928,39197,16763
1929,23816,10209
1930,82292,34924
1931,1158,483
1932,1791,773
1933,124509,52857
1934,23853,10227
1935,4829,2111
1936,52664,22409
1937,74171,31475
1938,93138,39419
1939,41865,17879
1940,1084,449
1941,111412,47176
1942,85238,36163
1943,36418,15575
1944,75101,31854
1945,33229,14253
1946,117566,49830
1947,41175,17580
1948,101692,43034
1949,21330,9148
1950,41803,17852
1951,31297,13390
1952,124666,52927
1953,90280,38197
1954,107260,45413
1955,128783,54669
1956,61112,25941
1957,121749,51622
1958,23292,9967
1959,33088,14192
1960,111507,47220
1961,27223,11636
1962,390,161
1963,103201,43657
1964,72098,30611
1965,5991,2627
1966,20365,8727
1967,23148,9910
1968,3585,1576
1969,9564,4140
1970,28095,12021
1971,14667,6317
1972,67846,28822
1973,124626,52915
1974,11515,4980
1975,81440,34552
1976,103202,43658
1977,99320,42027
1978,95612,40459
1979,17563,7547
1980,119890,50835
1981,39651,16944
1982,33526,14381
1983,117125,49642
1984,17789,7644
1985,24590,10526
1986,27116,11603
1987,47904,20405
1988,121908,51689
1989,74463,31593
1990,97682,41339
1991,110192,46655
1992,20736,8896
1993,106904,45249
1994,22774,9742
1995,61480,26108
1996,33901,14530
1997,4486,1970
1998,86717,36780
1999,26592,11382
2000,8343,3613
2001,109042,46177
2002,1394,596
2003,11455,4961
2004,116381,49319
2005,70189,29806
2006,43752,18675
2007,74881,31758
2008,104681,44293
2009,64678,27452
2010,30828,13181
2011,68296,29004
2012,13849,5978
2013,121207,51391
2014,100454,42521
2015,70696,30019
2016,100708,42647
2017,101483,42950
2018,50575,21557
2019,64266,27276
2020,94335,39930
2021,83240,35334
2022,117961,49999
2023,47320,20171
2024,77744,32959
2025,67853,28824
2026,39503,16883
2027,30853,13199
2028,104800,44346
2029,37167,15906
2030,27562,11776
2031,100379,42489
2032,23533,10073
2033,92054,38977
2034,59394,25217
2035,28039,11993
2036,89300,37807
2037,73137,31042
2038,13523,5832
2039,28533,12199
2040,72656,30845
2041,49638,21150
2042,108565,45971
2043,73041,30998
2044,39300,16804
2045,34929,14967
2046,126991,53930
2047,110521,46801
2048,54150,23022
2049,24892,10668
2050,76925,32598
2051,63156,26812
2052,74301,31529
2053,94521,40011
2054,55949,23788
2055,41155,17573
2056,53841,22896
2057,117632,49859
2058,26562,11367
2059,116940,49564
2060,73445,31160
2061,119569,50690
2062,87126,36935
2063,22974,9836
2064,124428,52819
2065,21504,9217
2066,11897,5136
2067,77980,33065
2068,127099,53974
2069,23429,10028
2070,105578,44671
2071,108805,46071
2072,8269,3583
2073,67111,28494
2074,98392,41655
2075,70879,30102
2076,28771,12292
2077,26459,11315
2078,76795,32544
2079,98373,41645
2080,90948,38485
2081,18480,7937
2082,9283,4008
2083,125145,53128
2084,26720,11437
2085,23262,9953
2086,100969,42746
2087,45709,19499
2088,82909,35181
2089,3153,1379
2090,64438,27357
2091,22166,9491
2092,119898,50841
2093,94384,39953
2094,120427,51064
2095,122784,52074
2096,15684,6751
2097,117122,49641
2098,120453,51080
2099,46805,19950
2100,3489,1535
2101,75889,32186
2102,67744,28772
2103,42952,18342
2104,22339,9563
2105,108384,45896
2106,76674,32497
2107,26940,11537
2108,93142,39422
2109,3863,1690
2110,96399,40780
2111,49364,21036
2112,57125,24266
2113,68251,28985
2114,91912,38919
2115,6413,2828
2116,36678,15689
2117,89805,38009
2118,62289,26456
2119,95381,40372
2120,97817,41397
2121,121844,51665
2122,64308,27290
2123,16527,7108
2124,9426,4078
2125,115292,48865
2126,43128,18413
2127,124769,52972
2128,107569,45547
2129,8902,3849
2130,126322,53631
2131,20245,8672
2132,93494,39562
2133,97541,41278
2134,124289,52767
2135,28176,12048
2136,13162,5677
2137,85702,36368
2138,77092,32662
2139,108916,46124
2140,102924,43547
2141,97592,41303
2142,104887,44380
2143,77574,32881
2144,79627,33752
2145,61394,26068
2146,55082,23420
2147,114073,48337
2148,115740,49070
2149,70032,29738
2150,66479,28219
2151,67875,28838
2152,112034,47460
2153,9318,4026
2154,102621,43416
2155,119055,50470
2156,6438,2842
2157,51259,21835
2158,29822,12762
2159,102203,43249
2160,3559,1567
2161,113883,48256
2162,28645,12240
2163,90928,38476
2164,55937,23784
2165,81230,34456
2166,93321,39487
2167,39544,16903
2168,73624,31242
2169,75108,31858
2170,76843,32566
2171,47057,20072
2172,94526,40015
2173,111083,47046
2174,63931,27140
2175,112852,47843
2176,83236,35330
2177,13269,5727
2178,37357,15991
2179,112703,47781
2180,100576,42587
2181,24477,10474
2182,95054,40239
2183,49365,21037
2184,22895,9797
2185,60110,25525
2186,34613,14825
2187,60062,25498
2188,10451,4523
2189,89389,37839
2190,27974,11962
2191,95913,40575
2192,92275,39067
2193,27874,11913
2194,71546,30377
2195,12450,5368
2196,51473,21930
2197,61020,25897
2198,66246,28118
2199,79684,33780
2200,83112,35265
2201,20809,8929
2202,86229,36593
2203,125541,53309
2204,79724,33792
2205,107029,45304
2206,19273,8255
2207,118183,50101
2208,36760,15722
2209,37452,16031
2210,42264,18052
2211,29609,12656
2212,58874,24995
2213,20588,8831
2214,61059,25918
2215,49291,21007
2216,78848,33415
2217,69248,29402
2218,50863,21673
2219,2154,924
2220,24171,10357
2221,87694,37158
2222,50137,21381
2223,385,156
2224,128365,54498
2225,34286,14678
2226,41592,17763
2227,84537,35875
2228,74803,31738
2229,26671,11418
2230,69106,29351
2231,21678,9287
2232,113517,48108
2233,42327,18081
2234,123730,52511
2235,74436,31584
2236,39093,16709
2237,92715,39252
2238,8464,3669
2239,68606,29151
2240,65462,27800
2241,68167,28956
2242,51618,21992
2243,118969,50436
2244,98086,41523
2245,26543,11359
2246,99918,42285
2247,67684,28744
2248,39115,16723
2249,41294,17630
2250,53109,22583
2251,2608,1127
2252,118655,50298
2253,24201,10372
2254,92542,39172
2255,79563,33724
2256,57528,24439
2257,82915,35183
2258,118948,50427
2259,90019,38095
2260,1720,743
2261,58636,24897
2262,123376,52341
2263,99995,42312
2264,50999,21727
2265,90906,38466
2266,68986,29306
2267,31740,13580
2268,90055,38111
2269,51514,21950
2270,20573,8825
2271,8043,3498
2272,68178,28960
2273,96889,41013
2274,73497,31180
2275,56753,24131
2276,126057,53515
2277,39375,16832
2278,112849,47840
2279,20898,8974
2280,35736,15306
2281,58079,24666
2282,46911,20003
2283,61991,26336
2284,54920,23357
2285,75423,31989
2286,104841,44362
2287,77941,33046
2288,70768,30049
2289,18214,7829
2290,45729,19508
2291,42050,17956
2292,112132,47508
2293,5179,2265
2294,68112,28933
2295,58524,24853
2296,110258,46678
2297,59612,25299
2298,85216,36153
2299,49143,20953
2300,2003,862
2301,28471,12178
2302,50347,21471
2303,25853,11069
2304,32081,13752
2305,130107,55216
2306,47186,20132
2307,69075,29340
2308,54715,23261
2309,110947,46990
2310,112897,47867
2311,57618,24472
2312,71821,30490
2313,111525,47225
2314,51386,21890
2315,97300,41179
2316,38545,16495
2317,1138,475
2318,58339,24777
2319,77492,32841
2320,114668,48580
2321,102140,43225
2322,125523,53302
2323,48962,20873
2324,106261,44963
2325,115464,48947
2326,85774,36404
2327,3337,1466
2328,49008,20890
2329,76736,32520
2330,48702,20760
2331,30831,13183
2332,83131,35276
2333,7431,3262
2334,112595,47735
2335,54220,23058
2336,127476,54123
2337,75124,31864
2338,2415,1047
2339,44476,18996
2340,37050,15850
2341,111135,47075
2342,56632,24072
2343,2784,1204
2344,40207,17179
2345,31209,13353
2346,127067,53960
2347,53778,22871
2348,83071,35246
2349,42290,18063
2350,13683,5906
2351,26950,11540
2352,40056,17112
2353,71809,30488
2354,67440,28641
2355,103852,43928
2356,109862,46516
2357,110284,46690
2358,108684,46022
2359,16950,7296
2360,13578,5854
2361,121026,51316
2362,52692,22420
2363,62794,26655
2364,59477,25249
2365,107346,45449
2366,17731,7612
2367,40168,17165
2368,38139,16327
2369,23166,9921
2370,122782,52073
2371,94888,40156
2372,2042,876
2373,33450,14349
2374,8159,3539
2375,42413,18125
2376,66497,28230
2377,124702,52943
2378,46693,19899
2379,111441,47190
2380,21217,9102
2381,15746,6777
2382,88051,37289
2383,47501,20247
2384,123843,52566
2385,117547,49825
2386,82799,35141
2387,48515,20683
2388,104981,44417
2389,94802,40129
2390,23062,9874
2391,81061,34397
2392,37541,16074
2393,106639,45128
2394,50843,21663
2395,51854,22092
2396,18115,7784
2397,88163,37339
2398,37051,15851
2399,105220,44518
2400,110872,46954
2401,12879,5548
2402,1744,751
2403,73084,31019
2404,54820,23306
2405,89495,37877
2406,30199,12923
2407,128765,54664
2408,48999,20886
2409,107705,45602
2410,13110,5656
2411,4198,1832
2412,128149,54413
2413,25513,10912
2414,40310,17211
2415,35719,15297
2416,87754,37179
2417,73688,31272
2418,25632,10970
2419,111394,47169
2420,106083,44885
2421,74200,31489
2422,41433,17690
2423,119835,50808
2424,10041,4344
2425,89054,37720
2426,30438,13021
2427,98885,41856
2428,49545,21116
2429,44164,18856
2430,35631,15265
2431,58573,24876
2432,105489,44639
2433,5012,2198
2434,43858,18721
2435,111249,47119
2436,32890,14097
2437,39630,16935
2438,125867,53438
2439,111212,47105
2440,80536,34154
2441,113840,48239
2442,15453,6653
2443,81395,34532
2444,117546,49824
2445,67820,28810
2446,88095,37308
2447,119608,50708
2448,39669,16953
2449,102141,43226
2450,16642,7163
2451,23460,10044
2452,33216,14247
2453,96131,40668
2454,36030,15422
2455,6594,2912
2456,7232,3178
2457,27945,11946
2458,82546,35033
2459,127836,54277
2460,109336,46303
2461,26230,11219
2462,63066,26771
2463,7453,3270
2464,16582,7137
2465,106694,45152
2466,80769,34269
2467,80434,34103
2468,92623,39214
2469,129070,54786
2470,80174,33981
2471,47404,20205
2472,29599,12651
2473,17077,7352
2474,28423,12156
2475,16168,6958
2476,62124,26390
2477,105452,44625
2478,87361,37025
2479,73002,30987
2480,70496,29940
2481,28902,12343
2482,126389,53660
2483,15815,6806
2484,7148,3143
2485,39076,16697
2486,61685,26198
2487,117634,49860
2488,94106,39812
2489,93740,39669
2490,124190,52724
2491,7968,3468
2492,134,60
2493,70025,29735
2494,127941,54324
2495,84816,35991
2496,3700,1623
2497,4587,2009
2498,60554,25709
2499,78181,33154
2500,72748,30883
2501,76062,32255
2502,1343,578
2503,13261,5722
2504,56964,24213
2505,49978,21318
2506,28016,11982
2507,16471,7088
2508,31655,13545
2509,123558,52431
2510,101017,42762
2511,107506,45521
2512,57056,24249
2513,73826,31324
2514,110963,46998
2515,108566,45972
2516,127940,54323
2517,114935,48704
2518,29980,12831
2519,105140,44485
2520,74693,31689
2521,44227,18878
2522,3307,1449
2523,31831,13627
2524,129771,55083
2525,65122,27658
2526,68929,29279
2527,68444,29074
2528,64799,27505
2529,117584,49834
2530,97129,41112
2531,103074,43605
2532,64373,27322
2533,63005,26753
2534,55085,23422
2535,129988,55167
2536,4918,2156
2537,107942,45704
2538,92973,39361
2539,72760,30887
2540,70046,29744
2541,18939,8120
2542,27636,11807
2543,125777,53401
2544,54145,23018
2545,27191,11626
2546,49727,21197
2547,69463,29492
2548,15748,6778
2549,961,401
2550,24916,10680
2551,96432,40799
2552,103935,43961
2553,5594,2432
2554,117378,49744
2555,41412,17680
2556,104093,44026
2557,30602,13086
2558,5729,2497
2559,2736,1181
2560,23629,10125
2561,93349,39500
2562,31019,13279
2563,110815,46931
2564,83435,35422
2565,28884,12337
2566,6984,3084
2567,54790,23293
2568,29705,12704
2569,80814,34287
2570,100498,42543
2571,50918,21694
2572,28321,12110
2573,43265,18480
2574,25451,10891
2575,59511,25263
2576,50573,21555
2577,72120,30620
2578,41389,17670
2579,19929,8540
2580,63583,26981
2581,94031,39775
2582,24425,10456
2583,5864,2565
2584,26905,11517
2585,32988,14140
2586,22642,9685
2587,113234,47993
2588,119391,50609
2589,7366,3238
2590,75497,32021
2591,73468,31167
2592,33058,14178
2593,15182,6540
2594,101297,42876
2595,46323,19747
2596,86739,36797
2597,36710,15701
2598,15171,6539
2599,3447,1521
2600,43636,18633
2601,84830,35998
2602,56258,23915
2603,117095,49629
2604,48024,20453
2605,126072,53525
2606,119841,50811
2607,6604,2915
2608,55141,23438
2609,34106,14604
2610,6752,2974
2611,82837,35151
2612,9309,4022
2613,29448,12589
2614,4881,2140
2615,36834,15758
2616,5954,2613
2617,66054,28039
2618,124993,53067
2619,38802,16590
2620,15237,6564
2621,120469,51087
2622,129507,54967
2623,43054,18382
2624,112139,47512
2625,20478,8783
2626,119140,50512
2627,99971,42305
2628,91720,38841
2629,37460,16036
2630,118968,50435
2631,50028,21342
2632,23762,10184
2633,64394,27332
2634,18277,7849
2635,112406,47650
2636,71878,30517
2637,43983,18774
2638,103438,43747
2639,63241,26847
2640,39506,16885
2641,115665,49041
2642,54169,23033
2643,103712,43865
2644,61426,26084
2645,110183,46651
2646,38871,16609
2647,67200,28534
2648,36739,15714
2649,86499,36697
2650,101429,42928
2651,1290,545
2652,4957,2175
2653,81657,34649
2654,51097,21766
2655,44482,18999
2656,30014,12844
2657,83968,35649
2658,119222,50541
2659,68964,29295
2660,1207,505
2661,94448,39977
2662,7982,3475
2663,62498,26539
2664,78634,33334
2665,1681,724
2666,113293,48019
2667,123293,52298
2668,36045,15427
2669,50825,21657
2670,74763,31718
2671,29255,12502
2672,57723,24509
2673,93110,39411
2674,89000,37690
2675,9045,3912
2676,18309,7865
2677,3156,1381
2678,66879,28401
2679,14010,6035
2680,13884,5988
2681,27302,11670
2682,71861,30510
2683,55257,23491
2684,54941,23363
2685,121930,51699
2686,2805,1213
2687,81527,34597
2688,107803,45639
2689,11899,5138
2690,84435,35833
2691,58404,24807
2692,93237,39457
2693,34114,14608
2694,18023,7743
2695,96698,40922
2696,127869,54291
2697,128703,54644
2698,16508,7102
2699,73678,31266
2700,40323,17215
2701,28087,12018
2702,8933,3861
2703,77487,32837
2704,94238,39882
2705,69433,29473
2706,12790,5516
2707,87952,37247
2708,54582,23207
2709,91210,38602
2710,88373,37424
2711,61594,26155
2712,35068,15029
2713,15633,6735
2714,128376,54502
2715,54170,23034
2716,107811,45642
2717,26284,11238
2718,47139,20111
2719,35241,15098
2720,108970,46148
2721,24958,10696
2722,23987,10277
2723,98865,41847
2724,10689,4633
2725,116455,49357
2726,79674,33772
2727,33291,14278
2728,110515,46798
2729,53821,22885
2730,43996,18781
2731,122163,51809
2732,127983,54343
2733,86129,36552
2734,20759,8911
2735,40660,17360
2736,50456,21510
2737,70671,30010
2738,112643,47755
2739,98190,41566
2740,87708,37162
2741,112226,47558
2742,61670,26192
2743,104632,44268
2744,50682,21600
2745,6045,2645
2746,2843,1226
2747,123257,52280
2748,12154,5243
2749,40818,17435
2750,67154,28514
2751,106786,45199
2752,25108,10752
2753,121255,51410
2754,68083,28921
2755,74371,31555
2756,23297,9971
2757,103364,43720
2758,107435,45488
2759,98576,41732
2760,36054,15431
2761,110615,46844
2762,106339,44995
2763,119849,50817
2764,98474,41694
2765,119943,50860
2766,82744,35114
2767,88435,37449
2768,109110,46206
2769,38231,16369
2770,19195,8227
2771,72154,30634
2772,30900,13225
2773,79161,33549
2774,7386,3246
2775,106823,45214
2776,82458,34994
2777,17076,7351
2778,49836,21249
2779,21072,9039
2780,55675,23670
2781,32517,13943
2782,78801,33397
2783,82355,34951
2784,15206,6553
2785,73229,31081
2786,75487,32016
2787,82309,34932
2788,78056,33101
2789,71211,30248
2790,92420,39123
2791,100697,42642
2792,64996,27596
2793,106474,45059
2794,30323,12977
2795,127697,54228
2796,68230,28978
2797,105702,44727
2798,76368,32380
2799,75313,31946
2800,22111,9463
2801,115257,48848
2802,107462,45500
2803,112969,47893
2804,37012,15833
2805,82984,35210
2806,49030,20900
2807,111088,47050
2808,49576,21131
2809,103983,43977
2810,65871,27965
2811,109035,46175
2812,85972,36488
2813,17180,7390
2814,2045,878
2815,57604,24466
2816,2534,1092
2817,82660,35079
2818,78135,33136
2819,32699,14014
2820,67339,28592
2821,6746,2973
2822,100578,42589
2823,22965,9831
2824,88121,37321
2825,34012,14575
2826,11100,4815
2827,91135,38571
2828,105544,44659
2829,2094,902
2830,94763,40109
2831,92544,39174
2832,13620,5874
2833,118533,50247
2834,64268,27277
2835,18384,7900
2836,7205,3168
2837,36114,15450
2838,112249,47570
2839,99637,42160
2840,19411,8311
2841,75563,32057
2842,90194,38167
2843,127383,54086
2844,23478,10053
2845,126453,53681
2846,42367,18098
2847,83083,35253
2848,85516,36284
2849,59203,25132
2850,55389,23547
2851,40362,17236
2852,66214,28103
2853,48594,20719
2854,113834,48235
2855,18746,8044
2856,82507,35016
2857,90267,38192
2858,55330,23522
2859,94412,39966
2860,61170,25965
2861,984,406
2862,102853,43514
2863,76158,32300
2864,79363,33637
2865,116348,49305
2866,112470,47681
2867,124886,53022
2868,74258,31511
2869,73540,31199
2870,105983,44845
2871,13771,5943
2872,70685,30012
2873,110920,46978
2874,9674,4187
2875,29630,12668
2876,90857,38446
2877,67857,28827
2878,102117,43212
2879,83018,35223
2880,106996,45289
2881,63197,26827
2882,32661,14003
2883,8641,3733
2884,100282,42446
2885,122168,51811
2886,54315,23097
2887,60478,25672
2888,28281,12098
2889,73561,31211
2890,100100,42359
2891,68354,29032
2892,86069,36525
2893,104464,44193
2894,67863,28830
2895,122134,51793
2896,74539,31628
2897,118487,50236
2898,73074,31016
2899,96959,41040
2900,63696,27035
2901,33933,14545
2902,38641,16535
2903,1470,634
2904,22941,9821
2905,68050,28907
2906,65057,27628
2907,71951,30552
2908,75695,32104
2909,128387,54507
2910,72918,30955
2911,87286,37000
2912,6361,2803
2913,7125,3133
2914,80241,34009
2915,22422,9594
2916,108708,46034
2917,29701,12701
2918,24893,10669
2919,35620,15261
2920,80268,34020
2921,1975,850
2922,128885,54714
2923,117935,49983
2924,120844,51249
2925,116846,49525
2926,61316,26031
2927,70090,29758
2928,111478,47204
2929,84207,35732
2930,17863,7673
2931,29338,12540
2932,52534,22359
2933,61787,26241
2934,15382,6626
2935,80801,34282
2936,59142,25105
2937,104539,44223
2938,82059,34825
2939,6352,2796
2940,34713,14874
2941,42223,18034
2942,94277,39901
2943,33171,14227
2944,25388,10863
2945,32549,13955
2946,39607,16928
2947,42976,18353
2948,11686,5049
2949,96624,40883
2950,41221,17600
2951,24951,10692
2952,96449,40805
2953,17436,7494
2954,9328,4031
2955,6284,2763
2956,117144,49651
2957,2563,1106
2958,85071,36097
2959,47361,20186
2960,46695,19901
2961,41676,17795
2962,26678,11422
2963,26541,11357
2964,50612,21571
2965,5331,2322
2966,127529,54144
2967,113640,48161
2968,100051,42333
2969,99097,41939
2970,22876,9786
2971,31245,13370
2972,7285,3200
2973,97526,41270
2974,39776,16997
2975,110171,46645
2976,47372,20192
2977,77362,32780
2978,76402,32396
2979,59874,25414
2980,94286,39906
2981,48107,20497
2982,126545,53716
2983,105877,44803
2984,128977,54746
2985,121659,51587
2986,97047,41076
2987,122462,51925
2988,58533,24858
2989,112450,47671
2990,76775,32538
2991,199,93
2992,110280,46687
2993,74052,31414
2994,98314,41620
2995,109363,46316
2996,35903,15373
2997,21168,9082
2998,70239,29827
2999,95493,40417
3000,16982,7309
3001,93045,39389
3002,103871,43936
3003,109208,46250
3004,2576,1113
3005,112503,47690
3006,117483,49794
3007,43010,18364
3008,100566,42582
3009,87971,37256
3010,127446,54114
3011,56913,24191
3012,34166,14627
3013,57437,24394
3014,79823,33832
3015,34389,14724
3016,47426,20216
3017,54349,23111
3018,24866,10649
3019,25675,11001
3020,55225,23478
3021,72778,30896
3022,95489,40415
3023,36323,15536
3024,64949,27575
3025,43917,18744
3026,89737,37974
3027,37430,16022
3028,14291,6161
3029,109484,46358
3030,101712,43047
3031,92264,39062
3032,41934,17906
3033,53275,22650
3034,128797,54675
3035,126767,53834
3036,43328,18501
3037,9623,4165
3038,36332,15542
3039,126131,53552
3040,3704,1625
3041,25776,11043
3042,114358,48454
3043,2197,941
3044,92313,39083
3045,120717,51198
3046,90156,38152
3047,3535,1561
3048,37293,15967
3049,59198,25130
3050,127711,54233
3051,48425,20653
3052,77328,32766
3053,121978,51726
3054,86441,36676
3055,45335,19359
3056,46239,19719
3057,129352,54902
3058,13864,5984
3059,31891,13653
3060,113969,48293
3061,129359,54904
3062,94531,40018
3063,113522,48112
3064,99845,42251
3065,40549,17309
3066,60195,25555
3067,85732,36382
3068,19717,8453
3069,69611,29554
3070,71597,30403
3071,14973,6451
3072,46553,19837
3073,55693,23680
3074,39096,16710
3075,629,262
3076,56422,23990
3077,36530,15624
3078,116925,49561
3079,28119,12026
3080,15392,6631
3081,128577,54598
3082,49737,21201
3083,69510,29510
3084,8654,3736
3085,78383,33238
3086,50948,21710
3087,18386,7902
3088,105520,44648
3089,114613,48562
3090,120385,51046
3091,130068,55201
3092,122627,51998
3093,102065,43187
3094,68841,29244
3095,20194,8649
3096,95569,40444
3097,100011,42319
3098,94923,40175
3099,127861,54287
3100,110272,46682
3101,122195,51823
3102,94489,39997
3103,49123,20940
3104,28286,12101
3105,15813,6805
3106,59101,25089
3107,2336,1007
3108,30898,13224
3109,91473,38734
3110,49800,21230
3111,95358,40361
3112,81590,34619
3113,126282,53613
3114,55116,23429
3115,97507,41264
3116,114894,48689
3117,101134,42812
3118,69702,29591
3119,6851,3019
3120,79259,33589
3121,118186,50103
3122,62181,26411
3123,66898,28411
3124,120617,51155
3125,34226,14651
3126,4105,1806
3127,428,178
3128,116023,49174
3129,34053,14587
3130,2599,1122
3131,25293,10828
3132,116085,49199
3133,1307,556
3134,9517,4119
3135,58460,24832
3136,36987,15822
3137,18411,7910
3138,2455,1066
3139,65225,27703
3140,115082,48772
3141,65938,27996
3142,32055,13736
3143,41800,17850
3144,73601,31228
3145,11634,5027
3146,35723,15301
3147,113491,48098
3148,54274,23078
3149,87504,37079
3150,107474,45506
3151,45457,19398
3152,119799,50796
3153,84688,35934
3154,64101,27210
3155,71510,30362
3156,3368,1482
3157,60440,25651
3158,77857,33011
3159,3419,1508
3160,17371,7459
3161,28829,12315
3162,94179,39852
3163,83764,35555
3164,92704,39246
3165,61920,26302
3166,95030,40227
3167,39406,16845
3168,41218,17598
3169,35319,15131
3170,32154,13785
3171,102352,43306
3172,94470,39986
3173,6558,2898
3174,23594,10107
3175,55347,23528
3176,31647,13543
3177,113272,48012
3178,99846,42252
3179,106914,45253
3180,116205,49253
3181,105289,44556
3182,64108,27214
3183,101002,42756
3184,83044,35233
3185,81978,34788
3186,35543,15229
3187,129929,55142
3188,87061,36908
3189,111010,47018
3190,48859,20824
3191,127156,53996
3192,44341,18934
3193,81984,34792
3194,105563,44663
3195,41372,17660
3196,80560,34168
3197,116882,49537
3198,83267,35346
3199,89026,37706
3200,69534,29524
3201,74072,31419
3202,5638,2457
3203,87201,36967
3204,105540,44657
3205,60961,25871
3206,58485,24840
3207,52333,22282
3208,55373,23538
3209,13174,5680
3210,84064,35684
3211,38119,16323
3212,13020,5613
3213,4739,2077
3214,85045,36086
3215,112817,47826
3216,71127,30214
3217,95635,40469
3218,54808,23302
3219,109919,46542
3220,94616,40049
3221,26464,11318
3222,7853,3421
3223,87511,37084
3224,79455,33675
3225,59592,25295
3226,113520,48111
3227,18310,7866
3228,56357,23957
3229,6740,2968
3230,116235,49266
3231,97864,41415
3232,42186,18020
3233,99108,41941
3234,35313,15126
3235,81281,34479
3236,75834,32165
3237,94411,39965
3238,16345,7032
3239,709,305
3240,3408,1502
3241,74986,31799
3242,103958,43968
3243,71363,30311
3244,113449,48083
3245,1324,566
3246,118241,50129
3247,70234,29825
3248,97096,41096
3249,39172,16753
3250,120052,50901
3251,102304,43286
3252,38397,16434
3253,89540,37891
3254,18466,7931
3255,6955,3066
3256,74352,31550
3257,121876,51681
3258,88600,37512
3259,8410,3641
3260,81827,34722
3261,1636,702
3262,54172,23035
3263,1152,480
3264,118903,50406
3265,39541,16901
3266,82557,35039
3267,17879,7681
3268,80051,33929
3269,54606,23219
3270,12366,5328
3271,38861,16607
3272,109307,46294
3273,34140,14618
3274,9689,4194
3275,30162,12905
3276,98089,41524
3277,7827,3413
3278,114859,48674
3279,76124,32283
3280,61351,26048
3281,30595,13084
3282,110783,46922
3283,73592,31221
3284,31935,13675
3285,29724,12714
3286,68780,29222
3287,81767,34695
3288,71718,30450
3289,27560,11775
3290,18504,7946
3291,128323,54481
3292,90398,38243
3293,98485,41698
3294,118002,50017
3295,123111,52214
3296,76081,32264
3297,99958,42300
3298,112357,47623
3299,107424,45485
3300,42853,18297
3301,109104,46205
3302,79362,33636
3303,85964,36485
3304,8120,3524
3305,27516,11764
3306,46602,19859
3307,3607,1587
3308,112472,47682
3309,80498,34135
3310,44792,19137
3311,11742,5073
3312,102093,43197
3313,13023,5615
3314,78237,33181
3315,55506,23599
3316,112596,47736
3317,64393,27331
3318,87157,36948
3319,17218,7406
3320,130273,55295
3321,29854,12774
3322,72875,30937
3323,111838,47368
3324,75574,32060
3325,10783,4672
3326,11915,5145
3327,27037,11571
3328,129529,54975
3329,75990,32224
3330,67208,28537
3331,121514,51534
3332,55052,23412
3333,34378,14719
3334,15525,6681
3335,83259,35343
3336,59143,25106
3337,55971,23798
3338,127732,54239
3339,30565,13073
3340,67392,28620
3341,47714,20334
3342,91309,38647
3343,50246,21427
3344,3039,1335
3345,82885,35169
3346,102611,43410
3347,6579,2905
3348,105610,44687
3349,8857,3832
3350,56914,24192
3351,115045,48760
3352,50649,21587
3353,85753,36393
3354,107711,45603
3355,52899,22502
3356,108721,46039
3357,110118,46627
3358,87344,37022
3359,32953,14126
3360,21718,9307
3361,86163,36565
3362,26745,11448
3363,64971,27585
3364,126409,53670
3365,75926,32198
3366,19737,8464
3367,4264,1865
3368,117885,49966
3369,58140,24688
3370,48026,20454
3371,86663,36759
3372,10152,4387
3373,29896,12794
3374,85733,36383
3375,91156,38579
3376,76265,32345
3377,104265,44103
3378,6395,2823
3379,89636,37927
3380,33009,14149
3381,15085,6503
3382,31665,13547
3383,122795,52081
3384,108486,45936
3385,113131,47959
3386,18583,7975
3387,65867,27964
3388,64166,27235
3389,53261,22642
3390,123380,52343
3391,104389,44157
3392,80323,34046
3393,114478,48501
3394,81457,34559
3395,108148,45786
3396,25983,11130
3397,70742,30036
3398,39169,16752
3399,107663,45586
3400,28249,12083
3401,56368,23963
3402,97023,41066
3403,62713,26629
3404,119464,50638
3405,90693,38371
3406,60727,25779
3407,104307,44123
3408,45741,19515
3409,118358,50182
3410,32616,13982
3411,3575,1572
3412,30171,12908
3413,46879,19989
3414,65332,27743
3415,40407,17249
3416,90748,38400
3417,50474,21520
3418,49448,21074
3419,123416,52365
3420,55762,23714
3421,31383,13431
3422,97228,41149
3423,111382,47166
3424,64007,27168
3425,26294,11245
3426,24927,10684
3427,12707,5485
3428,79693,33783
3429,79016,33491
3430,121523,51540
3431,83492,35443
3432,14143,6095
3433,77854,33009
3434,17362,7456
3435,100925,42729
3436,115366,48902
3437,55413,23557
3438,31502,13482
3439,84546,35878
3440,121102,51347
3441,19169,8212
3442,97769,41372
3443,38259,16380
3444,21290,9133
3445,26497,11332
3446,35555,15234
3447,88867,37637
3448,93124,39415
3449,104211,44084
3450,111760,47332
3451,166,77
3452,80419,34093
3453,45452,19397
3454,311,135
3455,91179,38588
3456,65171,27677
3457,56049,23828
3458,14032,6044
3459,108397,45903
3460,100371,42484
3461,37705,16140
3462,18871,8090
3463,2248,970
3464,37894,16222
3465,93476,39556
3466,32122,13768
3467,83677,35518
3468,59572,25289
3469,13079,5639
3470,94199,39865
3471,107649,45578
3472,54215,23054
3473,82391,34966
3474,81844,34733
3475,91920,38924
3476,28591,12223
3477,33364,14311
3478,55325,23520
3479,123079,52202
3480,16094,6926
3481,115337,48888
3482,118675,50308
3483,39315,16810
3484,75530,32039
3485,116048,49182
3486,22057,9439
3487,15246,6572
3488,65995,28015
3489,96145,40675
3490,11494,4973
3491,81448,34555
3492,127881,54296
3493,78892,33437
3494,126662,53779
3495,122118,51785
3496,6380,2815
3497,38619,16523
3498,129020,54763
3499,38168,16343
3500,81719,34681
3501,60754,25789
3502,2448,1062
3503,89040,37714
3504,47476,20236
3505,20493,8791
3506,28950,12370
3507,5885,2575
3508,76570,32464
3509,44505,19008
3510,69360,29447
3511,106709,45160
3512,53592,22793
3513,21373,9166
3514,52804,22460
3515,82195,34888
3516,60222,25567
3517,83733,35541
3518,23624,10122
3519,21535,9230
3520,100679,42634
3521,104120,44037
3522,89722,37965
3523,21733,9314
3524,28520,12193
3525,48588,20717
3526,109700,46453
3527,86076,36528
3528,93931,39741
3529,23636,10129
3530,59597,25296
3531,3251,1422
3532,61390,26066
3533,124830,52996
3534,34865,14939
3535,106461,45051
3536,110132,46631
3537,53857,22904
3538,41115,17556
3539,95357,40360
3540,60530,25697
3541,106554,45096
3542,91721,38842
3543,89098,37733
3544,3811,1670
3545,9505,4113
3546,41768,17835
3547,127521,54140
3548,77667,32924
3549,100970,42747
3550,17566,7548
3551,39540,16900
3552,32395,13895
3553,110005,46579
3554,114221,48399
3555,23806,10201
3556,5989,2625
3557,91916,38922
3558,104491,44209
3559,77827,32996
3560,14248,6141
3561,10010,4324
3562,16126,6941
3563,106172,44928
3564,124752,52964
3565,70442,29915
3566,129342,54896
3567,117783,49924
3568,67367,28609
3569,98608,41748
3570,57084,24255
3571,98972,41895
3572,123618,52457
3573,36460,15591
3574,55167,23452
3575,115874,49124
3576,114740,48619
3577,26186,11201
3578,49722,21193
3579,57267,24326
3580,85428,36244
3581,127632,54191
3582,76827,32558
3583,91341,38669
3584,47653,20309
3585,68742,29205
3586,28001,11973
3587,63287,26864
3588,34460,14758
3589,116473,49363
3590,35011,15003
3591,78142,33138
3592,23912,10247
3593,33046,14170
3594,112186,47538
3595,105583,44676
3596,126985,53926
3597,107696,45599
3598,107348,45451
3599,74008,31399
3600,21938,9393
3601,104977,44416
3602,86416,36669
3603,3604,1586
3604,121429,51491
3605,42716,18250
3606,58556,24866
3607,106837,45222
3608,29939,12811
3609,30201,12925
3610,72941,30962
3611,50972,21719
3612,9806,4239
3613,116079,49197
3614,52074,22173
3615,35619,15260
3616,86381,36655
3617,117716,49894
3618,25425,10879
3619,112354,47620
3620,50225,21419
3621,75004,31809
3622,65202,27693
3623,4819,2108
3624,50896,21686
3625,41454,17698
3626,31790,13605
3627,87382,37033
3628,82356,34952
3629,124021,52642
3630,116637,49435
3631,21466,9202
3632,60725,25777
3633,111826,47362
3634,4432,1945
3635,59994,25474
3636,36608,15659
3637,97456,41241
3638,55859,23745
3639,737,313
3640,30650,13106
3641,92104,39003
3642,4153,1818
3643,49025,20897
3644,4232,1847
3645,58299,24762
3646,29001,12390
3647,81503,34582
3648,88758,37586
3649,45625,19467
3650,5364,2335
3651,87019,36892
3652,22644,9687
3653,32314,13858
3654,83586,35482
3655,91573,38770
3656,49554,21121
3657,71592,30399
3658,65432,27785
3659,90933,38477
3660,76195,32319
3661,10801,4679
3662,561,235
3663,19553,8372
3664,14865,6404
3665,114434,48484
3666,110574,46824
3667,109720,46462
3668,20787,8922
3669,126585,53740
3670,101913,43127
3671,16449,7079
3672,130029,55184
3673,98449,41685
3674,6727,2963
3675,81803,34713
3676,81568,34610
3677,122053,51759
3678,46515,19824
3679,61339,26041
3680,23374,10007
3681,51009,21732
3682,45312,19350
3683,43427,18550
3684,118724,50325
3685,72664,30849
3686,66227,28108
3687,103688,43856
3688,88165,37341
3689,44189,18862
3690,57801,24544
3691,87285,36999
3692,15102,6510
3693,129901,55131
3694,112353,47619
3695,4816,2105
3696,69608,29551
3697,96308,40741
3698,127417,54103
3699,55877,23750
3700,71143,30220
3701,58370,24796
3702,19845,8509
3703,119678,50744
3704,37758,16160
3705,85225,36156
3706,45243,19329
3707,22061,9441
3708,61216,25990
3709,67051,28472
3710,55196,23466
3711,125042,53090
3712,57985,24627
3713,112605,47739
3714,123979,52626
3715,52045,22159
3716,79495,33695
3717,128179,54426
3718,427,177
3719,80621,34196
3720,76389,32392
3721,8582,3708
3722,20242,8671
3723,3814,1672
3724,19852,8512
3725,108292,45853
3726,119335,50584
3727,15839,6817
3728,418,172
3729,29384,12559
3730,22003,9414
3731,123619,52458
3732,8347,3615
3733,25081,10744
3734,82339,34941
3735,69406,29465
3736,67650,28730
3737,40715,17388
3738,110713,46892
3739,52902,22505
3740,125367,53231
3741,101145,42817
3742,27565,11778
3743,126123,53549
3744,32151,13783
3745,90701,38377
3746,46503,19817
3747,38521,16489
3748,123389,52352
3749,113906,48268
3750,25642,10976
3751,31697,13562
3752,25551,10930
3753,50325,21461
3754,15242,6568
3755,81830,34725
3756,90095,38127
3757,19350,8292
3758,109483,46357
3759,17157,7384
3760,84583,35894
3761,121430,51492
3762,9934,4293
3763,74588,31648
3764,55973,23800
3765,49852,21254
3766,66729,28338
3767,124788,52978
3768,35765,15315
3769,23050,9870
3770,11845,5118
3771,21309,9141
3772,104829,44358
3773,108619,45996
3774,70061,29751
3775,98968,41893
3776,38222,16367
3777,94911,40168
3778,29226,12493
3779,8377,3627
3780,23187,9930
3781,46087,19658
3782,128066,54376
3783,120570,51137
3784,67217,28544
3785,118356,50180
3786,130301,55316
3787,53736,22848
3788,89355,37827
3789,9528,4125
3790,28,13
3791,40541,17306
3792,105476,44635
3793,16486,7093
3794,80280,34026
3795,102455,43347
3796,37877,16214
3797,59787,25378
3798,114104,48350
3799,129112,54806
3800,31224,13359
3801,79029,33495
3802,66584,28277
3803,108643,46003
3804,95025,40223
3805,61183,25971
3806,14029,6042
3807,43979,18772
3808,1613,692
3809,36183,15476
3810,107963,45711
3811,4144,1814
3812,39675,16955
3813,55159,23448
3814,12068,5212
3815,95177,40293
3816,49847,21252
3817,64086,27207
3818,104665,44285
3819,95272,40328
3820,83477,35440
3821,115750,49077
3822,59583,25293
3823,112463,47678
3824,127379,54083
3825,32686,14008
3826,19947,8546
3827,107082,45328
3828,19422,8317
3829,85995,36496
3830,31886,13652
3831,43907,18738
3832,46458,19801
3833,96038,40631
3834,70491,29936
3835,117318,49717
3836,46122,19675
3837,52356,22292
3838,24040,10299
3839,59616,25301
3840,82026,34812
3841,105898,44813
3842,107874,45671
3843,111962,47430
3844,115216,48830
3845,33646,14440
3846,19885,8521
3847,123375,52340
3848,113967,48292
3849,60431,25649
3850,97133,41115
3851,125532,53305
3852,10164,4393
3853,47776,20354
3854,48584,20716
3855,17230,7410
3856,116022,49173
3857,75481,32013
3858,7276,3195
3859,77668,32925
3860,5434,2366
3861,103716,43868
3862,89816,38010
3863,16109,6933
3864,101649,43017
3865,32175,13800
3866,2146,921
3867,827,355
3868,79054,33503
3869,129864,55119
3870,24763,10607
3871,6576,2904
3872,16576,7135
3873,54426,23140
3874,27407,11715
3875,21812,9348
3876,107415,45478
3877,121128,51357
3878,30198,12922
3879,112281,47585
3880,92292,39073
3881,29974,12829
3882,110822,46933
3883,7459,3274
3884,40985,17508
3885,51466,21927
3886,109635,46423
3887,85743,36388
3888,72745,30882
3889,34413,14736
3890,113322,48031
3891,111587,47248
3892,121313,51435
3893,51770,22062
3894,72889,30943
3895,45099,19254
3896,82007,34801
3897,130092,55210
3898,72106,30615
3899,53487,22744
3900,10845,4699
3901,43395,18536
3902,116072,49192
3903,27541,11768
3904,17697,7600
3905,60051,25495
3906,112138,47511
3907,35234,15095
3908,107283,45425
3909,41216,17596
3910,47836,20382
3911,107918,45691
3912,115346,48892
3913,56881,24179
3914,98567,41730
3915,13376,5765
3916,123601,52449
3917,82085,34833
3918,87401,37041
3919,11883,5130
3920,119606,50706
3921,102465,43355
3922,122872,52106
3923,7774,3391
3924,68389,29049
3925,15589,6712
3926,111653,47282
3927,118865,50390
3928,52948,22523
3929,126921,53900
3930,84748,35964
3931,7077,3114
3932,112700,47778
3933,46907,20001
3934,129343,54897
3935,12528,5408
3936,117338,49727
3937,2678,1156
3938,123169,52240
3939,122717,52042
3940,48180,20531
3941,100017,42322
3942,70215,29818
3943,3350,1473
3944,48291,20585
3945,9697,4199
3946,904,386
3947,70627,29993
3948,87617,37132
3949,20819,8934
3950,1354,583
3951,78951,33466
3952,2635,1139
3953,69809,29638
3954,13275,5730
3955,8311,3597
3956,129258,54871
3957,126564,53730
3958,29130,12449
3959,111220,47107
3960,87893,37228
3961,123766,52526
3962,76328,32368
3963,91656,38812
3964,31203,13350
3965,66665,28310
3966,107702,45601
3967,31590,13520
3968,107001,45291
3969,85726,36379
3970,53981,22959
3971,19152,8202
3972,80735,34250
3973,113662,48172
3974,67414,28630
3975,16505,7101
3976,60689,25760
3977,89492,37875
3978,127651,54204
3979,81482,34570
3980,90670,38366
3981,85700,36366
3982,100889,42720
3983,30854,13200
3984,73835,31327
3985,92837,39306
3986,63273,26858
3987,14467,6233
3988,82968,35205
3989,33466,14356
3990,110383,46737
3991,121362,51461
3992,18759,8049
3993,99639,42162
3994,108962,46144
3995,56494,24019
3996,3784,1659
3997,15560,6701
3998,23724,10165
3999,122852,52098
4000,15121,6518
4001,42415,18126
4002,41530,17735
4003,59681,25332
4004,46987,20037
4005,54828,23310
4006,33881,14520
4007,27879,11915
4008,84551,35879
4009,104843,44363
4010,57067,24252
4011,98660,41770
4012,100161,42393
4013,57598,24463
4014,30452,13027
4015,26611,11392
4016,18512,7950
4017,104129,44042
4018,118956,50430
4019,94015,39767
4020,47212,20139
4021,97372,41206
4022,93734,39666
4023,99872,42263
4024,122481,51933
4025,45924,19587
4026,118615,50282
4027,18148,7800
4028,33565,14399
4029,125439,53265
4030,100020,42324
4031,15538,6689
4032,112905,47872
4033,61277,26017
4034,69361,29448
4035,36762,15724
4036,72708,30868
4037,7890,3438
4038,17981,7726
4039,47870,20395
4040,100307,42458
4041,27406,11714
4042,96545,40848
4043,57797,24542
4044,30864,13206
4045,95923,40579
4046,75509,32027
4047,2704,1167
4048,15832,6814
4049,112230,47561
4050,111093,47054
4051,36716,15705
4052,18488,7941
4053,109582,46399
4054,47840,20383
4055,12038,5197
4056,123560,52432
4057,109918,46541
4058,52302,22266
4059,18113,7783
4060,21732,9313
4061,115463,48946
4062,30401,13005
4063,97374,41207
4064,1759,758
4065,123285,52295
4066,68400,29057
4067,82463,34997
4068,117738,49903
4069,60773,25797
4070,73036,30997
4071,2192,939
4072,31332,13405
4073,17748,7623
4074,97816,41396
4075,79564,33725
4076,19700,8446
4077,55747,23707
4078,124918,53037
4079,126885,53886
4080,2147,922
4081,35405,15162
4082,29336,12538
4083,56686,24100
4084,100156,42389
4085,7425,3260
4086,127567,54158
4087,67176,28525
4088,30752,13152
4089,113243,47999
4090,127273,54038
4091,42668,18226
4092,28368,12128
4093,74624,31655
4094,106210,44944
4095,78668,33349
4096,67474,28656
4097,124688,52935
4098,60309,25596
4099,15966,6873
4100,92717,39254
4101,50764,21635
4102,96185,40689
4103,76642,32489
4104,96460,40811
4105,34178,14630
4106,28475,12181
4107,37049,15849
4108,105279,44549
4109,72942,30963
4110,31764,13590
4111,44907,19180
4112,120804,51232
4113,128026,54356
4114,31024,13283
4115,55934,23782
4116,19954,8552
4117,125686,53366
4118,102603,43404
4119,73697,31275
4120,100340,42471
4121,123749,52520
4122,84914,36030
4123,115462,48945
4124,1619,696
4125,6844,3015
4126,37379,15998
4127,54420,23137
4128,58314,24768
4129,97758,41368
4130,129656,55030
4131,10393,4496
4132,86837,36832
4133,90492,38283
4134,27511,11760
4135,70001,29722
4136,85113,36111
4137,39455,16864
4138,77104,32669
4139,27040,11573
4140,108147,45785
4141,110083,46613
4142,73572,31216
4143,117729,49898
4144,83694,35526
4145,43821,18707
4146,30086,12876
4147,110873,46955
4148,101660,43021
4149,41214,17594
4150,41387,17668
4151,19930,8541
4152,51306,21851
4153,75571,32059
4154,31037,13290
4155,60793,25804
4156,29539,12623
4157,46212,19704
4158,104375,44150
4159,68126,28938
4160,43222,18454
4161,43139,18417
4162,59568,25287
4163,61246,26005
4164,65441,27789
4165,99811,42236
4166,44543,19028
4167,83068,35244
4168,106208,44942
4169,637,266
4170,18389,7904
4171,104787,44339
4172,86839,36834
4173,20419,8750
4174,21313,9143
4175,26976,11549
4176,58259,24744
4177,4475,1965
4178,29174,12468
4179,80183,33985
4180,56959,24210
4181,112423,47659
4182,29623,12663
4183,27087,11594
4184,15016,6471
4185,78151,33141
4186,10512,4545
4187,97099,41097
4188,94643,40061
4189,31999,13705
4190,20671,8869
4191,41026,17524
4192,12616,5445
4193,14046,6051
4194,76932,32600
4195,75812,32157
4196,85954,36482
4197,99130,41950
4198,95514,40424
4199,58348,24784
4200,54526,23176
4201,87513,37085
4202,46886,19993
4203,48563,20703
4204,15950,6867
4205,73073,31015
4206,56925,24197
4207,128990,54752
4208,9381,4056
4209,119941,50858
4210,76096,32271
4211,92406,39121
4212,78589,33320
4213,103754,43882
4214,39486,16877
4215,117069,49617
4216,42036,17951
4217,51075,21760
4218,99559,42128
4219,38436,16454
4220,13795,5954
4221,446,186
4222,43795,18696
4223,113567,48131
4224,57515,24431
4225,31963,13694
4226,67677,28741
4227,116765,49490
4228,127323,54056
4229,99178,41969
4230,17599,7567
4231,41829,17862
4232,32646,13996
4233,77141,32687
4234,123470,52388
4235,39642,16939
4236,57057,24250
4237,79635,33755
4238,100891,42722
4239,100872,42714
4240,9698,4200
4241,36635,15672
4242,121453,51501
4243,36662,15683
4244,118909,50410
4245,118443,50222
4246,30369,12990
4247,51526,21955
4248,126171,53575
4249,93016,39374
4250,65766,27919
4251,64121,27219
4252,125985,53482
4253,94748,40102
4254,27757,11864
4255,38830,16599
4256,67524,28675
4257,3049,1340
4258,65474,27806
4259,120300,51014
4260,13705,5916
4261,41322,17639
4262,125009,53075
4263,100614,42610
4264,7869,3429
4265,68087,28922
4266,116374,49316
4267,45486,19416
4268,76154,32298
4269,66822,28380
4270,26790,11467
4271,72625,30830
4272,49963,21311
4273,29437,12584
4274,15585,6709
4275,61448,26094
4276,70350,29872
4277,79345,33629
4278,57487,24420
4279,100475,42530
4280,44544,19029
4281,17618,7574
4282,2008,865
4283,36600,15654
4284,104678,44291
4285,74168,31473
4286,84339,35788
4287,44405,18959
4288,84861,36010
4289,52499,22343
4290,117199,49674
4291,57775,24535
4292,60390,25633
4293,120849,51253
4294,76841,32564
4295,14036,6046
4296,67802,28802
4297,126300,53622
4298,75308,31944
4299,4122,1810
4300,23209,9935
4301,11038,4790
4302,117142,49650
4303,71041,30175
4304,36616,15661
4305,3664,1608
4306,60077,25510
4307,75250,31914
4308,37641,16117
4309,110994,47011
4310,71955,30555
4311,6007,2634
4312,107272,45419
4313,13750,5935
4314,39329,16818
4315,38318,16404
4316,118812,50363
4317,130414,55366
4318,111687,47299
4319,55187,23464
4320,96876,41006
4321,35067,15028
4322,29968,12826
4323,85779,36406
4324,109399,46328
4325,99116,41945
4326,8837,3818
4327,118851,50383
4328,72299,30688
4329,23109,9892
4330,21834,9359
4331,25854,11070
4332,101224,42850
4333,93291,39477
4334,94571,40030
4335,34953,14979
4336,23948,10262
4337,56398,23977
4338,98645,41764
4339,110609,46841
4340,19088,8174
4341,34577,14808
4342,109786,46484
4343,13373,5764
4344,89415,37847
4345,119400,50615
4346,81754,34692
4347,102254,43267
4348,69540,29527
4349,18036,7750
4350,33186,14231
4351,108599,45988
4352,45362,19368
4353,70150,29789
4354,96234,40712
4355,22668,9696
4356,76398,32394
4357,20439,8757
4358,18477,7936
4359,30635,13098
4360,91319,38653
4361,67493,28661
4362,100426,42509
4363,104440,44182
4364,38575,16506
4365,31261,13377
4366,78627,33330
4367,62969,26735
4368,120554,51125
4369,47060,20074
4370,117420,49764
4371,12636,5458
4372,96027,40624
4373,91367,38683
4374,116831,49521
4375,110051,46600
4376,99050,41921
4377,946,396
4378,124645,52922
4379,19702,8448
4380,56229,23901
4381,92099,39001
4382,109516,46369
4383,21555,9241
4384,91050,38534
4385,22829,9765
4386,85719,36375
4387,70487,29934
4388,42652,18216
4389,125618,53341
4390,30835,13187
4391,97999,41481
4392,52262,22251
4393,92738,39262
4394,183,84
4395,15354,6617
4396,81006,34375
4397,54699,23255
4398,64843,27525
4399,110659,46865
4400,103846,43924
4401,111207,47102
4402,114490,48504
4403,32858,14083
4404,61045,25909
4405,55346,23527
4406,32820,14064
4407,123195,52254
4408,16915,7281
4409,33376,14315
4410,73155,31049
4411,110328,46713
4412,69731,29604
4413,115839,49113
4414,85500,36274
4415,1958,839
4416,26889,11509
4417,92594,39199
4418,67327,28584
4419,73140,31044
4420,112485,47686
4421,36165,15470
4422,129155,54826
4423,21070,9037
4424,89950,38060
4425,102881,43529
4426,66973,28437
4427,36965,15814
4428,126756,53826
4429,46849,19970
4430,69831,29647
4431,12597,5437
4432,9550,4134
4433,48881,20835
4434,29425,12582
4435,98390,41653
4436,35021,15005
4437,54840,23314
4438,3869,1692
4439,110702,46886
4440,48187,20536
4441,72009,30573
4442,98510,41709
4443,116433,49344
4444,112871,47854
4445,67500,28665
4446,68009,28886
4447,4678,2046
4448,95283,40332
4449,20294,8695
4450,113870,48250
4451,99191,41975
4452,101404,42917
4453,59107,25093
4454,125945,53469
4455,128072,54381
4456,92709,39248
4457,77556,32873
4458,932,392
4459,94464,39983
4460,112356,47622
4461,73950,31374
4462,100553,42573
4463,77452,32821
4464,81773,34697
4465,107437,45489
4466,58218,24726
4467,98377,41648
4468,12876,5547
4469,22624,9675
4470,88061,37294
4471,48150,20517
4472,119572,50691
4473,100437,42513
4474,67767,28787
4475,99376,42051
4476,56282,23923
4477,10546,4562
4478,114878,48682
4479,119329,50581
4480,279,124
4481,9115,3944
4482,119607,50707
4483,6193,2724
4484,28946,12367
4485,11450,4959
4486,105845,44788
4487,64995,27595
4488,33309,14286
4489,18085,7773
4490,25324,10838
4491,116767,49491
4492,85061,36092
4493,99849,42253
4494,47486,20240
4495,75623,32080
4496,89682,37949
4497,1225,516
4498,46222,19709
4499,16704,7186
4500,124686,52933
4501,43843,18714
4502,53881,22916
4503,113390,48063
4504,120919,51280
4505,63917,27133
4506,37168,15907
4507,93784,39683
4508,72621,30827
4509,27205,11630
4510,26895,11511
4511,81904,34758
4512,69671,29580
4513,111405,47172
4514,86090,36536
4515,98208,41573
4516,9575,4145
4517,126677,53787
4518,119564,50688
4519,91378,38691
4520,114074,48338
4521,117803,49933
4522,75001,31807
4523,111602,47257
4524,45170,19294
4525,27153,11618
4526,118238,50127
4527,109072,46193
4528,89082,37728
4529,5536,2404
4530,80168,33976
4531,45184,19302
4532,105800,44768
4533,74180,31479
4534,99138,41955
4535,106792,45203
4536,100389,42494
4537,103249,43679
4538,117640,49863
4539,63565,26971
4540,90967,38495
4541,35057,15022
4542,7114,3129
4543,75523,32035
4544,51399,21899
4545,96808,40969
4546,126859,53875
4547,66248,28119
4548,64657,27444
4549,117497,49802
4550,119313,50575
4551,108044,45747
4552,107089,45332
4553,47925,20413
4554,123975,52624
4555,29034,12402
4556,19074,8167
4557,100924,42728
4558,129953,55154
4559,113880,48254
4560,7335,3223
4561,18017,7739
4562,126661,53778
4563,92336,39093
4564,126326,53632
4565,129573,54992
4566,109485,46359
4567,21226,9106
4568,92659,39231
4569,61257,26009
4570,10300,4458
4571,59405,25221
4572,101436,42933
4573,34244,14660
4574,106802,45205
4575,99777,42216
4576,55042,23405
4577,37526,16068
4578,50870,21677
4579,110956,46995
4580,368,148
4581,30023,12849
4582,81655,34647
4583,57143,24276
4584,27349,11691
4585,3934,1725
4586,50670,21595
4587,1137,474
4588,67960,28873
4589,68608,29153
4590,76412,32404
4591,22435,9598
4592,130201,55260
4593,64020,27174
4594,44720,19102
4595,66570,28269
4596,69470,29494
4597,54872,23329
4598,61899,26291
4599,106879,45236
4600,91962,38936
4601,114143,48367
4602,36467,15597
4603,95699,40492
4604,69852,29657
4605,56137,23865
4606,75793,32148
4607,6479,2863
4608,110065,46606
4609,127753,54247
4610,108620,45997
4611,19518,8358
4612,103749,43879
4613,103025,43584
4614,111323,47145
4615,103870,43935
4616,108380,45893
4617,48490,20675
4618,12196,5260
4619,118495,50238
4620,119577,50693
4621,125223,53163
4622,104387,44156
4623,88899,37650
4624,121811,51647
4625,104111,44033
4626,4096,1803
4627,2276,982
4628,95125,40273
4629,9921,4287
4630,116708,49467
4631,1039,431
4632,32406,13900
4633,25465,10897
4634,56859,24170
4635,89584,37909
4636,107951,45706
4637,112184,47536
4638,15191,6545
4639,34233,14655
4640,43505,18588
4641,33874,14516
4642,65905,27981
4643,52422,22316
4644,75855,32173
4645,126901,53893
4646,82939,35190
4647,67503,28666
4648,42533,18173
4649,18715,8030
4650,69839,29653
4651,82265,34919
4652,57459,24408
4653,103488,43774
4654,105853,44790
4655,69968,29708
4656,52095,22180
4657,89316,37814
4658,52374,22298
4659,97858,41411
4660,28003,11975
4661,125356,53228
4662,46773,19936
4663,49626,21148
4664,31520,13490
4665,80469,34119
4666,22100,9459
4667,8691,3750
4668,17807,7654
4669,92479,39144
4670,61994,26337
4671,103351,43715
4672,65619,27858
4673,78942,33463
4674,33079,14187
4675,102660,43430
4676,104871,44373
4677,46436,19793
4678,111190,47096
4679,124205,52732
4680,82071,34829
4681,9927,4291
4682,63763,27068
4683,22007,9416
4684,39961,17079
4685,60507,25690
4686,23406,10018
4687,48195,20539
4688,63722,27048
4689,29450,12591
4690,67828,28813
4691,14173,6107
4692,25056,10732
4693,7887,3437
4694,88389,37431
4695,80897,34327
4696,110690,46882
4697,36306,15529
4698,8104,3517
4699,19633,8417
4700,23119,9898
4701,79292,33605
4702,96508,40834
4703,77219,32717
4704,90204,38171
4705,100413,42504
4706,75103,31856
4707,77316,32761
4708,38564,16501
4709,83002,35218
4710,101468,42945
4711,49183,20965
4712,79060,33505
4713,39509,16887
4714,30399,13004
4715,77761,32965
4716,53902,22922
4717,58030,24643
4718,72828,30920
4719,66251,28120
4720,84881,36019
4721,49985,21322
4722,20791,8923
4723,105471,44632
4724,87815,37206
4725,89910,38042
4726,126259,53606
4727,41997,17933
4728,47944,20421
4729,43816,18705
4730,21385,9168
4731,80499,34136
4732,107935,45701
4733,65187,27683
4734,114046,48325
4735,92811,39297
4736,121639,51578
4737,22997,9843
4738,103650,43844
4739,33737,14468
4740,11679,5043
4741,27098,11599
4742,26287,11240
4743,81152,34427
4744,84220,35737
4745,58668,24909
4746,58487,24842
4747,43683,18652
4748,113589,48139
4749,117114,49638
4750,51154,21792
4751,41656,17788
4752,29128,12447
4753,9437,4083
4754,66500,28232
4755,86895,36853
4756,29872,12781
4757,66503,28235
4758,121701,51604
4759,126536,53712
4760,47347,20181
4761,53703,22835
4762,42316,18078
4763,30460,13031
4764,79932,33877
4765,96722,40935
4766,78377,33234
4767,88550,37489
4768,18721,8032
4769,59657,25319
4770,116270,49275
4771,35209,15087
4772,71239,30258
4773,87492,37074
4774,110416,46752
4775,33886,14523
4776,45938,19593
4777,118860,50388
4778,22545,9646
4779,41011,17518
4780,65374,27759
4781,20095,8605
4782,80289,34029
4783,27467,11740
4784,11396,4942
4785,107536,45533
4786,104970,44412
4787,114363,48455
4788,94585,40036
4789,25644,10977
4790,16852,7253
4791,97132,41114
4792,42644,18212
4793,98410,41665
4794,28429,12159
4795,77644,32911
4796,46175,19693
4797,45218,19317
4798,28908,12345
4799,73799,31311
4800,76750,32526
4801,81272,34475
4802,96331,40750
4803,62742,26639
4804,126966,53921
4805,58500,24846
4806,6690,2948
4807,101806,43084
4808,40877,17461
4809,125917,53459
4810,58971,25035
4811,114079,48341
4812,129314,54890
4813,128329,54483
4814,45666,19481
4815,77065,32650
4816,5199,2272
4817,39963,17081
4818,65500,27816
4819,111644,47277
4820,61215,25989
4821,114657,48575
4822,87336,37016
4823,124541,52874
4824,118840,50377
4825,16584,7138
4826,102301,43285
4827,62367,26488
4828,15647,6737
4829,61147,25955
4830,62043,26358
4831,95607,40457
4832,40918,17475
4833,92796,39287
4834,92189,39037
4835,21256,9120
4836,11641,5030
4837,105942,44835
4838,125361,53230
4839,73422,31150
4840,10924,4738
4841,128306,54474
4842,95310,40343
4843,122448,51917
4844,86534,36711
4845,79835,33840
4846,53232,22630
4847,65924,27988
4848,6506,2878
4849,48760,20783
4850,84768,35974
4851,66679,28314
4852,67325,28582
4853,27718,11846
4854,118508,50240
4855,11565,5004
4856,72713,30871
4857,59630,25305
4858,50414,21492
4859,114505,48512
4860,103774,43889
4861,59849,25403
4862,111243,47117
4863,59775,25373
4864,96119,40664
4865,44442,18977
4866,37144,15894
4867,119096,50487
4868,1086,451
4869,43217,18451
4870,105228,44523
4871,84964,36052
4872,6173,2713
4873,20180,8638
4874,51234,21823
4875,104100,44029
4876,117866,49962
4877,3221,1409
4878,35681,15283
4879,62254,26439
4880,102554,43390
4881,33435,14343
4882,82528,35026
4883,119553,50682
4884,89055,37721
4885,33348,14300
4886,27344,11689
4887,15995,6887
4888,82431,34983
4889,17065,7346
4890,30885,13216
4891,80068,33937
4892,40150,17154
4893,128667,54634
4894,441,183
4895,21604,9261
4896,80020,33916
4897,94118,39818
4898,89464,37865
4899,63656,27017
4900,1145,476
4901,36350,15552
4902,34693,14862
4903,21259,9122
4904,14316,6174
4905,63545,26960
4906,96869,41002
4907,22444,9601
4908,55886,23755
4909,115493,48960
4910,55697,23682
4911,55595,23636
4912,11908,5140
4913,2551,1103
4914,123316,52312
4915,55247,23486
4916,44817,19147
4917,25357,10853
4918,95468,40406
4919,22055,9437
4920,107162,45368
4921,9901,4279
4922,60182,25551
4923,10513,4546
4924,82030,34815
4925,45820,19553
4926,31249,13373
4927,125220,53161
4928,3800,1668
4929,82444,34988
4930,81688,34667
4931,35852,15350
4932,114720,48609
4933,56051,23829
4934,63201,26830
4935,9122,3949
4936,120487,51096
4937,69481,29497
4938,46992,20039
4939,17608,7570
4940,75288,31932
4941,86553,36717
4942,92198,39041
4943,25804,11055
4944,76856,32569
4945,103824,43914
4946,86984,36880
4947,120330,51022
4948,17835,7665
4949,96868,41001
4950,91421,38711
4951,122882,52112
4952,13635,5883
4953,75171,31882
4954,4334,1894
4955,84649,35916
4956,15123,6519
4957,64422,27349
4958,25740,11025
4959,113368,48053
4960,97026,41068
4961,100409,42502
4962,49827,21243
4963,32032,13723
4964,63114,26794
4965,69249,29403
4966,9003,3890
4967,3031,1328
4968,45117,19263
4969,116604,49415
4970,90309,38209
4971,102523,43381
4972,69857,29659
4973,118488,50237
4974,117402,49754
4975,64319,27295
4976,125684,53365
4977,8851,3828
4978,93086,39401
4979,46780,19940
4980,69828,29646
4981,15325,6607
4982,123621,52460
4983,44701,19097
4984,95908,40572
4985,98409,41664
4986,85293,36191
4987,13245,5714
4988,26285,11239
4989,76603,32479
4990,94399,39959
4991,33119,14204
4992,38392,16431
4993,90736,38393
4994,74703,31696
4995,97239,41153
4996,39048,16682
4997,73612,31235
4998,62394,26502
4999,126569,53733
5000,15675,6748
5001,83178,35297
5002,124455,52832
5003,130008,55177
5004,117857,49957
5005,112609,47741
5006,86909,36856
5007,109536,46378
5008,14028,6041
5009,99375,42050
5010,17676,7594
5011,123564,52433
5012,60692,25761
5013,80920,34336
5014,124270,52758
5015,55652,23663
5016,36825,15753
5017,5589,2430
5018,93707,39655
5019,111950,47421
5020,17340,7446
5021,37613,16103
5022,28428,12158
5023,44636,19067
5024,117380,49745
5025,91668,38819
5026,101120,42806
5027,32017,13715
5028,94079,39796
5029,25058,10734
5030,44410,18962
5031,127225,54021
5032,64946,27574
5033,108324,45870
5034,39312,16808
5035,89012,37696
5036,30683,13119
5037,15487,6664
5038,11265,4880
5039,34988,14992
5040,62901,26706
5041,81633,34636
5042,67970,28876
5043,122379,51888
5044,91676,38823
5045,99574,42137
5046,13754,5938
5047,52972,22536
5048,27857,11905
5049,10699,4638
5050,103890,43944
5051,26196,11203
5052,25762,11034
5053,66162,28085
5054,15366,6621
5055,105683,44720
5056,851,368
5057,30690,13123
5058,74133,31453
5059,90191,38165
5060,13491,5819
5061,36123,15454
5062,102235,43261
5063,13031,5618
5064,17932,7706
5065,121796,51640
5066,45684,19488
5067,87915,37237
5068,1914,820
5069,62848,26681
5070,61378,26060
5071,34949,14976
5072,104934,44400
5073,110649,46858
5074,66934,28423
5075,73632,31245
5076,106777,45195
5077,82836,35150
5078,67902,28849
5079,842,362
5080,46766,19929
5081,50010,21332
5082,89306,37808
5083,99899,42278
5084,23331,9988
5085,23536,10075
5086,89424,37852
5087,88409,37439
5088,125752,53393
5089,15600,6718
5090,39842,17028
5091,3908,1714
5092,42012,17941
5093,6091,2668
5094,88943,37666
5095,125426,53259
5096,14783,6367
5097,32757,14038
5098,23757,10183
5099,86629,36747
5100,16643,7164
5101,130222,55268
5102,124582,52895
5103,17181,7391
5104,109778,46481
5105,115982,49159
5106,72229,30663
5107,56891,24182
5108,60969,25874
5109,74253,31507
5110,62350,26484
5111,7844,3417
5112,89047,37717
5113,102464,43354
5114,121063,51332
5115,83517,35452
5116,80555,34164
5117,122813,52086
5118,47907,20406
5119,114572,48539
5120,130065,55200
5121,61186,25973
5122,126549,53719
5123,13262,5723
5124,113794,48222
5125,117108,49636
5126,17115,7369
5127,48231,20559
5128,25326,10839
5129,85322,36204
5130,82298,34927
5131,89152,37755
5132,123806,52547
5133,123540,52422
5134,92784,39280
5135,87980,37260
5136,73716,31284
5137,123106,52212
5138,1035,428
5139,75397,31977
5140,53983,22960
5141,116276,49278
5142,106571,45104
5143,32848,14076
5144,52473,22330
5145,56694,24103
5146,75590,32067
5147,23745,10177
5148,14086,6069
5149,119819,50804
5150,99434,42078
5151,65498,27815
5152,16529,7109
5153,91908,38916
5154,111025,47025
5155,14282,6156
5156,108785,46065
5157,129618,55010
5158,101373,42901
5159,108370,45889
5160,19158,8204
5161,13184,5686
5162,70962,30139
5163,46365,19769
5164,75526,32036
5165,63190,26824
5166,61631,26171
5167,34464,14760
5168,4981,2187
5169,129588,55002
5170,31052,13293
5171,112825,47830
5172,66094,28058
5173,25095,10750
5174,50117,21373
5175,27766,11867
5176,129256,54870
5177,46202,19701
5178,54537,23184
5179,125736,53386
5180,34249,14663
5181,74342,31543
5182,13274,5729
5183,20635,8851
5184,66462,28212
5185,6263,2752
5186,120948,51290
5187,115863,49122
5188,129732,55065
5189,72608,30820
5190,13651,5891
5191,7072,3112
5192,9865,4265
5193,19765,8473
5194,11294,4893
5195,11701,5057
5196,97398,41216
5197,43710,18664
5198,114681,48587
5199,41352,17654
5200,97683,41340
5201,118283,50150
5202,62665,26611
5203,27007,11562
5204,56784,24142
5205,54648,23233
5206,10244,4427
5207,110217,46662
5208,31783,13600
5209,119547,50678
5210,17258,7421
5211,2272,981
5212,22249,9524
5213,130106,55215
5214,82063,34826
5215,15093,6506
5216,51604,21985
5217,88067,37297
5218,36268,15512
5219,18475,7934
5220,54076,22995
5221,81430,34546
5222,117486,49796
5223,83455,35432
5224,69465,29493
5225,74516,31615
5226,55787,23722
5227,41456,17700
5228,22559,9652
5229,7135,3138
5230,41137,17564
5231,124208,52733
5232,116127,49215
5233,27673,11829
5234,76468,32423
5235,29473,12600
5236,26809,11478
5237,120383,51045
5238,60976,25880
5239,60852,25833
5240,28504,12189
5241,115034,48756
5242,45874,19574
5243,57940,24605
5244,54015,22974
5245,82181,34879
5246,73791,31307
5247,15584,6708
5248,87173,36952
5249,105594,44680
5250,11911,5142
5251,77953,33052
5252,106712,45162
5253,18156,7802
5254,28792,12303
5255,101356,42894
5256,28252,12084
5257,122876,52109
5258,66962,28433
5259,102317,43292
5260,71793,30480
5261,34714,14875
5262,5016,2199
5263,73194,31066
5264,16711,7190
5265,38325,16408
5266,49261,21000
5267,66041,28033
5268,3995,1756
5269,75819,32159
5270,60655,25749
5271,92577,39191
5272,94969,40196
5273,70953,30134
5274,116722,49473
5275,106591,45110
5276,118149,50090
5277,44339,18933
5278,100698,42643
5279,2664,1150
5280,93103,39408
5281,32662,14004
5282,25956,11120
5283,87979,37259
5284,127795,54266
5285,5062,2220
5286,85316,36200
5287,54200,23050
5288,18273,7848
5289,61569,26143
5290,27501,11754
5291,105810,44774
5292,67014,28457
5293,84269,35755
5294,29302,12521
5295,68924,29277
5296,97971,41469
5297,110565,46820
5298,47509,20252
5299,17227,7409
5300,73012,30989
5301,106385,45019
5302,94797,40125
5303,36852,15766
5304,57165,24288
5305,30745,13150
5306,24316,10410
5307,116815,49514
5308,35116,15044
5309,52014,22147
5310,46130,19679
5311,51012,21734
5312,107557,45543
5313,20632,8848
5314,24054,10306
5315,54977,23378
5316,125074,53105
5317,15548,6694
5318,73018,30991
5319,100709,42648
5320,106468,45054
5321,95877,40558
5322,20371,8731
5323,22639,9683
5324,103327,43709
5325,83857,35604
5326,44915,19183
5327,38603,16518
5328,28436,12164
5329,106205,44940
5330,28677,12251
5331,25148,10763
5332,123100,52210
5333,39084,16704
5334,86115,36546
5335,75482,32014
5336,33588,14414
5337,53637,22804
5338,27805,11883
5339,23980,10276
5340,45086,19250
5341,5999,2630
5342,88088,37307
5343,121177,51378
5344,43249,18470
5345,128971,54744
5346,27999,11972
5347,65126,27660
5348,100804,42683
5349,118857,50386
5350,91265,38631
5351,25394,10867
5352,103826,43915
5353,32085,13753
5354,125143,53127
5355,77365,32781
5356,49799,21229
5357,23264,9954
5358,10867,4709
5359,3017,1319
5360,27061,11584
5361,127232,54024
5362,71418,30327
5363,73368,31135
5364,74004,31397
5365,130025,55183
5366,65137,27665
5367,97020,41064
5368,50459,21511
5369,22518,9636
5370,53822,22886
5371,10818,4687
5372,119202,50535
5373,59229,25145
5374,25017,10715
5375,6291,2766
5376,34932,14969
5377,121341,51449
5378,50256,21433
5379,44015,18790
5380,28283,12099
5381,70299,29852
5382,22892,9795
5383,54033,22980
5384,79962,33890
5385,402,165
5386,91349,38673
5387,11433,4951
5388,111268,47126
5389,87416,37050
5390,56560,24049
5391,126096,53534
5392,130016,55179
5393,126644,53768
5394,14444,6225
5395,29415,12576
5396,49735,21199
5397,83969,35650
5398,101652,43019
5399,78919,33452
5400,56593,24059
5401,31506,13485
5402,99447,42082
5403,129105,54803
5404,68599,29147
5405,128873,54710
5406,43805,18701
5407,39821,17015
5408,101839,43098
5409,106175,44929
5410,115795,49097
5411,82013,34805
5412,9654,4179
5413,91759,38856
5414,23321,9984
5415,55773,23719
5416,70827,30074
5417,29285,12516
5418,37570,16084
5419,126238,53600
5420,101750,43064
5421,27043,11575
5422,72059,30591
5423,105264,44544
5424,118733,50328
5425,44403,18958
5426,48100,20493
5427,98881,41854
5428,130391,55356
5429,28567,12212
5430,119842,50812
5431,32252,13835
5432,78246,33183
5433,88968,37678
5434,36328,15540
5435,65484,27810
5436,122450,51919
5437,8098,3515
5438,69714,29599
5439,9458,4091
5440,24745,10597
5441,87221,36974
5442,123598,52447
5443,123361,52334
5444,54346,23108
5445,6287,2764
5446,21960,9401
5447,20472,8780
5448,79254,33587
5449,100094,42354
5450,103569,43816
5451,34149,14619
5452,91603,38782
5453,127421,54105
5454,95438,40394
5455,94163,39841
5456,10086,4364
5457,89406,37844
5458,107329,45441
5459,92731,39259
5460,82008,34802
5461,100079,42346
5462,56414,23984
5463,42046,17954
5464,54700,23256
5465,66471,28214
5466,113016,47912
5467,115778,49087
5468,27067,11588
5469,16542,7116
5470,87839,37214
5471,34665,14849
5472,49941,21304
5473,37638,16115
5474,79050,33501
5475,104087,44023
5476,92305,39079
5477,44654,19076
5478,6243,2745
5479,112299,47594
5480,58072,24662
5481,36404,15569
5482,56588,24058
5483,59417,25225
5484,105020,44434
5485,30723,13142
5486,95254,40321
5487,88018,37278
5488,3878,1698
5489,63105,26787
5490,123508,52403
5491,124888,53023
5492,95071,40249
5493,86851,36838
5494,116827,49518
5495,111309,47138
5496,72394,30733
5497,37860,16210
5498,25444,10886
5499,67991,28883
5500,89986,38080
5501,46017,19631
5502,27692,11837
5503,120373,51039
5504,36145,15460
5505,99688,42181
5506,113071,47933
5507,15158,6532
5508,15761,6783
5509,100678,42633
5510,52309,22268
5511,61467,26104
5512,15151,6529
5513,63676,27026
5514,1216,511
5515,72866,30934
5516,58766,24954
5517,67952,28870
5518,33184,14230
5519,36986,15821
5520,8675,3744
5521,33870,14515
5522,17402,7474
5523,43594,18616
5524,49686,21177
5525,127442,54111
5526,107503,45519
5527,64002,27165
5528,47364,20187
5529,19075,8168
5530,78275,33194
5531,5941,2606
5532,7580,3320
5533,5933,2602
5534,17377,7461
5535,42712,18246
5536,77111,32672
5537,79579,33734
5538,86123,36550
5539,82351,34948
5540,68018,28891
5541,619,260
5542,9779,4230
5543,36510,15615
5544,30552,13064
5545,29812,12756
5546,129041,54771
5547,91188,38592
5548,66288,28139
5549,1127,468
5550,37136,15890
5551,85705,36370
5552,87840,37215
5553,83987,35654
5554,57019,24230
5555,58410,24808
5556,114759,48625
5557,3258,1427
5558,7398,3250
5559,74571,31642
5560,107924,45694
5561,55835,23736
5562,74439,31585
5563,90538,38310
5564,122530,51954
5565,27289,11666
5566,13854,5981
5567,51490,21939
5568,26591,11381
5569,84004,35663
5570,11819,5114
5571,52943,22521
5572,94513,40006
5573,62313,26465
5574,118029,50032
5575,100046,42331
5576,27062,11585
5577,106898,45246
5578,130340,55333
5579,108827,46081
5580,53752,22857
5581,12257,5286
5582,72991,30983
5583,107261,45414
5584,93829,39702
5585,112787,47814
5586,73043,31000
5587,42340,18085
5588,15183,6541
5589,96156,40677
5590,118805,50361
5591,2669,1153
5592,4580,2007
5593,48479,20672
5594,15687,6753
5595,69635,29564
5596,97137,41118
5597,3410,1503
5598,64964,27582
5599,83425,35418
5600,129651,55028
5601,53085,22574
5602,128332,54484
5603,111182,47091
5604,115556,48988
5605,3595,1581
5606,120078,50910
5607,121649,51584
5608,2857,1235
5609,79546,33720
5610,38058,16293
5611,107887,45676
5612,115172,48816
5613,84467,35845
5614,66636,28296
5615,95452,40401
5616,72962,30971
5617,59563,25283
5618,36579,15647
5619,74679,31678
5620,81379,34527
5621,107371,45463
5622,82057,34824
5623,16914,7280
5624,109679,46443
5625,86187,36577
5626,21099,9050
5627,88214,37359
5628,21424,9185
5629,74517,31616
5630,152,69
5631,106970,45275
5632,89380,37835
5633,18212,7828
5634,41217,17597
5635,100068,42342
5636,93089,39403
5637,64028,27178
5638,91000,38508
5639,55668,23666
5640,52104,22184
5641,123676,52486
5642,79755,33801
5643,80105,33949
5644,58206,24719
5645,129804,55100
5646,107278,45424
5647,19157,8203
5648,48165,20523
5649,30417,13013
5650,96769,40954
5651,69053,29330
5652,105086,44464
5653,101586,42987
5654,82138,34858
5655,48374,20625
5656,60438,25650
5657,33313,14287
5658,117703,49890
5659,36055,15432
5660,1453,629
5661,56641,24076
5662,19034,8151
5663,80749,34259
5664,57886,24581
5665,91111,38558
5666,56668,24090
5667,38739,16566
5668,18521,7954
5669,19720,8455
5670,12689,5476
5671,95940,40588
5672,97533,41274
5673,77701,32942
5674,100773,42669
5675,130000,55174
5676,79305,33609
5677,38790,16585
5678,56800,24148
5679,31541,13499
5680,11735,5072
5681,36627,15668
5682,100151,42386
5683,46946,20018
5684,110706,46889
5685,77370,32783
5686,33975,14564
5687,51516,21952
5688,116994,49587
5689,41816,17857
5690,9187,3971
5691,23822,10212
5692,95917,40577
5693,18451,7927
5694,98907,41864
5695,23941,10259
5696,87739,37174
5697,109246,46271
5698,37985,16265
5699,126811,53851
5700,53230,22629
5701,12792,5517
5702,79934,33878
5703,29557,12632
5704,44099,18825
5705,33792,14487
5706,4858,2128
5707,97660,41330
5708,32162,13792
5709,75307,31943
5710,39491,16878
5711,78746,33373
5712,6218,2735
5713,112340,47611
5714,117375,49743
5715,67384,28617
5716,110719,46895
5717,107317,45436
5718,49192,20970
5719,93434,39537
5720,60245,25576
5721,17025,7328
5722,911,389
5723,10621,4602
5724,108969,46147
5725,6111,2679
5726,84714,35950
5727,108750,46051
5728,17883,7683
5729,119098,50489
5730,123648,52472
5731,64242,27270
5732,112899,47869
5733,40531,17303
5734,12405,5350
5735,36372,15559
5736,54853,23319
5737,110789,46924
5738,103531,43799
5739,21762,9327
5740,6523,2886
5741,109888,46525
5742,65599,27851
5743,121396,51477
5744,24665,10561
5745,52082,22176
5746,20189,8645
5747,19775,8475
5748,56706,24107
5749,110178,46648
5750,130308,55319
5751,126277,53611
5752,17051,7340
5753,34685,14859
5754,63025,26759
5755,99409,42066
5756,77643,32910
5757,113856,48244
5758,91913,38920
5759,63458,26926
5760,118920,50414
5761,119028,50461
5762,44416,18965
5763,88498,37470
5764,50205,21410
5765,119362,50600
5766,101077,42787
5767,114132,48363
5768,55285,23503
5769,109596,46408
5770,77045,32642
5771,60084,25511
5772,33227,14251
5773,78775,33383
5774,17732,7613
5775,19808,8493
5776,42784,18274
5777,124182,52720
5778,67448,28644
5779,124220,52737
5780,53205,22619
5781,35613,15256
5782,32776,14043
5783,94655,40065
5784,53517,22760
5785,90217,38177
5786,105532,44653
5787,82626,35061
5788,119684,50747
5789,127340,54067
5790,3117,1370
5791,40961,17493
5792,21086,9044
5793,2584,1117
5794,26801,11472
5795,45357,19366
5796,88966,37677
5797,130031,55185
5798,29625,12665
5799,1291,546
5800,120157,50948
5801,83053,35237
5802,118423,50213
5803,67776,28792
5804,13926,6006
5805,12874,5545
5806,58714,24926
5807,2797,1210
5808,104916,44390
5809,63868,27110
5810,123535,52419
5811,20697,8883
5812,8089,3513
5813,47787,20359
5814,96304,40740
5815,80231,34004
5816,105351,44578
5817,38527,16490
5818,126066,53522
5819,14929,6435
5820,128644,54622
5821,55449,23574
5822,9278,4006
5823,25951,11117
5824,66744,28347
5825,47596,20285
5826,111969,47433
5827,83875,35615
5828,101531,42962
5829,63921,27136
5830,26662,11416
5831,42563,18186
5832,96319,40745
5833,97691,41342
5834,93928,39740
5835,79521,33711
5836,77515,32853
5837,108812,46075
5838,49308,21011
5839,78339,33218
5840,12374,5331
5841,37577,16088
5842,127852,54281
5843,34520,14784
5844,81365,34518
5845,76617,32483
5846,38214,16362
5847,13413,5780
5848,118905,50407
5849,83091,35257
5850,16619,7153
5851,41007,17517
5852,39190,16758
5853,101745,43063
5854,42572,18190
5855,92077,38988
5856,23334,9989
5857,55180,23461
5858,74469,31597
5859,120933,51284
5860,116349,49306
5861,47566,20274
5862,93226,39450
5863,97294,41175
5864,29354,12546
5865,122990,52160
5866,61512,26118
5867,81520,34591
5868,86529,36708
5869,14127,6088
5870,21935,9392
5871,10277,4445
5872,2611,1130
5873,17008,7321
5874,109994,46571
5875,101041,42770
5876,29039,12403
5877,6321,2782
5878,85636,36347
5879,117949,49991
5880,42281,18056
5881,50429,21498
5882,119623,50717
5883,26880,11506
5884,93352,39501
5885,123899,52590
5886,108716,46038
5887,43760,18679
5888,51640,22002
5889,101873,43111
5890,64397,27334
5891,71130,30215
5892,125177,53141
5893,58973,25037
5894,114705,48600
5895,101980,43156
5896,20747,8904
5897,111144,47078
5898,90373,38232
5899,70011,29729
5900,34082,14596
5901,49119,20939
5902,116676,49452
5903,40170,17166
5904,15515,6675
5905,72693,30864
5906,40457,17272
5907,111065,47040
5908,9366,4050
5909,37367,15994
5910,37233,15937
5911,66050,28036
5912,86799,36820
5913,14081,6065
5914,39203,16766
5915,106240,44953
5916,21484,9209
5917,94587,40038
5918,66556,28261
5919,12413,5356
5920,61000,25887
5921,5759,2509
5922,62855,26685
5923,37880,16215
5924,125470,53281
5925,15364,6619
5926,59919,25438
5927,15303,6597
5928,38273,16386
5929,77329,32767
5930,21093,9048
5931,130128,55228
5932,19318,8276
5933,106357,45002
5934,127437,54110
5935,65888,27972
5936,4970,2180
5937,115020,48749
5938,47669,20315
5939,35589,15251
5940,22229,9515
5941,127039,53951
5942,71555,30381
5943,83568,35475
5944,107199,45383
5945,26608,11389
5946,58633,24896
5947,90834,38435
5948,62153,26402
5949,793,339
5950,43432,18552
5951,25273,10818
5952,124043,52655
5953,708,304
5954,126697,53797
5955,23638,10131
5956,2457,1068
5957,8178,3548
5958,111626,47267
5959,48123,20506
5960,82070,34828
5961,16409,7060
5962,17366,7457
5963,106168,44926
5964,49199,20974
5965,68512,29106
5966,113532,48116
5967,101670,43024
5968,32113,13764
5969,8792,3797
5970,53749,22855
5971,21913,9384
5972,98986,41900
5973,13067,5632
5974,34914,14958
5975,102661,43431
5976,92163,39025
5977,54020,22975
5978,2862,1237
5979,111898,47390
5980,10889,4719
5981,9103,3937
5982,52707,22425
5983,42071,17967
5984,16790,7227
5985,18000,7732
5986,11125,4820
5987,128394,54512
5988,98813,41829
5989,75460,32007
5990,44781,19131
5991,39327,16816
5992,78669,33350
5993,66748,28349
5994,42738,18258
5995,149,68
5996,73792,31308
5997,116110,49206
5998,64146,27230
5999,47073,20083
6000,107178,45374
6001,85427,36243
6002,113236,47994
6003,94791,40121
6004,79015,33490
6005,4891,2146
6006,19786,8481
6007,109637,46425
6008,83915,35627
6009,79211,33568
6010,97241,41154
6011,52320,22271
6012,119103,50492
6013,42661,18220
6014,1622,697
6015,22419,9592
6016,43282,18486
6017,127217,54016
6018,103476,43768
6019,9884,4271
6020,97215,41143
6021,772,329
6022,91045,38532
6023,100558,42576
6024,63473,26935
6025,72359,30716
6026,2851,1232
6027,16401,7055
6028,45172,19295
6029,5668,2466
6030,108534,45954
6031,121333,51444
6032,107051,45314
6033,35534,15224
6034,74745,31711
6035,121484,51519
6036,45807,19547
6037,59719,25348
6038,80424,34097
6039,2432,1054
6040,32591,13971
6041,116309,49289
6042,102785,43487
6043,110013,46584
6044,114225,48400
6045,104449,44188
6046,16830,7245
6047,72047,30587
6048,37264,15955
6049,52415,22313
6050,71642,30422
6051,51981,22137
6052,11704,5059
6053,42615,18203
6054,452,190
6055,7307,3209
6056,17419,7484
6057,16714,7193
6058,118266,50143
6059,69763,29619
6060,88064,37295
6061,26106,11171
6062,111862,47377
6063,65221,27701
6064,79657,33764
6065,26416,11296
6066,118957,50431
6067,73554,31206
6068,106570,45103
6069,111648,47279
6070,3359,1479
6071,79394,33650
6072,68347,29029
6073,52171,22215
6074,80288,34028
6075,55920,23776
6076,40708,17385
6077,121042,51322
6078,121316,51436
6079,20375,8734
6080,84763,35971
6081,72225,30660
6082,121347,51452
6083,3555,1566
6084,53498,22750
6085,9669,4185
6086,88511,37475
6087,43900,18736
6088,90878,38454
6089,107102,45340
6090,84356,35794
6091,58541,24861
6092,76470,32424
6093,78198,33161
6094,80459,34114
6095,16215,6973
6096,15429,6642
6097,113127,47956
6098,64646,27442
6099,98855,41841
6100,113755,48212
6101,21167,9081
6102,118328,50169
6103,20669,8868
6104,129766,55080
6105,92011,38953
6106,86251,36599
6107,13813,5962
6108,39474,16874
6109,51583,21974
6110,107585,45558
6111,18164,7805
6112,71587,30396
6113,101826,43094
6114,14841,6394
6115,59022,25056
6116,290,129
6117,30132,12897
6118,99286,42011
6119,27804,11882
6120,105868,44799
6121,100052,42334
6122,99,44
6123,59909,25432
6124,1740,750
6125,61293,26023
6126,43814,18704
6127,127644,54198
6128,73442,31158
6129,85579,36314
6130,110542,46813
6131,42215,18031
6132,30380,12997
6133,52390,22301
6134,12385,5339
6135,57159,24285
6136,99503,42100
6137,2067,889
6138,33903,14532
6139,86728,36788
6140,40950,17489
6141,58266,24747
6142,6840,3012
6143,123949,52611
6144,22999,9845
6145,53861,22907
6146,118486,50235
6147,24060,10309
6148,98834,41836
6149,67745,28773
6150,109686,46446
6151,109628,46419
6152,114906,48694
6153,38759,16572
6154,107364,45460
6155,73101,31026
6156,119060,50474
6157,23550,10080
6158,92872,39321
6159,55022,23397
6160,10279,4446
6161,115471,48949
6162,81646,34642
6163,6394,2822
6164,31020,13280
6165,86283,36614
6166,25032,10720
6167,49421,21064
6168,31479,13471
6169,92177,39032
6170,110179,46649
6171,98297,41610
6172,46659,19885
6173,107209,45388
6174,22939,9820
6175,15218,6556
6176,10771,4666
6177,33387,14320
6178,130260,55288
6179,104398,44161
6180,64292,27286
6181,18549,7964
6182,34732,14881
6183,126951,53913
6184,73758,31295
6185,121092,51342
6186,105522,44649
6187,64088,27208
6188,64547,27401
6189,11225,4866
6190,42873,18309
6191,18325,7872
6192,27660,11820
6193,68509,29104
6194,55967,23795
6195,5101,2234
6196,121483,51518
6197,41032,17527
6198,55510,23601
6199,61196,25979
6200,50236,21423
6201,110933,46984
6202,116842,49524
6203,125475,53283
6204,76020,32240
6205,10975,4759
6206,102599,43403
6207,130337,55332
6208,33406,14332
6209,14261,6148
6210,86587,36730
6211,7359,3233
6212,6049,2648
6213,69392,29457
6214,36917,15794
6215,117177,49668
6216,60668,25753
6217,14671,6319
6218,20443,8761
6219,20497,8794
6220,74118,31447
6221,87222,36975
6222,1432,617
6223,5903,2586
6224,6903,3042
6225,68375,29043
6226,15258,6576
6227,34778,14896
6228,70641,29999
6229,16792,7228
6230,83615,35493
6231,103723,43871
6232,36603,15656
6233,29706,12705
6234,29159,12459
6235,13639,5884
6236,72111,30618
6237,36364,15554
6238,2007,864
6239,40337,17221
6240,112070,47476
6241,23775,10188
6242,48288,20583
6243,47457,20227
6244,21849,9366
6245,9886,4272
6246,47463,20230
6247,98,43
6248,44900,19178
6249,24304,10403
6250,18693,8022
6251,19846,8510
6252,72339,30709
6253,34311,14691
6254,28689,12256
6255,68362,29035
6256,12854,5539
6257,129712,55053
6258,89045,37716
6259,45910,19581
6260,27264,11654
6261,25801,11054
6262,40152,17155
6263,107507,45522
6264,35212,15088
6265,45374,19372
6266,84224,35739
6267,24247,10384
6268,33523,14378
6269,65622,27861
6270,75084,31846
6271,118421,50212
6272,6369,2809
6273,7500,3290
6274,19436,8322
6275,1904,816
6276,27947,11948
6277,75691,32101
6278,50060,21354
6279,90412,38251
6280,8452,3662
6281,83556,35468
6282,55677,23671
6283,21367,9161
6284,110166,46642
6285,109242,46267
6286,101368,42898
6287,18104,7780
6288,29928,12806
6289,100838,42697
6290,18117,7785
6291,39039,16678
6292,71340,30303
6293,751,316
6294,11579,5009
6295,22371,9573
6296,24131,10342
6297,64176,27240
6298,79912,33875
6299,125751,53392
6300,98000,41482
6301,3657,1605
6302,90939,38481
6303,104191,44071
6304,63260,26854
6305,4375,1917
6306,1440,621
6307,51099,21767
6308,90515,38300
6309,18650,8006
6310,1548,667
6311,110987,47009
6312,12678,5472
6313,23802,10200
6314,101054,42776
6315,21409,9178
6316,111310,47139
6317,22421,9593
6318,35537,15226
6319,92936,39347
6320,9658,4181
6321,56906,24189
6322,98059,41506
6323,39693,16964
6324,38363,16423
6325,56226,23899
6326,5832,2550
6327,80244,34011
6328,73843,31331
6329,44943,19192
6330,103534,43801
6331,19999,8568
6332,45643,19473
6333,43193,18441
6334,99886,42269
6335,62201,26421
6336,200,94
6337,32586,13969
6338,42109,17984
6339,59638,25308
6340,118014,50022
6341,129110,54805
6342,87452,37065
6343,120099,50918
6344,31448,13457
6345,48218,20553
6346,75324,31950
6347,37151,15897
6348,92350,39098
6349,4783,2096
6350,81645,34641
6351,8562,3698
6352,35867,15358
6353,19924,8535
6354,24736,10592
6355,78189,33158
6356,3825,1677
6357,104310,44124
6358,70994,30156
6359,73702,31279
6360,83274,35350
6361,801,343
6362,11962,5168
6363,104586,44247
6364,82530,35027
6365,114881,48685
6366,9297,4018
6367,98909,41866
6368,113828,48232
6369,53617,22798
6370,18426,7915
6371,76868,32575
6372,15918,6853
6373,73800,31312
6374,107565,45545
6375,118900,50404
6376,66455,28209
6377,83005,35219
6378,47371,20191
6379,14484,6241
6380,45076,19246
6381,97841,41406
6382,97483,41251
6383,44452,18985
6384,114832,48660
6385,8226,3567
6386,37483,16047
6387,105410,44602
6388,93887,39725
6389,76824,32557
6390,20942,8991
6391,53954,22947
6392,126748,53822
6393,3883,1701
6394,50925,21698
6395,87834,37212
6396,50932,21702
6397,2101,906
6398,114988,48736
6399,18132,7794
6400,34540,14796
6401,88870,37640
6402,43966,18764
6403,122923,52131
6404,2439,1058
6405,8653,3735
6406,116300,49285
6407,25178,10777
6408,128110,54398
6409,26240,11221
6410,87801,37197
6411,41606,17765
6412,13891,5993
6413,29392,12563
6414,15081,6500
6415,30735,13147
6416,24423,10454
6417,71938,30547
6418,84702,35942
6419,6005,2632
6420,33389,14321
6421,116896,49545
6422,54824,23308
6423,106337,44994
6424,6074,2659
6425,103486,43773
6426,71857,30507
6427,73605,31231
6428,45504,19420
6429,68564,29131
6430,41310,17635
6431,40823,17438
6432,39120,16724
6433,16271,6993
6434,119116,50501
6435,93809,39692
6436,66893,28408
6437,13072,5635
6438,113813,48230
6439,103493,43776
6440,13893,5995
6441,27739,11856
6442,46255,19724
6443,10259,4436
6444,129219,54852
6445,67697,28748
6446,60207,25561
6447,50702,21607
6448,15908,6849
6449,14056,6054
6450,56081,23839
6451,126546,53717
6452,63825,27095
6453,117294,49707
6454,66334,28156
6455,48557,20700
6456,5559,2410
6457,44045,18801
6458,7974,3470
6459,25645,10978
6460,17997,7731
6461,114905,48693
6462,2849,1230
6463,15576,6706
6464,116215,49260
6465,78094,33115
6466,59955,25454
6467,3655,1603
6468,25692,11006
6469,13981,6022
6470,36706,15700
6471,128273,54462
6472,69123,29358
6473,7514,3298
6474,113891,48260
6475,66218,28105
6476,52364,22295
6477,610,255
6478,39114,16722
6479,63782,27078
6480,4438,1949
6481,34451,14752
6482,55038,23404
6483,115800,49098
6484,53516,22759
6485,98546,41721
6486,78880,33431
6487,61884,26283
6488,98775,41814
6489,14708,6341
6490,59898,25426
6491,96073,40645
6492,31859,13638
6493,9616,4161
6494,126159,53569
6495,20175,8635
6496,97342,41198
6497,47885,20399
6498,74806,31739
6499,8604,3719
6500,50008,21331
6501,48384,20629
6502,6415,2830
6503,35784,15324
6504,36747,15720
6505,19810,8494
6506,86100,36541
6507,110239,46673
6508,71852,30503
6509,66265,28126
6510,119135,50508
6511,103616,43833
6512,32463,13921
6513,11204,4857
6514,47824,20374
6515,101992,43158
6516,91197,38596
6517,83034,35230
6518,87933,37242
6519,24748,10599
6520,56833,24159
6521,37154,15899
6522,119247,50547
6523,74461,31592
6524,6901,3040
6525,32692,14010
6526,3336,1465
6527,648,269
6528,123567,52436
6529,101682,43029
6530,48255,20572
6531,43306,18495
6532,14707,6340
6533,18225,7835
6534,28834,12317
6535,67765,28786
6536,24307,10405
6537,69178,29380
6538,22504,9630
6539,127916,54315
6540,23132,9903
6541,95752,40508
6542,73588,31220
6543,35815,15337
6544,97957,41463
6545,63546,26961
6546,40588,17326
6547,129546,54980
6548,89253,37791
6549,22860,9782
6550,5273,2302
6551,78523,33299
6552,89756,37984
6553,86366,36648
6554,57128,24267
6555,10896,4723
6556,47419,20212
6557,106787,45200
6558,105792,44763
6559,87829,37209
6560,94471,39987
6561,60234,25571
6562,47814,20371
6563,65425,27781
6564,32919,14112
6565,118168,50097
6566,43160,18425
6567,91638,38804
6568,101628,43008
6569,1795,775
6570,32478,13929
6571,16913,7279
6572,40511,17293
6573,116977,49581
6574,108028,45739
6575,54599,23214
6576,2629,1136
6577,124716,52951
6578,125805,53410
6579,118545,50253
6580,12080,5220
6581,44337,18932
6582,46376,19774
6583,40320,17214
6584,85558,36302
6585,71210,30247
6586,102682,43440
6587,43947,18755
6588,92644,39224
6589,51684,22022
6590,5743,2504
6591,45722,19505
6592,86025,36509
6593,41882,17884
6594,47123,20104
6595,14824,6384
6596,25450,10890
6597,120227,50983
6598,27698,11838
6599,83221,35318
6600,48351,20610
6601,112704,47782
6602,111259,47124
6603,102082,43193
6604,127604,54176
6605,16151,6951
6606,114433,48483
6607,110883,46958
6608,98595,41740
6609,6461,2853
6610,88978,37683
6611,105033,44441
6612,6162,2707
6613,95990,40610
6614,130252,55283
6615,66640,28299
6616,105862,44797
6617,21848,9365
6618,79290,33604
6619,7426,3261
6620,102404,43327
6621,120591,51145
6622,27198,11627
6623,35420,15169
6624,68082,28920
6625,50613,21572
6626,8632,3729
6627,43159,18424
6628,98146,41549
6629,11576,5008
6630,127911,54310
6631,32298,13851
6632,76670,32496
6633,73021,30993
6634,27700,11839
6635,32015,13714
6636,117967,50001
6637,79688,33781
6638,44504,19007
6639,53919,22931
6640,90732,38390
6641,65524,27826
6642,125390,53244
6643,18852,8083
6644,24902,10673
6645,60923,25857
6646,21856,9370
6647,45005,19215
6648,101377,42905
6649,90537,38309
6650,28596,12226
6651,25751,11030
6652,62883,26699
6653,57926,24597
6654,70168,29800
6655,14421,6213
6656,49109,20933
6657,115264,48851
6658,126346,53641
6659,63833,27098
6660,75561,32056
6661,48761,20784
6662,40639,17351
6663,45111,19261
6664,98021,41489
6665,96530,40842
6666,69441,29479
6667,81757,34693
6668,1422,611
6669,39404,16844
6670,92048,38972
6671,116515,49384
6672,52132,22201
6673,94813,40132
6674,13371,5763
6675,91137,38572
6676,66538,28254
6677,34759,14891
6678,14012,6036
6679,116453,49356
6680,99566,42131
6681,110682,46879
6682,83827,35590
6683,43286,18489
6684,83418,35416
6685,77197,32707
6686,99788,42224
6687,98716,41795
6688,48366,20620
6689,63200,26829
6690,85210,36150
6691,81790,34704
6692,129193,54838
6693,108047,45748
6694,86500,36698
6695,99651,42169
6696,78868,33425
6697,109938,46549
6698,122660,52014
6699,20376,8735
6700,12786,5514
6701,111141,47077
6702,82812,35145
6703,22839,9772
6704,27393,11709
6705,78838,33411
6706,115211,48829
6707,31954,13688
6708,76379,32387
6709,118511,50241
6710,34943,14973
6711,1962,841
6712,98916,41870
6713,83457,35433
6714,79936,33879
6715,40495,17286
6716,105141,44486
6717,40685,17372
6718,70339,29867
6719,123335,52321
6720,56113,23850
6721,47632,20301
6722,1550,668
6723,12380,5335
6724,72026,30582
6725,123371,52338
6726,9131,3955
6727,109967,46563
6728,23186,9929
6729,64067,27195
6730,125916,53458
6731,124193,52726
6732,69799,29633
6733,105895,44812
6734,63194,26826
6735,119498,50655
6736,91886,38905
6737,56968,24216
6738,57610,24469
6739,2310,994
6740,26535,11353
6741,96419,40793
6742,129043,54773
6743,90733,38391
6744,48377,20627
6745,120451,51078
6746,21921,9389
6747,98235,41581
6748,10287,4450
6749,62632,26593
6750,4800,2102
6751,87148,36944
6752,55690,23679
6753,67429,28637
6754,18353,7886
6755,62871,26693
6756,68455,29078
6757,94744,40100
6758,6301,2773
6759,11662,5038
6760,296,132
6761,47826,20375
6762,42818,18282
6763,4340,1898
6764,21488,9212
6765,6136,2694
6766,61811,26253
6767,4961,2176
6768,92756,39269
6769,109358,46313
6770,8353,3618
6771,22724,9721
6772,97149,41122
6773,41531,17736
6774,58901,25002
6775,39136,16733
6776,128530,54575
6777,54479,23162
6778,102150,43229
6779,85856,36443
6780,26357,11274
6781,67334,28588
6782,3940,1730
6783,35995,15410
6784,126855,53874
6785,108130,45778
6786,31708,13567
6787,121936,51704
6788,112688,47772
6789,43497,18584
6790,53418,22715
6791,113648,48165
6792,46870,19983
6793,44414,18964
6794,10732,4650
6795,20044,8581
6796,21241,9115
6797,59365,25205
6798,81696,34670
6799,41496,17720
6800,91785,38865
6801,61700,26204
6802,73930,31368
6803,68624,29162
6804,107008,45295
6805,27883,11918
6806,117087,49625
6807,95712,40496
6808,82089,34835
6809,78889,33436
6810,85656,36353
6811,102556,43391
6812,25657,10988
6813,65789,27931
6814,122109,51783
6815,87446,37062
6816,74279,31519
6817,102338,43300
6818,20864,8957
6819,68820,29238
6820,90747,38399
6821,109817,46494
6822,102272,43274
6823,104154,44055
6824,123662,52480
6825,62885,26700
6826,5917,2593
6827,2927,1270
6828,123914,52595
6829,24444,10461
6830,58344,24781
6831,116255,49271
6832,116758,49486
6833,35646,15269
6834,102531,43384
6835,84983,36064
6836,51695,22026
6837,38150,16333
6838,24678,10566
6839,10019,4330
6840,95662,40477
6841,91214,38605
6842,14606,6289
6843,88843,37623
6844,127131,53987
6845,17090,7357
6846,12740,5500
6847,120956,51292
6848,112589,47732
6849,29198,12478
6850,122527,51951
6851,57347,24351
6852,20691,8880
6853,120459,51081
6854,4379,1921
6855,30809,13175
6856,74730,31704
6857,13619,5873
6858,79977,33900
6859,895,381
6860,121710,51607
6861,13664,5898
6862,124787,52977
6863,8172,3545
6864,32064,13743
6865,120294,51011
6866,100639,42623
6867,74783,31729
6868,39845,17031
6869,126041,53504
6870,62777,26651
6871,102829,43504
6872,19759,8470
6873,117006,49593
6874,29816,12758
6875,111196,47099
6876,64367,27319
6877,19925,8536
6878,26366,11279
6879,115402,48917
6880,48819,20803
6881,34616,14828
6882,8789,3794
6883,120437,51069
6884,43229,18458
6885,125086,53109
6886,4985,2188
6887,11539,4993
6888,85455,36258
6889,3766,1649
6890,15664,6743
6891,44073,18812
6892,39811,17011
6893,37215,15927
6894,79215,33571
6895,119908,50845
6896,112039,47464
6897,39319,16812
6898,3596,1582
6899,124397,52807
6900,19920,8533
6901,27608,11794
6902,108043,45746
6903,77393,32792
6904,57129,24268
6905,102848,43512
6906,9549,4133
6907,27119,11604
6908,27390,11706
6909,97704,41346
6910,81165,34434
6911,48575,20711
6912,2410,1043
6913,98810,41827
6914,68966,29297
6915,12348,5320
6916,58202,24717
6917,2467,1071
6918,81819,34718
6919,106043,44871
6920,20883,8968
6921,92349,39097
6922,32911,14108
6923,102749,43472
6924,67018,28459
6925,87010,36889
6926,27052,11578
6927,85845,36436
6928,84062,35682
6929,31181,13341
6930,84711,35948
6931,8171,3544
6932,35250,15103
6933,82990,35212
6934,79472,33683
6935,66341,28160
6936,90323,38215
6937,88629,37524
6938,87392,37036
6939,100248,42433
6940,70166,29799
6941,118796,50355
6942,14528,6257
6943,72597,30817
6944,92316,39084
6945,73514,31187
6946,36730,15712
6947,130154,55238
6948,19168,8211
6949,43365,18520
6950,23479,10054
6951,106687,45149
6952,85614,36333
6953,121693,51600
6954,7499,3289
6955,120620,51156
6956,99830,42245
6957,105627,44693
6958,79406,33659
6959,1812,780
6960,88438,37452
6961,117410,49760
6962,41584,17760
6963,80540,34155
6964,86702,36774
6965,88078,37302
6966,36335,15545
6967,64218,27258
6968,103020,43582
6969,79079,33511
6970,45275,19336
6971,83278,35353
6972,49451,21076
6973,124815,52988
6974,42621,18206
6975,126330,53633
6976,576,241
6977,43415,18547
6978,116539,49397
6979,13467,5807
6980,23445,10034
6981,36150,15461
6982,112123,47504
6983,754,318
6984,65284,27724
6985,6064,2654
6986,122570,51974
6987,49557,21122
6988,46041,19642
6989,127890,54300
6990,18469,7932
6991,40834,17446
6992,126054,53512
6993,61207,25986
6994,43199,18445
6995,78255,33187
6996,42889,18317
6997,64605,27425
6998,114206,48395
6999,11210,4859
7000,49264,21002
7001,7813,3406
7002,2469,1073
7003,28998,12389
7004,26927,11529
7005,92939,39348
7006,55946,23787
7007,105049,44450
7008,52539,22360
7009,86713,36778
7010,32859,14084
7011,88719,37567
7012,71485,30353
7013,114078,48340
7014,67495,28663
7015,44267,18896
7016,114332,48441
7017,74390,31564
7018,93031,39383
7019,13317,5744
7020,52373,22297
7021,122245,51840
7022,2412,1045
7023,117090,49626
7024,19450,8327
7025,88768,37590
7026,30294,12965
7027,80110,33952
7028,65813,27943
7029,5932,2601
7030,12670,5469
7031,123909,52594
7032,127786,54264
7033,29736,12719
7034,87188,36960
7035,78096,33116
7036,123309,52308
7037,39122,16725
7038,1836,786
7039,105661,44708
7040,16634,7159
7041,17119,7370
7042,113683,48181
7043,27232,11640
7044,121131,51359
7045,110954,46993
7046,125256,53180
7047,80307,34037
7048,75593,32069
7049,82101,34841
7050,43126,18412
7051,22425,9595
7052,37640,16116
7053,56630,24071
7054,16903,7273
7055,53182,22610
7056,20621,8844
7057,89791,38001
7058,39604,16926
7059,111506,47219
7060,34289,14680
7061,11945,5163
7062,54103,23006
7063,124566,52886
7064,40297,17205
7065,28724,12271
7066,68996,29312
7067,116950,49569
7068,110214,46661
7069,42879,18313
7070,10538,4555
7071,74981,31797
7072,47458,20228
7073,38431,16451
7074,77004,32623
7075,119269,50557
7076,57518,24433
7077,127034,53950
7078,53124,22589
7079,120483,51094
7080,109185,46240
7081,50015,21336
7082,8639,3732
7083,80395,34079
7084,128506,54562
7085,98302,41612
7086,69850,29656
7087,22877,9787
7088,39424,16853
7089,31128,13316
7090,117458,49783
7091,15155,6530
7092,119872,50827
7093,102670,43435
7094,34924,14965
7095,65798,27936
7096,128658,54630
7097,54768,23283
7098,128194,54436
7099,18140,7797
7100,1694,729
7101,52559,22372
7102,87932,37241
7103,19807,8492
7104,11687,5050
7105,49514,21103
7106,36039,15425
7107,109842,46506
7108,116610,49419
7109,28734,12278
7110,13700,5915
7111,15196,6547
7112,122563,51971
7113,75020,31817
7114,50695,21604
7115,77306,32758
7116,27032,11569
7117,119614,50710
7118,115321,48880
7119,114178,48382
7120,31819,13620
7121,32615,13981
7122,67982,28878
7123,88897,37649
7124,26332,11261
7125,26158,11190
7126,35306,15123
7127,43680,18650
7128,54328,23103
7129,111926,47404
7130,9867,4266
7131,13694,5911
7132,13734,5925
7133,35035,15013
7134,44961,19201
7135,78128,33132
7136,123748,52519
7137,53455,22730
7138,99638,42161
7139,25530,10919
7140,40135,17146
7141,1526,659
7142,64863,27535
7143,92997,39367
7144,130291,55307
7145,76151,32297
7146,88912,37654
7147,7860,3424
7148,22132,9476
7149,2996,1306
7150,88401,37434
7151,115142,48803
7152,79975,33898
7153,50540,21542
7154,4354,1907
7155,20590,8833
7156,114978,48732
7157,123383,52346
7158,115564,48991
7159,35014,15004
7160,697,297
7161,54945,23365
7162,123710,52500
7163,77770,32969
7164,80147,33966
7165,35896,15369
7166,99427,42073
7167,59665,25323
7168,108908,46120
7169,35129,15051
7170,40452,17270
7171,109781,46483
7172,115589,49004
7173,24519,10494
7174,31632,13538
7175,39922,17064
7176,83670,35516
7177,10253,4433
7178,72519,30784
7179,102394,43323
7180,83379,35395
7181,51774,22064
7182,64189,27247
7183,12054,5206
7184,46792,19945
7185,50330,21464
7186,117942,49988
7187,104326,44128
7188,122064,51765
7189,67659,28735
7190,464,194
7191,51275,21842
7192,77424,32807
7193,36534,15627
7194,85443,36250
7195,5535,2403
7196,125831,53420
7197,7354,3230
7198,55882,23752
7199,101247,42864
7200,35983,15405
7201,94788,40119
7202,83997,35659
7203,108888,46110
7204,96236,40713
7205,37539,16073
7206,66419,28194
7207,33558,14396
7208,22835,9770
7209,111091,47053
7210,61705,26207
7211,114415,48477
7212,126638,53765
7213,1618,695
7214,130166,55244
7215,37330,15982
7216,83785,35568
7217,18444,7922
7218,26622,11398
7219,38644,16537
7220,97862,41413
7221,102950,43555
7222,10674,4626
7223,3509,1547
7224,127389,54088
7225,16343,7031
7226,97696,41343
7227,57468,24411
7228,52068,22168
7229,16547,7119
7230,114583,48545
7231,6692,2949
7232,112747,47797
7233,46575,19847
7234,951,398
7235,80780,34274
7236,64457,27366
7237,81962,34785
7238,70381,29888
7239,68568,29134
7240,86262,36605
7241,104225,44090
7242,107183,45377
7243,92887,39324
7244,126619,53757
7245,53901,22921
7246,69547,29529
7247,81784,34703
7248,45223,19320
7249,40536,17304
7250,22670,9698
7251,25975,11126
7252,116365,49314
7253,25248,10806
7254,62457,26522
7255,44731,19108
7256,14161,6100
7257,119843,50813
7258,52597,22383
7259,54561,23197
7260,16869,7262
7261,82404,34970
7262,63128,26801
7263,110072,46609
7264,117073,49619
7265,76745,32524
7266,110812,46929
7267,14141,6094
7268,101278,42874
7269,15280,6583
7270,124121,52693
7271,41621,17773
7272,26878,11504
7273,48776,20790
7274,86168,36568
7275,64577,27413
7276,107241,45403
7277,97422,41225
7278,126439,53677
7279,116182,49240
7280,96585,40864
7281,44070,18811
7282,32435,13913
7283,35614,15257
7284,103658,43846
7285,91211,38603
7286,92382,39110
7287,82176,34875
7288,26947,11539
7289,23244,9947
7290,101333,42887
7291,126284,53614
7292,47633,20302
7293,69271,29413
7294,107485,45511
7295,94806,40130
7296,92894,39329
7297,47975,20435
7298,16947,7293
7299,3963,1739
7300,91220,38609
7301,1892,810
7302,112102,47492
7303,46556,19840
7304,60523,25696
7305,39911,17058
7306,7328,3219
7307,92946,39349
7308,25230,10794
7309,58024,24640
7310,1314,560
7311,38246,16374
7312,87640,37140
7313,57852,24565
7314,81988,34795
7315,101878,43112
7316,71476,30349
7317,112687,47771
7318,27783,11874
7319,22085,9451
7320,96489,40825
7321,38012,16273
7322,61422,26081
7323,77988,33069
7324,102329,43297
7325,127262,54032
7326,34927,14966
7327,11786,5094
7328,22611,9669
7329,100004,42316
7330,51755,22054
7331,81742,34685
7332,6698,2952
7333,59302,25172
7334,118304,50158
7335,66373,28175
7336,83025,35226
7337,19913,8531
7338,59903,25429
7339,44088,18818
7340,121400,51479
7341,65981,28012
7342,117789,49928
7343,55991,23803
7344,82997,35215
7345,96223,40704
7346,126104,53539
7347,61079,25927
7348,121125,51355
7349,127932,54319
7350,21626,9268
7351,54163,23029
7352,3501,1541
7353,2411,1044
7354,122449,51918
7355,442,184
7356,127211,54014
7357,5038,2209
7358,49911,21284
7359,54279,23081
7360,15818,6807
7361,80943,34347
7362,55685,23678
7363,1626,698
7364,1239,522
7365,93544,39590
7366,72833,30922
7367,116773,49492
7368,70103,29765
7369,72101,30613
7370,103091,43612
7371,6363,2805
7372,115396,48915
7373,41337,17643
7374,1518,655
7375,83309,35367
7376,41517,17729
7377,4568,2001
7378,81182,34441
7379,8766,3784
7380,76495,32432
7381,69140,29367
7382,46658,19884
7383,72346,30712
7384,32524,13946
7385,56186,23883
7386,109376,46320
7387,11267,4882
7388,61693,26201
7389,92088,38994
7390,31583,13516
7391,42748,18261
7392,130164,55243
7393,4133,1812
7394,98365,41643
7395,43479,18577
7396,89337,37819
7397,27788,11876
7398,26578,11375
7399,94188,39858
7400,57704,24505
7401,122869,52103
7402,4300,1877
7403,110406,46748
7404,83648,35507
7405,83088,35255
7406,75950,32207
7407,69818,29642
7408,124216,52736
7409,9468,4097
7410,113634,48160
7411,22089,9453
7412,129455,54943
7413,61804,26250
7414,97486,41254
7415,11387,4939
7416,91858,38890
7417,114125,48360
7418,52806,22461
7419,64003,27166
7420,49661,21162
7421,55384,23544
7422,101945,43139
7423,73118,31035
7424,70977,30148
7425,124573,52890
7426,119350,50595
7427,112679,47767
7428,38593,16512
7429,9853,4262
7430,110046,46598
7431,127190,54007
7432,1852,792
7433,26714,11436
7434,2500,1082
7435,39515,16890
7436,116042,49180
7437,56036,23822
7438,92294,39074
7439,16919,7284
7440,36988,15823
7441,95311,40344
7442,79126,33532
7443,88783,37596
7444,19566,8382
7445,114611,48560
7446,33067,14183
7447,11874,5126
7448,47053,20070
7449,121505,51528
7450,108311,45862
7451,66863,28394
7452,92019,38955
7453,11991,5180
7454,72127,30623
7455,53887,22917
7456,127733,54240
7457,69340,29440
7458,39067,16693
7459,46591,19856
7460,2741,1183
7461,82489,35009
7462,47462,20229
7463,77331,32768
7464,62278,26452
7465,113258,48007
7466,100325,42464
7467,55772,23718
7468,68595,29146
7469,32793,14052
7470,104833,44360
7471,52288,22260
7472,85376,36229
7473,89131,37745
7474,70002,29723
7475,24385,10440
7476,111398,47171
7477,11033,4785
7478,111320,47142
7479,109244,46269
7480,31766,13592
7481,111746,47323
7482,124442,52827
7483,21452,9197
7484,72204,30650
7485,43288,18490
7486,76293,32352
7487,10269,4440
7488,107318,45437
7489,87140,36941
7490,94310,39919
7491,84470,35846
7492,72499,30774
7493,124926,53041
7494,20187,8644
7495,2663,1149
7496,62640,26600
7497,64893,27549
7498,106808,45208
7499,50898,21687
7500,76012,32234
7501,99156,41960
7502,78329,33211
7503,106243,44956
7504,21558,9243
7505,68798,29229
7506,82271,34921
7507,6832,3010
7508,27602,11792
7509,98995,41903
7510,129221,54853
7511,89595,37915
7512,38402,16436
7513,128367,54499
7514,86778,36812
7515,80662,34216
7516,90503,38292
7517,15051,6489
7518,83864,35609
7519,97466,41243
7520,57655,24482
7521,106320,44987
7522,24728,10590
7523,75693,32103
7524,51540,21962
7525,26491,11329
7526,100782,42674
7527,49609,21143
7528,49939,21303
7529,93447,39542
7530,98277,41600
7531,112172,47530
7532,4176,1824
7533,77839,33002
7534,41631,17778
7535,111917,47397
7536,37605,16099
7537,35144,15058
7538,73204,31070
7539,64184,27244
7540,20087,8601
7541,50520,21536
7542,10773,4667
7543,75291,31935
7544,92150,39019
7545,24899,10672
7546,93910,39734
7547,57532,24441
7548,117278,49701
7549,115224,48835
7550,80257,34016
7551,99803,42229
7552,48748,20778
7553,49994,21326
7554,90816,38429
7555,45616,19465
7556,35154,15059
7557,46043,19643
7558,87793,37192
7559,13436,5790
7560,58925,25014
7561,74558,31636
7562,91529,38754
7563,2743,1184
7564,96651,40895
7565,7509,3294
7566,8176,3547
7567,110896,46966
7568,78904,33443
7569,8791,3796
7570,45752,19521
7571,54928,23360
7572,72469,30763
7573,23823,10213
7574,109965,46562
7575,86738,36796
7576,109289,46285
7577,27309,11673
7578,93868,39717
7579,93365,39505
7580,22971,9835
7581,108424,45913
7582,112197,47543
7583,45956,19600
7584,45032,19227
7585,114017,48312
7586,56947,24204
7587,10398,4499
7588,114346,48447
7589,55248,23487
7590,47481,20239
7591,94147,39833
7592,90949,38486
7593,94475,39989
7594,70932,30124
7595,123867,52573
7596,95948,40589
7597,92373,39106
7598,6648,2933
7599,27000,11560
7600,48423,20652
7601,51388,21892
7602,61310,26028
7603,7518,3300
7604,113389,48062
7605,76919,32596
7606,3139,1376
7607,2307,992
7608,111031,47027
7609,5804,2534
7610,17483,7515
7611,116126,49214
7612,45045,19232
7613,89375,37833
7614,40617,17340
7615,128435,54530
7616,86527,36707
7617,123627,52462
7618,1099,458
7619,80582,34177
7620,97625,41316
7621,19505,8353
7622,4108,1807
7623,7128,3134
7624,17776,7636
7625,119099,50490
7626,65823,27947
7627,20300,8699
7628,91126,38566
7629,2118,913
7630,17276,7423
7631,35670,15278
7632,78879,33430
7633,61219,25992
7634,111631,47270
7635,72502,30775
7636,12701,5480
7637,24547,10506
7638,67515,28671
7639,77352,32773
7640,61002,25888
7641,45870,19572
7642,21390,9170
7643,17395,7470
7644,69901,29677
7645,22942,9822
7646,32861,14085
7647,51320,21856
7648,116166,49232
7649,97403,41218
7650,64894,27550
7651,21233,9109
7652,70453,29921
7653,114865,48677
7654,50859,21670
7655,77543,32868
7656,59762,25366
7657,25900,11094
7658,45422,19389
7659,63461,26928
7660,89525,37888
7661,62590,26574
7662,95991,40611
7663,30637,13099
7664,216,100
7665,123996,52632
7666,100503,42547
7667,126017,53497
7668,65647,27871
7669,43207,18450
7670,123548,52425
7671,129579,54996
7672,81983,34791
7673,39505,16884
7674,94284,39905
7675,108929,46129
7676,122953,52147
7677,34315,14693
7678,35054,15020
7679,45185,19303
7680,18639,8001
7681,47097,20091
7682,108156,45789
7683,20426,8754
7684,7510,3295
7685,54635,23229
7686,4860,2129
7687,110184,46652
7688,46478,19806
7689,66696,28324
7690,32117,13767
7691,112819,47828
7692,25856,11072
7693,19934,8543
7694,71846,30499
7695,41189,17588
7696,81449,34556
7697,37551,16078
7698,83872,35613
7699,61730,26221
7700,126715,53806
7701,57812,24550
7702,64072,27198
7703,30976,13255
7704,122518,51948
7705,88695,37554
7706,91120,38562
7707,110182,46650
7708,106300,44980
7709,88606,37516
7710,49966,21313
7711,91608,38784
7712,72772,30892
7713,87435,37056
7714,37504,16057
7715,75522,32034
7716,36742,15717
7717,110696,46884
7718,56542,24040
7719,8007,3484
7720,41771,17836
7721,63980,27157
7722,63216,26838
7723,37260,15952
7724,16962,7300
7725,77775,32972
7726,47875,20397
7727,98367,41644
7728,47037,20061
7729,41909,17893
7730,4726,2070
7731,85566,36307
7732,25154,10767
7733,69526,29518
7734,79058,33504
7735,5084,2228
7736,106698,45156
7737,2333,1006
7738,86869,36844
7739,75364,31968
7740,112573,47725
7741,98053,41504
7742,20713,8887
7743,36459,15590
7744,56929,24198
7745,46982,20034
7746,21335,9150
7747,27880,11916
7748,44336,18931
7749,69415,29470
7750,81532,34599
7751,106646,45131
7752,113038,47921
7753,37836,16193
7754,109524,46374
7755,124305,52774
7756,79601,33739
7757,49624,21147
7758,54092,23001
7759,8644,3734
7760,62303,26460
7761,13646,5888
7762,18635,7999
7763,58230,24732
7764,9212,3984
7765,43909,18740
7766,42424,18130
7767,95632,40468
7768,11560,5002
7769,91597,38778
7770,21577,9253
7771,88437,37451
7772,40220,17184
7773,87758,37181
7774,4740,2078
7775,124197,52729
7776,17698,7601
7777,32700,14015
7778,128479,54549
7779,27642,11809
7780,12727,5494
7781,35519,15215
7782,120240,50990
7783,28818,12312
7784,130184,55252
7785,102462,43352
7786,7644,3341
7787,69737,29606
7788,32648,13997
7789,2317,998
7790,121332,51443
7791,49179,20962
7792,108210,45815
7793,62264,26445
7794,116664,49444
7795,124037,52650
7796,62574,26568
7797,46757,19924
7798,93495,39563
7799,117405,49757
7800,93865,39716
7801,24498,10483
7802,679,289
7803,80589,34178
7804,57322,24344
7805,58675,24913
7806,1736,749
7807,49262,21001
7808,61629,26169
7809,1075,444
7810,74684,31682
7811,57460,24409
7812,49930,21297
7813,56612,24067
7814,14123,6086
7815,43970,18767
7816,37627,16112
7817,60722,25776
7818,68515,29108
7819,127107,53979
7820,70203,29811
7821,121085,51340
7822,120675,51178
7823,32540,13953
7824,92053,38976
7825,115969,49156
7826,79409,33660
7827,129739,55070
7828,40965,17496
7829,128970,54743
7830,80543,34158
7831,78437,33261
7832,45786,19538
7833,280,125
7834,35422,15170
7835,66887,28405
7836,97118,41106
7837,118122,50073
7838,96729,40938
7839,40769,17413
7840,7687,3362
7841,97051,41078
7842,27316,11677
7843,22780,9746
7844,51910,22112
7845,91479,38738
7846,84263,35753
7847,101976,43154
7848,101227,42853
7849,30150,12901
7850,118244,50131
7851,44407,18961
7852,101576,42981
7853,28396,12140
7854,107561,45544
7855,100488,42537
7856,107416,45479
7857,76597,32476
7858,114036,48323
7859,40103,17135
7860,616,258
7861,97913,41439
7862,17256,7419
7863,116620,49425
7864,118608,50280
7865,70808,30067
7866,116180,49238
7867,49088,20923
7868,61643,26175
7869,51706,22030
7870,80298,34033
7871,128897,54720
7872,10887,4718
7873,52336,22284
7874,61676,26195
7875,84009,35665
7876,91675,38822
7877,91273,38635
7878,114872,48680
7879,47630,20299
7880,68570,29135
7881,106540,45091
7882,127326,54059
7883,44283,18904
7884,119234,50545
7885,120284,51006
7886,66410,28190
7887,17684,7596
7888,30591,13082
7889,100816,42686
7890,82464,34998
7891,23383,10012
7892,48122,20505
7893,22402,9585
7894,119466,50640
7895,92548,39176
7896,57913,24592
7897,81934,34771
7898,22211,9509
7899,11235,4870
7900,111955,47425
7901,100824,42692
7902,68410,29061
7903,75728,32117
7904,30609,13088
7905,122755,52062
7906,16145,6949
7907,64435,27354
7908,28387,12135
7909,59536,25274
7910,123685,52489
7911,89384,37837
7912,97499,41261
7913,44868,19165
7914,79113,33526
7915,80326,34048
7916,86775,36811
7917,31002,13270
7918,103291,43694
7919,63611,26998
7920,36526,15622
7921,61258,26010
7922,23671,10150
7923,52718,22429
7924,9522,4121
7925,83452,35430
7926,126473,53691
7927,116941,49565
7928,14286,6158
7929,47990,20439
7930,59859,25408
7931,21103,9052
7932,68037,28903
7933,105879,44805
7934,24409,10449
7935,18193,7818
7936,46975,20031
7937,21917,9386
7938,97786,41380
7939,81149,34425
7940,81293,34487
7941,7743,3383
7942,66542,28255
7943,89574,37905
7944,101536,42965
7945,56129,23859
7946,124619,52913
7947,9030,3905
7948,108226,45823
7949,100821,42690
7950,116790,49499
7951,104651,44280
7952,22468,9615
7953,71181,30233
7954,53941,22940
7955,19902,8527
7956,17677,7595
7957,72074,30600
7958,101372,42900
7959,83079,35252
7960,123328,52315
7961,25506,10909
7962,12916,5565
7963,78773,33382
7964,110290,46695
7965,7025,3101
7966,6714,2957
7967,23924,10251
7968,41680,17798
7969,112911,47873
7970,96573,40860
7971,21746,9322
7972,90372,38231
7973,19331,8281
7974,41270,17618
7975,23606,10114
7976,98508,41708
7977,13600,5863
7978,112335,47609
7979,116333,49300
7980,66752,28351
7981,20153,8628
7982,30154,12903
7983,71513,30364
7984,69284,29420
7985,36334,15544
7986,82833,35149
7987,27353,11693
7988,10671,4624
7989,89264,37794
7990,21131,9064
7991,62151,26401
7992,100212,42418
7993,1280,540
7994,130047,55190
7995,58255,24743
7996,90192,38166
7997,31677,13553
7998,33392,14323
7999,20387,8738
8000,27496,11751
8001,129242,54865
8002,64079,27203
8003,96871,41003
8004,27836,11900
8005,78052,33098
8006,63937,27144
8007,58666,24908
8008,8062,3506
8009,87811,37204
8010,57328,24346
8011,119409,50619
8012,28538,12200
8013,64684,27456
8014,74472,31598
8015,129942,55148
8016,78912,33447
8017,1293,548
8018,123044,52184
8019,12728,5495
8020,129713,55054
8021,128177,54424
8022,99815,42238
8023,129678,55039
8024,3351,1474
8025,56685,24099
8026,25666,10993
8027,122364,51883
8028,12254,5283
8029,47740,20342
8030,26065,11161
8031,104584,44246
8032,6465,2857
8033,36959,15813
8034,59437,25236
8035,63655,27016
8036,44315,18918
8037,124434,52822
8038,54767,23282
8039,3904,1712
8040,9461,4094
8041,62510,26544
8042,96346,40759
8043,26754,11456
8044,89507,37881
8045,102436,43342
8046,66587,28279
8047,81107,34410
8048,82640,35071
8049,64931,27567
8050,121980,51728
8051,5388,2348
8052,188,88
8053,108924,46126
8054,7420,3257
8055,98588,41736
8056,75299,31937
8057,86565,36722
8058,21526,9226
8059,91385,38695
8060,51680,22018
8061,108326,45871
8062,71594,30401
8063,68477,29087
8064,74402,31570
8065,91559,38764
8066,97258,41159
8067,49101,20928
8068,24052,10304
8069,50876,21681
8070,80718,34241
8071,95709,40495
8072,119399,50614
8073,52330,22280
8074,91728,38846
8075,33993,14570
8076,107139,45358
8077,43767,18683
8078,96847,40988
8079,51864,22094
8080,91470,38732
8081,124876,53016
8082,7855,3422
8083,5494,2386
8084,16292,7006
8085,76439,32412
8086,67531,28679
8087,116123,49212
8088,73850,31337
8089,3033,1330
8090,65772,27923
8091,26731,11444
8092,4356,1908
8093,39763,16992
8094,54275,23079
8095,23411,10020
8096,16433,7072
8097,49528,21108
8098,40261,17194
8099,45804,19545
8100,100343,42472
8101,44750,19116
8102,113218,47989
8103,98157,41554
8104,120943,51288
8105,77013,32626
8106,111081,47045
8107,119740,50771
8108,40669,17364
8109,86559,36720
8110,25619,10964
8111,61124,25945
8112,43153,18420
8113,56243,23908
8114,40949,17488
8115,122893,52119
8116,65372,27757
8117,64865,27537
8118,26485,11326
8119,107191,45381
8120,94586,40037
8121,114886,48686
8122,3508,1546
8123,83809,35580
8124,97500,41262
8125,81300,34490
8126,47532,20265
8127,66765,28355
8128,52785,22452
8129,98589,41737
8130,52436,22321
8131,10872,4711
8132,110754,46910
8133,126676,53786
8134,38785,16584
8135,26355,11272
8136,112574,47726
8137,65700,27895
8138,127658,54208
8139,50294,21449
8140,104928,44396
8141,80228,34001
8142,83366,35392
8143,86473,36687
8144,23340,9992
8145,20072,8594
8146,95209,40304
8147,46234,19714
8148,10348,4477
8149,118316,50164
8150,16447,7078
8151,77968,33060
8152,8543,3694
8153,111615,47263
8154,111295,47136
8155,33425,14340
8156,97343,41199
8157,85563,36304
8158,108535,45955
8159,64906,27557
8160,44893,19177
8161,41425,17688
8162,68017,28890
8163,105727,44735
8164,9296,4017
8165,126198,53585
8166,57729,24514
8167,129826,55107
8168,52774,22447
8169,61080,25928
8170,125536,53308
8171,63539,26959
8172,48167,20524
8173,58100,24675
8174,51972,22134
8175,77259,32733
8176,21109,9054
8177,58550,24863
8178,101901,43121
8179,35091,15037
8180,74398,31568
8181,114703,48599
8182,14781,6366
8183,76024,32242
8184,70580,29979
8185,106697,45155
8186,90975,38498
8187,68581,29141
8188,58646,24902
8189,103989,43979
8190,53719,22843
8191,48091,20488
8192,126879,53883
8193,28729,12274
8194,93717,39661
8195,50687,21602
8196,33958,14554
8197,77434,32812
8198,24698,10575
8199,88304,37390
8200,111487,47208
8201,30,15
8202,91388,38697
8203,110726,46898
8204,67143,28509
8205,96759,40949
8206,15277,6582
8207,46894,19995
8208,30634,13097
8209,76940,32603
8210,36899,15785
8211,90226,38178
8212,122669,52018
8213,22015,9419
8214,102913,43540
8215,72694,30865
8216,126166,53573
8217,54610,23221
8218,33890,14527
8219,90154,38150
8220,35466,15189
8221,61369,26057
8222,124038,52651
8223,96539,40846
8224,58338,24776
8225,734,312
8226,44468,18992
8227,71805,30486
8228,11179,4842
8229,14733,6348
8230,63617,26999
8231,66818,28378
8232,29316,12527
8233,47348,20182
8234,85851,36440
8235,86725,36785
8236,73669,31263
8237,19022,8146
8238,66737,28343
8239,5246,2293
8240,78863,33423
8241,7983,3476
8242,74403,31571
8243,14348,6186
8244,130318,55325
8245,79068,33506
8246,96964,41044
8247,56687,24101
8248,34489,14770
8249,14867,6405
8250,26768,11459
8251,94245,39886
8252,24875,10656
8253,69648,29570
8254,44219,18874
8255,107827,45647
8256,10675,4627
8257,82735,35113
8258,37769,16166
8259,74524,31622
8260,2228,957
8261,113458,48088
8262,102359,43308
8263,57396,24377
8264,44599,19052
8265,104231,44092
8266,71247,30260
8267,117141,49649
8268,47213,20140
8269,46228,19712
8270,64016,27170
8271,110454,46774
8272,120392,51048
8273,73899,31356
8274,119548,50679
8275,41623,17774
8276,41765,17833
8277,96329,40749
8278,38029,16280
8279,15043,6484
8280,109731,46468
8281,62104,26381
8282,84991,36068
8283,63428,26917
8284,8467,3672
8285,85037,36081
8286,24516,10492
8287,80657,34213
8288,111824,47361
8289,19023,8147
8290,26564,11368
8291,85642,36348
8292,113563,48130
8293,804,344
8294,96951,41037
8295,12952,5581
8296,116062,49189
8297,25296,10830
8298,48415,20648
8299,30120,12892
8300,87913,37236
8301,99942,42293
8302,96471,40819
8303,41957,17918
8304,21584,9255
8305,26037,11149
8306,9957,4301
8307,84427,35827
8308,44688,19093
8309,68393,29052
8310,10558,4570
8311,83208,35311
8312,102217,43255
8313,120754,51216
8314,119961,50867
8315,72512,30780
8316,124268,52757
8317,111436,47188
8318,97847,41408
8319,70975,30146
8320,33744,14470
8321,16499,7099
8322,22848,9775
8323,87521,37089
8324,111749,47326
8325,52254,22249
8326,11698,5055
8327,51397,21898
8328,40831,17443
8329,27819,11889
8330,40200,17176
8331,67213,28541
8332,99432,42076
8333,96413,40787
8334,28196,12059
8335,74802,31737
8336,48749,20779
8337,54927,23359
8338,755,319
8339,42135,17999
8340,105498,44641
8341,47994,20440
8342,84892,36023
8343,106440,45040
8344,124333,52784
8345,95296,40336
8346,50855,21667
8347,49726,21196
8348,106266,44965
8349,76955,32607
8350,40176,17168
8351,59819,25391
8352,72673,30853
8353,18186,7817
8354,123297,52302
8355,17428,7489
8356,19670,8434
8357,31809,13614
8358,108233,45829
8359,114756,48623
8360,89104,37736
8361,78477,33280
8362,17066,7347
8363,40459,17273
8364,81185,34443
8365,3569,1569
8366,66415,28192
8367,51447,21920
8368,51264,21838
8369,113720,48197
8370,109949,46550
8371,16708,7188
8372,28634,12239
8373,89060,37723
8374,27885,11919
8375,29084,12427
8376,53249,22635
8377,126563,53729
8378,111292,47134
8379,112264,47577
8380,36071,15439
8381,110003,46578
8382,13738,5928
8383,34962,14981
8384,116316,49293
8385,113629,48158
8386,106185,44933
8387,14558,6270
8388,33941,14547
8389,84728,35957
8390,125889,53445
8391,98482,41697
8392,49244,20995
8393,22173,9494
8394,60848,25831
8395,94995,40208
8396,94236,39881
8397,85839,36433
8398,8058,3504
8399,107350,45453
8400,109809,46491
8401,117538,49821
8402,56271,23919
8403,42113,17988
8404,75907,32193
8405,43283,18487
8406,23910,10246
8407,50940,21706
8408,50452,21508
8409,90355,38225
8410,119767,50785
8411,15993,6885
8412,15296,6592
8413,91232,38612
8414,126893,53889
8415,43664,18644
8416,58821,24975
8417,25691,11005
8418,69244,29401
8419,102516,43377
8420,42206,18028
8421,38332,16412
8422,113524,48113
8423,28703,12260
8424,9231,3991
8425,64186,27246
8426,103106,43618
8427,125502,53294
8428,73544,31202
8429,22275,9534
8430,112030,47459
8431,60759,25792
8432,81890,34753
8433,110170,46644
8434,47408,20207
8435,12514,5399
8436,42087,17977
8437,60808,25815
8438,77606,32894
8439,54793,23294
8440,73479,31171
8441,73257,31095
8442,46626,19870
8443,85745,36390
8444,46402,19782
8445,13536,5838
8446,60648,25745
8447,61985,26333
8448,76742,32522
8449,67990,28882
8450,73533,31195
8451,27619,11796
8452,40424,17258
8453,87185,36958
8454,111906,47392
8455,20924,8984
8456,107630,45572
8457,100328,42465
8458,63132,26803
8459,73570,31215
8460,13804,5959
8461,76222,32331
8462,67215,28542
8463,86689,36769
8464,106290,44975
8465,62440,26518
8466,37464,16039
8467,77885,33020
8468,43238,18463
8469,29746,12725
8470,101705,43044
8471,63004,26752
8472,58343,24780
8473,70093,29760
8474,124905,53029
8475,60556,25710
8476,35271,15112
8477,32947,14123
8478,110396,46744
8479,34903,14954
8480,114998,48740
8481,18473,7933
8482,99363,42045
8483,55300,23511
8484,29281,12514
8485,14644,6307
8486,41788,17843
8487,116145,49223
8488,69693,29589
8489,115912,49134
8490,35570,15243
8491,51545,21964
8492,17114,7368
8493,41940,17910
8494,3868,1691
8495,43542,18602
8496,5819,2544
8497,54527,23177
8498,83572,35477
8499,5507,2389
8500,55719,23693
8501,80864,34311
8502,36802,15739
8503,27513,11762
8504,104718,44311
8505,66857,28392
8506,15749,6779
8507,44239,18885
8508,16809,7235
8509,120090,50914
8510,3983,1750
8511,37693,16137
8512,83009,35221
8513,55048,23410
8514,129336,54895
8515,13672,5901
8516,3411,1504
8517,44788,19134
8518,103482,43771
8519,13674,5902
8520,101163,42826
8521,120449,51076
8522,124245,52747
8523,110435,46764
8524,97787,41381
8525,41077,17544
8526,129349,54900
8527,26291,11242
8528,32036,13725
8529,47657,20310
8530,114271,48419
8531,57522,24435
8532,26721,11438
8533,102086,43195
8534,67275,28565
8535,61041,25907
8536,71443,30336
8537,110639,46854
8538,22543,9645
8539,75821,32160
8540,101001,42755
8541,79125,33531
8542,80292,34031
8543,91057,38539
8544,121719,51612
8545,126849,53872
8546,1650,708
8547,125176,53140
8548,104746,44322
8549,78067,33105
8550,15765,6785
8551,52589,22380
8552,54995,23387
8553,122916,52128
8554,38480,16473
8555,32006,13708
8556,73834,31326
8557,57892,24585
8558,13707,5917
8559,18378,7897
8560,36317,15534
8561,4677,2045
8562,123798,52542
8563,95644,40471
8564,120334,51024
8565,122701,52032
8566,102620,43415
8567,71283,30278
8568,65881,27969
8569,11465,4966
8570,35373,15153
8571,14320,6176
8572,78496,33287
8573,32182,13803
8574,91036,38526
8575,21156,9079
8576,49369,21038
8577,104563,44233
8578,114949,48710
8579,49821,21242
8580,123342,52325
8581,124543,52876
8582,93653,39634
8583,22577,9658
8584,96213,40701
8585,58018,24636
8586,27665,11824
8587,14640,6306
8588,125102,53114
8589,36812,15743
8590,40953,17490
8591,47624,20296
8592,83518,35453
8593,14615,6291
8594,129104,54802
8595,125001,53073
8596,18586,7977
8597,64633,27436
8598,81012,34377
8599,94696,40081
8600,119886,50834
8601,52078,22175
8602,121083,51339
8603,108332,45874
8604,74808,31740
8605,52520,22352
8606,111464,47198
8607,121016,51312
8608,127258,54029
8609,101801,43083
8610,29671,12684
8611,85648,36350
8612,67747,28775
8613,35436,15176
8614,49915,21287
8615,33327,14294
8616,14736,6349
8617,74319,31534
8618,80855,34303
8619,27719,11847
8620,52864,22490
8621,6071,2657
8622,73680,31268
8623,69161,29375
8624,34069,14591
8625,120027,50891
8626,47116,20101
8627,109012,46165
8628,87983,37262
8629,129373,54910
8630,69919,29683
8631,49998,21327
8632,44692,19095
8633,33241,14255
8634,32903,14103
8635,59933,25445
8636,70358,29876
8637,15779,6792
8638,81412,34541
8639,39081,16701
8640,43797,18697
8641,3037,1333
8642,46936,20014
8643,109119,46213
8644,1449,626
8645,6678,2944
8646,76952,32605
8647,86674,36762
8648,53684,22827
8649,50306,21454
8650,112253,47572
8651,70365,29879
8652,30724,13143
8653,44075,18813
8654,45676,19485
8655,53819,22883
8656,3951,1735
8657,67405,28625
8658,32340,13874
8659,92739,39263
8660,85943,36476
8661,106093,44890
8662,92481,39146
8663,107342,45447
8664,90880,38455
8665,75756,32128
8666,100369,42482
8667,28132,12035
8668,9191,3972
8669,103893,43946
8670,95826,40535
8671,26028,11147
8672,109212,46252
8673,128352,54492
8674,6588,2909
8675,11359,4928
8676,1304,554
8677,29171,12466
8678,51681,22019
8679,51153,21791
8680,29049,12410
8681,103073,43604
8682,38092,16310
8683,78945,33464
8684,80386,34076
8685,32207,13816
8686,106784,45197
8687,5326,2321
8688,45755,19523
8689,30096,12879
8690,130381,55351
8691,63444,26922
8692,70562,29971
8693,116394,49327
8694,24627,10548
8695,41376,17662
8696,60142,25536
8697,110226,46667
8698,119652,50731
8699,17488,7518
8700,14337,6182
8701,88532,37486
8702,51168,21797
8703,82654,35078
8704,13077,5637
8705,91079,38547
8706,81246,34464
8707,15905,6846
8708,121229,51400
8709,93280,39474
8710,5566,2415
8711,80531,34152
8712,65272,27719
8713,86648,36755
8714,33380,14318
8715,25731,11023
8716,62857,26686
8717,108128,45777
8718,5366,2337
8719,22091,9454
8720,111020,47022
8721,90318,38213
8722,57214,24307
8723,37906,16227
8724,124150,52707
8725,26062,11159
8726,107075,45324
8727,114130,48362
8728,99822,42241
8729,113027,47917
8730,84727,35956
8731,5799,2531
8732,48196,20540
8733,53675,22824
8734,85125,36114
8735,29436,12583
8736,60413,25642
8737,44266,18895
8738,10316,4461
8739,97341,41197
8740,48896,20843
8741,126762,53829
8742,119090,50484
8743,74994,31804
8744,121906,51688
8745,110369,46730
8746,6106,2677
8747,87784,37191
8748,116572,49407
8749,109576,46397
8750,22998,9844
8751,1275,536
8752,37392,16006
8753,51617,21991
8754,71068,30186
8755,116296,49284
8756,56747,24128
8757,69782,29627
8758,82263,34918
8759,56511,24027
8760,100784,42675
8761,74936,31780
8762,100705,42645
8763,96586,40865
8764,47149,20115
8765,71830,30494
8766,52953,22525
8767,116446,49353
8768,38822,16597
8769,125922,53461
8770,127015,53942
8771,48517,20685
8772,64580,27415
8773,80879,34318
8774,87594,37123
8775,81499,34580
8776,103056,43595
8777,119146,50516
8778,47254,20151
8779,68,29
8780,124549,52879
8781,6476,2862
8782,93319,39486
8783,41785,17841
8784,119619,50714
8785,73122,31038
8786,130150,55235
8787,34734,14882
8788,61365,26054
8789,108084,45757
8790,73903,31360
8791,17965,7718
8792,64408,27341
8793,17915,7700
8794,63604,26991
8795,23650,10137
8796,91649,38810
8797,79549,33721
8798,20050,8582
8799,9576,4146
8800,11699,5056
8801,30353,12985
8802,41166,17576
8803,104465,44194
8804,52888,22499
8805,65188,27684
8806,14125,6087
8807,103560,43810
8808,56089,23842
8809,20763,8913
8810,92989,39365
8811,84388,35810
8812,92613,39209
8813,69890,29672
8814,97797,41385
8815,81795,34708
8816,60199,25558
8817,78939,33462
8818,75078,31843
8819,87794,37193
8820,12231,5276
8821,5106,2237
8822,97723,41356
8823,127847,54280
8824,78782,33387
8825,130187,55254
8826,65210,27698
8827,26398,11291
8828,68095,28925
8829,52083,22177
8830,66082,28051
8831,71031,30172
8832,47,19
8833,101846,43101
8834,46850,19971
8835,104545,44224
8836,106807,45207
8837,129365,54906
8838,34206,14644
8839,82995,35214
8840,86923,36862
8841,31671,13550
8842,17349,7449
8843,82329,34939
8844,116424,49341
8845,76200,32322
8846,114109,48353
8847,18628,7994
8848,57443,24397
8849,17730,7611
8850,75625,32081
8851,91100,38553
8852,40963,17495
8853,98440,41682
8854,111704,47303
8855,27401,11712
8856,77811,32984
8857,106877,45234
8858,16249,6985
8859,78364,33228
8860,14526,6255
8861,96482,40822
8862,65325,27739
8863,23777,10189
8864,62145,26398
8865,41647,17782
8866,113447,48082
8867,36786,15733
8868,117324,49719
8869,23752,10180
8870,112706,47783
8871,2732,1179
8872,90274,38195
8873,45801,19544
8874,113717,48196
8875,56321,23939
8876,61054,25915
8877,109530,46375
8878,90554,38318
8879,66305,28146
8880,83116,35268
8881,46543,19836
8882,69947,29699
8883,3849,1684
8884,21220,9104
8885,8709,3758
8886,90038,38103
8887,66330,28153
8888,17123,7372
8889,35851,15349
8890,45464,19402
8891,3174,1390
8892,13146,5670
8893,56480,24014
8894,117626,49855
8895,64997,27597
8896,28888,12338
8897,16730,7203
8898,10477,4532
8899,65247,27712
8900,4796,2101
8901,66766,28356
8902,50374,21479
8903,52052,22162
8904,93271,39471
8905,7253,3187
8906,85343,36216
8907,37757,16159
8908,113641,48162
8909,24782,10617
8910,25545,10927
8911,22766,9739
8912,112807,47820
8913,31134,13320
8914,18649,8005
8915,64052,27188
8916,11343,4917
8917,59367,25206
8918,10897,4724
8919,39694,16965
8920,79728,33794
8921,22098,9457
8922,109206,46248
8923,70197,29808
8924,119892,50836
8925,110915,46976
8926,101926,43133
8927,22824,9763
8928,123800,52543
8929,66945,28426
8930,79269,33594
8931,112413,47654
8932,59033,25062
8933,6472,2860
8934,894,380
8935,84541,35876
8936,20164,8632
8937,27552,11770
8938,15842,6819
8939,1590,688
8940,27249,11645
8941,84966,36053
8942,106379,45016
8943,7905,3445
8944,80939,34345
8945,71170,30227
8946,22957,9828
8947,70612,29987
8948,14312,6171
8949,95173,40291
8950,19607,8402
8951,109723,46464
8952,111262,47125
8953,55832,23735
8954,28479,12183
8955,2241,965
8956,38306,16400
8957,121643,51580
8958,74106,31442
8959,85164,36131
8960,19478,8338
8961,43617,18623
8962,70434,29912
8963,122371,51884
8964,112650,47759
8965,41999,17934
8966,80945,34348
8967,34699,14866
8968,115529,48977
8969,90142,38143
8970,66662,28307
8971,89236,37786
8972,58767,24955
8973,24565,10514
8974,65928,27991
8975,82018,34807
8976,22851,9777
8977,45953,19599
8978,94454,39981
8979,64551,27404
8980,42324,18080
8981,54982,23381
8982,13818,5965
8983,45080,19247
8984,124074,52668
8985,83768,35557
8986,114945,48707
8987,81744,34686
8988,20553,8816
8989,38529,16491
8990,8122,3525
8991,88150,37337
8992,116498,49376
8993,93070,39398
8994,6510,2882
8995,20972,8999
8996,45366,19369
8997,16645,7165
8998,24181,10364
8999,76731,32518
9000,108906,46118
9001,13415,5781
9002,32170,13798
9003,95698,40491
9004,52609,22389
9005,101000,42754
9006,37968,16257
9007,19881,8519
9008,105350,44577
9009,94733,40094
9010,116521,49386
9011,10247,4429
9012,121972,51724
9013,112839,47838
9014,63608,26995
9015,65534,27828
9016,3905,1713
9017,18947,8122
9018,54914,23354
9019,34930,14968
9020,80521,34148
9021,80456,34113
9022,40011,17097
9023,104577,44242
9024,112873,47856
9025,8307,3596
9026,92034,38967
9027,72478,30766
9028,68417,29065
9029,75555,32052
9030,96313,40743
9031,34317,14695
9032,31146,13325
9033,76196,32320
9034,1853,793
9035,25456,10893
9036,24620,10544
9037,111646,47278
9038,32736,14030
9039,27438,11728
9040,42970,18349
9041,63797,27084
9042,98016,41488
9043,73001,30986
9044,76519,32444
9045,33342,14299
9046,63992,27160
9047,5319,2316
9048,113598,48142
9049,480,202
9050,84031,35672
9051,58617,24891
9052,29803,12751
9053,80999,34373
9054,33734,14466
9055,95568,40443
9056,74931,31777
9057,16291,7005
9058,98680,41779
9059,124616,52910
9060,76243,32337
9061,105886,44808
9062,97383,41210
9063,54267,23075
9064,50556,21548
9065,4731,2073
9066,103065,43599
9067,52548,22365
9068,28728,12273
9069,50076,21360
9070,80996,34370
9071,17075,7350
9072,127464,54118
9073,92412,39122
9074,16101,6929
9075,109997,46573
9076,38671,16541
9077,103528,43797
9078,33521,14377
9079,118381,50195
9080,76350,32373
9081,14790,6370
9082,35429,15174
9083,19646,8423
9084,117761,49915
9085,24056,10307
9086,53399,22706
9087,52164,22213
9088,79510,33706
9089,31686,13556
9090,75012,31815
9091,108265,45843
9092,109922,46543
9093,91797,38870
9094,14330,6179
9095,76953,32606
9096,89,37
9097,7842,3416
9098,48170,20526
9099,16824,7240
9100,46828,19960
9101,102889,43533
9102,49804,21234
9103,44790,19135
9104,66886,28404
9105,125346,53223
9106,23658,10141
9107,56177,23878
9108,66039,28032
9109,118852,50384
9110,120165,50953
9111,41810,17855
9112,36761,15723
9113,49005,20889
9114,102350,43305
9115,59688,25334
9116,81015,34378
9117,43895,18734
9118,21215,9101
9119,18167,7806
9120,16402,7056
9121,117521,49812
9122,76720,32515
9123,109565,46393
9124,123136,52226
9125,9470,4099
9126,105367,44585
9127,56771,24137
9128,55378,23540
9129,24865,10648
9130,55957,23791
9131,22958,9829
9132,68673,29179
9133,77027,32635
9134,10250,4432
9135,82022,34810
9136,59300,25170
9137,102619,43414
9138,32502,13937
9139,24869,10651
9140,44328,18925
9141,34593,14816
9142,48696,20757
9143,90131,38141
9144,99548,42122
9145,108192,45805
9146,114354,48452
9147,30529,13056
9148,103642,43842
9149,16858,7258
9150,113585,48137
9151,120890,51269
9152,72751,30884
9153,83175,35295
9154,71573,30388
9155,55108,23427
9156,41248,17607
9157,110265,46680
9158,36908,15790
9159,22230,9516
9160,28911,12347
9161,13194,5691
9162,65857,27959
9163,67320,28580
9164,127228,54022
9165,56579,24056
9166,66708,28328
9167,96151,40676
9168,77353,32774
9169,75786,32143
9170,79229,33577
9171,32188,13806
9172,105159,44492
9173,31353,13419
9174,126995,53932
9175,32116,13766
9176,85754,36394
9177,21944,9396
9178,57123,24265
9179,80345,34059
9180,48328,20602
9181,77727,32955
9182,51689,22025
9183,76067,32258
9184,29606,12654
9185,98178,41561
9186,61593,26154
9187,55548,23618
9188,39534,16897
9189,34058,14588
9190,87469,37068
9191,41817,17858
9192,8513,3685
9193,112850,47841
9194,121703,51605
9195,43790,18692
9196,123272,52287
9197,31187,13342
9198,121817,51651
9199,40664,17362
9200,104699,44304
9201,76641,32488
9202,96947,41034
9203,36913,15791
9204,84857,36008
9205,55534,23612
9206,103508,43785
9207,104009,43988
9208,85336,36210
9209,53576,22785
9210,103000,43574
9211,176,81
9212,129688,55046
9213,82185,34881
9214,67735,28768
9215,77412,32800
9216,8839,3819
9217,29964,12823
9218,3423,1510
9219,51047,21750
9220,85460,36260
9221,90442,38262
9222,12182,5254
9223,97967,41467
9224,110651,46859
9225,94218,39872
9226,61636,26172
9227,91712,38836
9228,108061,45750
9229,46302,19739
9230,12466,5371
9231,78222,33175
9232,2257,973
9233,38385,16429
9234,51815,22081
9235,117998,50014
9236,11259,4878
9237,26322,11257
9238,78425,33255
9239,82188,34883
9240,79887,33864
9241,20739,8899
9242,113249,48003
9243,120270,51001
9244,55179,23460
9245,110020,46586
9246,86032,36514
9247,77765,32967
9248,11984,5178
9249,3946,1733
9250,6123,2684
9251,35662,15275
9252,52829,22472
9253,44428,18971
9254,34617,14829
9255,122713,52039
9256,23242,9946
9257,63986,27159
9258,51483,21934
9259,94173,39847
9260,17795,7647
9261,123265,52283
9262,122933,52135
9263,73822,31321
9264,40841,17449
9265,9736,4209
9266,129637,55021
9267,11260,4879
9268,86457,36680
9269,34792,14902
9270,54751,23276
9271,98984,41899
9272,107399,45472
9273,72590,30813
9274,34919,14960
9275,20112,8613
9276,118010,50019
9277,98789,41820
9278,29650,12679
9279,102178,43236
9280,120340,51027
9281,96136,40670
9282,110939,46985
9283,75550,32048
9284,75206,31897
9285,74976,31793
9286,37255,15950
9287,128214,54441
9288,64752,27486
9289,35312,15125
9290,60687,25759
9291,105258,44541
9292,108913,46123
9293,7805,3403
9294,95308,40341
9295,110011,46582
9296,29353,12545
9297,103662,43848
9298,18998,8135
9299,2421,1051
9300,115026,48751
9301,5053,2216
9302,100710,42649
9303,73379,31137
9304,29040,12404
9305,9112,3942
9306,59173,25124
9307,106011,44856
9308,97866,41417
9309,57330,24347
9310,68998,29313
9311,63682,27030
9312,101635,43011
9313,68647,29171
9314,108843,46088
9315,24044,10300
9316,21105,9053
9317,16048,6908
9318,52909,22508
9319,27649,11814
9320,31333,13406
9321,8424,3646
9322,48240,20564
9323,44568,19039
9324,128058,54371
9325,36721,15707
9326,54950,23368
9327,108222,45821
9328,46968,20029
9329,106324,44989
9330,71674,30434
9331,8854,3830
9332,90431,38257
9333,67761,28784
9334,43810,18702
9335,124183,52721
9336,67089,28484
9337,78286,33199
9338,3376,1484
9339,29570,12639
9340,48023,20452
9341,77541,32867
9342,56086,23841
9343,46153,19687
9344,85497,36273
9345,25441,10884
9346,105639,44699
9347,93947,39746
9348,9621,4164
9349,82855,35156
9350,86190,36579
9351,23155,9913
9352,61168,25964
9353,126566,53731
9354,89778,37993
9355,68268,28992
9356,38632,16530
9357,39391,16837
9358,32671,14005
9359,123523,52413
9360,70217,29819
9361,14712,6342
9362,22955,9827
9363,35168,15063
9364,42821,18285
9365,2207,948
9366,122297,51855
9367,63151,26809
9368,90668,38364
9369,31558,13505
9370,58352,24787
9371,25798,11053
9372,10610,4596
9373,63965,27153
9374,68198,28966
9375,93683,39649
9376,123590,52444
9377,119636,50723
9378,129273,54874
9379,9946,4296
9380,116000,49166
9381,8354,3619
9382,45081,19248
9383,63451,26924
9384,111210,47104
9385,487,206
9386,50749,21629
9387,119157,50518
9388,83952,35644
9389,71011,30162
9390,68718,29197
9391,64810,27511
9392,114610,48559
9393,108135,45780
9394,10234,4422
9395,14598,6286
9396,2523,1087
9397,100601,42604
9398,75123,31863
9399,61076,25926
9400,110313,46706
9401,111569,47241
9402,53806,22879
9403,39644,16940
9404,53435,22725
9405,50275,21443
9406,54232,23061
9407,56288,23926
9408,6192,2723
9409,6219,2736
9410,76845,32567
9411,10296,4455
9412,78772,33381
9413,105843,44787
9414,63642,27011
9415,67643,28727
9416,30564,13072
9417,129460,54946
9418,10191,4404
9419,66367,28172
9420,30000,12838
9421,8938,3865
9422,102118,43213
9423,30670,13114
9424,65738,27909
9425,3005,1313
9426,63934,27142
9427,122608,51987
9428,69428,29471
9429,27964,11957
9430,81236,34458
9431,25598,10951
9432,94944,40183
9433,91253,38624
9434,121378,51469
9435,55233,23480
9436,1887,809
9437,83854,35602
9438,61408,26076
9439,31866,13642
9440,45338,19360
9441,85375,36228
9442,114242,48409
9443,116530,49392
9444,63485,26940
9445,12408,5353
9446,5007,2196
9447,74639,31660
9448,119766,50784
9449,15058,6491
9450,95414,40382
9451,29081,12424
9452,86104,36543
9453,105785,44758
9454,7365,3237
9455,84008,35664
9456,128193,54435
9457,94798,40126
9458,11533,4989
9459,93818,39697
9460,9120,3948
9461,90367,38228
9462,12966,5587
9463,119143,50514
9464,5050,2214
9465,72913,30953
9466,66128,28071
9467,15170,6538
9468,59305,25174
9469,2582,1115
9470,55917,23773
9471,4729,2072
9472,17576,7557
9473,117667,49873
9474,43744,18672
9475,101050,42774
9476,104157,44056
9477,74095,31434
9478,100236,42428
9479,45318,19351
9480,118248,50133
9481,87033,36897
9482,91072,38544
9483,66018,28027
9484,88700,37556
9485,23988,10278
9486,49565,21126
9487,11061,4802
9488,91366,38682
9489,68203,28967
9490,127854,54283
9491,84925,36036
9492,98036,41496
9493,23592,10106
9494,98833,41835
9495,6055,2652
9496,8590,3713
9497,105191,44505
9498,45842,19562
9499,103311,43704
9500,49923,21294
9501,77940,33045
9502,112527,47700
9503,106284,44973
9504,4776,2094
9505,74424,31577
9506,127657,54207
9507,54654,23235
9508,81489,34573
9509,54597,23213
9510,84935,36040
9511,62803,26661
9512,77623,32900
9513,107974,45717
9514,17312,7432
9515,6359,2801
9516,26049,11154
9517,13984,6023
9518,127269,54036
9519,62995,26747
9520,103977,43975
9521,21088,9045
9522,45813,19550
9523,19291,8265
9524,28074,12009
9525,123422,52369
9526,117846,49952
9527,62326,26471
9528,46169,19692
9529,33014,14153
9530,83358,35386
9531,1438,619
9532,124491,52848
9533,14956,6444
9534,118285,50151
9535,38033,16281
9536,68150,28948
9537,67891,28847
9538,33640,14438
9539,47098,20092
9540,122513,51946
9541,23345,9996
9542,6925,3054
9543,41256,17611
9544,31694,13561
9545,37352,15989
9546,63483,26939
9547,59225,25142
9548,104901,44385
9549,54788,23291
9550,99184,41971
9551,109416,46337
9552,14763,6361
9553,69954,29703
9554,18046,7756
9555,61090,25932
9556,75998,32228
9557,47405,20206
9558,84134,35704
9559,29876,12784
9560,120435,51068
9561,110689,46881
9562,121615,51569
9563,94580,40034
9564,25525,10915
9565,128249,54453
9566,53279,22653
9567,84969,36055
9568,49655,21159
9569,42612,18201
9570,39210,16770
9571,21523,9225
9572,114937,48706
9573,67978,28877
9574,57375,24368
9575,129515,54970
9576,18790,8061
9577,48498,20677
9578,29698,12699
9579,109095,46202
9580,122458,51922
9581,116848,49527
9582,122767,52069
9583,20507,8798
9584,113403,48066
9585,79871,33856
9586,113221,47990
9587,97785,41379
9588,46713,19906
9589,94915,40172
9590,121645,51582
9591,87505,37080
9592,26810,11479
9593,18482,7938
9594,128573,54596
9595,95668,40480
9596,9583,4149
9597,117484,49795
9598,46730,19913
9599,10744,4654
9600,56104,23846
9601,46876,19988
9602,21418,9182
9603,1724,745
9604,54432,23143
9605,85940,36475
9606,122135,51794
9607,9117,3946
9608,95028,40225
9609,44446,18980
9610,115239,48843
9611,128065,54375
9612,80819,34290
9613,103764,43886
9614,117941,49987
9615,95801,40526
9616,13215,5701
9617,74011,31400
9618,94974,40200
9619,82925,35188
9620,21142,9070
9621,94936,40180
9622,73897,31355
9623,123410,52361
9624,87150,36945
9625,7917,3446
9626,52542,22361
9627,125028,53084
9628,128595,54609
9629,103440,43749
9630,15201,6549
9631,65480,27808
9632,127075,53963
9633,39187,16756
9634,126241,53602
9635,24577,10520
9636,118242,50130
9637,8870,3835
9638,82513,35019
9639,63718,27045
9640,116874,49533
9641,50966,21716
9642,73389,31140
9643,120625,51157
9644,78117,33128
9645,52833,22475
9646,2744,1185
9647,85515,36283
9648,106389,45023
9649,101627,43007
9650,61790,26244
9651,4479,1967
9652,55911,23769
9653,37859,16209
9654,106160,44921
9655,41335,17642
9656,18208,7824
9657,21144,9072
9658,91735,38847
9659,108741,46047
9660,59997,25476
9661,102421,43335
9662,82549,35034
9663,91835,38882
9664,107914,45690
9665,22112,9464
9666,105837,44785
9667,66084,28052
9668,103240,43675
9669,124860,53010
9670,80977,34363
9671,77291,32749
9672,14987,6458
9673,64955,27578
9674,80575,34173
9675,68619,29159
9676,23663,10144
9677,54968,23373
9678,52113,22189
9679,7444,3268
9680,34917,14959
9681,90531,38308
9682,47676,20318
9683,12532,5411
9684,129163,54829
9685,52679,22416
9686,28649,12241
9687,88786,37599
9688,92734,39261
9689,61102,25937
9690,29172,12467
9691,24918,10681
9692,92127,39013
9693,64642,27439
9694,11880,5129
9695,121155,51371
9696,1260,530
9697,19299,8268
9698,110372,46733
9699,8419,3643
9700,45120,19265
9701,101583,42984
9702,60428,25648
9703,123338,52323
9704,75802,32151
9705,10848,4700
9706,47897,20402
9707,41281,17624
9708,3006,1314
9709,22352,9567
9710,118616,50283
9711,45948,19596
9712,113063,47929
9713,109894,46528
9714,35931,15385
9715,72887,30942
9716,115842,49114
9717,121502,51527
9718,111953,47423
9719,80763,34265
9720,63601,26988
9721,5902,2585
9722,12180,5252
9723,98132,41543
9724,48854,20819
9725,38155,16336
9726,11021,4782
9727,70888,30107
9728,129650,55027
9729,84589,35897
9730,117339,49728
9731,76862,32572
9732,45965,19604
9733,61029,25902
9734,2588,1118
9735,117612,49850
9736,12019,5194
9737,112996,47904
9738,78905,33444
9739,91244,38619
9740,58016,24635
9741,61094,25934
9742,6920,3051
9743,88142,37333
9744,84156,35712
9745,96832,40980
9746,11142,4826
9747,91189,38593
9748,6462,2854
9749,113684,48182
9750,44069,18810
9751,98049,41501
9752,123774,52530
9753,11166,4836
9754,68069,28914
9755,115013,48747
9756,50113,21371
9757,63771,27075
9758,79892,33866
9759,45603,19457
9760,83202,35309
9761,118991,50444
9762,113672,48176
9763,39950,17073
9764,31995,13704
9765,114064,48332
9766,109156,46229
9767,31384,13432
9768,66977,28439
9769,9225,3989
9770,19669,8433
9771,91968,38939
9772,1070,442
9773,9037,3908
9774,40387,17244
9775,54157,23025
9776,27311,11675
9777,25526,10916
9778,114849,48668
9779,24979,10704
9780,5793,2529
9781,63695,27034
9782,50232,21420
9783,27376,11700
9784,57680,24492
9785,93115,39413
9786,62066,26369
9787,6441,2844
9788,48094,20489
9789,70835,30078
9790,106341,44996
9791,67190,28530
9792,18522,7955
9793,59896,25425
9794,56527,24034
9795,54801,23298
9796,41120,17557
9797,128038,54364
9798,116547,49400
9799,64349,27310
9800,92853,39314
9801,69122,29357
9802,110235,46672
9803,14800,6372
9804,107805,45641
9805,90642,38354
9806,90987,38502
9807,93221,39448
9808,26067,11162
9809,71530,30370
9810,112108,47496
9811,89619,37923
9812,49035,20902
9813,22123,9471
9814,4016,1765
9815,5308,2313
9816,47017,20051
9817,50383,21482
9818,61657,26183
9819,125022,53079
9820,108927,46127
9821,106295,44979
9822,45613,19462
9823,49083,20920
9824,4423,1941
9825,7542,3311
9826,41808,17853
9827,81796,34709
9828,61072,25924
9829,84765,35973
9830,106776,45194
9831,56315,23937
9832,122828,52093
9833,21666,9282
9834,28526,12194
9835,29832,12764
9836,116967,49576
9837,5449,2371
9838,58732,24937
9839,13048,5623
9840,71715,30448
9841,6097,2672
9842,12655,5467
9843,104596,44252
9844,34878,14945
9845,121984,51732
9846,38862,16608
9847,90741,38396
9848,83253,35340
9849,128889,54716
9850,78155,33143
9851,93310,39483
9852,65108,27654
9853,36067,15437
9854,9515,4117
9855,101604,42993
9856,56299,23930
9857,118021,50026
9858,15442,6647
9859,32907,14105
9860,2393,1035
9861,76975,32614
9862,489,207
9863,97633,41319
9864,124893,53025
9865,122978,52154
9866,86352,36642
9867,61417,26079
9868,17573,7554
9869,31235,13367
9870,12566,5422
9871,34026,14580
9872,109748,46473
9873,18513,7951
9874,88441,37454
9875,90683,38369
9876,31786,13603
9877,19991,8565
9878,53604,22794
9879,7250,3186
9880,124044,52656
9881,5202,2275
9882,53507,22755
9883,93709,39656
9884,68036,28902
9885,77521,32858
9886,77083,32659
9887,106367,45007
9888,112118,47502
9889,64729,27476
9890,59228,25144
9891,52061,22165
9892,53655,22813
9893,98441,41683
9894,90776,38411
9895,45525,19430
9896,12833,5532
9897,77603,32893
9898,27621,11798
9899,89172,37765
9900,45691,19491
9901,101694,43036
9902,16272,6994
9903,67933,28862
9904,6310,2777
9905,39832,17022
9906,121747,51620
9907,5268,2299
9908,73631,31244
9909,8142,3533
9910,35004,15001
9911,96332,40751
9912,36244,15501
9913,20298,8697
9914,27368,11698
9915,24057,10308
9916,115455,48940
9917,21271,9124
9918,39825,17018
9919,29852,12773
9920,49010,20891
9921,28847,12322
9922,76193,32317
9923,77384,32789
9924,77294,32751
9925,1289,544
9926,113244,48000
9927,96909,41019
9928,49164,20957
9929,3360,1480
9930,78380,33236
9931,58952,25025
9932,68500,29101
9933,63761,27067
9934,16404,7057
9935,30850,13197
9936,33192,14235
9937,101908,43125
9938,9314,4024
9939,49886,21271
9940,48274,20578
9941,79715,33790
9942,3937,1728
9943,73202,31069
9944,28441,12167
9945,15598,6716
9946,84462,35843
9947,19326,8279
9948,70390,29893
9949,101607,42994
9950,78386,33240
9951,105283,44552
9952,2787,1206
9953,109394,46326
9954,106656,45134
9955,9304,4019
9956,67811,28807
9957,28748,12283
9958,6687,2947
9959,77170,32696
9960,69197,29387
9961,112989,47900
9962,99571,42135
9963,32152,13784
9964,25340,10845
9965,8531,3689
9966,112856,47845
9967,46517,19825
9968,17087,7355
9969,35463,15187
9970,129208,54845
9971,65621,27860
9972,92856,39316
9973,6768,2980
9974,40482,17283
9975,91176,38587
9976,74523,31621
9977,30312,12972
9978,47617,20291
9979,109133,46218
9980,55443,23570
9981,104760,44329
9982,94211,39870
9983,31501,13481
9984,68505,29102
9985,98721,41796
9986,109697,46452
9987,96352,40762
9988,110768,46915
9989,77203,32710
9990,97429,41228
9991,111965,47431
9992,108829,46082
9993,90108,38133
9994,91298,38642
9995,102550,43389
9996,77945,33049
9997,6142,2697
9998,127636,54193
9999,68634,29167
10000,36210,15488
10001,102880,43528
10002,85908,36465
10003,41497,17721
10004,22661,9693
10005,80541,34156
10006,127395,54093
10007,63862,27108
10008,61367,26056
10009,4869,2134
10010,57903,24589
10011,30429,13017
10012,33915,14537
10013,22966,9832
10014,45280,19340
10015,88973,37680
10016,13648,5889
10017,64832,27520
10018,110219,46664
10019,56902,24187
10020,110695,46883
10021,72215,30655
10022,54090,23000
10023,93666,39641
10024,77734,32957
10025,51093,21764
10026,21203,9097
10027,58267,24748
10028,49607,21142
10029,63354,26888
10030,39558,16907
10031,89268,37795
10032,67103,28490
10033,47107,20096
10034,70699,30021
10035,113309,48026
10036,32915,14110
10037,105786,44759
10038,25212,10788
10039,101706,43045
10040,81711,34678
10041,7512,3297
10042,82324,34937
10043,129189,54837
10044,33896,14529
10045,84191,35727
10046,50300,21452
10047,20251,8676
10048,130424,55371
10049,119251,50549
10050,32797,14054
10051,84345,35790
10052,22283,9539
10053,93236,39456
10054,111801,47350
10055,55567,23626
10056,45329,19356
10057,83360,35388
10058,29582,12643
10059,12915,5564
10060,114851,48669
10061,61200,25981
10062,14093,6073
10063,5997,2628
10064,112261,47576
10065,12221,5272
10066,120613,51153
10067,12300,5305
10068,64590,27417
10069,51026,21741
10070,101073,42785
10071,35708,15292
10072,104271,44106
10073,48746,20777
10074,120273,51003
10075,14964,6448
10076,47930,20415
10077,83146,35281
10078,90441,38261
10079,41420,17684
10080,83475,35439
10081,42779,18272
10082,111409,47175
10083,58612,24888
10084,84291,35768
10085,28079,12011
10086,28913,12349
10087,121792,51638
10088,20839,8946
10089,44973,19207
10090,55521,23606
10091,122557,51967
10092,117587,49836
10093,26365,11278
10094,27925,11935
10095,6316,2780
10096,76509,32437
10097,59440,25237
10098,118082,50055
10099,58726,24933
10100,118219,50117
10101,49697,21181
10102,81841,34731
10103,36367,15556
10104,24640,10552
10105,94848,40142
10106,67545,28684
10107,2245,967
10108,111601,47256
10109,126370,53651
10110,73162,31052
10111,128907,54725
10112,115526,48975
10113,49059,20907
10114,81908,34760
10115,112801,47818
10116,37017,15835
10117,96397,40778
10118,70698,30020
10119,104477,44201
10120,66602,28284
10121,37490,16052
10122,95799,40525
10123,52916,22509
10124,70863,30093
10125,90484,38281
10126,115302,48871
10127,16855,7256
10128,9204,3981
10129,99289,42013
10130,26571,11371
10131,46008,19628
10132,61982,26331
10133,62329,26473
10134,75575,32061
10135,23233,9944
10136,107208,45387
10137,73606,31232
10138,72324,30702
10139,50235,21422
10140,27403,11713
10141,47494,20244
10142,102699,43445
10143,105046,44448
10144,32449,13917
10145,63130,26802
10146,23377,10009
10147,38225,16368
10148,82523,35024
10149,126928,53903
10150,105247,44533
10151,39737,16982
10152,62912,26713
10153,53513,22757
10154,90209,38173
10155,61366,26055
10156,41704,17811
10157,99577,42140
10158,122989,52159
10159,96389,40773
10160,9912,4283
10161,56349,23953
10162,101608,42995
10163,6922,3053
10164,121501,51526
10165,120470,51088
10166,119794,50794
10167,49422,21065
10168,31726,13574
10169,72300,30689
10170,115171,48815
10171,47034,20059
10172,82597,35053
10173,120559,51130
10174,98104,41531
10175,20292,8694
10176,74655,31664
10177,102125,43214
10178,104138,44049
10179,103282,43688
10180,80163,33973
10181,79013,33488
10182,29886,12787
10183,14259,6147
10184,53949,22944
10185,99087,41936
10186,123652,52475
10187,44317,18920
10188,106094,44891
10189,13661,5897
10190,23314,9980
10191,104786,44338
10192,114817,48651
10193,85957,36484
10194,39728,16979
10195,121258,51412
10196,89672,37944
10197,94711,40087
10198,120896,51273
10199,68612,29155
10200,128222,54444
10201,1501,648
10202,80556,34165
10203,37111,15881
10204,61973,26327
10205,63437,26919
10206,105891,44810
10207,26176,11197
10208,73478,31170
10209,48946,20866
10210,116780,49495
10211,105924,44827
10212,71189,30237
10213,73438,31157
10214,34551,14800
10215,51445,21918
10216,123977,52625
10217,128857,54701
10218,72153,30633
10219,75924,32196
10220,98507,41707
10221,111175,47088
10222,87641,37141
10223,21098,9049
10224,106368,45008
10225,117316,49716
10226,39872,17043
10227,63598,26986
10228,21364,9159
10229,10076,4360
10230,83440,35423
10231,25726,11022
10232,51928,22119
10233,81041,34389
10234,111467,47199
10235,120239,50989
10236,2535,1093
10237,80094,33944
10238,45159,19288
10239,5206,2278
10240,104134,44046
10241,51114,21774
10242,3805,1669
10243,41910,17894
10244,3424,1511
10245,46332,19753
10246,6172,2712
10247,82183,34880
10248,87119,36932
10249,89123,37742
10250,66790,28367
10251,125393,53247
10252,97496,41259
10253,50386,21483
10254,23078,9880
10255,42075,17970
10256,61840,26263
10257,97130,41113
10258,104823,44354
10259,64395,27333
10260,38409,16439
10261,67073,28479
10262,60810,25817
10263,73914,31365
10264,4613,2018
10265,114757,48624
10266,4364,1912
10267,63285,26863
10268,1313,559
10269,1767,762
10270,121757,51626
10271,72439,30750
10272,40542,17307
10273,32268,13844
10274,38893,16616
10275,22334,9560
10276,115728,49068
10277,45577,19446
10278,45228,19324
10279,111422,47178
10280,81675,34659
10281,105131,44480
10282,33701,14456
10283,39023,16671
10284,99782,42218
10285,4271,1869
10286,23336,9991
10287,51360,21875
10288,104962,44410
10289,71779,30476
10290,12015,5192
10291,34811,14913
10292,11103,4816
10293,48876,20831
10294,94631,40056
10295,55401,23551
10296,79541,33718
10297,104146,44054
10298,21081,9041
10299,90160,38154
10300,51988,22139
10301,53077,22570
10302,157,73
10303,19627,8413
10304,81557,34607
10305,14293,6163
10306,41907,17892
10307,125612,53339
10308,16002,6891
10309,52677,22414
10310,34453,14754
10311,95562,40440
10312,60900,25848
10313,20814,8931
10314,81155,34428
10315,78728,33365
10316,108344,45879
10317,90886,38456
10318,54980,23380
10319,77467,32828
10320,37186,15914
10321,13051,5625
10322,53787,22874
10323,34029,14581
10324,115109,48782
10325,107046,45311
10326,62223,26429
10327,12179,5251
10328,52158,22210
10329,108457,45928
10330,94925,40176
10331,37753,16157
10332,74691,31688
10333,58765,24953
10334,106770,45191
10335,6846,3017
10336,79127,33533
10337,69080,29343
10338,127463,54117
10339,112312,47600
10340,9925,4290
10341,54414,23132
10342,117167,49663
10343,58221,24728
10344,88353,37416
10345,126311,53627
10346,118941,50423
10347,70897,30109
10348,111756,47330
10349,98935,41876
10350,125739,53388
10351,1169,488
10352,98220,41577
10353,46321,19746
10354,41719,17817
10355,70554,29967
10356,111851,47375
10357,17215,7405
10358,39196,16762
10359,113895,48263
10360,123659,52479
10361,45995,19621
10362,64071,27197
10363,65283,27723
10364,115707,49062
10365,93406,39522
10366,94954,40189
10367,8451,3661
10368,41424,17687
10369,84395,35815
10370,88116,37319
10371,85350,36217
10372,76858,32571
10373,19682,8439
10374,88598,37511
10375,59689,25335
10376,22200,9504
10377,5447,2370
10378,36746,15719
10379,47961,20429
10380,108259,45840
10381,69043,29326
10382,82706,35100
10383,35549,15231
10384,28589,12222
10385,126161,53570
10386,122299,51857
10387,119175,50525
10388,94060,39788
10389,117519,49810
10390,12481,5378
10391,46909,20002
10392,16299,7011
10393,43801,18700
10394,38991,16661
10395,107108,45343
10396,89765,37987
10397,76691,32504
10398,70804,30066
10399,54427,23141
10400,91762,38858
10401,86397,36664
10402,102750,43473
10403,71226,30251
10404,54974,23376
10405,90824,38431
10406,36047,15429
10407,22127,9475
10408,106651,45133
10409,28337,12113
10410,49340,21023
10411,36829,15756
10412,61717,26213
10413,3727,1633
10414,93989,39759
10415,17318,7437
10416,82878,35168
10417,113357,48045
10418,121860,51674
10419,96949,41036
10420,32393,13893
10421,54880,23336
10422,70273,29839
10423,57493,24422
10424,99185,41972
10425,79382,33645
10426,88558,37492
10427,96706,40927
10428,89668,37941
10429,25595,10949
10430,119427,50625
10431,49402,21054
10432,26170,11194
10433,18141,7798
10434,58212,24723
10435,36399,15567
10436,103435,43746
10437,124211,52734
10438,69777,29625
10439,125887,53444
10440,3195,1397
10441,31611,13529
10442,74904,31766
10443,79625,33751
10444,21924,9390
10445,57229,24312
10446,65043,27621
10447,107092,45333
10448,48053,20466
10449,116909,49550
10450,71465,30343
10451,43761,18680
10452,115404,48919
10453,51444,21917
10454,94703,40083
10455,4081,1796
10456,88229,37365
10457,53312,22666
10458,79367,33639
10459,44515,19013
10460,119987,50875
10461,19577,8389
10462,34609,14823
10463,113746,48208
10464,81056,34395
10465,108587,45980
10466,66071,28048
10467,8184,3552
10468,130123,55226
10469,94122,39821
10470,14729,6346
10471,5347,2328
10472,4387,1924
10473,81210,34451
10474,62431,26516
10475,60520,25693
10476,11051,4796
10477,72836,30923
10478,96209,40698
10479,15031,6477
10480,75067,31838
10481,115288,48864
10482,114847,48666
10483,28370,12129
10484,99319,42026
10485,88653,37536
10486,61782,26237
10487,110496,46793
10488,103,46
10489,81513,34586
10490,66147,28077
10491,95763,40511
10492,83356,35385
10493,46294,19733
10494,16318,7019
10495,53847,22898
10496,115502,48963
10497,13753,5937
10498,38551,16498
10499,55922,23778
10500,34440,14749
10501,30376,12994
10502,74519,31618
10503,50033,21344
10504,127458,54116
10505,98641,41761
10506,59684,25333
10507,23424,10027
10508,63488,26942
10509,128317,54480
10510,41556,17746
10511,72166,30640
10512,109843,46507
10513,124995,53069
10514,70112,29771
10515,61871,26279
10516,25958,11121
10517,28552,12206
10518,75196,31896
10519,11807,5106
10520,20350,8718
10521,104669,44287
10522,1353,582
10523,100496,42542
10524,72901,30951
10525,108815,46076
10526,120549,51122
10527,78203,33165
10528,76647,32492
10529,97745,41365
10530,69444,29480
10531,44436,18975
10532,124014,52640
10533,126627,53760
10534,60424,25647
10535,103928,43958
10536,77651,32914
10537,46735,19915
10538,102367,43312
10539,48156,20521
10540,26943,11538
10541,40057,17113
10542,13112,5657
10543,12708,5486
10544,120209,50976
10545,77220,32718
10546,58503,24847
10547,46002,19624
10548,56740,24122
10549,37458,16034
10550,27127,11606
10551,79404,33657
10552,121764,51630
10553,77944,33048
10554,49989,21324
10555,24028,10294
10556,89974,38075
10557,126056,53514
10558,55485,23591
10559,25809,11056
10560,48046,20461
10561,76888,32583
10562,3113,1367
10563,36201,15485
10564,111242,47116
10565,98251,41588
10566,55240,23482
10567,66395,28184
10568,21667,9283
10569,4019,1766
10570,73338,31126
10571,45607,19459
10572,41339,17645
10573,88210,37357
10574,4770,2090
10575,110599,46837
10576,58393,24804
10577,7304,3208
10578,106342,44997
10579,46871,19984
10580,98657,41768
10581,89522,37886
10582,101170,42829
10583,55918,23774
10584,82965,35204
10585,98780,41815
10586,88134,37327
10587,24989,10706
10588,2536,1094
10589,49057,20906
10590,86634,36749
10591,69740,29607
10592,896,382
10593,14568,6274
10594,19761,8472
10595,2531,1090
10596,52185,22219
10597,86256,36602
10598,5935,2604
10599,59829,25396
10600,11332,4913
10601,64456,27365
10602,49214,20980
10603,4491,1971
10604,7451,3269
10605,115787,49091
10606,112422,47658
10607,54686,23248
10608,46637,19872
10609,42840,18293
10610,58434,24819
10611,96324,40748
10612,57319,24343
10613,18696,8024
10614,16405,7058
10615,49403,21055
10616,54030,22979
10617,13977,6020
10618,74722,31701
10619,73946,31372
10620,41664,17791
10621,22484,9621
10622,61757,26228
10623,45347,19364
10624,46557,19841
10625,5806,2536
10626,59429,25230
10627,58523,24852
10628,14025,6040
10629,109767,46478
10630,40058,17114
10631,34013,14576
10632,60039,25492
10633,27484,11746
10634,6087,2667
10635,119292,50565
10636,40962,17494
10637,62200,26420
10638,65824,27948
10639,22678,9702
10640,21895,9379
10641,6024,2638
10642,46838,19964
10643,108652,46006
10644,56365,23961
10645,80600,34183
10646,33260,14263
10647,690,293
10648,89954,38063
10649,89201,37778
10650,112048,47468
10651,101407,42918
10652,119358,50598
10653,90452,38268
10654,71472,30347
10655,46492,19812
10656,95864,40551
10657,77873,33014
10658,96454,40807
10659,125509,53295
10660,44374,18947
10661,61166,25963
10662,1477,640
10663,84258,35751
10664,45762,19528
10665,98704,41790
10666,16314,7016
10667,110047,46599
10668,130225,55271
10669,99806,42232
10670,97646,41325
10671,66371,28174
10672,65037,27616
10673,68904,29269
10674,98614,41752
10675,27914,11931
10676,57596,24462
10677,69062,29334
10678,5828,2547
10679,38025,16278
10680,34549,14798
10681,126766,53833
10682,14756,6359
10683,116499,49377
10684,75406,31981
10685,27797,11879
10686,92869,39319
10687,92567,39185
10688,112568,47723
10689,37179,15911
10690,118230,50121
10691,50714,21613
10692,119926,50850
10693,23857,10228
10694,33220,14249
10695,72619,30826
10696,96818,40973
10697,53986,22962
10698,12531,5410
10699,81296,34488
10700,105423,44609
10701,35566,15240
10702,48849,20817
10703,116895,49544
10704,8692,3751
10705,112280,47584
10706,1553,670
10707,48638,20737
10708,121646,51583
10709,54264,23073
10710,54600,23215
10711,50095,21369
10712,70,30
10713,57698,24502
10714,108248,45834
10715,43115,18408
10716,59551,25281
10717,112953,47889
10718,86027,36510
10719,110370,46731
10720,12211,5266
10721,119716,50761
10722,14476,6237
10723,57767,24532
10724,84308,35774
10725,114034,48322
10726,99596,42148
10727,27825,11891
10728,74333,31541
10729,52163,22212
10730,78654,33340
10731,123983,52627
10732,116400,49331
10733,78621,33329
10734,93011,39373
10735,56372,23964
10736,45016,19220
10737,114658,48576
10738,3915,1718
10739,27835,11899
10740,14398,6206
10741,1476,639
10742,4955,2173
10743,98611,41750
10744,110543,46814
10745,31948,13684
10746,12493,5387
10747,77297,32754
10748,90109,38134
10749,107785,45629
10750,88033,37282
10751,128043,54366
10752,128772,54666
10753,54529,23179
10754,62265,26446
10755,59158,25117
10756,97219,41144
10757,74033,31408
10758,77850,33006
10759,46065,19647
10760,109192,46241
10761,21334,9149
10762,109116,46210
10763,73961,31380
10764,85481,36268
10765,77575,32882
10766,99136,41954
10767,81145,34423
10768,23162,9918
10769,38321,16407
10770,16013,6897
10771,8772,3788
10772,57562,24457
10773,48856,20821
10774,112898,47868
10775,129898,55130
10776,95425,40386
10777,67608,28713
10778,23582,10099
10779,77810,32983
10780,59290,25167
10781,26252,11226
10782,5222,2287
10783,12224,5273
10784,106923,45257
10785,98267,41595
10786,38560,16500
10787,29788,12743
10788,20032,8577
10789,81649,34643
10790,61581,26149
10791,102190,43242
10792,74041,31410
10793,120066,50904
10794,81751,34690
10795,60823,25824
10796,12623,5450
10797,103053,43593
10798,27396,11710
10799,10295,4454
10800,117696,49886
10801,123181,52247
10802,60442,25653
10803,13890,5992
10804,1274,535
10805,54557,23195
10806,128383,54504
10807,45826,19556
10808,4553,1992
10809,60841,25829
10810,80520,34147
10811,86420,36671
10812,66127,28070
10813,113805,48225
10814,85133,36119
10815,12577,5427
10816,64353,27313
10817,14424,6216
10818,75937,32202
10819,35423,15171
10820,88718,37566
10821,90521,38304
10822,4886,2144
10823,77723,32952
10824,122433,51908
10825,27478,11744
10826,11877,5127
10827,24984,10705
10828,49796,21228
10829,73952,31376
10830,88227,37364
10831,97669,41335
10832,78034,33088
10833,59304,25173
10834,47646,20307
10835,63031,26762
10836,56550,24044
10837,48950,20869
10838,21091,9047
10839,98701,41787
10840,112115,47500
10841,54782,23289
10842,15032,6478
10843,75496,32020
10844,31936,13676
10845,98194,41569
10846,5579,2423
10847,101175,42834
10848,105172,44498
10849,39219,16775
10850,26901,11515
10851,44496,19003
10852,128592,54607
10853,4390,1926
10854,45966,19605
10855,119945,50862
10856,95079,40252
10857,125834,53421
10858,109630,46421
10859,3030,1327
10860,60012,25482
10861,26903,11516
10862,15114,6515
10863,46922,20008
10864,43844,18715
10865,115515,48969
10866,118984,50441
10867,81958,34784
10868,111251,47120
10869,36560,15640
10870,109245,46270
10871,116726,49475
10872,61050,25912
10873,130415,55367
10874,97733,41358
10875,68858,29248
10876,112554,47713
10877,20331,8709
10878,39473,16873
10879,106207,44941
10880,20907,8979
10881,95427,40387
10882,101396,42915
10883,52375,22299
10884,33967,14559
10885,121270,51418
10886,22478,9619
10887,88636,37528
10888,48066,20473
10889,685,291
10890,77853,33008
10891,102156,43231
10892,10071,4356
10893,107320,45439
10894,106546,45093
10895,93377,39511
10896,18462,7928
10897,40389,17245
10898,11787,5095
10899,129767,55081
10900,21326,9147
10901,8329,3605
10902,9144,3961
10903,17385,7463
10904,127160,53997
10905,27645,11812
10906,80440,34106
10907,18001,7733
10908,123167,52239
10909,10873,4712
10910,63188,26822
10911,92576,39190
10912,127574,54163
10913,1896,813
10914,45632,19470
10915,52558,22371
10916,6157,2705
10917,11929,5154
10918,92049,38973
10919,67894,28848
10920,96161,40679
10921,32172,13799
10922,24319,10412
10923,35103,15041
10924,16085,6922
10925,122788,52078
10926,116971,49578
10927,65592,27849
10928,86121,36549
10929,43470,18573
10930,39766,16994
10931,96937,41029
10932,18258,7843
10933,112376,47637
10934,37965,16256
10935,98412,41667
10936,10782,4671
10937,53532,22769
10938,124800,52982
10939,14253,6144
10940,117489,49798
10941,127031,53948
10942,72357,30715
10943,98407,41663
10944,52425,22318
10945,121513,51533
10946,95377,40370
10947,7732,3380
10948,85115,36112
10949,19332,8282
10950,72292,30685
10951,120866,51259
10952,80500,34137
10953,7300,3206
10954,34128,14614
10955,10913,4734
10956,88736,37577
10957,61950,26317
10958,7818,3408
10959,59192,25128
10960,85104,36107
10961,31833,13628
10962,15443,6648
10963,23125,9899
10964,40145,17151
10965,17583,7561
10966,103892,43945
10967,122851,52097
10968,47513,20255
10969,19147,8200
10970,63002,26751
10971,78694,33358
10972,4617,2020
10973,123697,52495
10974,1333,572
10975,94752,40105
10976,54922,23358
10977,29410,12573
10978,84126,35701
10979,88192,37352
10980,65183,27681
10981,38773,16581
10982,80152,33968
10983,27773,11870
10984,101255,42867
10985,90807,38425
10986,97120,41108
10987,67630,28722
10988,55599,23638
10989,129205,54843
10990,24775,10614
10991,20887,8970
10992,103605,43827
10993,15654,6740
10994,29064,12415
10995,39389,16836
10996,63744,27058
10997,78756,33376
10998,23173,9925
10999,80987,34365
11000,85056,36090
11001,120172,50958
11002,35033,15011
11003,96341,40758
11004,108590,45982
11005,96085,40649
11006,6349,2794
11007,43091,18398
11008,125874,53440
11009,124432,52821
11010,35909,15375
11011,64956,27579
11012,47307,20166
11013,33716,14462
11014,8107,3519
11015,6780,2986
11016,125534,53307
11017,126063,53520
11018,63238,26845
11019,109403,46330
11020,35780,15320
11021,115616,49019
11022,6911,3049
11023,129069,54785
11024,27429,11724
11025,93882,39722
11026,112992,47902
11027,82425,34981
11028,22596,9662
11029,1079,446
11030,48680,20754
11031,35001,14998
11032,123208,52261
11033,38625,16526
11034,14099,6077
11035,119314,50576
11036,29044,12407
11037,124083,52671
11038,36819,15747
11039,8671,3740
11040,107986,45722
11041,53729,22845
11042,5603,2437
11043,13133,5664
11044,6485,2867
11045,112616,47744
11046,64338,27304
11047,16788,7225
11048,43637,18634
11049,59962,25458
11050,29304,12522
11051,79388,33647
11052,66033,28030
11053,116943,49566
11054,26272,11235
11055,43845,18716
11056,79350,33630
11057,88137,37328
11058,71267,30272
11059,105162,44493
11060,77079,32657
11061,125732,53385
11062,38728,16563
11063,91373,38689
11064,6356,2799
11065,63946,27148
11066,37754,16158
11067,63603,26990
11068,101721,43054
11069,35592,15252
11070,64772,27493
11071,88682,37549
11072,58986,25041
11073,23212,9938
11074,12309,5307
11075,45278,19339
11076,58173,24701
11077,53494,22748
11078,88969,37679
11079,21207,9099
11080,11171,4840
11081,78227,33176
11082,110409,46749
11083,56942,24202
11084,29766,12733
11085,118698,50318
11086,80815,34288
11087,63532,26956
11088,70282,29843
11089,45734,19510
11090,77974,33062
11091,108753,46052
11092,70734,30033
11093,88197,37354
11094,63235,26843
11095,81780,34701
11096,82259,34916
11097,11269,4883
11098,111765,47333
11099,97879,41424
11100,18256,7842
11101,44853,19159
11102,17425,7487
11103,76573,32466
11104,120665,51174
11105,15862,6827
11106,15812,6804
11107,17303,7428
11108,11364,4931
11109,53911,22927
11110,125391,53245
11111,84392,35813
11112,75736,32119
11113,58547,24862
11114,66796,28368
11115,57201,24304
11116,83122,35270
11117,68449,29076
11118,110112,46625
11119,105735,44740
11120,55163,23449
11121,45466,19403
11122,51128,21781
11123,123507,52402
11124,90548,38316
11125,107895,45681
11126,85371,36226
11127,38762,16575
11128,70931,30123
11129,44787,19133
11130,122758,52063
11131,78107,33122
11132,67437,28640
11133,86484,36691
11134,30322,12976
11135,63835,27099
11136,73225,31078
11137,95703,40494
11138,67877,28839
11139,44969,19205
11140,78027,33084
11141,65773,27924
11142,64941,27570
11143,105737,44741
11144,48059,20469
11145,29231,12494
11146,93267,39468
11147,19342,8289
11148,79864,33853
11149,887,377
11150,31320,13399
11151,69278,29417
11152,75533,32040
11153,104639,44273
11154,81491,34575
11155,33207,14243
11156,129173,54834
11157,114980,48733
11158,83288,35359
11159,122052,51758
11160,16739,7205
11161,75605,32073
11162,121600,51565
11163,126814,53853
11164,67068,28477
11165,120826,51239
11166,65208,27697
11167,34,16
11168,108756,46053
11169,18465,7930
11170,52395,22303
11171,33917,14538
11172,127772,54257
11173,116334,49301
11174,5831,2549
11175,44126,18841
11176,96836,40983
11177,129642,55024
11178,128923,54729
11179,30705,13130
11180,31830,13626
11181,119061,50475
11182,29891,12791
11183,46767,19930
11184,91864,38892
11185,106735,45171
11186,126765,53832
11187,88114,37318
11188,102296,43283
11189,9035,3907
11190,122132,51792
11191,53434,22724
11192,109058,46185
11193,26747,11450
11194,485,204
11195,124785,52976
11196,119574,50692
11197,105850,44789
11198,42419,18128
11199,46108,19668
11200,101155,42823
11201,37684,16133
11202,76767,32534
11203,71188,30236
11204,29551,12629
11205,37515,16062
11206,86771,36810
11207,37746,16155
11208,36112,15449
11209,37617,16107
11210,14390,6202
11211,10582,4580
11212,84555,35881
11213,53834,22892
11214,102704,43448
11215,32164,13794
11216,116194,49248
11217,113644,48164
11218,42676,18230
11219,111722,47312
11220,61726,26217
11221,31744,13582
11222,12719,5491
11223,54208,23052
11224,11784,5092
11225,37719,16147
11226,45637,19472
11227,106577,45105
11228,96013,40617
11229,15510,6672
11230,16424,7068
11231,80991,34367
11232,55170,23455
11233,8141,3532
11234,123584,52440
11235,120768,51220
11236,92963,39356
11237,72804,30910
11238,85672,36359
11239,105312,44559
11240,29442,12587
11241,51952,22127
11242,126688,53793
11243,42298,18069
11244,10448,4521
11245,21789,9338
11246,69642,29567
11247,40473,17278
11248,67750,28776
11249,100150,42385
11250,105255,44539
11251,88119,37320
11252,65775,27925
11253,30795,13168
11254,50739,21620
11255,50602,21567
11256,16557,7124
11257,106793,45204
11258,9082,3928
11259,85539,36294
11260,16722,7199
11261,50991,21722
11262,44412,18963
11263,111920,47400
11264,122123,51786
11265,113670,48175
11266,16264,6990
11267,61534,26126
11268,40625,17342
11269,97554,41284
11270,11973,5172
11271,70629,29994
11272,123587,52442
11273,25067,10737
11274,33667,14447
11275,6910,3048
11276,8244,3573
11277,111100,47057
11278,44941,19190
11279,106454,45047
11280,99413,42069
11281,25172,10776
11282,58673,24912
11283,104278,44110
11284,22885,9790
11285,45571,19444
11286,91545,38759
11287,90843,38438
11288,24797,10621
11289,84278,35760
11290,101245,42862
11291,104245,44097
11292,52817,22468
11293,54462,23155
11294,115443,48933
11295,77281,32746
11296,98582,41734
11297,33760,14478
11298,105694,44724
11299,125856,53434
11300,249,113
11301,117343,49729
11302,22489,9624
11303,108163,45792
11304,81701,34672
11305,40412,17254
11306,75347,31959
11307,10532,4553
11308,73035,30996
11309,16639,7161
11310,104622,44263
11311,120246,50992
11312,44800,19142
11313,106695,45153
11314,44606,19055
11315,7243,3183
11316,38734,16564
11317,83164,35291
11318,15732,6774
11319,119012,50455
11320,44616,19059
11321,121611,51568
11322,26100,11169
11323,68557,29127
11324,116501,49378
11325,63283,26861
11326,77101,32668
11327,22610,9668
11328,108284,45850
11329,61545,26133
11330,47390,20198
11331,74453,31589
11332,29888,12789
11333,104547,44226
11334,84988,36066
11335,68592,29145
11336,30815,13176
11337,47252,20150
11338,42178,18017
11339,83193,35303
11340,80029,33918
11341,125161,53133
11342,23285,9965
11343,17086,7354
11344,126452,53680
11345,63035,26763
11346,66324,28150
11347,105795,44765
11348,44191,18863
11349,119436,50626
11350,46360,19765
11351,92063,38983
11352,23813,10207
11353,30832,13184
11354,86670,36760
11355,19006,8139
11356,57521,24434
11357,76285,32350
11358,32025,13718
11359,110304,46700
11360,90869,38451
11361,43471,18574
11362,107512,45524
11363,110484,46788
11364,107138,45357
11365,77295,32752
11366,49858,21257
11367,125857,53435
11368,128721,54648
11369,90317,38212
11370,101182,42836
11371,54591,23210
11372,7229,3177
11373,4347,1903
11374,4563,1997
11375,73292,31104
11376,9527,4124
11377,17331,7442
11378,84968,36054
11379,122704,52034
11380,89015,37698
11381,4327,1889
11382,89158,37759
11383,67254,28558
11384,116258,49272
11385,68021,28892
11386,111505,47218
11387,38724,16562
11388,61064,25920
11389,127713,54235
11390,116390,49325
11391,5754,2507
11392,110584,46828
11393,48642,20740
11394,72504,30776
11395,29899,12796
11396,102269,43272
11397,71480,30351
11398,83650,35509
11399,104850,44365
11400,73460,31165
11401,79212,33569
11402,72567,30802
11403,77087,32660
11404,67263,28560
11405,15869,6830
11406,39590,16920
11407,87525,37090
11408,116946,49567
11409,45750,19519
11410,117740,49905
11411,107344,45448
11412,21576,9252
11413,120508,51105
11414,116675,49451
11415,94135,39829
11416,99242,41995
11417,99224,41989
11418,49849,21253
11419,30409,13007
11420,72109,30617
11421,8742,3774
11422,37192,15917
11423,19835,8504
11424,126998,53934
11425,113104,47947
11426,67311,28577
11427,10640,4609
11428,47469,20233
11429,112823,47829
11430,101107,42800
11431,114900,48690
11432,59648,25313
11433,128752,54658
11434,54890,23341
11435,107957,45709
11436,29761,12731
11437,17210,7403
11438,38994,16662
11439,49552,21120
11440,42548,18179
11441,45417,19387
11442,6443,2845
11443,11078,4806
11444,7255,3188
11445,102873,43522
11446,33961,14556
11447,76263,32344
11448,2681,1158
11449,45701,19496
11450,27703,11840
11451,64856,27530
11452,79143,33542
11453,121577,51561
11454,84792,35982
11455,37981,16264
11456,2325,1004
11457,57136,24271
11458,31574,13513
11459,18125,7789
11460,110546,46815
11461,29291,12519
11462,108088,45758
11463,105674,44717
11464,34476,14765
11465,85947,36478
11466,95309,40342
11467,68879,29258
11468,100930,42730
11469,101310,42882
11470,71577,30390
11471,41304,17634
11472,27720,11848
11473,20107,8610
11474,56290,23927
11475,15061,6492
11476,78829,33408
11477,117720,49895
11478,69130,29363
11479,87036,36900
11480,123814,52553
11481,37536,16072
11482,47723,20336
11483,97048,41077
11484,121847,51667
11485,42299,18070
11486,98305,41614
11487,64912,27560
11488,25693,11007
11489,46534,19833
11490,97071,41084
11491,25964,11124
11492,125938,53467
11493,113687,48184
11494,106365,45005
11495,98594,41739
11496,60986,25882
11497,26054,11157
11498,78446,33268
11499,119243,50546
11500,73078,31017
11501,77196,32706
11502,51305,21850
11503,88713,37563
11504,27340,11687
11505,79374,33641
11506,8212,3562
11507,60475,25671
11508,98898,41859
11509,116805,49505
11510,56303,23933
11511,128747,54655
11512,55737,23701
11513,40807,17428
11514,50322,21460
11515,114263,48415
11516,119536,50674
11517,103272,43685
11518,23452,10038
11519,81370,34522
11520,74183,31481
11521,54709,23260
11522,105123,44477
11523,24502,10487
11524,1048,435
11525,106964,45271
11526,52142,22207
11527,23891,10238
11528,97114,41105
11529,28259,12088
11530,48721,20768
11531,4139,1813
11532,50261,21435
11533,100376,42487
11534,76110,32277
11535,4231,1846
11536,41174,17579
11537,100890,42721
11538,63493,26945
11539,116566,49404
11540,47022,20055
11541,8539,3693
11542,8444,3656
11543,58857,24990
11544,24254,10387
11545,50069,21358
11546,104459,44189
11547,3111,1366
11548,34241,14657
11549,78427,33257
11550,83632,35500
11551,73416,31149
11552,35179,15070
11553,7622,3332
11554,23138,9906
11555,23163,9919
11556,41426,17689
11557,92824,39301
11558,4330,1891
11559,72744,30881
11560,108512,45946
11561,14403,6208
11562,50326,21462
11563,28753,12285
11564,11609,5016
11565,72428,30743
11566,56119,23853
11567,3771,1652
11568,43361,18518
11569,3216,1407
11570,59966,25460
11571,10812,4684
11572,2169,931
11573,59876,25415
11574,102039,43177
11575,66300,28144
11576,88319,37399
11577,3401,1499
11578,49705,21187
11579,13698,5913
11580,58246,24740
11581,19474,8336
11582,35059,15024
11583,76934,32601
11584,3021,1320
11585,81277,34477
11586,96224,40705
11587,59747,25359
11588,78423,33253
11589,89588,37911
11590,126681,53790
11591,43984,18775
11592,102877,43525
11593,64419,27348
11594,27908,11927
11595,54835,23312
11596,3313,1453
11597,101282,42875
11598,113420,48072
11599,100774,42670
11600,112153,47518
11601,104338,44135
11602,100944,42738
11603,92477,39143
11604,52814,22466
11605,56442,23995
11606,22613,9671
11607,15244,6570
11608,20828,8939
11609,34968,14982
11610,43046,18380
11611,48128,20508
11612,58133,24685
11613,42928,18333
11614,9811,4241
11615,98343,41634
11616,57314,24341
11617,35070,15030
11618,36432,15581
11619,46597,19858
11620,119297,50568
11621,11405,4945
11622,100125,42371
11623,16004,6892
11624,44008,18787
11625,72376,30724
11626,3000,1309
11627,84807,35988
11628,89790,38000
11629,64745,27485
11630,120126,50934
11631,8775,3791
11632,63193,26825
11633,49905,21281
11634,59716,25347
11635,86800,36821
11636,118815,50365
11637,70300,29853
11638,101618,43001
11639,59102,25090
11640,41350,17652
11641,82734,35112
11642,38428,16449
11643,123537,52421
11644,99169,41964
11645,52725,22431
11646,96382,40771
11647,45404,19384
11648,28781,12296
11649,113866,48247
11650,25601,10954
11651,50627,21579
11652,103455,43757
11653,53252,22637
11654,9828,4252
11655,71593,30400
11656,11241,4872
11657,33296,14281
11658,13013,5608
11659,96709,40929
11660,63836,27100
11661,36874,15775
11662,58382,24801
11663,61479,26107
11664,19843,8508
11665,10319,4463
11666,86285,36615
11667,64923,27564
11668,64154,27232
11669,110967,47000
11670,52690,22419
11671,82866,35162
11672,6744,2971
11673,47316,20169
11674,122310,51860
11675,129625,55016
11676,102024,43172
11677,30777,13159
11678,59831,25397
11679,72958,30969
11680,121761,51628
11681,68486,29093
11682,28474,12180
11683,52761,22441
11684,115069,48766
11685,95158,40284
11686,77056,32646
11687,66571,28270
11688,75987,32222
11689,124950,53049
11690,19874,8518
11691,94099,39807
11692,6638,2927
11693,130200,55259
11694,90966,38494
11695,96216,40702
11696,99400,42061
11697,62865,26690
11698,94295,39911
11699,101669,43023
11700,29370,12554
11701,44155,18852
11702,62344,26481
11703,69237,29398
11704,44322,18923
11705,105875,44801
11706,12766,5508
11707,91019,38521
11708,40523,17297
11709,33129,14209
11710,53244,22632
11711,40131,17145
11712,23289,9966
11713,9985,4314
11714,12501,5392
11715,64403,27338
11716,93765,39678
11717,29024,12397
11718,28218,12070
11719,2925,1269
11720,6168,2710
11721,9232,3992
11722,810,349
11723,57952,24613
11724,45179,19298
11725,21508,9219
11726,76974,32613
11727,72880,30940
11728,11572,5006
11729,109154,46228
11730,116983,49584
11731,113667,48173
11732,90565,38323
11733,84660,35921
11734,71595,30402
11735,110671,46872
11736,27418,11720
11737,111408,47174
11738,98375,41646
11739,1523,656
11740,99549,42123
11741,22093,9456
11742,47770,20350
11743,3377,1485
11744,67757,28782
11745,84692,35937
11746,18175,7810
11747,85258,36178
11748,88139,37330
11749,120463,51083
11750,24545,10505
11751,68233,28979
11752,129833,55108
11753,19618,8408
11754,125157,53131
11755,13235,5710
11756,84478,35849
11757,115609,49016
11758,89967,38070
11759,56489,24016
11760,44237,18883
11761,119323,50579
11762,30709,13134
11763,108395,45902
11764,82765,35125
11765,90245,38185
11766,106218,44946
11767,81550,34605
11768,44041,18799
11769,70162,29796
11770,73746,31290
11771,68487,29094
11772,98969,41894
11773,25745,11026
11774,118766,50343
11775,71710,30443
11776,54454,23151
11777,45533,19432
11778,58349,24785
11779,49359,21033
11780,6174,2714
11781,52962,22532
11782,18259,7844
11783,108435,45918
11784,92212,39044
11785,53937,22938
11786,68414,29063
11787,21285,9129
11788,8816,3806
11789,47695,20327
11790,96094,40655
11791,95738,40504
11792,123770,52528
11793,17907,7698
11794,92977,39362
11795,93096,39406
11796,20772,8917
11797,100335,42470
11798,115298,48869
11799,76986,32617
11800,93443,39540
11801,5334,2324
11802,76770,32536
11803,52004,22143
11804,35928,15383
11805,123479,52393
11806,28725,12272
11807,16608,7148
11808,44055,18806
11809,118068,50049
11810,30200,12924
11811,36906,15789
11812,10519,4547
11813,76060,32254
11814,18710,8029
11815,96031,40626
11816,118383,50196
11817,110704,46887
11818,28678,12252
11819,81709,34677
11820,36598,15653
11821,58628,24894
11822,80172,33979
11823,40718,17391
11824,112694,47775
11825,12496,5389
11826,53677,22825
11827,89963,38068
11828,96334,40753
11829,118114,50069
11830,27747,11860
11831,59521,25266
11832,19173,8215
11833,113959,48288
11834,4862,2131
11835,54568,23201
11836,51228,21821
11837,100626,42617
11838,86920,36860
11839,114612,48561
11840,79913,33876
11841,120432,51066
11842,11504,4975
11843,1418,608
11844,110950,46992
11845,16396,7053
11846,125813,53412
11847,108961,46143
11848,88330,37406
11849,87652,37143
11850,84503,35859
11851,10604,4591
11852,113173,47970
11853,97229,41150
11854,20481,8785
11855,58530,24857
11856,107756,45619
11857,77192,32704
11858,113711,48194
11859,17398,7472
11860,118564,50261
11861,82711,35103
11862,117182,49670
11863,95663,40478
11864,9813,4243
11865,83820,35586
11866,22291,9543
11867,3873,1695
11868,116358,49311
11869,83753,35549
11870,48294,20587
11871,104982,44418
11872,71665,30430
11873,40606,17332
11874,115133,48798
11875,78908,33446
11876,91439,38721
11877,113413,48069
11878,22799,9755
11879,88791,37602
11880,80486,34128
11881,109165,46232
11882,49060,20908
11883,101023,42764
11884,39934,17067
11885,22881,9789
11886,81658,34650
11887,15013,6469
11888,8442,3655
11889,78732,33368
11890,109348,46308
11891,8379,3628
11892,98140,41546
11893,13963,6016
11894,45491,19418
11895,87575,37114
11896,114659,48577
11897,105650,44704
11898,16011,6895
11899,100005,42317
11900,65039,27617
11901,17005,7320
11902,61495,26113
11903,83602,35488
11904,67435,28639
11905,127721,54238
11906,126137,53554
11907,16153,6952
11908,38614,16521
11909,61932,26308
11910,92194,39039
11911,116916,49555
11912,67772,28791
11913,79152,33545
11914,94312,39921
11915,3381,1487
11916,102275,43275
11917,29256,12503
11918,14975,6452
11919,88642,37532
11920,30685,13121
11921,8287,3589
11922,30042,12856
11923,14309,6169
11924,13554,5844
11925,19341,8288
11926,20664,8866
11927,54946,23366
11928,124750,52963
11929,91042,38530
11930,25566,10939
11931,61354,26050
11932,92322,39088
11933,127997,54348
11934,40604,17330
11935,65509,27820
11936,693,295
11937,114085,48342
11938,2313,995
11939,10323,4465
11940,29504,12611
11941,75175,31885
11942,13602,5864
11943,63563,26969
11944,108319,45866
11945,111376,47162
11946,98891,41858
11947,91672,38821
11948,36416,15573
11949,116018,49172
11950,91975,38941
11951,99615,42152
11952,129961,55159
11953,110979,47004
11954,59028,25059
11955,46215,19706
11956,3046,1339
11957,107039,45309
11958,61891,26287
11959,10726,4648
11960,109902,46531
11961,70785,30058
11962,85890,36459
11963,106502,45071
11964,25715,11018
11965,29200,12479
11966,7273,3193
11967,91626,38797
11968,70860,30090
11969,93696,39652
11970,53378,22697
11971,107067,45320
11972,67160,28517
11973,35689,15287
11974,97820,41399
11975,20540,8811
11976,74674,31675
11977,96124,40666
11978,85849,36439
11979,1973,848
11980,19659,8429
11981,16893,7271
11982,57179,24295
11983,84871,36015
11984,12406,5351
11985,67591,28705
11986,111057,47035
11987,31284,13387
11988,90337,38219
11989,82205,34894
11990,102689,43443
11991,60639,25742
11992,125990,53484
11993,69920,29684
11994,3872,1694
11995,84271,35757
11996,79200,33564
11997,14840,6393
11998,109344,46306
11999,74494,31606
12000,59112,25095
12001,93506,39572
12002,32515,13942
12003,102769,43482
12004,2933,1271
12005,107636,45574
12006,35826,15341
12007,38116,16321
12008,114680,48586
12009,72964,30972
12010,122599,51983
12011,21768,9329
12012,126736,53818
12013,16502,7100
12014,58465,24835
12015,125484,53287
12016,53215,22623
12017,6152,2702
12018,10922,4736
12019,30361,12988
12020,25676,11002
12021,118834,50373
12022,22773,9741
12023,111728,47314
12024,13435,5789
12025,82806,35142
12026,178,83
12027,67805,28803
12028,97963,41464
12029,15440,6646
12030,78134,33135
12031,66778,28361
12032,31857,13637
12033,99536,42116
12034,2201,944
12035,117900,49970
12036,123778,52532
12037,14952,6442
12038,74141,31458
12039,32078,13750
12040,39645,16941
12041,128690,54640
12042,59360,25202
12043,117742,49906
12044,50595,21564
12045,22044,9435
12046,121833,51659
12047,69435,29474
12048,99745,42204
12049,453,191
12050,68123,28935
12051,101174,42833
12052,46199,19699
12053,91096,38551
12054,95040,40234
12055,96091,40653
12056,40766,17410
12057,103386,43731
12058,18096,7775
12059,45212,19313
12060,44569,19040
12061,42584,18195
12062,123202,52257
12063,90089,38124
12064,79182,33558
12065,59483,25253
12066,110705,46888
12067,15530,6685
12068,14290,6160
12069,99241,41994
12070,85150,36127
12071,108820,46078
12072,124263,52754
12073,12151,5241
12074,25845,11067
12075,118915,50412
12076,42925,18331
12077,126954,53915
12078,57169,24290
12079,35819,15338
12080,16113,6935
12081,106866,45231
12082,82109,34844
12083,76693,32506
12084,70048,29746
12085,105235,44527
12086,9344,4039
12087,108293,45854
12088,111145,47079
12089,69128,29362
12090,115234,48840
12091,65458,27797
12092,125611,53338
12093,35711,15294
12094,95053,40238
12095,61511,26117
12096,784,335
12097,3723,1631
12098,106227,44951
12099,64548,27402
12100,82527,35025
12101,118746,50334
12102,73055,31004
12103,95267,40326
12104,120741,51208
12105,58785,24964
12106,93716,39660
12107,29845,12769
12108,55407,23555
12109,37910,16228
12110,66832,28384
12111,101988,43157
12112,61961,26321
12113,32876,14091
12114,37206,15924
12115,130294,55310
12116,55625,23651
12117,25905,11097
12118,98903,41862
12119,57947,24610
12120,106713,45163
12121,29543,12627
12122,91122,38564
12123,61008,25889
12124,128178,54425
12125,69744,29608
12126,2480,1075
12127,55083,23421
12128,83209,35312
12129,96392,40774
12130,54513,23172
12131,122066,51766
12132,67120,28498
12133,40059,17115
12134,18652,8008
12135,88831,37618
12136,118261,50141
12137,93143,39423
12138,12076,5218
12139,9119,3947
12140,22247,9523
12141,68372,29040
12142,45702,19497
12143,77905,33030
12144,106745,45175
12145,8009,3485
12146,33795,14488
12147,8448,3658
12148,23741,10174
12149,11508,4979
12150,61042,25908
12151,23729,10167
12152,14681,6328
12153,121045,51323
12154,54612,23222
12155,28421,12154
12156,87538,37096
12157,46648,19878
12158,108517,45949
12159,103787,43895
12160,96717,40932
12161,79202,33565
12162,119020,50459
12163,63472,26934
12164,64722,27472
12165,1066,441
12166,109326,46298
12167,39206,16767
12168,66984,28444
12169,79308,33612
12170,106497,45068
12171,90396,38242
12172,32014,13713
12173,32972,14133
12174,43868,18727
12175,34402,14731
12176,105287,44555
12177,68320,29015
12178,33462,14355
12179,100500,42544
12180,48086,20484
12181,22836,9771
12182,26172,11195
12183,22723,9720
12184,87666,37149
12185,19165,8209
12186,297,133
12187,22536,9641
12188,10036,4341
12189,104691,44300
12190,77244,32727
12191,123997,52633
12192,100550,42570
12193,127980,54341
12194,11184,4847
12195,102401,43326
12196,106241,44954
12197,36494,15607
12198,66564,28265
12199,26589,11380
12200,85368,36225
12201,14820,6380
12202,35654,15272
12203,9433,4082
12204,74929,31775
12205,71803,30485
12206,95967,40597
12207,30464,13034
12208,25496,10906
12209,36722,15708
12210,330,139
12211,49490,21091
12212,93367,39507
12213,31556,13503
12214,98965,41892
12215,114920,48698
12216,44225,18877
12217,73252,31091
12218,118657,50299
12219,20322,8704
12220,89721,37964
12221,126243,53603
12222,59652,25316
12223,38430,16450
12224,61777,26234
12225,94950,40187
12226,56381,23969
12227,6283,2762
12228,67734,28767
12229,16158,6954
12230,118827,50371
12231,75221,31902
12232,83978,35651
12233,48576,20712
12234,95072,40250
12235,39,17
12236,1696,730
12237,55133,23434
12238,83182,35298
12239,29707,12706
12240,87518,37088
12241,87560,37106
12242,70165,29798
12243,12285,5297
12244,32803,14059
12245,61522,26121
12246,6409,2827
12247,125565,53321
12248,45810,19548
12249,35060,15025
12250,83106,35263
12251,780,333
12252,30708,13133
12253,76782,32541
12254,119865,50824
12255,17337,7445
12256,5078,2227
12257,38052,16291
12258,125692,53369
12259,119708,50757
12260,74526,31623
12261,96171,40681
12262,109558,46390
12263,87094,36920
12264,15417,6638
12265,118665,50304
12266,4342,1900
12267,94800,40127
12268,118641,50292
12269,100515,42552
12270,45739,19514
12271,38873,16611
12272,63694,27033
12273,61806,26251
12274,55860,23746
12275,103849,43927
12276,48014,20450
12277,17803,7651
12278,116527,49390
12279,69436,29475
12280,123023,52173
12281,51619,21993
12282,38284,16393
12283,70375,29883
12284,127898,54303
12285,85923,36470
12286,34419,14740
12287,80150,33967
12288,32206,13815
12289,30954,13247
12290,48342,20608
12291,8314,3598
12292,58355,24788
12293,102838,43506
12294,125115,53119
12295,70291,29846
12296,20618,8842
12297,106768,45189
12298,37738,16153
12299,8224,3565
12300,61067,25922
12301,87035,36899
12302,87573,37112
12303,21709,9303
12304,2119,914
12305,42252,18046
12306,53859,22906
12307,118919,50413
12308,39222,16776
12309,14916,6430
12310,99844,42250
12311,3252,1423
12312,104747,44323
12313,61947,26316
12314,2002,861
12315,78460,33274
12316,118763,50342
12317,128078,54384
12318,118132,50077
12319,76198,32321
12320,90740,38395
12321,64704,27464
12322,98401,41660
12323,40363,17237
12324,63503,26948
12325,83906,35625
12326,58478,24837
12327,91055,38537
12328,9504,4112
12329,15923,6856
12330,52550,22366
12331,52141,22206
12332,76535,32452
12333,17064,7345
12334,76194,32318
12335,118590,50270
12336,83087,35254
12337,126487,53693
12338,127737,54241
12339,18556,7967
12340,6129,2689
12341,109916,46539
12342,61837,26262
12343,124539,52872
12344,20994,9006
12345,86185,36575
12346,110461,46776
12347,94356,39939
12348,43251,18471
12349,36105,15446
12350,35554,15233
12351,23616,10119
12352,4357,1909
12353,45723,19506
12354,130317,55324
12355,104560,44231
12356,30846,13195
12357,31497,13480
12358,24345,10427
12359,33969,14561
12360,2526,1089
12361,58424,24816
12362,117658,49868
12363,13629,5879
12364,8596,3717
12365,74081,31424
12366,31827,13624
12367,33209,14244
12368,17794,7646
12369,44133,18844
12370,94958,40191
12371,88315,37397
12372,81206,34450
12373,101782,43076
12374,30990,13263
12375,116698,49464
12376,113597,48141
12377,85513,36281
12378,56793,24145
12379,80240,34008
12380,118825,50369
12381,46511,19820
12382,31121,13314
12383,28496,12186
12384,20413,8749
12385,108431,45916
12386,110733,46900
12387,7098,3123
12388,76252,32341
12389,31343,13411
12390,100275,42442
12391,42585,18196
12392,51633,21998
12393,105609,44686
12394,47262,20155
12395,498,210
12396,85226,36157
12397,24853,10642
12398,125136,53125
12399,39670,16954
12400,14249,6142
12401,65403,27768
12402,37007,15830
12403,50268,21441
12404,37079,15869
12405,114831,48659
12406,55492,23594
12407,45634,19471
12408,124144,52705
12409,78382,33237
12410,72303,30691
12411,79982,33902
12412,60480,25674
12413,91217,38607
12414,10072,4357
12415,55939,23786
12416,92027,38961
12417,613,256
12418,35452,15182
12419,79317,33616
12420,126061,53518
12421,114662,48578
12422,81344,34506
12423,32163,13793
12424,8814,3805
12425,122319,51863
12426,71923,30537
12427,49077,20915
12428,78084,33111
12429,835,358
12430,104040,44002
12431,58903,25004
12432,10246,4428
12433,115187,48820
12434,62195,26418
12435,20,7
12436,19730,8460
12437,100069,42343
12438,82086,34834
12439,122696,52030
12440,23104,9890
12441,127060,53958
12442,124771,52973
12443,119561,50685
12444,30416,13012
12445,30241,12944
12446,6210,2731
12447,44870,19166
12448,123753,52523
12449,43867,18726
12450,35777,15319
12451,63477,26937
12452,96665,40904
12453,62092,26378
12454,110259,46679
12455,119750,50777
12456,18229,7837
12457,106957,45269
12458,36478,15601
12459,25791,11049
12460,11760,5081
12461,48564,20704
12462,57316,24342
12463,82117,34848
12464,68416,29064
12465,93518,39579
12466,103360,43719
12467,77919,33036
12468,74787,31731
12469,3051,1341
12470,6624,2922
12471,48134,20509
12472,23754,10181
12473,82345,34943
12474,109101,46203
12475,44677,19086
12476,20768,8915
12477,81476,34565
12478,128856,54700
12479,123589,52443
12480,112352,47618
12481,116703,49465
12482,97564,41291
12483,122140,51797
12484,120874,51264
12485,51646,22004
12486,17924,7702
12487,45166,19290
12488,50329,21463
12489,42246,18043
12490,43699,18659
12491,94745,40101
12492,85827,36424
12493,85173,36135
12494,18363,7894
12495,76990,32618
12496,91173,38585
12497,107654,45581
12498,60369,25625
12499,99125,41947
12500,79963,33891
12501,51456,21924
12502,29986,12835
12503,75467,32010
12504,25602,10955
12505,56429,23991
12506,16794,7230
12507,71338,30302
12508,85436,36247
12509,82912,35182
12510,30572,13076
12511,94793,40123
12512,6194,2725
12513,33437,14344
12514,78113,33126
12515,84371,35802
12516,29777,12739
12517,108143,45784
12518,23991,10279
12519,105270,44545
12520,115590,49005
12521,84276,35759
12522,33965,14558
12523,42348,18089
12524,47397,20202
12525,41628,17775
12526,50799,21646
12527,2855,1234
12528,7726,3378
12529,58153,24693
12530,110348,46721
12531,90714,38382
12532,113414,48070
12533,122878,52110
12534,24227,10379
12535,103146,43633
12536,41423,17686
12537,35509,15210
12538,98417,41671
12539,118864,50389
12540,128385,54505
12541,126621,53758
12542,74144,31460
12543,19381,8302
12544,128389,54509
12545,22147,9481
12546,64558,27406
12547,42056,17959
12548,63116,26796
12549,52217,22233
12550,88669,37543
12551,102286,43278
12552,44523,19018
12553,38483,16475
12554,117335,49725
12555,37131,15887
12556,23335,9990
12557,50253,21430
12558,33518,14376
12559,90902,38463
12560,112788,47815
12561,41396,17676
12562,68753,29212
12563,41282,17625
12564,65386,27762
12565,128170,54420
12566,116354,49310
12567,38694,16553
12568,42959,18344
12569,45380,19375
12570,2056,883
12571,5963,2619
12572,123179,52246
12573,5220,2285
12574,62695,26622
12575,120829,51241
12576,29239,12495
12577,68029,28897
12578,108329,45873
12579,87567,37109
12580,26805,11474
12581,55468,23583
12582,51366,21878
12583,122208,51829
12584,103554,43809
12585,101098,42794
12586,65249,27713
12587,99127,41948
12588,52578,22378
12589,44475,18995
12590,128875,54711
12591,9529,4126
12592,103094,43613
12593,109337,46304
12594,40344,17225
12595,91372,38688
12596,73111,31032
12597,31800,13609
12598,117515,49808
12599,91262,38628
12600,124203,52731
12601,114731,48614
12602,29914,12802
12603,73269,31099
12604,67634,28724
12605,32341,13875
12606,1565,676
12607,127666,54211
12608,64713,27467
12609,128852,54698
12610,8952,3870
12611,57944,24608
12612,24581,10521
12613,39346,16824
12614,85253,36176
12615,68068,28913
12616,32387,13890
12617,31910,13663
12618,119353,50596
12619,55043,23406
12620,20813,8930
12621,20025,8575
12622,100999,42753
12623,128708,54646
12624,19292,8266
12625,49444,21072
12626,9198,3977
12627,118112,50068
12628,110413,46750
12629,121098,51345
12630,107096,45337
12631,50795,21643
12632,29568,12637
12633,3938,1729
12634,41523,17730
12635,80444,34108
12636,31368,13426
12637,68620,29160
12638,39957,17077
12639,124577,52891
12640,110281,46688
12641,12118,5229
12642,1026,422
12643,117599,49843
12644,68125,28937
12645,67777,28793
12646,2898,1256
12647,93035,39385
12648,25013,10713
12649,61154,25959
12650,25415,10876
12651,90286,38201
12652,81162,34433
12653,72683,30858
12654,40932,17483
12655,29082,12425
12656,126188,53582
12657,15223,6559
12658,100883,42719
12659,115111,48784
12660,64682,27455
12661,44956,19200
12662,95647,40473
12663,12620,5448
12664,50899,21688
12665,60739,25784
12666,118471,50233
12667,67866,28832
12668,112641,47753
12669,17108,7365
12670,67287,28570
12671,35188,15076
12672,65703,27896
12673,105734,44739
12674,109726,46467
12675,109004,46160
12676,59358,25201
12677,79779,33817
12678,12485,5381
12679,73396,31143
12680,20504,8796
12681,14353,6189
12682,19995,8567
12683,119759,50780
12684,61776,26233
12685,78791,33393
12686,126092,53532
12687,62715,26631
12688,121228,51399
12689,29770,12735
12690,10400,4501
12691,7383,3244
12692,44125,18840
12693,120536,51114
12694,114357,48453
12695,24021,10293
12696,73906,31362
12697,125376,53236
12698,100940,42736
12699,120093,50916
12700,70520,29952
12701,120397,51050
12702,70764,30048
12703,69452,29483
12704,114969,48725
12705,31227,13361
12706,50146,21384
12707,85618,36335
12708,37497,16054
12709,54592,23211
12710,61881,26282
12711,75629,32082
12712,13916,6001
12713,70516,29950
12714,89049,37718
12715,50212,21415
12716,63890,27121
12717,128509,54564
12718,110075,46610
12719,21341,9152
12720,17567,7549
12721,77430,32809
12722,16144,6948
12723,1932,828
12724,121989,51735
12725,123074,52200
12726,85971,36487
12727,21307,9140
12728,95846,40544
12729,107397,45470
12730,99732,42199
12731,45294,19345
12732,71378,30314
12733,117908,49974
12734,100019,42323
12735,129281,54877
12736,115299,48870
12737,3260,1429
12738,78456,33272
12739,2050,880
12740,4691,2053
12741,130156,55240
12742,22604,9665
12743,67858,28828
12744,117804,49934
12745,96754,40945
12746,76479,32427
12747,110749,46907
12748,121573,51558
12749,11345,4919
12750,100583,42592
12751,85475,36265
12752,116012,49169
12753,17128,7373
12754,48095,20490
12755,70905,30112
12756,58423,24815
12757,126848,53871
12758,47078,20086
12759,70523,29954
12760,101530,42961
12761,122754,52061
12762,30722,13141
12763,112524,47698
12764,118817,50366
12765,121334,51445
12766,89250,37789
12767,83335,35376
12768,15880,6836
12769,11746,5075
12770,127797,54267
12771,87131,36937
12772,69605,29549
12773,95250,40318
12774,65172,27678
12775,107299,45429
12776,72755,30885
12777,49671,21170
12778,90498,38287
12779,56597,24060
12780,34186,14634
12781,30456,13029
12782,83730,35540
12783,36923,15798
12784,45467,19404
12785,71876,30515
12786,68971,29299
12787,42766,18268
12788,10487,4538
12789,83550,35464
12790,36300,15526
12791,95013,40219
12792,6100,2673
12793,17468,7509
12794,113616,48151
12795,114452,48490
12796,17089,7356
12797,6440,2843
12798,52727,22432
12799,765,324
12800,30204,12926
12801,21639,9274
12802,73081,31018
12803,31244,13369
12804,124706,52947
12805,16454,7082
12806,22857,9781
12807,64270,27278
12808,119969,50871
12809,27147,11614
12810,68098,28927
12811,82145,34862
12812,96137,40671
12813,76182,32310
12814,74232,31501
12815,33543,14388
12816,1845,789
12817,85400,36237
12818,2573,1110
12819,33264,14265
12820,2598,1121
12821,128444,54536
12822,41965,17923
12823,41544,17743
12824,98724,41798
12825,77458,32824
12826,71637,30419
12827,503,212
12828,53398,22705
12829,125408,53254
12830,89971,38072
12831,78397,33244
12832,115500,48962
12833,128443,54535
12834,64665,27447
12835,107310,45432
12836,124803,52985
12837,29541,12625
12838,8466,3671
12839,109408,46333
12840,91957,38935
12841,11927,5152
12842,1961,840
12843,45482,19413
12844,113012,47910
12845,741,314
12846,117282,49703
12847,79043,33499
12848,80756,34261
12849,111089,47051
12850,117361,49739
12851,106084,44886
12852,31031,13286
12853,49935,21300
12854,41950,17914
12855,115157,48811
12856,108126,45775
12857,36220,15493
12858,118970,50437
12859,116775,49494
12860,98452,41687
12861,107615,45564
12862,92037,38969
12863,18365,7895
12864,48470,20668
12865,86877,36848
12866,72820,30916
12867,87283,36997
12868,129209,54846
12869,40504,17289
12870,46679,19893
12871,119588,50696
12872,96661,40901
12873,92612,39208
12874,99360,42044
12875,74781,31727
12876,65394,27764
12877,25894,11090
12878,68450,29077
12879,49830,21245
12880,85057,36091
12881,105295,44557
12882,51598,21981
12883,78934,33459
12884,5397,2352
12885,81020,34381
12886,36059,15434
12887,125078,53107
12888,100631,42619
12889,6344,2793
12890,95038,40232
12891,20634,8850
12892,75741,32123
12893,42545,18178
12894,75413,31984
12895,79527,33714
12896,84239,35746
12897,94569,40029
12898,115713,49064
12899,63820,27093
12900,106979,45282
12901,67007,28454
12902,45173,19296
12903,3427,1513
12904,84846,36004
12905,70756,30046
12906,89351,37825
12907,82753,35121
12908,40667,17363
12909,60564,25713
12910,125321,53213
12911,105493,44640
12912,8894,3847
12913,105806,44770
12914,71066,30184
12915,59639,25309
12916,22357,9569
12917,117234,49683
12918,106477,45060
12919,33990,14568
12920,73882,31348
12921,18022,7742
12922,99998,42313
12923,123279,52291
12924,78932,33458
12925,80548,34161
12926,99313,42025
12927,25579,10943
12928,73991,31392
12929,10429,4515
12930,45101,19256
12931,83988,35655
12932,113655,48167
12933,123882,52579
12934,90849,38442
12935,38510,16484
12936,117291,49705
12937,105504,44642
12938,56532,24037
12939,46490,19811
12940,4258,1863
12941,121409,51483
12942,120417,51059
12943,77789,32975
12944,10411,4507
12945,46405,19785
12946,51749,22052
12947,84663,35924
12948,94557,40024
12949,82091,34837
12950,124303,52773
12951,125247,53176
12952,111636,47272
12953,58171,24699
12954,81385,34529
12955,37926,16236
12956,42923,18330
12957,105628,44694
12958,5565,2414
12959,89728,37969
12960,29422,12580
12961,89397,37841
12962,120885,51267
12963,3045,1338
12964,51580,21973
12965,37576,16087
12966,82594,35052
12967,46079,19652
12968,85986,36494
12969,100702,42644
12970,92609,39207
12971,127210,54013
12972,69494,29504
12973,84733,35959
12974,127780,54262
12975,99398,42060
12976,80884,34321
12977,79193,33562
12978,36571,15645
12979,50745,21625
12980,9841,4257
12981,90501,38290
12982,82907,35180
12983,67422,28634
12984,28038,11992
12985,59964,25459
12986,26397,11290
12987,90467,38272
12988,68880,29259
12989,64899,27553
12990,125821,53417
12991,20353,8720
12992,64252,27271
12993,51792,22072
12994,95131,40274
12995,51199,21812
12996,6086,2666
12997,90936,38479
12998,114507,48513
12999,79040,33498
13000,38464,16465
13001,84656,35918
13002,102520,43380
13003,122617,51994
13004,50802,21647
13005,44917,19185
13006,14186,6115
13007,42554,18180
13008,96798,40966
13009,72935,30960
13010,1510,651
13011,15309,6600
13012,113554,48125
13013,17112,7367
13014,65336,27747
13015,30992,13265
13016,97617,41312
13017,10500,4542
13018,78664,33346
13019,128199,54437
13020,91714,38837
13021,61825,26257
13022,1875,803
13023,96852,40991
13024,23605,10113
13025,52769,22445
13026,82346,34944
13027,119592,50698
13028,1368,586
13029,1331,570
13030,122426,51905
13031,102266,43270
13032,124708,52948
13033,118051,50044
13034,121049,51327
13035,67929,28861
13036,4069,1790
13037,12524,5406
13038,22072,9445
13039,28836,12319
13040,52050,22161
13041,34922,14963
13042,370,149
13043,29240,12496
13044,90458,38269
13045,30250,12948
13046,38113,16320
13047,107840,45653
13048,117524,49813
13049,8158,3538
13050,94534,40019
13051,122652,52013
13052,83030,35227
13053,58065,24658
13054,26862,11497
13055,66685,28318
13056,101942,43138
13057,44384,18950
13058,12773,5510
13059,63170,26815
13060,32026,13719
13061,94191,39861
13062,37969,16258
13063,1215,510
13064,79798,33826
13065,14874,6410
13066,60726,25778
13067,123599,52448
13068,118674,50307
13069,92371,39105
13070,97065,41082
13071,125620,53342
13072,125116,53120
13073,106326,44990
13074,1402,599
13075,39913,17059
13076,103572,43819
13077,81995,34797
13078,99961,42301
13079,68424,29067
13080,100856,42705
13081,41342,17647
13082,119167,50522
13083,46454,19798
13084,23588,10104
13085,66165,28087
13086,31636,13541
13087,256,115
13088,59715,25346
13089,95924,40580
13090,36538,15630
13091,126391,53661
13092,21415,9180
13093,80321,34045
13094,81492,34576
13095,28711,12265
13096,1032,426
13097,6572,2902
13098,121320,51438
13099,67347,28597
13100,71287,30281
13101,82021,34809
13102,44657,19077
13103,111732,47318
13104,94047,39779
13105,22056,9438
13106,90724,38387
13107,114565,48535
13108,89914,38044
13109,119423,50624
13110,9764,4222
13111,109296,46289
13112,120116,50928
13113,66997,28449
13114,109459,46349
13115,44993,19213
13116,13421,5783
13117,120314,51017
13118,49305,21010
13119,19082,8171
13120,99717,42193
13121,85380,36231
13122,27414,11718
13123,31439,13453
13124,83693,35525
13125,2289,986
13126,41660,17790
13127,83826,35589
13128,95956,40593
13129,90510,38297
13130,100684,42637
13131,6067,2655
13132,28603,12229
13133,68228,28977
13134,54341,23104
13135,73310,31114
13136,35839,15344
13137,103525,43795
13138,20278,8688
13139,66883,28403
13140,99785,42221
13141,69019,29320
13142,45002,19214
13143,121191,51383
13144,76416,32405
13145,30939,13239
13146,66779,28362
13147,63252,26850
13148,106117,44901
13149,82415,34977
13150,89596,37916
13151,83537,35459
13152,77819,32989
13153,38277,16390
13154,100063,42341
13155,118211,50112
13156,18180,7814
13157,126177,53578
13158,29534,12622
13159,81636,34637
13160,56066,23833
13161,127064,53959
13162,111835,47367
13163,34748,14887
13164,123791,52538
13165,106929,45260
13166,38624,16525
13167,108513,45947
13168,80740,34254
13169,20902,8976
13170,24939,10689
13171,37677,16129
13172,4791,2098
13173,35320,15132
13174,760,320
13175,98956,41887
13176,74772,31721
13177,53041,22560
13178,31016,13277
13179,114975,48730
13180,115097,48777
13181,14470,6235
13182,29887,12788
13183,90014,38092
13184,54179,23040
13185,106473,45058
13186,43860,18723
13187,102321,43296
13188,101026,42766
13189,78370,33231
13190,108954,46141
13191,26122,11176
13192,12904,5559
13193,9235,3995
13194,32456,13919
13195,62360,26487
13196,39347,16825
13197,13659,5895
13198,56825,24157
13199,83860,35607
13200,93217,39446
13201,60350,25617
13202,39758,16990
13203,105893,44811
13204,101391,42913
13205,18321,7871
13206,123522,52412
13207,60807,25814
13208,113965,48290
13209,6355,2798
13210,69240,29399
13211,121216,51395
13212,16134,6944
13213,94172,39846
13214,48300,20590
13215,270,119
13216,129141,54822
13217,20775,8919
13218,68195,28964
13219,111504,47217
13220,10194,4406
13221,117146,49653
13222,105071,44459
13223,59152,25112
13224,51541,21963
13225,23608,10116
13226,98854,41840
13227,63681,27029
13228,95484,40413
13229,52957,22529
13230,62681,26616
13231,4528,1983
13232,50053,21351
13233,130254,55285
13234,59475,25248
13235,121437,51496
13236,81498,34579
13237,49870,21264
13238,53146,22597
13239,114604,48555
13240,95473,40408
13241,122219,51834
13242,24597,10530
13243,85182,36139
13244,91680,38824
13245,125179,53142
13246,105010,44428
13247,11470,4967
13248,53770,22866
13249,109534,46377
13250,15088,6505
13251,43765,18682
13252,5444,2368
13253,46903,20000
13254,72624,30829
13255,58631,24895
13256,25948,11115
13257,104828,44357
13258,48409,20643
13259,106386,45020
13260,55327,23521
13261,41017,17520
13262,55662,23665
13263,91611,38787
13264,120585,51142
13265,12060,5209
13266,8737,3773
13267,109372,46319
13268,119913,50847
13269,22459,9608
13270,12795,5519
13271,90513,38299
13272,26226,11215
13273,91004,38512
13274,33359,14306
13275,40043,17106
13276,51011,21733
13277,111828,47363
13278,115848,49117
13279,16846,7249
13280,60712,25773
13281,63916,27132
13282,71817,30489
13283,122301,51858
13284,63305,26871
13285,38961,16650
13286,83748,35548
13287,19449,8326
13288,60185,25553
13289,67494,28662
13290,119079,50480
13291,32337,13872
13292,56068,23835
13293,76141,32292
13294,125169,53137
13295,75609,32074
13296,118281,50149
13297,74088,31430
13298,54798,23297
13299,46747,19918
13300,93497,39565
13301,127969,54337
13302,9989,4317
13303,58928,25016
13304,96463,40813
13305,16783,7222
13306,68058,28910
13307,12040,5199
13308,96121,40665
13309,64669,27448
13310,87012,36890
13311,17530,7533
13312,27564,11777
13313,32958,14129
13314,38950,16646
13315,40425,17259
13316,125662,53358
13317,383,155
13318,56952,24206
13319,46487,19810
13320,1338,575
13321,67935,28863
13322,121048,51326
13323,33062,14181
13324,55682,23676
13325,121414,51485
13326,54477,23161
13327,60074,25507
13328,28765,12289
13329,85981,36490
13330,23526,10069
13331,48958,20872
13332,123764,52525
13333,15042,6483
13334,12945,5577
13335,77468,32829
13336,48197,20541
13337,79818,33831
13338,19686,8440
13339,123088,52207
13340,45960,19601
13341,127817,54274
13342,98681,41780
13343,56731,24119
13344,106046,44873
13345,74473,31599
13346,42008,17938
13347,123205,52259
13348,52901,22504
13349,4775,2093
13350,125462,53277
13351,20034,8578
13352,112919,47877
13353,125655,53353
13354,117793,49930
13355,94121,39820
13356,40848,17453
13357,47447,20224
13358,21027,9018
13359,5255,2295
13360,83394,35404
13361,59149,25110
13362,127221,54020
13363,29895,12793
13364,34569,14804
13365,10499,4541
13366,5706,2485
13367,56190,23885
13368,67471,28655
13369,2187,937
13370,4522,1980
13371,24560,10511
13372,88911,37653
13373,74164,31471
13374,128581,54601
13375,37112,15882
13376,70432,29910
13377,51984,22138
13378,107683,45593
13379,16288,7003
13380,37433,16023
13381,68985,29305
13382,3034,1331
13383,52123,22196
13384,69485,29500
13385,36803,15740
13386,126009,53493
13387,52834,22476
13388,33477,14364
13389,109917,46540
13390,123861,52570
13391,106762,45187
13392,34285,14677
13393,128514,54567
13394,49344,21026
13395,15555,6697
13396,11678,5042
13397,40746,17402
13398,124470,52837
13399,18621,7991
13400,51839,22088
13401,55197,23467
13402,28925,12356
13403,26897,11513
13404,61900,26292
13405,88615,37521
13406,51400,21900
13407,122282,51851
13408,42295,18066
13409,102096,43198
13410,105590,44678
13411,102762,43479
13412,34823,14918
13413,99248,41998
13414,111387,47167
13415,129102,54800
13416,69230,29396
13417,12472,5373
13418,127716,54237
13419,88896,37648
13420,33772,14481
13421,66271,28131
13422,119002,50449
13423,27420,11721
13424,32290,13848
13425,165,76
13426,55602,23639
13427,24659,10558
13428,94510,40004
13429,84479,35850
13430,20510,8800
13431,47183,20130
13432,42602,18200
13433,11272,4885
13434,115719,49065
13435,40727,17395
13436,62125,26391
13437,111823,47360
13438,59523,25268
13439,26625,11399
13440,124952,53051
13441,16563,7128
13442,126755,53825
13443,97252,41157
13444,51654,22008
13445,92951,39352
13446,54848,23318
13447,6320,2781
13448,105099,44468
13449,47828,20377
13450,110076,46611
13451,44210,18871
13452,127888,54299
13453,49968,21314
13454,66411,28191
13455,76543,32455
13456,108883,46108
13457,58198,24714
13458,2294,987
13459,124679,52931
13460,91128,38567
13461,89313,37811
13462,74097,31436
13463,117661,49870
13464,81610,34626
13465,9682,4192
13466,41257,17612
13467,68520,29112
13468,6842,3013
13469,109149,46227
13470,12297,5304
13471,35574,15245
13472,37370,15996
13473,103400,43734
13474,110907,46970
13475,28507,12190
13476,50068,21357
13477,72780,30898
13478,17575,7556
13479,13102,5651
13480,56337,23947
13481,89083,37729
13482,98729,41800
13483,114331,48440
13484,44449,18982
13485,103918,43954
13486,98702,41788
13487,39557,16906
13488,25246,10804
13489,41931,17904
13490,22628,9678
13491,110840,46942
13492,39779,17000
13493,74662,31667
13494,123682,52488
13495,12681,5473
13496,26431,11303
13497,90119,38138
13498,53538,22771
13499,108907,46119
13500,106738,45173
13501,33954,14552
13502,31587,13518
13503,67402,28624
13504,114467,48495
13505,63842,27102
13506,54326,23101
13507,31880,13649
13508,5696,2481
13509,16242,6982
13510,996,410
13511,74893,31762
13512,16349,7033
13513,23299,9972
13514,87405,37043
13515,76085,32266
13516,92652,39228
13517,33162,14224
13518,90037,38102
13519,30663,13110
13520,18742,8042
13521,17600,7568
13522,51025,21740
13523,30750,13151
13524,50135,21379
13525,8262,3580
13526,37944,16245
13527,43313,18497
13528,12571,5424
13529,4498,1974
13530,129684,55044
13531,34452,14753
13532,122464,51926
13533,13108,5655
13534,114917,48697
13535,126374,53653
13536,98252,41589
13537,44565,19036
13538,99324,42028
13539,20441,8759
13540,62202,26422
13541,109737,46470
13542,127203,54011
13543,64800,27506
13544,18406,7906
13545,29142,12453
13546,42960,18345
13547,120784,51226
13548,76128,32285
13549,68891,29263
13550,117000,49590
13551,6759,2979
13552,64224,27262
13553,19353,8293
13554,14482,6240
13555,12130,5233
13556,89677,37946
13557,109627,46418
13558,112552,47712
13559,127503,54133
13560,129517,54971
13561,45551,19438
13562,66896,28410
13563,102852,43513
13564,103120,43625
13565,90574,38328
13566,1517,654
13567,98296,41609
13568,112518,47695
13569,116232,49265
13570,2693,1163
13571,14521,6252
13572,17214,7404
13573,92806,39293
13574,94735,40096
13575,108694,46027
13576,34628,14832
13577,29181,12470
13578,63759,27065
13579,5051,2215
13580,114589,48550
13581,92188,39036
13582,123031,52178
13583,105038,44443
13584,126365,53648
13585,42986,18358
13586,13506,5826
13587,101596,42989
13588,89888,38034
13589,55186,23463
13590,5185,2268
13591,95598,40455
13592,96142,40673
13593,84778,35976
13594,46726,19911
13595,119647,50728
13596,57354,24354
13597,80048,33926
13598,67987,28880
13599,48477,20671
13600,87582,37117
13601,84152,35710
13602,78254,33186
13603,60310,25597
13604,65419,27777
13605,103640,43841
13606,110895,46965
13607,74870,31754
13608,61265,26012
13609,80358,34067
13610,105654,44706
13611,125219,53160
13612,50263,21437
13613,73283,31102
13614,45104,19258
13615,126163,53571
13616,62658,26609
13617,41833,17863
13618,78467,33278
13619,65150,27670
13620,120729,51203
13621,52167,22214
13622,220,102
13623,32610,13979
13624,47819,20372
13625,94622,40052
13626,12241,5280
13627,34782,14898
13628,67911,28854
13629,104343,44137
13630,102251,43266
13631,36366,15555
13632,103882,43941
13633,29224,12491
13634,8978,3880
13635,18331,7877
13636,2344,1014
13637,59126,25100
13638,71887,30521
13639,76001,32229
13640,23789,10195
13641,81291,34485
13642,5345,2327
13643,28395,12139
13644,103649,43843
13645,37008,15831
13646,105938,44834
13647,14382,6200
13648,120563,51132
13649,120412,51057
13650,32140,13777
13651,102595,43402
13652,56471,24009
13653,73967,31382
13654,57430,24393
13655,3248,1420
13656,104125,44039
13657,94671,40069
13658,4405,1934
13659,5383,2345
13660,34780,14897
13661,64907,27558
13662,98201,41571
13663,6245,2746
13664,14897,6423
13665,102976,43562
13666,25016,10714
13667,107450,45494
13668,67838,28819
13669,98900,41860
13670,96398,40779
13671,43745,18673
13672,104127,44041
13673,11296,4895
13674,64829,27519
13675,8846,3825
13676,57556,24455
13677,41789,17844
13678,127642,54197
13679,36679,15690
13680,19464,8332
13681,98155,41552
13682,52807,22462
13683,109361,46315
13684,109505,46364
13685,71625,30415
13686,35279,15115
13687,426,176
13688,81662,34653
13689,114431,48482
13690,64343,27306
13691,80904,34331
13692,21786,9336
13693,75677,32097
13694,68810,29233
13695,12582,5429
13696,45226,19323
13697,38635,16532
13698,121005,51304
13699,39326,16815
13700,26912,11521
13701,109476,46355
13702,35182,15071
13703,10762,4664
13704,96269,40729
13705,60362,25622
13706,102507,43373
13707,29588,12645
13708,91370,38686
13709,75165,31879
13710,46007,19627
13711,124737,52960
13712,108315,45865
13713,58,23
13714,118043,50041
13715,113453,48085
13716,117922,49980
13717,101939,43137
13718,101152,42821
13719,100595,42600
13720,2574,1111
13721,127096,53972
13722,23626,10124
13723,13301,5738
13724,53210,22621
13725,105486,44638
13726,10992,4768
13727,116507,49381
13728,113297,48021
13729,63897,27125
13730,31423,13445
13731,106356,45001
13732,34154,14621
13733,77653,32915
13734,46965,20028
13735,13294,5735
13736,30019,12848
13737,215,99
13738,72371,30722
13739,92338,39095
13740,100218,42420
13741,82643,35072
13742,62,25
13743,13580,5856
13744,16317,7018
13745,88764,37588
13746,32160,13790
13747,46770,19933
13748,124028,52645
13749,28868,12329
13750,70485,29932
13751,90460,38270
13752,129435,54937
13753,82279,34923
13754,40107,17138
13755,87114,36929
13756,76155,32299
13757,30008,12841
13758,97800,41387
13759,86544,36714
13760,125915,53457
13761,122538,51958
13762,70958,30138
13763,2549,1102
13764,129999,55173
13765,44147,18848
13766,12737,5499
13767,107394,45468
13768,121890,51684
13769,119615,50711
13770,112790,47816
13771,61692,26200
13772,75404,31980
13773,2804,1212
13774,93152,39427
13775,128108,54396
13776,51599,21982
13777,87029,36896
13778,39735,16980
13779,116351,49308
13780,60962,25872
13781,98545,41720
13782,128254,54456
13783,96929,41027
13784,70724,30029
13785,97720,41354
13786,61878,26281
13787,129374,54911
13788,5949,2611
13789,35364,15148
13790,119105,50494
13791,65433,27786
13792,127922,54317
13793,128105,54395
13794,24619,10543
13795,94951,40188
13796,86031,36513
13797,50262,21436
13798,65404,27769
13799,118535,50249
13800,53197,22615
13801,129416,54928
13802,893,379
13803,45528,19431
13804,12682,5474
13805,17509,7528
13806,84032,35673
13807,17455,7504
13808,91868,38894
13809,66,28
13810,64504,27385
13811,95353,40357
13812,77682,32931
13813,74267,31515
13814,29715,12709
13815,37563,16083
13816,104796,44345
13817,68840,29243
13818,63258,26853
13819,8714,3762
13820,42276,18055
13821,81060,34396
13822,64823,27517
13823,63802,27086
13824,14514,6249
13825,81323,34499
13826,68052,28909
13827,98659,41769
13828,38898,16621
13829,59655,25318
13830,44772,19126
13831,102415,43333
13832,13340,5754
13833,112511,47693
13834,115872,49123
13835,104058,44007
13836,27333,11683
13837,78079,33110
13838,16539,7114
13839,13479,5813
13840,85029,36078
13841,4686,2051
13842,74310,31532
13843,51385,21889
13844,17523,7532
13845,102412,43331
13846,32381,13888
13847,70904,30111
13848,110507,46794
13849,91542,38758
13850,9809,4240
13851,111661,47284
13852,97651,41326
13853,44244,18887
13854,102445,43344
13855,80849,34300
13856,118364,50185
13857,97681,41338
13858,36009,15414
13859,87747,37176
13860,110168,46643
13861,105581,44674
13862,57718,24508
13863,113956,48287
13864,123227,52270
13865,107360,45457
13866,51881,22104
13867,83645,35506
13868,99359,42043
13869,6755,2976
13870,77725,32953
13871,103453,43755
13872,52850,22482
13873,39449,16859
13874,13485,5816
13875,100205,42413
13876,47063,20075
13877,33910,14535
13878,42483,18151
13879,43499,18586
13880,39775,16996
13881,52771,22446
13882,99214,41986
13883,49653,21158
13884,61845,26267
13885,86692,36770
13886,78002,33077
13887,59971,25462
13888,10154,4389
13889,72974,30975
13890,69523,29516
13891,70151,29790
13892,28622,12235
13893,20468,8778
13894,572,240
13895,127517,54138
13896,33551,14393
13897,71550,30379
13898,34584,14811
13899,86466,36684
13900,5385,2347
13901,107674,45589
13902,115672,49045
13903,75827,32163
13904,64478,27375
13905,58188,24706
13906,9785,4233
13907,78219,33174
13908,119220,50540
13909,43037,18376
13910,122559,51969
13911,79949,33883
13912,104620,44262
13913,124705,52946
13914,64027,27177
13915,123510,52404
13916,99089,41938
13917,125722,53381
13918,83249,35338
13919,100186,42402
13920,37286,15964
13921,56356,23956
13922,71856,30506
13923,22739,9728
13924,99694,42183
13925,53587,22789
13926,120557,51128
13927,117175,49667
13928,38535,16493
13929,43338,18507
13930,127873,54293
13931,72460,30759
13932,39587,16918
13933,96412,40786
13934,70471,29928
13935,69126,29360
13936,113921,48272
13937,33800,14490
13938,103943,43964
13939,4485,1969
13940,7483,3280
13941,23330,9987
13942,130064,55199
13943,89403,37842
13944,22517,9635
13945,102151,43230
13946,128933,54730
13947,114685,48591
13948,86317,36629
13949,93404,39521
13950,112187,47539
13951,29101,12434
13952,74393,31566
13953,13809,5960
13954,54738,23272
13955,27338,11685
13956,73816,31318
13957,4707,2059
13958,56121,23855
13959,68563,29130
13960,79757,33803
13961,4344,1902
13962,102129,43217
13963,4840,2117
13964,28168,12045
13965,42983,18356
13966,13336,5752
13967,89442,37858
13968,38500,16481
13969,11918,5146
13970,130071,55202
13971,15752,6780
13972,88493,37468
13973,26558,11365
13974,64538,27397
13975,98386,41651
13976,31449,13458
13977,22496,9627
13978,101914,43128
13979,63080,26774
13980,55766,23716
13981,91311,38649
13982,3027,1325
13983,102084,43194
13984,116422,49339
13985,84963,36051
13986,28089,12019
13987,108967,46146
13988,37171,15908
13989,115220,48832
13990,66349,28164
13991,103256,43680
13992,102371,43315
13993,49846,21251
13994,73322,31118
13995,88525,37482
13996,5231,2288
13997,83899,35621
13998,21737,9317
13999,92208,39043
14000,14953,6443
14001,34700,14867
14002,120450,51077
14003,41989,17929
14004,47339,20178
14005,88868,37638
14006,50744,21624
14007,62655,26608
14008,38472,16468
14009,108581,45978
14010,103451,43753
14011,80132,33962
14012,72295,30687
14013,16967,7303
14014,78303,33206
14015,3078,1351
14016,76766,32533
14017,109068,46190
14018,68861,29249
14019,37955,16252
14020,15446,6650
14021,82493,35012
14022,70104,29766
14023,102054,43182
14024,57659,24485
14025,57359,24357
14026,111639,47274
14027,20090,8603
14028,90855,38445
14029,48267,20576
14030,38707,16559
14031,63497,26946
14032,37419,16016
14033,126052,53511
14034,14266,6149
14035,17438,7496
14036,24136,10344
14037,79602,33740
14038,91537,38756
14039,121261,51414
14040,55698,23683
14041,112154,47519
14042,104809,44350
14043,29735,12718
14044,120752,51215
14045,71313,30292
14046,111234,47112
14047,56022,23816
14048,79570,33729
14049,129849,55116
14050,54484,23165
14051,80071,33938
14052,1937,829
14053,113713,48195
14054,3622,1594
14055,79299,33607
14056,85520,36286
14057,36702,15699
14058,14686,6331
14059,74664,31669
14060,25707,11014
14061,105250,44534
14062,43902,18737
14063,2716,1172
14064,82715,35106
14065,24690,10569
14066,91390,38698
14067,28439,12165
14068,3725,1632
14069,130049,55191
14070,62654,26607
14071,46681,19894
14072,110306,46702
14073,22199,9503
14074,116806,49506
14075,103937,43962
14076,84835,36001
14077,65343,27748
14078,62154,26403
14079,99210,41984
14080,111998,47445
14081,109439,46342
14082,94777,40115
14083,47861,20391
14084,113474,48092
14085,110012,46583
14086,4864,2133
14087,122266,51847
14088,73636,31248
14089,110233,46671
14090,77549,32870
14091,24898,10671
14092,38588,16509
14093,9960,4304
14094,9489,4104
14095,93956,39749
14096,42402,18117
14097,42963,18346
14098,51349,21872
14099,253,114
14100,14009,6034
14101,104445,44184
14102,44251,18888
14103,91568,38768
14104,42650,18214
14105,53993,22966
14106,117564,49829
14107,76037,32249
14108,78442,33265
14109,92522,39164
14110,74665,31670
14111,124285,52765
14112,124345,52787
14113,91686,38827
14114,22897,9798
14115,37852,16203
14116,54918,23356
14117,51588,21976
14118,93916,39737
14119,68567,29133
14120,73451,31162
14121,74432,31581
14122,39679,16958
14123,17545,7539
14124,39806,17010
14125,1380,591
14126,65596,27850
14127,64874,27544
14128,78647,33336
14129,122334,51870
14130,55840,23739
14131,46531,19830
14132,79569,33728
14133,65943,27998
14134,18788,8060
14135,34906,14955
14136,69102,29350
14137,34529,14789
14138,112808,47821
14139,76939,32602
14140,124444,52828
14141,61998,26338
14142,118845,50379
14143,70647,30002
14144,15841,6818
14145,30973,13254
14146,11338,4915
14147,89210,37780
14148,7130,3135
14149,19359,8295
14150,31280,13385
14151,63985,27158
14152,18205,7823
14153,30321,12975
14154,105571,44667
14155,121242,51404
14156,25153,10766
14157,95728,40500
14158,89919,38047
14159,38072,16301
14160,116718,49470
14161,66160,28083
14162,1965,844
14163,39100,16713
14164,37482,16046
14165,121134,51361
14166,89818,38011
14167,100082,42349
14168,63567,26972
14169,92184,39034
14170,75016,31816
14171,71486,30354
14172,126203,53586
14173,41258,17613
14174,22124,9472
14175,42089,17979
14176,78260,33189
14177,38704,16557
14178,75740,32122
14179,68288,28998
14180,51427,21912
14181,87731,37171
14182,121852,51670
14183,103413,43740
14184,84557,35882
14185,13008,5606
14186,129677,55038
14187,121883,51682
14188,79875,33859
14189,89675,37945
14190,84432,35831
14191,7238,3181
14192,53343,22680
14193,13655,5893
14194,58527,24856
14195,94387,39955
14196,20154,8629
14197,62526,26549
14198,32589,13970
14199,53415,22712
14200,47932,20417
14201,65384,27761
14202,70283,29844
14203,89692,37956
14204,95213,40306
14205,60957,25869
14206,103464,43764
14207,117796,49931
14208,75512,32029
14209,7051,3108
14210,98260,41591
14211,60543,25703
14212,39450,16860
14213,36098,15444
14214,61936,26312
14215,78299,33203
14216,27915,11932
14217,17082,7353
14218,65625,27862
14219,23906,10245
14220,107607,45561
14221,96521,40839
14222,34920,14961
14223,14469,6234
14224,33349,14301
14225,126524,53706
14226,62157,26405
14227,71180,30232
14228,94677,40072
14229,60313,25599
14230,34572,14806
14231,80641,34205
14232,41022,17523
14233,13045,5620
14234,127895,54302
14235,50198,21406
14236,47734,20341
14237,107116,45347
14238,82850,35153
14239,44536,19023
14240,111850,47374
14241,5072,2223
14242,37524,16067
14243,113781,48218
14244,98826,41833
14245,112815,47825
14246,129750,55075
14247,79659,33765
14248,101200,42844
14249,49204,20976
14250,29717,12710
14251,10338,4473
14252,70376,29884
14253,101444,42937
14254,80592,34180
14255,28786,12299
14256,10004,4322
14257,15835,6816
14258,48338,20605
14259,15302,6596
14260,66270,28130
14261,100939,42735
14262,122278,51849
14263,16154,6953
14264,32374,13886
14265,40698,17379
14266,24765,10609
14267,82199,34889
14268,93317,39485
14269,33469,14358
14270,29211,12484
14271,106009,44854
14272,45007,19217
14273,119610,50709
14274,121182,51379
14275,128626,54617
14276,124931,53042
14277,79437,33671
14278,95816,40533
14279,64437,27356
14280,24904,10674
14281,37795,16178
14282,129869,55122
14283,82722,35107
14284,105978,44844
14285,77463,32827
14286,18547,7963
14287,29626,12666
14288,4171,1822
14289,76123,32282
14290,107080,45326
14291,57787,24539
14292,89027,37707
14293,130275,55297
14294,121509,51530
14295,82010,34803
14296,34398,14729
14297,87925,37238
14298,32013,13712
14299,67155,28515
14300,32125,13771
14301,122700,52031
14302,81511,34584
14303,69250,29404
14304,97317,41187
14305,103532,43800
14306,49704,21186
14307,75193,31894
14308,83810,35581
14309,95365,40364
14310,75117,31861
14311,72513,30781
14312,46981,20033
14313,75722,32114
14314,568,239
14315,83069,35245
14316,33618,14427
14317,8220,3564
14318,95791,40523
14319,125673,53361
14320,38559,16499
14321,86178,36572
14322,3884,1702
14323,6602,2913
14324,35131,15053
14325,118637,50290
14326,10396,4498
14327,127593,54170
14328,109589,46405
14329,16218,6976
14330,122954,52148
14331,4207,1835
14332,126460,53685
14333,59950,25453
14334,126050,53509
14335,44282,18903
14336,21055,9032
14337,93265,39467
14338,83101,35260
14339,94523,40013
14340,36903,15787
14341,63691,27032
14342,11718,5065
14343,112939,47885
14344,74257,31510
14345,101645,43015
14346,60693,25762
14347,19628,8414
14348,24595,10529
14349,121103,51348
14350,81224,34454
14351,37794,16177
14352,82178,34877
14353,105467,44631
14354,62130,26394
14355,32879,14092
14356,47609,20290
14357,48577,20713
14358,44530,19020
14359,121498,51525
14360,117086,49624
14361,64272,27279
14362,2506,1083
14363,103962,43969
14364,109271,46281
14365,55904,23766
14366,111730,47316
14367,34338,14704
14368,4650,2035
14369,969,404
14370,1285,542
14371,116285,49280
14372,128500,54558
14373,83293,35362
14374,65687,27888
14375,90845,38440
14376,44680,19088
14377,10473,4530
14378,84721,35953
14379,104268,44104
14380,44302,18913
14381,23093,9884
14382,58435,24820
14383,90273,38194
14384,50191,21403
14385,50949,21711
14386,85876,36452
14387,91756,38854
14388,41629,17776
14389,16588,7140
14390,88571,37500
14391,23114,9896
14392,86526,36706
14393,586,244
14394,83296,35364
14395,33527,14382
14396,41200,17590
14397,36839,15761
14398,75128,31865
14399,46843,19967
14400,112738,47793
14401,75039,31825
14402,62059,26367
14403,121474,51512
14404,124329,52781
14405,5627,2450
14406,118017,50023
14407,126591,53742
14408,89989,38083
14409,7533,3307
14410,54869,23326
14411,36994,15825
14412,45273,19335
14413,21147,9073
14414,29967,12825
14415,22280,9537
14416,117236,49684
14417,50156,21389
14418,29917,12803
14419,45999,19623
14420,66610,28288
14421,32161,13791
14422,84570,35888
14423,62028,26351
14424,51065,21755
14425,91171,38584
14426,37881,16216
14427,54748,23275
14428,94377,39948
14429,7872,3431
14430,122751,52059
14431,59390,25215
14432,122131,51791
14433,38461,16464
14434,69853,29658
14435,81287,34482
14436,63998,27162
14437,60499,25686
14438,35506,15209
14439,90991,38505
14440,25529,10918
14441,36315,15533
14442,27953,11950
14443,62147,26400
14444,80689,34227
14445,64986,27591
14446,2892,1252
14447,100536,42562
14448,77697,32941
14449,100966,42745
14450,12189,5257
14451,39138,16734
14452,63703,27039
14453,39516,16891
14454,67638,28725
14455,101928,43134
14456,128675,54637
14457,99113,41944
14458,6305,2775
14459,97306,41182
14460,67022,28460
14461,10552,4566
14462,105210,44511
14463,24357,10432
14464,20236,8668
14465,74801,31736
14466,957,400
14467,74223,31497
14468,84494,35855
14469,5201,2274
14470,70136,29783
14471,101971,43152
14472,76169,32305
14473,124602,52903
14474,70782,30056
14475,112304,47596
14476,119003,50450
14477,119494,50652
14478,107890,45678
14479,114616,48563
14480,114712,48604
14481,126703,53800
14482,99686,42180
14483,66045,28034
14484,5457,2375
14485,125842,53427
14486,78355,33223
14487,83072,35247
14488,89727,37968
14489,111925,47403
14490,85541,36295
14491,54909,23351
14492,85338,36212
14493,125395,53248
14494,17627,7577
14495,50283,21446
14496,71101,30206
14497,41600,17764
14498,78862,33422
14499,88164,37340
14500,117422,49766
14501,130426,55372
14502,100766,42664
14503,119929,50852
14504,33841,14500
14505,64185,27245
14506,64095,27209
14507,73874,31344
14508,34204,14642
14509,19804,8490
14510,10737,4651
14511,98337,41631
14512,61081,25929
14513,43541,18601
14514,127966,54335
14515,16128,6942
14516,49663,21164
14517,70229,29823
14518,56899,24186
14519,71511,30363
14520,23049,9869
14521,49913,21285
14522,26609,11390
14523,26807,11476
14524,65847,27954
14525,35869,15360
14526,123654,52477
14527,59647,25312
14528,121698,51602
14529,73195,31067
14530,125445,53268
14531,36931,15802
14532,116489,49370
14533,101343,42889
14534,43535,18598
14535,104013,43990
14536,75983,32220
14537,5357,2332
14538,70914,30118
14539,84235,35745
14540,9356,4044
14541,11673,5041
14542,92492,39150
14543,84313,35776
14544,30425,13014
14545,12397,5344
14546,62893,26704
14547,4570,2002
14548,17474,7512
14549,94674,40070
14550,121069,51336
14551,87040,36901
14552,2308,993
14553,23625,10123
14554,37472,16041
14555,39454,16863
14556,111490,47210
14557,10185,4401
14558,58179,24703
14559,14830,6388
14560,18497,7943
14561,35600,15254
14562,110617,46846
14563,32998,14143
14564,91836,38883
14565,70830,30076
14566,104208,44082
14567,129196,54839
14568,16821,7238
14569,125549,53312
14570,105483,44637
14571,101609,42996
14572,67629,28721
14573,121543,51549
14574,59352,25197
14575,58704,24923
14576,26711,11435
14577,45614,19463
14578,40335,17220
14579,8848,3826
14580,90961,38492
14581,111727,47313
14582,43453,18562
14583,128423,54525
14584,28240,12079
14585,1747,753
14586,7763,3388
14587,84095,35692
14588,10060,4352
14589,30295,12966
14590,96788,40963
14591,42669,18227
14592,65407,27770
14593,103154,43636
14594,105211,44512
14595,123071,52198
14596,123969,52621
14597,25024,10718
14598,38840,16601
14599,16012,6896
14600,106538,45089
14601,65424,27780
14602,66846,28391
14603,115853,49118
14604,108024,45736
14605,119510,50660
14606,75865,32176
14607,4657,2038
14608,45142,19277
14609,102679,43439
14610,45089,19252
14611,11896,5135
14612,59761,25365
14613,30660,13108
14614,23140,9907
14615,83212,35314
14616,43762,18681
14617,37018,15836
14618,35088,15035
14619,68497,29100
14620,55902,23764
14621,659,276
14622,110390,46741
14623,94372,39946
14624,13116,5658
14625,60804,25812
14626,35726,15302
14627,40699,17380
14628,21361,9156
14629,114479,48502
14630,57984,24626
14631,16609,7149
14632,79509,33705
14633,25597,10950
14634,81178,34439
14635,85984,36492
14636,80859,34307
14637,59110,25094
14638,56844,24164
14639,63588,26983
14640,13303,5739
14641,19979,8562
14642,13405,5777
14643,51558,21967
14644,63649,27013
14645,27650,11815
14646,75486,32015
14647,109201,46245
14648,86803,36822
14649,126907,53895
14650,81985,34793
14651,10493,4540
14652,26573,11373
14653,48265,20575
14654,39663,16950
14655,13691,5909
14656,39902,17056
14657,123991,52630
14658,66376,28178
14659,41860,17877
14660,125691,53368
14661,7655,3349
14662,114734,48617
14663,121139,51364
14664,8595,3716
14665,101907,43124
14666,130348,55337
14667,10394,4497
14668,82296,34926
14669,32394,13894
14670,127021,53944
14671,93652,39633
14672,50885,21683
14673,116746,49482
14674,19237,8240
14675,95933,40584
14676,14346,6184
14677,86227,36591
14678,68428,29068
14679,88275,37381
14680,109584,46400
14681,99479,42092
14682,84535,35873
14683,53920,22932
14684,108972,46149
14685,29075,12421
14686,84524,35866
14687,48868,20829
14688,63096,26783
14689,5810,2539
14690,1788,772
14691,77665,32922
14692,4002,1759
14693,12753,5505
14694,79280,33599
14695,47966,20432
14696,101852,43103
14697,120029,50892
14698,35855,15352
14699,48948,20868
14700,102258,43268
14701,70733,30032
14702,51873,22099
14703,125672,53360
14704,44111,18832
14705,31246,13371
14706,62466,26527
14707,83199,35307
14708,70780,30055
14709,127646,54200
14710,91583,38773
14711,82688,35090
14712,23887,10237
14713,30045,12859
14714,29043,12406
14715,26797,11470
14716,33675,14449
14717,545,230
14718,124878,53018
14719,94468,39985
14720,117166,49662
14721,117452,49779
14722,5543,2406
14723,75358,31964
14724,63049,26767
14725,74695,31690
14726,43573,18610
14727,16586,7139
14728,125073,53104
14729,58941,25020
14730,125774,53399
14731,117757,49913
14732,3331,1462
14733,60871,25840
14734,69081,29344
14735,40971,17500
14736,84659,35920
14737,23917,10249
14738,121939,51706
14739,58602,24883
14740,99562,42130
14741,49898,21277
14742,49395,21051
14743,97865,41416
14744,59413,25224
14745,64453,27363
14746,29266,12508
14747,59535,25273
14748,15508,6671
14749,36694,15696
14750,63015,26756
14751,55424,23561
14752,46667,19889
14753,97873,41421
14754,37095,15876
14755,52543,22362
14756,28034,11991
14757,31693,13560
14758,3965,1740
14759,9211,3983
14760,35979,15403
14761,12971,5590
14762,2715,1171
14763,77454,32822
14764,76682,32500
14765,43851,18719
14766,129634,55020
14767,33321,14291
14768,39993,17090
14769,90637,38352
14770,127613,54181
14771,98794,41823
14772,73316,31116
14773,111483,47206
14774,100149,42384
14775,57975,24622
14776,41139,17566
14777,19640,8420
14778,1997,859
14779,88049,37287
14780,9713,4205
14781,93965,39751
14782,24608,10536
14783,51528,21956
14784,71201,30240
14785,37767,16164
14786,13429,5787
14787,109273,46282
14788,109196,46242
14789,6778,2985
14790,83756,35551
14791,128264,54459
14792,82917,35184
14793,101088,42791
14794,64498,27383
14795,73679,31267
14796,125237,53170
14797,67818,28809
14798,58835,24980
14799,60609,25728
14800,73235,31084
14801,73519,31191
14802,58399,24806
14803,17195,7397
14804,96465,40815
14805,35187,15075
14806,23637,10130
14807,45135,19273
14808,71771,30471
14809,57988,24629
14810,90023,38096
14811,88880,37643
14812,24270,10390
14813,18056,7761
14814,10961,4753
14815,13069,5633
14816,67599,28710
14817,84214,35735
14818,67458,28651
14819,84170,35717
14820,100732,42657
14821,98336,41630
14822,122275,51848
14823,109236,46264
14824,28170,12047
14825,116607,49416
14826,41390,17671
14827,58625,24893
14828,70777,30053
14829,85536,36292
14830,92803,39290
14831,59604,25297
14832,533,225
14833,69206,29391
14834,98598,41742
14835,19296,8267
14836,88834,37620
14837,60798,25806
14838,8000,3480
14839,56854,24166
14840,33647,14441
14841,105787,44760
14842,9092,3935
14843,14589,6283
14844,99660,42172
14845,625,261
14846,1474,637
14847,122981,52155
14848,62337,26476
14849,33635,14435
14850,76502,32434
14851,94445,39975
14852,76684,32501
14853,115602,49010
14854,18162,7804
14855,62634,26595
14856,64065,27193
14857,117406,49758
14858,114120,48358
14859,66709,28329
14860,80781,34275
14861,23324,9985
14862,111469,47201
14863,126771,53837
14864,126723,53810
14865,106001,44850
14866,68778,29221
14867,58910,25009
14868,119812,50802
14869,86107,36544
14870,93197,39441
14871,124465,52836
14872,127257,54028
14873,71249,30262
14874,80380,34075
14875,111922,47402
14876,70320,29862
14877,34911,14956
14878,16185,6963
14879,59899,25427
14880,84253,35750
14881,130238,55278
14882,43309,18496
14883,48918,20854
14884,37159,15901
14885,73506,31185
14886,23070,9878
14887,68943,29285
14888,127701,54229
14889,123429,52374
14890,67246,28555
14891,95670,40481
14892,110568,46821
14893,105698,44726
14894,13003,5603
14895,3358,1478
14896,48421,20651
14897,124879,53019
14898,118373,50189
14899,10591,4584
14900,61645,26176
14901,105119,44474
14902,43339,18508
14903,82651,35076
14904,118886,50398
14905,119820,50805
14906,57999,24630
14907,18813,8069
14908,35669,15277
14909,28539,12201
14910,70687,30013
14911,120342,51028
14912,83136,35279
14913,16740,7206
14914,126497,53696
14915,104752,44325
14916,76378,32386
14917,56421,23989
14918,107543,45536
14919,129692,55047
14920,61040,25906
14921,75578,32063
14922,83774,35561
14923,76043,32250
14924,73072,31014
14925,2123,915
14926,2894,1253
14927,89553,37895
14928,117131,49644
14929,96283,40733
14930,24119,10334
14931,113892,48261
14932,65227,27704
14933,95561,40439
14934,43829,18709
14935,51353,21873
14936,35560,15237
14937,83721,35535
14938,69867,29662
14939,59312,25178
14940,25286,10824
14941,62239,26434
14942,29342,12541
14943,27082,11592
14944,40272,17197
14945,5160,2258
14946,15874,6833
14947,61359,26052
14948,109564,46392
14949,95503,40420
14950,85072,36098
14951,43545,18603
14952,89726,37967
14953,9286,4010
14954,121957,51716
14955,82768,35127
14956,108291,45852
14957,65151,27671
14958,69573,29537
14959,46912,20004
14960,94597,40043
14961,97281,41169
14962,23508,10062
14963,93337,39495
14964,54263,23072
14965,94126,39824
14966,49445,21073
14967,4277,1871
14968,18623,7992
14969,128034,54361
14970,70644,30000
14971,93793,39686
14972,88380,37428
14973,30097,12880
14974,59664,25322
14975,57410,24382
14976,10203,4410
14977,70714,30024
14978,81263,34470
14979,40360,17234
14980,127478,54124
14981,76800,32546
14982,5182,2266
14983,101154,42822
14984,107319,45438
14985,129188,54836
14986,65917,27985
14987,114605,48556
14988,18101,7778
14989,16975,7306
14990,97432,41229
14991,96274,40731
14992,18129,7791
14993,76727,32516
14994,67106,28493
14995,2261,976
14996,3134,1374
14997,120735,51205
14998,2790,1207
14999,49816,21241
15000,49742,21203
15001,69711,29597
15002,69522,29515
15003,33620,14429
15004,18501,7944
15005,107486,45512
15006,100199,42409
15007,103461,43761
15008,32555,13957
15009,109456,46347
15010,42915,18328
15011,91510,38747
15012,67851,28823
15013,23567,10089
15014,128507,54563
15015,70047,29745
15016,45583,19448
15017,54408,23129
15018,87235,36979
15019,37066,15859
15020,58936,25018
15021,96619,40881
15022,74122,31449
15023,119602,50705
15024,121940,51707
15025,100222,42423
15026,86142,36558
15027,82611,35057
15028,102341,43301
15029,9753,4218
15030,55723,23696
15031,23270,9957
15032,120119,50930
15033,122786,52076
15034,76025,32243
15035,19526,8361
15036,121201,51387
15037,8033,3494
15038,105771,44752
15039,10045,4346
15040,81587,34617
15041,118111,50067
15042,37970,16259
15043,29072,12420
15044,7235,3180
15045,33157,14220
15046,77322,32764
15047,105760,44750
15048,112084,47483
15049,127481,54126
15050,20892,8971
15051,26914,11523
15052,99190,41974
15053,4712,2061
15054,13557,5846
15055,30523,13053
15056,1513,652
15057,15161,6534
15058,74073,31420
15059,61738,26224
15060,23960,10270
15061,24126,10338
15062,62304,26461
15063,66109,28062
15064,96421,40794
15065,86048,36521
15066,35495,15204
15067,57358,24356
15068,109124,46214
15069,45764,19529
15070,77565,32878
15071,36607,15658
15072,101719,43053
15073,72788,30902
15074,83078,35251
15075,41413,17681
15076,93134,39418
15077,50088,21367
15078,40309,17210
15079,75868,32177
15080,90339,38221
15081,120460,51082
15082,88314,37396
15083,6972,3076
15084,125067,53102
15085,52221,22236
15086,82672,35083
15087,52311,22269
15088,98060,41507
15089,65155,27673
15090,82696,35094
15091,102470,43357
15092,12624,5451
15093,16458,7083
15094,123896,52588
15095,117797,49932
15096,100128,42373
15097,102778,43484
15098,102168,43234
15099,103930,43959
15100,117268,49699
15101,84554,35880
15102,49125,20942
15103,59674,25328
15104,2858,1236
15105,48636,20736
15106,30844,13193
15107,89846,38023
15108,12431,5360
15109,5117,2240
15110,44429,18972
15111,14460,6228
15112,102047,43180
15113,40970,17499
15114,33023,14159
15115,106758,45184
15116,117025,49601
15117,71882,30518
15118,21151,9075
15119,42466,18145
15120,27025,11567
15121,32723,14024
15122,70309,29857
15123,57429,24392
15124,77916,33034
15125,50016,21337
15126,31108,13308
15127,23278,9963
15128,113045,47923
15129,48741,20775
15130,129624,55015
15131,18695,8023
15132,51362,21876
15133,125293,53201
15134,76086,32267
15135,118594,50272
15136,76105,32274
15137,31228,13362
15138,91407,38703
15139,94260,39894
15140,18953,8124
15141,125384,53241
15142,117148,49655
15143,56678,24096
15144,87577,37116
15145,21719,9308
15146,116865,49532
15147,8843,3822
15148,116236,49267
15149,114789,48638
15150,63680,27028
15151,122555,51966
15152,26084,11165
15153,58162,24696
15154,48087,20485
15155,126249,53604
15156,81879,34748
15157,73000,30985
15158,21763,9328
15159,29573,12640
15160,49360,21034
15161,38949,16645
15162,38015,16275
15163,94514,40007
15164,3635,1599
15165,84642,35913
15166,5282,2306
15167,54522,23175
15168,122739,52050
15169,91375,38690
15170,49329,21018
15171,113519,48110
15172,81166,34435
15173,89271,37796
15174,76065,32257
15175,47305,20164
15176,126939,53908
15177,113924,48274
15178,64415,27345
15179,125570,53323
15180,66819,28379
15181,105135,44482
15182,17580,7559
15183,43345,18511
15184,80674,34223
15185,11910,5141
15186,29563,12635
15187,78039,33092
15188,87066,36911
15189,74974,31792
15190,45760,19526
15191,52988,22542
15192,12002,5185
15193,36555,15637
15194,14244,6138
15195,2024,870
15196,19538,8367
15197,20955,8997
15198,126109,53542
15199,83097,35258
15200,123554,52430
15201,3617,1592
15202,37226,15933
15203,45126,19268
15204,119509,50659
15205,91478,38737
15206,59937,25448
15207,40158,17159
15208,51102,21769
15209,47451,20225
15210,32145,13779
15211,38621,16524
15212,72380,30726
15213,44256,18889
15214,128347,54489
15215,69003,29315
15216,82821,35146
15217,105857,44793
15218,115450,48937
15219,98584,41735
15220,41187,17586
15221,101209,42846
15222,24937,10688
15223,4558,1996
15224,57750,24522
15225,26988,11554
15226,87662,37148
15227,55174,23457
15228,114324,48438
15229,20444,8762
15230,50814,21652
15231,104136,44047
15232,33144,14218
15233,67352,28601
15234,69408,29467
15235,8764,3782
15236,30966,13250
15237,19170,8213
15238,11773,5087
15239,30641,13101
15240,93051,39392
15241,62846,26680
15242,93557,39598
15243,83804,35578
15244,124201,52730
15245,78047,33095
15246,111023,47024
15247,36241,15499
15248,115480,48952
15249,92901,39333
15250,114824,48655
15251,109620,46415
15252,109659,46433
15253,108965,46145
15254,52152,22208
15255,59826,25395
15256,120490,51097
15257,52524,22355
15258,68077,28918
15259,11153,4832
15260,34507,14779
15261,99867,42260
15262,69825,29645
15263,119590,50697
15264,118028,50031
15265,120683,51181
15266,105433,44615
15267,72665,30850
15268,96908,41018
15269,56609,24064
15270,120990,51300
15271,94612,40048
15272,64073,27199
15273,38338,16415
15274,120444,51072
15275,6323,2783
15276,71251,30263
15277,23934,10256
15278,56401,23978
15279,107770,45624
15280,39646,16942
15281,117733,49900
15282,52469,22328
15283,24105,10327
15284,30233,12940
15285,8941,3866
15286,10423,4514
15287,3611,1590
15288,95290,40333
15289,37768,16165
15290,121251,51407
15291,5934,2603
15292,65042,27620
15293,88680,37547
15294,46316,19743
15295,34498,14772
15296,35623,15262
15297,102428,43338
15298,67032,28465
15299,54730,23267
15300,8161,3540
15301,100352,42477
15302,78852,33416
15303,91848,38886
15304,45677,19486
15305,54188,23043
15306,122504,51942
15307,85567,36308
15308,43692,18656
15309,128234,54452
15310,55011,23395
15311,86199,36582
15312,63095,26782
15313,109360,46314
15314,76894,32586
15315,40444,17264
15316,77685,32934
15317,39840,17026
15318,111338,47149
15319,28705,12262
15320,70115,29774
15321,63522,26953
15322,91887,38906
15323,77207,32713
15324,1949,833
15325,112388,47641
15326,92780,39278
15327,12294,5302
15328,74177,31477
15329,45461,19401
15330,24467,10470
15331,96657,40899
15332,59106,25092
15333,118691,50314
15334,58091,24674
15335,51507,21946
15336,26295,11246
15337,84515,35862
15338,87677,37153
15339,61204,25984
15340,97794,41383
15341,32824,14066
15342,32420,13906
15343,61844,26266
15344,86532,36710
15345,60297,25594
15346,2763,1193
15347,130253,55284
15348,98610,41749
15349,665,279
15350,60805,25813
15351,70968,30143
15352,22928,9815
15353,97809,41394
15354,47153,20118
15355,92269,39064
15356,66233,28112
15357,66149,28079
15358,79458,33676
15359,15310,6601
15360,77462,32826
15361,54361,23119
15362,59764,25367
15363,36788,15734
15364,128653,54627
15365,22305,9548
15366,121981,51729
15367,53543,22774
15368,53755,22859
15369,44112,18833
15370,121673,51591
15371,76927,32599
15372,67660,28736
15373,36074,15440
15374,49024,20896
15375,28741,12280
15376,13391,5771
15377,26462,11317
15378,26763,11458
15379,39328,16817
15380,83600,35486
15381,115674,49047
15382,54532,23182
15383,65179,27679
15384,29124,12446
15385,51276,21843
15386,35235,15096
15387,35781,15321
15388,52958,22530
15389,98650,41766
15390,103302,43699
15391,42417,18127
15392,125023,53080
15393,22142,9480
15394,91356,38676
15395,84434,35832
15396,53826,22887
15397,53121,22588
15398,102005,43165
15399,60461,25663
15400,45169,19293
15401,24562,10513
15402,26816,11480
15403,76971,32611
15404,126556,53724
15405,89160,37760
15406,10544,4560
15407,65169,27675
15408,125519,53299
15409,124441,52826
15410,66963,28434
15411,119104,50493
15412,27655,11817
15413,63661,27020
15414,116290,49282
15415,112525,47699
15416,56779,24139
15417,50733,21616
15418,94574,40033
15419,72623,30828
15420,80398,34081
15421,58371,24797
15422,79893,33867
15423,15301,6595
15424,109239,46266
15425,110526,46803
15426,42542,18177
15427,127609,54178
15428,68739,29203
15429,14785,6368
15430,77702,32943
15431,6756,2977
15432,19734,8462
15433,3452,1524
15434,50267,21440
15435,42715,18249
15436,24873,10655
15437,120331,51023
15438,93700,39653
15439,30181,12915
15440,94932,40178
15441,81956,34783
15442,106472,45057
15443,121512,51532
15444,41959,17919
15445,8493,3677
15446,21781,9334
15447,47985,20437
15448,14873,6409
15449,128011,54353
15450,1081,447
15451,25661,10990
15452,69132,29364
15453,44855,19160
15454,36464,15594
15455,78331,33213
15456,54685,23247
15457,100481,42533
15458,122031,51751
15459,35289,15118
15460,13676,5903
15461,31942,13680
15462,94877,40152
15463,49401,21053
15464,17596,7565
15465,64958,27580
15466,67699,28750
15467,34874,14942
15468,34129,14615
15469,64808,27509
15470,54399,23125
15471,239,108
15472,10455,4525
15473,64386,27326
15474,66562,28263
15475,116440,49348
15476,56903,24188
15477,129681,55042
15478,99062,41926
15479,70287,29845
15480,66724,28335
15481,36196,15482
15482,118821,50368
15483,24603,10534
15484,43414,18546
15485,24540,10503
15486,112074,47479
15487,86374,36652
15488,55404,23553
15489,44949,19197
15490,2303,990
15491,6370,2810
15492,102503,43371
15493,127496,54130
15494,35467,15190
15495,66735,28341
15496,85587,36320
15497,91454,38728
15498,98280,41601
15499,80620,34195
15500,24386,10441
15501,56114,23851
15502,2991,1303
15503,101211,42848
15504,9281,4007
15505,89837,38019
15506,37198,15919
15507,53772,22867
15508,7299,3205
15509,35196,15082
15510,122745,52054
15511,12277,5293
15512,122792,52080
15513,123125,52223
15514,126456,53683
15515,30519,13051
15516,126236,53599
15517,102868,43519
15518,37651,16120
15519,5713,2488
15520,78283,33197
15521,45129,19270
15522,112244,47568
15523,6186,2720
15524,39255,16788
15525,128830,54690
15526,123377,52342
15527,79328,33621
15528,47649,20308
15529,82220,34901
15530,7721,3375
15531,110750,46908
15532,95572,40447
15533,18071,7767
15534,55564,23624
15535,104862,44368
15536,117792,49929
15537,122110,51784
15538,72456,30757
15539,63337,26881
15540,82858,35158
15541,18184,7815
15542,16959,7298
15543,97072,41085
15544,112798,47817
15545,31873,13645
15546,4589,2011
15547,9026,3903
15548,49250,20998
15549,37272,15960
15550,48320,20599
15551,128028,54358
15552,46688,19897
15553,6327,2785
15554,32408,13901
15555,9247,3999
15556,125369,53232
15557,105656,44707
15558,91015,38519
15559,39882,17047
15560,102383,43320
15561,51918,22113
15562,62048,26360
15563,123875,52577
15564,47665,20314
15565,87650,37142
15566,92175,39030
15567,42020,17943
15568,69210,29392
15569,6670,2940
15570,119472,50643
15571,95034,40230
15572,4825,2109
15573,26142,11185
15574,19854,8513
15575,46919,20006
15576,74747,31712
15577,18292,7857
15578,68026,28896
15579,29559,12633
15580,18641,8003
15581,99192,41976
15582,1881,805
15583,85771,36402
15584,114960,48720
15585,107499,45518
15586,5812,2540
15587,57456,24406
15588,56610,24065
15589,22394,9583
15590,3783,1658
15591,78926,33454
15592,3593,1579
15593,42444,18138
15594,25048,10728
15595,94737,40097
15596,29734,12717
15597,32536,13952
15598,4636,2032
15599,42033,17949
15600,122941,52140
15601,40018,17099
15602,117300,49713
15603,107773,45626
15604,122819,52088
15605,72489,30771
15606,3192,1396
15607,11461,4964
15608,31854,13636
15609,67409,28627
15610,2404,1039
15611,9847,4260
15612,69999,29721
15613,104350,44141
15614,39750,16987
15615,90614,38342
15616,71636,30418
15617,94962,40192
15618,100117,42368
15619,26358,11275
15620,119457,50636
15621,39844,17030
15622,22349,9565
15623,2542,1096
15624,31165,13335
15625,11423,4947
15626,113181,47974
15627,8249,3575
15628,110712,46891
15629,7137,3139
15630,60325,25606
15631,87973,37257
15632,42781,18273
15633,18909,8105
15634,26929,11530
15635,101681,43028
15636,101256,42868
15637,98502,41705
15638,84367,35800
15639,55335,23524
15640,71889,30522
15641,96509,40835
15642,53985,22961
15643,62557,26561
15644,127013,53940
15645,54123,23012
15646,5516,2393
15647,86971,36874
15648,65714,27900
15649,40475,17279
15650,24165,10354
15651,92845,39308
15652,1657,713
15653,66485,28224
15654,113057,47927
15655,87234,36978
15656,42654,18217
15657,66499,28231
15658,70688,30014
15659,16755,7211
15660,100482,42534
15661,105426,44612
15662,97204,41140
15663,17099,7360
15664,8878,3838
15665,93412,39526
15666,6486,2868
15667,120011,50886
15668,122482,51934
15669,57502,24426
15670,67123,28501
15671,60546,25706
15672,47833,20380
15673,97590,41302
15674,1785,769
15675,102816,43500
15676,108771,46062
15677,63609,26996
15678,24723,10586
15679,115204,48827
15680,4233,1848
15681,80899,34328
15682,37974,16262
15683,2951,1279
15684,5188,2270
15685,35727,15303
15686,106077,44883
15687,108021,45734
15688,127762,54251
15689,37971,16260
15690,56198,23889
15691,86603,36735
15692,95239,40313
15693,92031,38964
15694,41583,17759
15695,95747,40506
15696,84764,35972
15697,40271,17196
15698,120726,51202
15699,93853,39708
15700,116397,49329
15701,86289,36617
15702,59044,25065
15703,23551,10081
15704,15513,6674
15705,88328,37405
15706,127000,53936
15707,5164,2259
15708,70438,29914
15709,55135,23435
15710,30258,12950
15711,30632,13096
15712,19499,8349
15713,64078,27202
15714,103549,43808
15715,26924,11526
15716,73577,31218
15717,103926,43956
15718,47707,20330
15719,61244,26004
15720,106242,44955
15721,80954,34354
15722,26692,11428
15723,106610,45116
15724,8145,3535
15725,11323,4908
15726,101711,43046
15727,123399,52356
15728,116139,49218
15729,94676,40071
15730,75051,31831
15731,119874,50828
15732,5418,2359
15733,117153,49657
15734,117813,49938
15735,111624,47266
15736,97783,41377
15737,41612,17768
15738,15134,6521
15739,27150,11616
15740,55158,23447
15741,7360,3234
15742,9913,4284
15743,79139,33540
15744,40982,17507
15745,1705,736
15746,23919,10250
15747,86434,36675
15748,124140,52704
15749,4938,2164
15750,77719,32949
15751,97835,41402
15752,45084,19249
15753,108266,45844
15754,109580,46398
15755,17412,7480
15756,67000,28451
15757,92273,39066
15758,49853,21255
15759,95302,40338
15760,129724,55063
15761,59837,25400
15762,32037,13726
15763,9394,4061
15764,37024,15839
15765,40892,17465
15766,20527,8807
15767,16397,7054
15768,98695,41785
15769,3897,1708
15770,52289,22261
15771,83638,35504
15772,23818,10210
15773,72484,30767
15774,21199,9095
15775,107018,45300
15776,59885,25419
15777,17598,7566
15778,14555,6268
15779,115384,48909
15780,44502,19006
15781,124347,52789
15782,41415,17682
15783,90182,38160
15784,27808,11885
15785,126724,53811
15786,11884,5131
15787,96424,40797
15788,69349,29442
15789,66802,28372
15790,30611,13090
15791,82896,35174
15792,11326,4909
15793,80378,34074
15794,29290,12518
15795,15907,6848
15796,129300,54885
15797,45858,19567
15798,42254,18048
15799,50001,21329
15800,75913,32195
15801,53726,22844
15802,1551,669
15803,70335,29865
15804,63717,27044
15805,22906,9804
15806,22043,9434
15807,14639,6305
15808,56698,24105
15809,38065,16297
15810,37235,15939
15811,110089,46617
15812,72329,30704
15813,28351,12121
15814,37666,16126
15815,58066,24659
15816,101996,43160
15817,32572,13964
15818,53428,22720
15819,110817,46932
15820,46732,19914
15821,56478,24013
15822,83424,35417
15823,89318,37815
15824,115456,48941
15825,121394,51475
15826,10969,4756
15827,7664,3356
15828,87967,37255
15829,13083,5641
15830,94223,39876
15831,33568,14402
15832,6584,2907
15833,106251,44960
15834,124394,52805
15835,63489,26943
15836,109265,46279
15837,115129,48794
15838,33880,14519
15839,67389,28618
15840,94306,39917
15841,121864,51677
15842,91667,38818
15843,16087,6924
15844,41140,17567
15845,33261,14264
15846,96601,40873
15847,54348,23110
15848,59946,25451
15849,122638,52004
15850,62246,26437
15851,107584,45557
15852,70566,29972
15853,22373,9575
15854,72177,30644
15855,108976,46151
15856,56504,24023
15857,47964,20430
15858,44939,19189
15859,46827,19959
15860,1668,719
15861,18158,7803
15862,46341,19758
15863,34830,14923
15864,84856,36007
15865,12928,5570
15866,76914,32594
15867,117824,49941
15868,30788,13166
15869,6530,2889
15870,91911,38918
15871,76514,32440
15872,77061,32648
15873,119948,50863
15874,100234,42427
15875,59004,25049
15876,60469,25669
15877,121966,51720
15878,68170,28957
15879,13140,5667
15880,110647,46857
15881,122911,52126
15882,116786,49498
15883,19725,8459
15884,83331,35374
15885,122537,51957
15886,38629,16529
15887,63134,26804
15888,20648,8856
15889,45913,19583
15890,99480,42093
15891,110088,46616
15892,84098,35693
15893,39870,17042
15894,95539,40434
15895,122358,51881
15896,41203,17592
15897,62587,26573
15898,10024,4334
15899,48820,20804
15900,54762,23279
15901,53686,22828
15902,75428,31993
15903,41295,17631
15904,125703,53374
15905,83649,35508
15906,1312,558
15907,91168,38582
15908,65518,27824
15909,75952,32208
15910,115737,49069
15911,76696,32507
15912,109037,46176
15913,115903,49132
15914,66476,28217
15915,9780,4231
15916,2823,1217
15917,77878,33017
15918,129809,55103
15919,80702,34234
15920,24193,10369
15921,9417,4074
15922,6956,3067
15923,82255,34914
15924,62483,26534
15925,50204,21409
15926,41466,17705
15927,87841,37216
15928,79654,33762
15929,13482,5815
15930,78739,33370
15931,22823,9762
15932,39058,16685
15933,55617,23645
15934,60337,25611
15935,113911,48270
15936,45877,19575
15937,13203,5697
15938,22383,9579
15939,43157,18422
15940,108303,45858
15941,6333,2789
15942,59653,25317
15943,117620,49853
15944,100809,42684
15945,127943,54325
15946,20127,8618
15947,94160,39840
15948,96177,40683
15949,14195,6120
15950,45549,19437
15951,75894,32188
15952,39125,16727
15953,97939,41452
15954,2168,930
15955,75785,32142
15956,35864,15356
15957,113190,47979
15958,24464,10467
15959,462,193
15960,51808,22076
15961,111849,47373
15962,43879,18730
15963,61381,26062
15964,45969,19608
15965,104396,44160
15966,77688,32935
15967,52816,22467
15968,99543,42120
15969,89763,37986
15970,103402,43736
15971,109090,46200
15972,99698,42186
15973,63391,26901
15974,55126,23432
15975,107457,45497
15976,72224,30659
15977,110554,46816
15978,50293,21448
15979,43672,18648
15980,108149,45787
15981,25793,11051
15982,40490,17284
15983,63000,26749
15984,108201,45809
15985,2519,1085
15986,118652,50296
15987,33786,14485
15988,61851,26271
15989,34528,14788
15990,108770,46061
15991,115374,48904
15992,60938,25864
15993,19453,8328
15994,90815,38428
15995,21919,9387
15996,21457,9201
15997,4610,2017
15998,118839,50376
15999,41553,17745
16000,109247,46272
16001,108290,45851
16002,25392,10866
16003,119087,50483
16004,75132,31868
16005,60672,25755
16006,61233,26000
16007,17761,7630
16008,96781,40960
16009,107544,45537
16010,103118,43623
16011,110384,46738
16012,10079,4361
16013,75111,31860
16014,130090,55209
16015,112719,47787
16016,13237,5711
16017,95999,40613
16018,109644,46427
16019,83861,35608
16020,97225,41147
16021,73542,31201
16022,63575,26978
16023,91513,38748
16024,926,391
16025,110305,46701
16026,111544,47231
16027,13858,5982
16028,68293,29002
16029,14941,6438
16030,78191,33159
16031,108865,46097
16032,95355,40359
16033,17534,7534
16034,93094,39405
16035,73208,31072
16036,2124,916
16037,96984,41050
16038,94970,40197
16039,11904,5139
16040,126712,53805
16041,37718,16146
16042,12909,5561
16043,72588,30811
16044,67679,28742
16045,77267,32741
16046,10806,4681
16047,62267,26447
16048,95156,40283
16049,103636,43840
16050,109070,46191
16051,56366,23962
16052,108264,45842
16053,71383,30316
16054,62791,26653
16055,125409,53255
16056,38942,16642
16057,123030,52177
16058,19590,8394
16059,90496,38285
16060,61129,25947
16061,130394,55359
16062,43017,18367
16063,81808,34716
16064,44077,18814
16065,6942,3061
16066,65875,27967
16067,47111,20098
16068,119724,50766
16069,117856,49956
16070,92893,39328
16071,40296,17204
16072,85015,36076
16073,52159,22211
16074,12785,5513
16075,73218,31076
16076,115685,49052
16077,3875,1696
16078,64540,27398
16079,55143,23440
16080,1569,678
16081,17471,7511
16082,112355,47621
16083,127524,54142
16084,112591,47733
16085,41729,17823
16086,91003,38511
16087,60308,25595
16088,1847,790
16089,31921,13669
16090,59318,25179
16091,38699,16556
16092,2085,899
16093,123196,52255
16094,57186,24299
16095,78250,33185
16096,10224,4416
16097,90017,38094
16098,99272,42006
16099,7723,3377
16100,62609,26580
16101,37793,16176
16102,122975,52153
16103,85894,36461
16104,56296,23928
16105,11712,5063
16106,85632,36343
16107,76478,32426
16108,15858,6825
16109,56418,23987
16110,85777,36405
16111,40236,17189
16112,6830,3009
16113,62536,26553
16114,120845,51250
16115,127667,54212
16116,100423,42508
16117,56867,24172
16118,98627,41757
16119,77097,32664
16120,95412,40381
16121,22231,9517
16122,24647,10556
16123,64569,27411
16124,16179,6961
16125,52671,22412
16126,58841,24983
16127,115278,48858
16128,111983,47439
16129,76878,32580
16130,67307,28575
16131,35177,15069
16132,16523,7107
16133,82961,35202
16134,82555,35038
16135,27008,11563
16136,97186,41133
16137,102210,43252
16138,34517,14782
16139,84521,35864
16140,87440,37059
16141,2466,1070
16142,14177,6110
16143,129575,54994
16144,30278,12958
16145,68992,29310
16146,49438,21071
16147,70387,29890
16148,110432,46762
16149,67251,28556
16150,106167,44925
16151,39511,16888
16152,51492,21940
16153,6114,2681
16154,53997,22968
16155,126399,53664
16156,121837,51660
16157,65736,27908
16158,50018,21338
16159,115434,48930
16160,56821,24155
16161,124608,52907
16162,125555,53316
16163,110586,46830
16164,5049,2213
16165,119059,50473
16166,72987,30980
16167,41878,17882
16168,48612,20724
16169,77705,32944
16170,83657,35512
16171,63404,26907
16172,127776,54259
16173,52241,22245
16174,95661,40476
16175,44574,19042
16176,98864,41846
16177,101620,43002
16178,14777,6365
16179,2865,1238
16180,41126,17561
16181,102102,43202
16182,35945,15389
16183,82553,35036
16184,46662,19886
16185,85111,36110
16186,75698,32106
16187,63107,26789
16188,19256,8248
16189,43402,18542
16190,120225,50982
16191,14977,6454
16192,73847,31335
16193,40174,17167
16194,49803,21233
16195,30476,13038
16196,109908,46535
16197,88238,37369
16198,59586,25294
16199,104022,43995
16200,56883,24180
16201,84489,35853
16202,70072,29753
16203,16184,6962
16204,129564,54989
16205,3781,1657
16206,22310,9551
16207,88224,37362
16208,25292,10827
16209,41204,17593
16210,111833,47365
16211,94630,40055
16212,70113,29772
16213,97945,41454
16214,45215,19316
16215,46652,19880
16216,92593,39198
16217,63157,26813
16218,61935,26311
16219,7033,3104
16220,1419,609
16221,30503,13044
16222,106442,45042
16223,129394,54916
16224,36234,15495
16225,107999,45724
16226,24135,10343
16227,104174,44063
16228,124082,52670
16229,20147,8626
16230,82218,34900
16231,57621,24473
16232,97312,41184
16233,42078,17972
16234,104875,44375
16235,121076,51337
16236,32210,13818
16237,3428,1514
16238,34586,14813
16239,90517,38302
16240,28017,11983
16241,2725,1176
16242,128422,54524
16243,81822,34720
16244,5768,2514
16245,19597,8398
16246,26440,11307
16247,30669,13113
16248,105402,44599
16249,53259,22640
16250,1882,806
16251,63154,26811
16252,103441,43750
16253,65831,27950
16254,35455,15184
16255,30741,13148
16256,30065,12868
16257,76319,32365
16258,62559,26563
16259,55883,23753
16260,48229,20558
16261,99489,42095
16262,68277,28995
16263,105865,44798
16264,89024,37704
16265,30839,13191
16266,29121,12445
16267,21704,9299
16268,6225,2739
16269,32177,13801
16270,107719,45606
16271,17796,7648
16272,37243,15945
16273,119122,50504
16274,49592,21135
16275,99834,42246
16276,103101,43615
16277,38592,16511
16278,96857,40994
16279,11777,5089
16280,19592,8396
16281,49513,21102
16282,117773,49918
16283,108376,45891
16284,101648,43016
16285,86126,36551
16286,25877,11082
16287,97585,41300
16288,93894,39728
16289,118924,50415
16290,80526,34150
16291,40935,17485
16292,62042,26357
16293,33452,14350
16294,86974,36876
16295,32063,13742
16296,49703,21185
16297,59470,25247
16298,24725,10588
16299,79883,33863
16300,70009,29727
16301,125724,53382
16302,116441,49349
16303,29949,12816
16304,43293,18492
16305,85946,36477
16306,100832,42695
16307,123762,52524
16308,105710,44730
16309,39045,16681
16310,70156,29793
16311,62616,26584
16312,54842,23315
16313,118047,50043
16314,34393,14727
16315,90106,38132
16316,120776,51224
16317,82582,35049
16318,113330,48035
16319,24501,10486
16320,86103,36542
16321,10027,4337
16322,72874,30936
16323,80108,33951
16324,108689,46025
16325,125209,53156
16326,22795,9753
16327,104357,44144
16328,3881,1700
16329,73191,31065
16330,89071,37726
16331,107338,45446
16332,69800,29634
16333,39492,16879
16334,46590,19855
16335,63571,26975
16336,97156,41126
16337,32434,13912
16338,88639,37530
16339,127315,54052
16340,61392,26067
16341,74958,31786
16342,15822,6808
16343,49861,21259
16344,110541,46812
16345,112834,47835
16346,67450,28645
16347,73657,31256
16348,91474,38735
16349,113593,48140
16350,9755,4220
16351,62508,26543
16352,13749,5934
16353,66484,28223
16354,116914,49553
16355,96571,40859
16356,124023,52643
16357,110888,46962
16358,72719,30873
16359,10118,4374
16360,42677,18231
16361,50473,21519
16362,129052,54778
16363,73147,31046
16364,53416,22713
16365,103957,43967
16366,46533,19832
16367,24111,10329
16368,110062,46604
16369,105949,44836
16370,24314,10409
16371,112563,47719
16372,91323,38656
16373,121568,51557
16374,24886,10663
16375,130108,55217
16376,78675,33352
16377,21788,9337
16378,90308,38208
16379,80401,34083
16380,124422,52816
16381,82552,35035
16382,10629,4604
16383,88802,37606
16384,98161,41556
16385,55537,23614
16386,108579,45977
16387,52552,22367
16388,100882,42718
16389,48826,20808
16390,121517,51536
16391,58832,24978
16392,24070,10311
16393,882,375
16394,117442,49772
16395,11357,4926
16396,108350,45882
16397,95488,40414
16398,94914,40171
16399,55000,23391
16400,42537,18175
16401,63928,27139
16402,110349,46722
16403,33001,14145
16404,55213,23472
16405,123343,52326
16406,112701,47779
16407,91268,38634
16408,35173,15067
16409,6735,2966
16410,126836,53865
16411,17884,7684
16412,101773,43072
16413,71244,30259
16414,18817,8071
16415,125520,53300
16416,54784,23290
16417,38687,16548
16418,75630,32083
16419,87607,37129
16420,104183,44067
16421,28809,12308
16422,60514,25692
16423,87783,37190
16424,9415,4073
16425,97094,41095
16426,35488,15200
16427,105246,44532
16428,58327,24772
16429,96423,40796
16430,28632,12238
16431,113214,47988
16432,54802,23299
16433,124098,52680
16434,15360,6618
16435,79742,33798
16436,129222,54854
16437,49642,21151
16438,118912,50411
16439,80472,34122
16440,2609,1128
16441,93141,39421
16442,103129,43629
16443,50446,21506
16444,109143,46223
16445,76254,32343
16446,65848,27955
16447,116404,49334
16448,11350,4923
16449,107387,45465
16450,106680,45146
16451,124438,52824
16452,107423,45484
16453,14657,6314
16454,109112,46207
16455,76449,32416
16456,36441,15584
16457,109022,46169
16458,72494,30772
16459,57818,24554
16460,78199,33162
16461,127765,54254
16462,14625,6295
16463,114375,48458
16464,117939,49986
16465,123931,52604
16466,16713,7192
16467,7382,3243
16468,9949,4298
16469,76215,32330
16470,46930,20012
16471,129500,54962
16472,30546,13062
16473,91250,38622
16474,44926,19187
16475,52965,22533
16476,55334,23523
16477,116005,49167
16478,27873,11912
16479,81304,34491
16480,33050,14173
16481,103780,43893
16482,87637,37138
16483,46184,19694
16484,98617,41753
16485,104186,44069
16486,90417,38255
16487,75957,32211
16488,70839,30081
16489,35224,15093
16490,60699,25767
16491,103221,43667
16492,109228,46261
16493,25868,11077
16494,53958,22949
16495,3345,1470
16496,68627,29164
16497,37962,16254
16498,88016,37276
16499,3728,1634
16500,103383,43728
16501,17317,7436
16502,129248,54868
16503,60547,25707
16504,89949,38059
16505,22210,9508
16506,41893,17887
16507,91624,38795
16508,43348,18513
16509,21279,9127
16510,7952,3461
16511,104865,44370
16512,52840,22478
16513,39702,16968
16514,125072,53103
16515,81309,34493
16516,113902,48266
16517,37726,16149
16518,65990,28013
16519,126469,53689
16520,87237,36981
16521,1173,489
16522,30826,13180
16523,53550,22777
16524,27092,11598
16525,108890,46111
16526,76547,32456
16527,19908,8530
16528,63629,27004
16529,27055,11581
16530,97536,41275
16531,92381,39109
16532,20818,8933
16533,3324,1458
16534,61580,26148
16535,99133,41952
16536,113607,48147
16537,54053,22989
16538,80430,34101
16539,39889,17051
16540,95476,40410
16541,6455,2850
16542,122790,52079
16543,12509,5396
16544,98044,41497
16545,114635,48568
16546,59921,25439
16547,60183,25552
16548,112435,47664
16549,115562,48990
16550,88826,37616
16551,130151,55236
16552,116128,49216
16553,58995,25043
16554,48117,20503
16555,40658,17359
16556,92791,39282
16557,45967,19606
16558,689,292
16559,109450,46346
16560,17034,7332
16561,129629,55018
16562,21774,9332
16563,62826,26672
16564,23326,9986
16565,82487,35007
16566,114810,48649
16567,94302,39915
16568,122944,52141
16569,12163,5247
16570,113999,48306
16571,129662,55032
16572,126289,53616
16573,124559,52884
16574,91117,38560
16575,84534,35872
16576,1765,760
16577,6424,2834
16578,60134,25534
16579,85068,36095
16580,83811,35582
16581,13562,5848
16582,50834,21660
16583,84148,35709
16584,87398,37039
16585,57539,24445
16586,123832,52563
16587,18315,7869
16588,32217,13823
16589,104230,44091
16590,67506,28668
16591,69189,29384
16592,75495,32019
16593,92707,39247
16594,43226,18456
16595,62318,26467
16596,47859,20389
16597,91379,38692
16598,664,278
16599,84960,36049
16600,28204,12064
16601,18920,8109
16602,23453,10039
16603,13781,5948
16604,70218,29820
16605,72463,30761
16606,69405,29464
16607,17912,7699
16608,18049,7757
16609,73494,31177
16610,107347,45450
16611,55029,23400
