role_rank0,csv_row_index0,working_index0
0,7145,3141
1,32903,14103
2,76036,32248
3,127218,54017
4,10091,4365
5,130218,55266
6,49112,20936
7,43449,18559
8,98903,41862
9,33460,14353
10,106661,45138
11,19806,8491
12,127841,54278
13,45325,19354
14,81155,34428
15,71189,30237
16,32474,13927
17,87842,37217
18,54467,23156
19,75791,32147
20,76597,32476
21,94125,39823
22,44688,19093
23,35159,15060
24,68998,29313
25,53937,22938
26,51635,21999
27,89574,37905
28,120768,51220
29,5286,2307
30,29559,12633
31,112466,47679
32,118756,50339
33,107265,45415
34,130259,55287
35,77685,32934
36,65190,27686
37,15121,6518
38,98435,41679
39,39018,16670
40,110127,46629
41,52071,22170
42,93882,39722
43,17939,7709
44,41723,17819
45,38174,16347
46,113751,48210
47,105929,44828
48,44968,19204
49,14901,6424
50,13183,5685
51,44951,19199
52,107911,45688
53,103305,43700
54,29064,12415
55,1077,445
56,128462,54544
57,77571,32880
58,111900,47391
59,35518,15214
60,69652,29572
61,19158,8204
62,2091,900
63,156,72
64,48861,20825
65,40102,17134
66,7732,3380
67,6976,3080
68,52375,22299
69,61541,26130
70,69609,29552
71,4322,1887
72,5933,2602
73,62883,26699
74,1648,707
75,99934,42292
76,103185,43651
77,46683,19895
78,14584,6281
79,100949,42741
80,3134,1374
81,10112,4372
82,108972,46149
83,74730,31704
84,107892,45679
85,48244,20567
86,31379,13430
87,41082,17546
88,108448,45922
89,16128,6942
90,89024,37704
91,29225,12492
92,110301,46699
93,92184,39034
94,48621,20729
95,15591,6713
96,47364,20187
97,72698,30866
98,115244,48844
99,123766,52526
100,67078,28481
101,89818,38011
102,44504,19007
103,12145,5238
104,83633,35501
105,39378,16833
106,90979,38499
107,51484,21935
108,116609,49418
109,5865,2566
110,89200,37777
111,63399,26905
112,98730,41801
113,115719,49065
114,115656,49038
115,60183,25552
116,120192,50967
117,30994,13267
118,40106,17137
119,14507,6246
120,47734,20341
121,10643,4611
122,116183,49241
123,96781,40960
124,108652,46006
125,36384,15561
126,82049,34822
127,66253,28121
128,98264,41593
129,81242,34461
130,11058,4801
131,24534,10500
132,96774,40956
133,16947,7293
134,121290,51425
135,74496,31608
136,40768,17412
137,10060,4352
138,125526,53303
139,90605,38337
140,58046,24653
141,76251,32340
142,35983,15405
143,25151,10764
144,118087,50057
145,86684,36767
146,28441,12167
147,129603,55006
148,44047,18803
149,108319,45866
150,118241,50129
151,61139,25952
152,99176,41967
153,73533,31195
154,74870,31754
155,16609,7149
156,11114,4817
157,86173,36570
158,10859,4706
159,64752,27486
160,129362,54905
161,116515,49384
162,83394,35404
163,41577,17755
164,5966,2621
165,61663,26187
166,50381,21480
167,109203,46246
168,117469,49787
169,119059,50473
170,53372,22694
171,39866,17039
172,7500,3290
173,78041,33093
174,127980,54341
175,68035,28901
176,54199,23049
177,14713,6343
178,111020,47022
179,33342,14299
180,93936,39743
181,83002,35218
182,83475,35439
183,99375,42050
184,119273,50559
185,31823,13622
186,66568,28268
187,28596,12226
188,86364,36647
189,70567,29973
190,27864,11908
191,33462,14355
192,96587,40866
193,117595,49841
194,90724,38387
195,56420,23988
196,8948,3869
197,119061,50475
198,58153,24693
199,40196,17174
200,43165,18429
201,114519,48518
202,42411,18124
203,47,19
204,60488,25679
205,111259,47124
206,126284,53614
207,106033,44863
208,20527,8807
209,58211,24722
210,45716,19502
211,83574,35478
212,70712,30023
213,118908,50409
214,48291,20585
215,47860,20390
216,92779,39277
217,99082,41934
218,5634,2454
219,59098,25087
220,90089,38124
221,24550,10507
222,69170,29377
223,2316,997
224,689,292
225,96989,41052
226,15749,6779
227,172,80
228,8575,3702
229,126625,53759
230,7186,3161
231,61594,26155
232,81342,34505
233,104487,44205
234,110645,46855
235,8927,3857
236,60823,25824
237,33241,14255
238,89778,37993
239,32771,14041
240,96560,40855
241,123072,52199
242,62028,26351
243,123737,52514
244,119003,50450
245,3650,1602
246,25695,11009
247,74279,31519
248,48756,20782
249,85575,36313
250,67232,28550
251,94133,39828
252,94962,40192
253,128935,54731
254,101200,42844
255,8318,3600
256,130023,55181
257,119299,50569
258,72073,30599
259,112353,47619
260,22934,9818
261,89588,37911
262,41259,17614
263,6287,2764
264,14851,6397
265,54867,23325
266,120644,51164
267,105159,44492
268,117992,50010
269,19348,8291
270,118508,50240
271,63473,26935
272,120754,51216
273,45062,19241
274,28724,12271
275,90496,38285
276,58625,24893
277,96947,41034
278,30275,12956
279,64513,27389
280,33660,14444
281,28362,12126
282,34503,14775
283,45106,19259
284,101768,43071
285,69533,29523
286,88573,37502
287,127702,54230
288,54654,23235
289,127740,54242
290,114819,48653
291,55628,23652
292,56124,23857
293,43204,18447
294,87896,37229
295,74588,31648
296,62188,26413
297,48063,20471
298,120888,51268
299,40839,17448
300,4999,2194
301,60084,25511
302,78634,33334
303,12019,5194
304,12457,5370
305,2289,986
306,126312,53628
307,22845,9774
308,121140,51365
309,33477,14364
310,111321,47143
311,73602,31229
312,60458,25660
313,88657,37539
314,57974,24621
315,80696,34230
316,42654,18217
317,78710,33360
318,92028,38962
319,71894,30524
320,21917,9386
321,31340,13409
322,84879,36018
323,23511,10064
324,35270,15111
325,121087,51341
326,8202,3559
327,89992,38086
328,65782,27928
329,1109,462
330,28809,12308
331,103484,43772
332,29734,12717
333,61152,25958
334,45475,19408
335,120452,51079
336,93476,39556
337,44163,18855
338,2322,1003
339,112329,47606
340,75407,31982
341,82746,35115
342,4731,2073
343,58857,24990
344,103318,43706
345,79521,33711
346,67317,28578
347,31795,13606
348,15890,6841
349,6557,2897
350,102467,43356
351,2948,1278
352,107535,45532
353,85198,36147
354,32008,13709
355,50150,21386
356,3908,1714
357,8994,3887
358,107906,45686
359,65199,27690
360,8644,3734
361,90565,38323
362,991,409
363,33273,14267
364,89060,37723
365,38474,16469
366,86636,36750
367,126627,53760
368,8178,3548
369,89507,37881
370,98305,41614
371,83849,35599
372,100633,42621
373,50875,21680
374,17050,7339
375,77971,33061
376,12403,5349
377,105951,44837
378,115795,49097
379,54908,23350
380,85420,36241
381,40216,17183
382,17090,7357
383,117213,49678
384,47823,20373
385,88095,37308
386,14873,6409
387,100966,42745
388,105593,44679
389,110390,46741
390,23632,10128
391,73102,31027
392,48678,20752
393,20399,8743
394,52885,22497
395,4582,2008
396,61246,26005
397,112397,47645
398,122426,51905
399,46782,19942
400,109817,46494
401,85632,36343
402,127324,54057
403,37131,15887
404,57903,24589
405,64335,27301
406,38633,16531
407,73636,31248
408,103924,43955
409,46617,19864
410,114231,48402
411,66096,28060
412,100024,42326
413,3252,1423
414,39645,16941
415,99254,42001
416,38817,16596
417,113943,48280
418,61534,26126
419,94593,40041
420,65970,28007
421,33275,14268
422,3657,1605
423,59604,25297
424,57020,24231
425,43592,18615
426,7511,3296
427,107371,45463
428,120571,51138
429,84263,35753
430,126073,53526
431,78271,33192
432,3326,1459
433,118133,50078
434,57299,24333
435,43919,18746
436,1964,843
437,35585,15249
438,11208,4858
439,39138,16734
440,111236,47113
441,38639,16533
442,73573,31217
443,71988,30565
444,42311,18075
445,130032,55186
446,60297,25594
447,100229,42426
448,61079,25927
449,107444,45491
450,26336,11263
451,77606,32894
452,115365,48901
453,109388,46325
454,12860,5541
455,123384,52347
456,88946,37667
457,10134,4379
458,7385,3245
459,67356,28604
460,118182,50100
461,104426,44177
462,117241,49687
463,99912,42283
464,128941,54734
465,89288,37802
466,45569,19443
467,19332,8282
468,98492,41700
469,35500,15207
470,16439,7075
471,17786,7642
472,117092,49627
473,126818,53856
474,42408,18121
475,37796,16179
476,16748,7208
477,129714,55055
478,38979,16657
479,75481,32013
480,15977,6878
481,116588,49411
482,88897,37649
483,79269,33594
484,112204,47547
485,107620,45568
486,14603,6287
487,8182,3550
488,54730,23267
489,47526,20262
490,65363,27754
491,104123,44038
492,80802,34283
493,17332,7443
494,73983,31388
495,83872,35613
496,25548,10929
497,59841,25401
498,15576,6706
499,40467,17274
500,110189,46654
501,486,205
502,99320,42027
503,95467,40405
504,120843,51248
505,42629,18208
506,55138,23436
507,76129,32286
508,19141,8198
509,82694,35092
510,79499,33698
511,26229,11218
512,38826,16598
513,124224,52740
514,32693,14011
515,20775,8919
516,98012,41486
517,49549,21117
518,37518,16065
519,102016,43170
520,44118,18838
521,23017,9857
522,43160,18425
523,48259,20574
524,6395,2823
525,108038,45743
526,87855,37220
527,71065,30183
528,16850,7252
529,36145,15460
530,4251,1857
531,28431,12161
532,114935,48704
533,97741,41361
534,33960,14555
535,568,239
536,118408,50204
537,65151,27671
538,8141,3532
539,97721,41355
540,61104,25938
541,71773,30472
542,66973,28437
543,24725,10588
544,42290,18063
545,14398,6206
546,51776,22065
547,53805,22878
548,122763,52066
549,74099,31438
550,82470,35001
551,70029,29736
552,64164,27234
553,85322,36204
554,118138,50081
555,14132,6092
556,108024,45736
557,110421,46756
558,10294,4453
559,84583,35894
560,117808,49936
561,1422,611
562,38155,16336
563,87257,36987
564,129928,55141
565,4001,1758
566,48608,20721
567,118212,50113
568,34673,14855
569,19100,8182
570,107705,45602
571,1722,744
572,61495,26113
573,33454,14351
574,5213,2281
575,59792,25381
576,48046,20461
577,58365,24794
578,120907,51275
579,19937,8544
580,2629,1136
581,91924,38925
582,10892,4721
583,110712,46891
584,94297,39912
585,8055,3503
586,103640,43841
587,22834,9769
588,69762,29618
589,28994,12387
590,103569,43816
591,42872,18308
592,83329,35373
593,62687,26617
594,27407,11715
595,104477,44201
596,125904,53453
597,102301,43285
598,17890,7688
599,44046,18802
600,30617,13092
601,105694,44724
602,48645,20742
603,48076,20478
604,127697,54228
605,54874,23331
606,84955,36046
607,107649,45578
608,12416,5357
609,85711,36373
610,113245,48001
611,27496,11751
612,77829,32997
613,38096,16312
614,117781,49923
615,23581,10098
616,57741,24518
617,15164,6536
618,66586,28278
619,40944,17487
620,108924,46126
621,118912,50411
622,63927,27138
623,89123,37742
624,18931,8115
625,83277,35352
626,57810,24549
627,128095,54391
628,72455,30756
629,127938,54322
630,34225,14650
631,22895,9797
632,99275,42007
633,63901,27127
634,102106,43205
635,32806,14061
636,51627,21996
637,8391,3636
638,112365,47628
639,98227,41580
640,29392,12563
641,5917,2593
642,129333,54894
643,117319,49718
644,46695,19901
645,67122,28500
646,83025,35226
647,114375,48458
648,90845,38440
649,21233,9109
650,60576,25719
651,65246,27711
652,10532,4553
653,93700,39653
654,112442,47668
655,83778,35565
656,59365,25205
657,80371,34071
658,77358,32778
659,74495,31607
660,123727,52510
661,59530,25272
662,27683,11835
663,71092,30202
664,75773,32136
665,85436,36247
666,111499,47215
667,60452,25656
668,128370,54500
669,83199,35307
670,22091,9454
671,90722,38386
672,24857,10644
673,20674,8871
674,123099,52209
675,97384,41211
676,44551,19032
677,75245,31912
678,112567,47722
679,107146,45361
680,84494,35855
681,9576,4146
682,100697,42642
683,79948,33882
684,67583,28701
685,55310,23516
686,113372,48055
687,97957,41463
688,405,167
689,66600,28283
690,4729,2072
691,88233,37367
692,81248,34465
693,78027,33084
694,94498,39999
695,86609,36739
696,21244,9118
697,60522,25695
698,104899,44384
699,114478,48501
700,54751,23276
701,43561,18606
702,121523,51540
703,91584,38774
704,23370,10005
705,8122,3525
706,94507,40001
707,20509,8799
708,18223,7834
709,124972,53059
710,126605,53750
711,7626,3334
712,35129,15051
713,87805,37200
714,7185,3160
715,15440,6646
716,99388,42055
717,36497,15609
718,32038,13727
719,57333,24350
720,83560,35471
721,33868,14514
722,100210,42416
723,83680,35521
724,55262,23493
725,56677,24095
726,89724,37966
727,129548,54981
728,20886,8969
729,89139,37748
730,26265,11232
731,45855,19564
732,54986,23382
733,27119,11604
734,90608,38339
735,33663,14445
736,60800,25808
737,5364,2335
738,3963,1739
739,92616,39210
740,59551,25281
741,5849,2558
742,80510,34141
743,94912,40169
744,119572,50691
745,51450,21922
746,2963,1288
747,21034,9023
748,26541,11357
749,7860,3424
750,26464,11318
751,126766,53833
752,9575,4145
753,110979,47004
754,80783,34276
755,117882,49965
756,2432,1054
757,48577,20713
758,80465,34117
759,31049,13291
760,14521,6252
761,108279,45848
762,107266,45416
763,121644,51581
764,109437,46340
765,58557,24867
766,6932,3056
767,25345,10849
768,125890,53446
769,67982,28878
770,111605,47259
771,113640,48161
772,24892,10668
773,14223,6130
774,36471,15598
775,130392,55357
776,2153,923
777,59444,25238
778,108876,46104
779,93554,39595
780,103974,43974
781,47121,20103
782,112890,47864
783,120698,51188
784,83022,35224
785,2146,921
786,109496,46361
787,56220,23898
788,50358,21475
789,26480,11324
790,119597,50703
791,121291,51426
792,106899,45247
793,109273,46282
794,2258,974
795,121509,51530
796,79786,33821
797,82244,34910
798,7757,3386
799,90015,38093
800,126212,53590
801,61931,26307
802,122239,51839
803,111388,47168
804,33608,14423
805,101404,42917
806,39843,17029
807,110366,46728
808,94,41
809,105670,44714
810,114148,48370
811,7225,3175
812,109572,46396
813,14945,6440
814,3002,1310
815,123675,52485
816,17092,7358
817,24483,10478
818,39359,16826
819,50482,21524
820,68787,29225
821,57775,24535
822,126698,53798
823,50734,21617
824,126198,53585
825,48940,20863
826,41279,17623
827,36607,15658
828,100439,42514
829,87370,37029
830,55208,23470
831,110956,46995
832,130236,55276
833,15081,6500
834,72154,30634
835,44815,19146
836,58341,24778
837,85433,36245
838,125298,53204
839,44114,18835
840,103177,43648
841,468,196
842,128889,54716
843,35825,15340
844,28062,12003
845,35931,15385
846,3332,1463
847,48890,20840
848,64823,27517
849,997,411
850,112857,47846
851,34674,14856
852,3220,1408
853,125453,53272
854,50268,21441
855,118925,50416
856,26498,11333
857,44630,19064
858,53743,22851
859,53338,22678
860,42713,18247
861,21148,9074
862,24864,10647
863,85883,36457
864,17649,7585
865,87371,37030
866,90199,38169
867,4523,1981
868,119894,50838
869,7723,3377
870,24872,10654
871,113330,48035
872,12409,5354
873,51328,21861
874,35068,15029
875,4302,1878
876,88096,37309
877,32572,13964
878,101192,42839
879,64810,27511
880,6786,2989
881,24916,10680
882,127533,54146
883,14157,6098
884,43234,18461
885,110432,46762
886,4884,2142
887,130367,55344
888,122481,51933
889,67761,28784
890,31384,13432
891,36115,15451
892,50263,21437
893,104100,44029
894,101420,42922
895,78664,33346
896,65461,27799
897,121943,51709
898,41007,17517
899,81577,34612
900,88057,37291
901,125554,53315
902,69337,29439
903,3387,1491
904,120830,51242
905,128029,54359
906,33572,14404
907,80014,33912
908,50293,21448
909,121543,51549
910,11780,5091
911,78919,33452
912,55043,23406
913,58347,24783
914,28725,12272
915,113880,48254
916,47414,20208
917,21497,9214
918,61091,25933
919,91668,38819
920,70388,29891
921,109994,46571
922,17483,7515
923,91455,38729
924,15523,6679
925,657,274
926,51470,21929
927,6604,2915
928,108293,45854
929,120188,50965
930,61197,25980
931,128394,54512
932,10699,4638
933,12507,5394
934,123079,52202
935,88112,37316
936,24010,10288
937,96641,40890
938,93032,39384
939,84710,35947
940,90204,38171
941,101088,42791
942,15430,6643
943,20490,8789
944,33425,14340
945,48738,20774
946,103027,43586
947,89932,38050
948,36537,15629
949,71058,30180
950,68449,29076
951,48893,20841
952,27307,11672
953,28733,12277
954,111656,47283
955,54286,23084
956,55586,23634
957,92641,39223
958,66857,28392
959,34048,14585
960,26799,11471
961,97879,41424
962,12342,5317
963,44766,19123
964,56000,23807
965,65615,27856
966,61367,26056
967,88585,37506
968,85338,36212
969,13586,5858
970,52768,22444
971,6209,2730
972,119960,50866
973,13118,5659
974,59021,25055
975,108967,46146
976,57689,24495
977,79968,33894
978,69243,29400
979,122063,51764
980,74680,31679
981,104310,44124
982,44197,18866
983,57920,24595
984,51066,21756
985,95024,40222
986,118443,50222
987,33404,14331
988,110532,46806
989,92931,39344
990,70876,30101
991,19194,8226
992,116513,49383
993,16137,6946
994,84492,35854
995,73174,31058
996,75426,31991
997,76639,32487
998,14363,6194
999,32506,13939
1000,67825,28812
1001,24627,10548
1002,130300,55315
1003,122279,51850
1004,72683,30858
1005,109223,46257
1006,122926,52132
1007,96038,40631
1008,46820,19956
1009,13554,5844
1010,46513,19822
1011,73771,31301
1012,68565,29132
1013,1853,793
1014,91649,38810
1015,79054,33503
1016,63327,26877
1017,20535,8809
1018,10240,4425
1019,28552,12206
1020,128655,54628
1021,25930,11107
1022,51454,21923
1023,50714,21613
1024,111840,47369
1025,90937,38480
1026,18920,8109
1027,23670,10149
1028,24873,10655
1029,109117,46211
1030,62264,26445
1031,126374,53653
1032,106381,45018
1033,69249,29403
1034,54449,23150
1035,34219,14647
1036,106904,45249
1037,62038,26354
1038,42697,18239
1039,75930,32200
1040,51988,22139
1041,26420,11297
1042,119810,50801
1043,104752,44325
1044,8380,3629
1045,23132,9903
1046,116967,49576
1047,115685,49052
1048,96427,40798
1049,28187,12053
1050,99244,41997
1051,125227,53166
1052,130123,55226
1053,34136,14616
1054,90902,38463
1055,101719,43053
1056,59648,25313
1057,3253,1424
1058,31913,13666
1059,48662,20746
1060,99637,42160
1061,47792,20361
1062,32063,13742
1063,14121,6084
1064,8355,3620
1065,124249,52750
1066,68489,29096
1067,35121,15048
1068,25707,11014
1069,28863,12328
1070,55523,23607
1071,75295,31936
1072,28176,12048
1073,76516,32442
1074,20336,8710
1075,117809,49937
1076,113325,48033
1077,41392,17673
1078,125900,53452
1079,31323,13401
1080,82553,35036
1081,93176,39432
1082,112457,47675
1083,13654,5892
1084,20829,8940
1085,125795,53408
1086,89878,38032
1087,97279,41167
1088,12385,5339
1089,100149,42384
1090,129290,54883
1091,82540,35030
1092,90406,38247
1093,13598,5862
1094,52976,22538
1095,59672,25326
1096,35685,15286
1097,101451,42940
1098,4229,1845
1099,27993,11969
1100,48389,20632
1101,66746,28348
1102,74986,31799
1103,64063,27191
1104,3974,1746
1105,41712,17814
1106,84983,36064
1107,9454,4090
1108,97348,41200
1109,11937,5159
1110,31300,13391
1111,25315,10835
1112,22134,9477
1113,45691,19491
1114,77600,32891
1115,124559,52884
1116,106431,45038
1117,60839,25828
1118,3772,1653
1119,30780,13161
1120,123642,52469
1121,42897,18319
1122,91675,38822
1123,58695,24919
1124,16314,7016
1125,71289,30282
1126,122845,52095
1127,127847,54280
1128,41726,17820
1129,84589,35897
1130,91835,38882
1131,10323,4465
1132,90255,38189
1133,42343,18087
1134,127394,54092
1135,59302,25172
1136,56862,24171
1137,89036,37712
1138,77586,32886
1139,8269,3583
1140,98437,41680
1141,23326,9986
1142,102660,43430
1143,87837,37213
1144,78784,33388
1145,37052,15852
1146,124722,52954
1147,62260,26441
1148,80054,33930
1149,30999,13269
1150,16559,7126
1151,68538,29120
1152,115524,48974
1153,24139,10345
1154,81931,34769
1155,62866,26691
1156,8792,3797
1157,69447,29481
1158,22518,9636
1159,112467,47680
1160,39608,16929
1161,13160,5676
1162,2168,930
1163,12969,5589
1164,108791,46069
1165,1684,725
1166,113977,48296
1167,33132,14212
1168,91364,38681
1169,98522,41713
1170,24909,10676
1171,25891,11089
1172,65787,27930
1173,48594,20719
1174,21921,9389
1175,104341,44136
1176,47618,20292
1177,61378,26060
1178,13031,5618
1179,16916,7282
1180,1950,834
1181,114658,48576
1182,28959,12374
1183,77072,32654
1184,128708,54646
1185,124716,52951
1186,20699,8884
1187,1800,776
1188,52965,22533
1189,24676,10565
1190,60374,25626
1191,63201,26830
1192,110673,46874
1193,124771,52973
1194,106925,45258
1195,26786,11465
1196,115145,48804
1197,3081,1352
1198,76068,32259
1199,123343,52326
1200,91997,38948
1201,5391,2350
1202,29504,12611
1203,19915,8532
1204,65422,27779
1205,78440,33263
1206,72041,30584
1207,106823,45214
1208,60729,25780
1209,88783,37596
1210,67358,28605
1211,92681,39238
1212,14986,6457
1213,29419,12579
1214,53713,22840
1215,27914,11931
1216,81544,34604
1217,79635,33755
1218,29255,12502
1219,67855,28826
1220,70142,29786
1221,102288,43279
1222,54532,23182
1223,41295,17631
1224,121115,51351
1225,122400,51897
1226,15187,6542
1227,42283,18058
1228,118195,50107
1229,55680,23674
1230,120773,51223
1231,7893,3440
1232,9966,4308
1233,71564,30384
1234,9122,3949
1235,94453,39980
1236,48122,20505
1237,110915,46976
1238,4570,2002
1239,100300,42454
1240,122053,51759
1241,18073,7769
1242,22489,9624
1243,4326,1888
1244,97946,41455
1245,53305,22662
1246,18669,8016
1247,113189,47978
1248,20972,8999
1249,15858,6825
1250,82561,35041
1251,54770,23284
1252,128058,54371
1253,15886,6840
1254,25601,10954
1255,6848,3018
1256,73361,31131
1257,21030,9020
1258,115175,48818
1259,69534,29524
1260,111361,47155
1261,91841,38884
1262,59678,25330
1263,63134,26804
1264,64865,27537
1265,121225,51398
1266,63459,26927
1267,62268,26448
1268,14819,6379
1269,74770,31720
1270,75863,32175
1271,1613,692
1272,50382,21481
1273,92648,39225
1274,94798,40126
1275,39728,16979
1276,33904,14533
1277,35675,15280
1278,32354,13878
1279,31750,13585
1280,39097,16711
1281,65053,27627
1282,121139,51364
1283,6906,3044
1284,4246,1854
1285,81645,34641
1286,25664,10992
1287,69622,29558
1288,7934,3452
1289,12080,5220
1290,1453,629
1291,64719,27470
1292,86197,36581
1293,13433,5788
1294,13214,5700
1295,52269,22253
1296,22450,9604
1297,111208,47103
1298,10616,4601
1299,81271,34474
1300,89069,37725
1301,116983,49584
1302,63610,26997
1303,73377,31136
1304,10475,4531
1305,47113,20100
1306,60609,25728
1307,56012,23812
1308,10889,4719
1309,44416,18965
1310,76163,32303
1311,73606,31232
1312,16999,7317
1313,84093,35690
1314,21181,9088
1315,79290,33604
1316,75868,32177
1317,20973,9000
1318,113641,48162
1319,47490,20243
1320,87285,36999
1321,79846,33844
1322,92612,39208
1323,98173,41559
1324,34533,14791
1325,3158,1382
1326,38766,16576
1327,94899,40162
1328,4347,1903
1329,115070,48767
1330,36658,15681
1331,56147,23868
1332,51264,21838
1333,15909,6850
1334,113242,47998
1335,54470,23158
1336,16144,6948
1337,57890,24584
1338,72540,30791
1339,123620,52459
1340,50007,21330
1341,97893,41430
1342,37327,15981
1343,13734,5925
1344,17390,7467
1345,68632,29165
1346,81692,34669
1347,1193,497
1348,6163,2708
1349,57200,24303
1350,99827,42243
1351,400,164
1352,60497,25685
1353,26445,11310
1354,60349,25616
1355,122067,51767
1356,30226,12936
1357,51841,22089
1358,100930,42730
1359,69803,29635
1360,92667,39232
1361,66045,28034
1362,10609,4595
1363,30685,13121
1364,112170,47528
1365,41186,17585
1366,22698,9711
1367,2693,1163
1368,13664,5898
1369,104326,44128
1370,37988,16266
1371,108231,45827
1372,51922,22116
1373,106016,44857
1374,110749,46907
1375,45182,19300
1376,72625,30830
1377,30579,13078
1378,120956,51292
1379,49510,21101
1380,908,388
1381,112146,47515
1382,128471,54547
1383,98954,41885
1384,87115,36930
1385,105715,44732
1386,108883,46108
1387,22939,9820
1388,20289,8693
1389,66571,28270
1390,22496,9627
1391,117452,49779
1392,62912,26713
1393,5964,2620
1394,2805,1213
1395,119974,50874
1396,67772,28791
1397,35918,15378
1398,106828,45216
1399,95551,40438
1400,40724,17393
1401,27171,11621
1402,101964,43148
1403,125014,53077
1404,112585,47731
1405,58201,24716
1406,113297,48021
1407,118379,50193
1408,84123,35699
1409,36786,15733
1410,119972,50872
1411,386,157
1412,11232,4869
1413,69662,29578
1414,87222,36975
1415,19665,8432
1416,46095,19662
1417,94936,40180
1418,108503,45942
1419,24939,10689
1420,109517,46370
1421,49771,21216
1422,90362,38226
1423,66339,28158
1424,30377,12995
1425,50831,21658
1426,13888,5990
1427,51445,21918
1428,55200,23469
1429,93411,39525
1430,75907,32193
1431,129439,54940
1432,94383,39952
1433,112823,47829
1434,127574,54163
1435,64580,27415
1436,70843,30082
1437,19436,8322
1438,6562,2900
1439,7638,3339
1440,57815,24552
1441,23297,9971
1442,35308,15124
1443,93491,39559
1444,14874,6410
1445,56364,23960
1446,58633,24896
1447,123108,52213
1448,41512,17727
1449,110409,46749
1450,87809,37202
1451,108997,46159
1452,113332,48036
1453,22383,9579
1454,58371,24797
1455,102560,43392
1456,5613,2442
1457,90766,38407
1458,2984,1297
1459,110886,46961
1460,93301,39480
1461,95925,40581
1462,117384,49748
1463,78074,33107
1464,91078,38546
1465,39455,16864
1466,48702,20760
1467,23802,10200
1468,117710,49892
1469,59803,25386
1470,9514,4116
1471,75368,31970
1472,78694,33358
1473,111196,47099
1474,18141,7798
1475,72253,30677
1476,6330,2787
1477,70808,30067
1478,112410,47652
1479,113689,48185
1480,48516,20684
1481,121645,51582
1482,54518,23173
1483,62794,26655
1484,35736,15306
1485,114303,48432
1486,98343,41634
1487,74348,31548
1488,67776,28792
1489,74017,31402
1490,98095,41527
1491,66006,28023
1492,33881,14520
1493,47603,20288
1494,18363,7894
1495,70348,29871
1496,108376,45891
1497,31726,13574
1498,30321,12975
1499,12856,5540
1500,53108,22582
1501,57704,24505
1502,31390,13434
1503,28910,12346
1504,65943,27998
1505,84575,35891
1506,23292,9967
1507,99509,42104
1508,39263,16792
1509,129550,54982
1510,126524,53706
1511,101433,42931
1512,123887,52583
1513,31202,13349
1514,43526,18593
1515,78592,33321
1516,61772,26232
1517,42324,18080
1518,8817,3807
1519,35858,15354
1520,78677,33353
1521,104947,44403
1522,12433,5362
1523,50930,21700
1524,88864,37634
1525,30017,12847
1526,29352,12544
1527,78004,33078
1528,70936,30126
1529,42935,18335
1530,69465,29493
1531,39082,16702
1532,7946,3458
1533,46768,19931
1534,94047,39779
1535,16926,7285
1536,118893,50402
1537,37780,16172
1538,59483,25253
1539,2663,1149
1540,44756,19120
1541,35455,15184
1542,90414,38253
1543,60052,25496
1544,55368,23535
1545,92073,38986
1546,34013,14576
1547,48178,20530
1548,123166,52238
1549,58602,24883
1550,109087,46198
1551,68324,29018
1552,104686,44297
1553,53858,22905
1554,78385,33239
1555,57347,24351
1556,51368,21879
1557,5139,2252
1558,67929,28861
1559,110646,46856
1560,51121,21778
1561,47681,20319
1562,9468,4097
1563,43688,18655
1564,39127,16729
1565,45022,19224
1566,70334,29864
1567,12571,5424
1568,26856,11493
1569,54900,23345
1570,129283,54879
1571,122185,51819
1572,75012,31815
1573,15136,6522
1574,15160,6533
1575,107871,45669
1576,101041,42770
1577,22046,9436
1578,63721,27047
1579,117191,49673
1580,114410,48473
1581,13659,5895
1582,73191,31065
1583,116108,49205
1584,35928,15383
1585,117417,49762
1586,116915,49554
1587,10238,4424
1588,17278,7424
1589,106279,44971
1590,78505,33292
1591,10574,4578
1592,107718,45605
1593,12954,5582
1594,59513,25264
1595,106218,44946
1596,87191,36962
1597,47941,20419
1598,111793,47344
1599,85918,36468
1600,86300,36621
1601,86269,36609
1602,34514,14781
1603,112231,47562
1604,84267,35754
1605,80488,34129
1606,46002,19624
1607,2588,1118
1608,103943,43964
1609,118023,50028
1610,46205,19702
1611,33309,14286
1612,121528,51544
1613,93815,39695
1614,10994,4770
1615,80967,34361
1616,124906,53030
1617,64392,27330
1618,59484,25254
1619,107770,45624
1620,20351,8719
1621,124832,52998
1622,77329,32767
1623,121909,51690
1624,106651,45133
1625,124957,53054
1626,72215,30655
1627,5188,2270
1628,114959,48719
1629,67093,28487
1630,29166,12464
1631,61781,26236
1632,41966,17924
1633,121505,51528
1634,122217,51833
1635,14956,6444
1636,119650,50730
1637,44523,19018
1638,90640,38353
1639,4050,1782
1640,110754,46910
1641,40408,17250
1642,7311,3210
1643,70557,29968
1644,28855,12326
1645,17137,7376
1646,120079,50911
1647,72062,30593
1648,117361,49739
1649,17132,7374
1650,57448,24401
1651,72550,30794
1652,91097,38552
1653,101354,42893
1654,106978,45281
1655,52228,22238
1656,110103,46620
1657,35720,15298
1658,63954,27151
1659,76230,32333
1660,21339,9151
1661,37024,15839
1662,75984,32221
1663,125660,53356
1664,34919,14960
1665,16661,7168
1666,51039,21744
1667,39321,16814
1668,97296,41177
1669,86885,36850
1670,59693,25338
1671,20994,9006
1672,45973,19609
1673,91316,38651
1674,104366,44148
1675,111520,47223
1676,27971,11961
1677,88406,37436
1678,98050,41502
1679,85096,36104
1680,32708,14020
1681,123064,52196
1682,39285,16801
1683,8387,3634
1684,65738,27909
1685,112532,47703
1686,48087,20485
1687,102368,43313
1688,118517,50244
1689,33193,14236
1690,63408,26908
1691,7329,3220
1692,101973,43153
1693,126666,53780
1694,17694,7599
1695,82096,34839
1696,85329,36206
1697,98861,41844
1698,115956,49151
1699,123898,52589
1700,50537,21541
1701,46390,19780
1702,69254,29408
1703,55140,23437
1704,27146,11613
1705,40419,17256
1706,98337,41631
1707,91417,38709
1708,89886,38033
1709,20472,8780
1710,69360,29447
1711,23980,10276
1712,52694,22421
1713,7692,3364
1714,124788,52978
1715,10375,4489
1716,48039,20458
1717,33349,14301
1718,60530,25697
1719,69638,29565
1720,12443,5365
1721,32361,13881
1722,113333,48037
1723,129776,55086
1724,60817,25821
1725,109912,46538
1726,125607,53335
1727,23265,9955
1728,56668,24090
1729,100112,42366
1730,10545,4561
1731,77045,32642
1732,83361,35389
1733,112627,47749
1734,25217,10789
1735,110704,46887
1736,6771,2982
1737,56584,24057
1738,113733,48202
1739,68404,29059
1740,49026,20898
1741,7457,3273
1742,119622,50716
1743,66410,28190
1744,17830,7664
1745,8052,3502
1746,70061,29751
1747,124369,52797
1748,123633,52464
1749,50545,21544
1750,16516,7106
1751,54827,23309
1752,113030,47918
1753,76974,32613
1754,105891,44810
1755,69929,29689
1756,66039,28032
1757,8528,3688
1758,13121,5660
1759,20763,8913
1760,114342,48445
1761,1696,730
1762,22106,9461
1763,121325,51440
1764,46590,19855
1765,44108,18830
1766,6265,2754
1767,109344,46306
1768,63212,26836
1769,33565,14399
1770,42542,18177
1771,5985,2624
1772,102177,43235
1773,12176,5249
1774,118175,50099
1775,106878,45235
1776,1504,650
1777,78076,33108
1778,88532,37486
1779,10808,4682
1780,72295,30687
1781,100526,42557
1782,125154,53130
1783,16523,7107
1784,78446,33268
1785,10607,4593
1786,41890,17886
1787,36320,15535
1788,126988,53927
1789,11809,5108
1790,6485,2867
1791,27877,11914
1792,110675,46876
1793,40469,17275
1794,58275,24752
1795,27879,11915
1796,1353,582
1797,54604,23217
1798,82950,35197
1799,83078,35251
1800,37386,16004
1801,41463,17703
1802,121203,51388
1803,32018,13716
1804,107791,45632
1805,36726,15710
1806,22175,9495
1807,16539,7114
1808,28697,12258
1809,8294,3592
1810,81618,34628
1811,113132,47960
1812,70296,29850
1813,120294,51011
1814,16887,7269
1815,116232,49265
1816,106762,45187
1817,99933,42291
1818,98708,41793
1819,13100,5650
1820,22742,9730
1821,84465,35844
1822,113455,48087
1823,129639,55023
1824,120449,51076
1825,118903,50406
1826,53988,22963
1827,46021,19633
1828,54946,23366
1829,82114,34845
1830,119761,50782
1831,16683,7177
1832,89409,37845
1833,82747,35116
1834,81297,34489
1835,5222,2287
1836,122754,52061
1837,86974,36876
1838,72694,30865
1839,23412,10021
1840,961,401
1841,41800,17850
1842,125153,53129
1843,28731,12275
1844,61183,25971
1845,60428,25648
1846,68717,29196
1847,73631,31244
1848,129112,54806
1849,7717,3374
1850,5246,2293
1851,63,26
1852,26367,11280
1853,12382,5336
1854,31458,13462
1855,6627,2923
1856,68011,28887
1857,46562,19843
1858,103830,43917
1859,60107,25524
1860,82453,34992
1861,20642,8854
1862,85176,36137
1863,12245,5281
1864,8802,3801
1865,47447,20224
1866,117327,49720
1867,25113,10756
1868,76406,32400
1869,52840,22478
1870,18308,7864
1871,116137,49217
1872,122134,51793
1873,10399,4500
1874,127131,53987
1875,36325,15537
1876,97048,41077
1877,129100,54799
1878,73386,31139
1879,49035,20902
1880,98949,41881
1881,113604,48145
1882,129679,55040
1883,97128,41111
1884,110235,46672
1885,24319,10412
1886,123534,52418
1887,40271,17196
1888,125477,53284
1889,66955,28431
1890,47704,20328
1891,10997,4771
1892,22032,9428
1893,49393,21050
1894,54788,23291
1895,71771,30471
1896,25333,10842
1897,23827,10216
1898,7772,3390
1899,104694,44302
1900,62104,26381
1901,119165,50521
1902,67227,28548
1903,101996,43160
1904,50236,21423
1905,75031,31820
1906,44491,19002
1907,7421,3258
1908,50038,21346
1909,64341,27305
1910,3089,1356
1911,118990,50443
1912,37196,15918
1913,110774,46919
1914,8371,3623
1915,55240,23482
1916,12678,5472
1917,32774,14042
1918,51680,22018
1919,22444,9601
1920,94040,39777
1921,25745,11026
1922,129800,55098
1923,17607,7569
1924,34000,14573
1925,49878,21267
1926,97444,41234
1927,24997,10708
1928,52338,22285
1929,64745,27485
1930,21709,9303
1931,28594,12224
1932,93838,39704
1933,81940,34776
1934,108451,45925
1935,35465,15188
1936,13750,5935
1937,83218,35316
1938,84410,35822
1939,67608,28713
1940,93416,39529
1941,91848,38886
1942,110277,46685
1943,83412,35413
1944,1787,771
1945,42902,18323
1946,120367,51035
1947,63283,26861
1948,24893,10669
1949,51234,21823
1950,57621,24473
1951,100211,42417
1952,86043,36518
1953,104977,44416
1954,68715,29195
1955,122764,52067
1956,102727,43460
1957,69545,29528
1958,93973,39752
1959,124173,52714
1960,115571,48995
1961,59909,25432
1962,83990,35657
1963,34811,14913
1964,85056,36090
1965,2506,1083
1966,129674,55037
1967,35429,15174
1968,75452,32004
1969,42788,18277
1970,31518,13488
1971,116077,49195
1972,91372,38688
1973,14868,6406
1974,48000,20443
1975,67004,28453
1976,59412,25223
1977,20191,8647
1978,102695,43444
1979,90939,38481
1980,116724,49474
1981,3235,1415
1982,60270,25584
1983,46916,20005
1984,74089,31431
1985,6130,2690
1986,98316,41621
1987,77013,32626
1988,36506,15613
1989,109714,46458
1990,9494,4106
1991,30315,12974
1992,79493,33694
1993,42644,18212
1994,57024,24233
1995,1251,525
1996,61334,26039
1997,73292,31104
1998,100206,42414
1999,65736,27908
2000,50023,21340
2001,31953,13687
2002,68207,28969
2003,63112,26793
2004,87736,37172
2005,54162,23028
2006,85164,36131
2007,93413,39527
2008,10671,4624
2009,28871,12331
2010,89690,37955
2011,125943,53468
2012,46851,19972
2013,117095,49629
2014,50933,21703
2015,36921,15796
2016,32308,13856
2017,125840,53425
2018,10783,4672
2019,113380,48059
2020,112555,47714
2021,12567,5423
2022,22178,9496
2023,111398,47171
2024,78343,33219
2025,77985,33068
2026,106246,44958
2027,128279,54464
2028,61047,25910
2029,23153,9912
2030,125725,53383
2031,9235,3995
2032,72980,30978
2033,5861,2563
2034,35747,15310
2035,109291,46286
2036,36571,15645
2037,32202,13813
2038,99805,42231
2039,117526,49814
2040,13644,5887
2041,99844,42250
2042,9991,4318
2043,49938,21302
2044,40459,17273
2045,102720,43455
2046,124235,52744
2047,75141,31871
2048,14166,6102
2049,68612,29155
2050,84783,35978
2051,109871,46519
2052,70519,29951
2053,112543,47710
2054,111771,47335
2055,84121,35698
2056,85241,36166
2057,118419,50211
2058,54081,22998
2059,117544,49823
2060,54112,23008
2061,91920,38924
2062,68247,28984
2063,64591,27418
2064,42142,18001
2065,110910,46972
2066,59892,25422
2067,123634,52465
2068,20720,8891
2069,5120,2242
2070,26647,11406
2071,81892,34754
2072,13550,5841
2073,15522,6678
2074,124,55
2075,62360,26487
2076,78283,33197
2077,108138,45782
2078,119708,50757
2079,61026,25900
2080,128390,54510
2081,55438,23566
2082,29020,12396
2083,107772,45625
2084,61832,26259
2085,24855,10643
2086,67433,28638
2087,47178,20127
2088,42878,18312
2089,77051,32645
2090,118088,50058
2091,12196,5260
2092,99596,42148
2093,103212,43662
2094,94245,39886
2095,32298,13851
2096,75983,32220
2097,32099,13760
2098,70994,30156
2099,95815,40532
2100,1632,700
2101,47163,20119
2102,32150,13782
2103,96553,40852
2104,65197,27689
2105,129231,54860
2106,94223,39876
2107,52298,22264
2108,59057,25069
2109,6118,2683
2110,125986,53483
2111,92481,39146
2112,23963,10271
2113,70904,30111
2114,85836,36431
2115,23375,10008
2116,30119,12891
2117,88934,37662
2118,8169,3543
2119,98791,41821
2120,76827,32558
2121,123019,52170
2122,73800,31312
2123,116182,49240
2124,60023,25488
2125,16818,7237
2126,119043,50467
2127,120857,51256
2128,49806,21236
2129,23046,9868
2130,1040,432
2131,54188,23043
2132,51890,22105
2133,119555,50683
2134,49140,20951
2135,17912,7699
2136,88678,37545
2137,68156,28951
2138,12769,5509
2139,87910,37234
2140,88729,37573
2141,91702,38832
2142,90793,38417
2143,57057,24250
2144,65014,27607
2145,99643,42165
2146,70978,30149
2147,14705,6339
2148,81709,34677
2149,86766,36806
2150,95841,40542
2151,41696,17806
2152,11508,4979
2153,71026,30168
2154,77420,32805
2155,102150,43229
2156,31587,13518
2157,107018,45300
2158,45590,19451
2159,97143,41119
2160,105786,44759
2161,82250,34911
2162,127214,54015
2163,24748,10599
2164,19845,8509
2165,84083,35688
2166,101620,43002
2167,44519,19017
2168,40453,17271
2169,41275,17621
2170,64956,27579
2171,107209,45388
2172,5263,2296
2173,659,276
2174,20558,8820
2175,55225,23478
2176,51387,21891
2177,127795,54266
2178,21707,9301
2179,12177,5250
2180,107683,45593
2181,77843,33004
2182,31053,13294
2183,62239,26434
2184,63091,26780
2185,52864,22490
2186,5632,2453
2187,109716,46460
2188,76148,32294
2189,107736,45612
2190,68301,29007
2191,87641,37141
2192,120741,51208
2193,48859,20824
2194,111431,47184
2195,17423,7485
2196,111795,47346
2197,9109,3940
2198,113873,48252
2199,62030,26352
2200,20759,8911
2201,90660,38361
2202,18328,7875
2203,98748,41807
2204,3912,1716
2205,106609,45115
2206,83525,35456
2207,48628,20732
2208,50383,21482
2209,14467,6233
2210,438,182
2211,30969,13252
2212,39114,16722
2213,124193,52726
2214,83213,35315
2215,49532,21109
2216,99804,42230
2217,8456,3665
2218,117773,49918
2219,42050,17956
2220,94802,40129
2221,106802,45205
2222,14164,6101
2223,90815,38428
2224,115366,48902
2225,108697,46029
2226,27597,11791
2227,78932,33458
2228,12068,5212
2229,8117,3523
2230,17697,7600
2231,105879,44805
2232,69386,29454
2233,111188,47094
2234,74702,31695
2235,73783,31304
2236,65101,27650
2237,74803,31738
2238,127749,54246
2239,102226,43258
2240,56993,24219
2241,111310,47139
2242,21116,9057
2243,93186,39436
2244,11061,4802
2245,104777,44333
2246,107187,45378
2247,42665,18223
2248,47600,20286
2249,6,1
2250,90297,38204
2251,69754,29614
2252,88061,37294
2253,128803,54678
2254,90376,38234
2255,70774,30052
2256,41854,17873
2257,34812,14914
2258,46282,19730
2259,80443,34107
2260,33348,14300
2261,46305,19740
2262,9210,3982
2263,10024,4334
2264,95354,40358
2265,105144,44487
2266,104234,44094
2267,128875,54711
2268,39230,16779
2269,108694,46027
2270,97804,41389
2271,15155,6530
2272,87594,37123
2273,72086,30605
2274,58037,24648
2275,2599,1122
2276,101644,43014
2277,68052,28909
2278,22260,9528
2279,83997,35659
2280,41613,17769
2281,9986,4315
2282,37811,16185
2283,3368,1482
2284,62221,26428
2285,15066,6495
2286,28052,11999
2287,81144,34422
2288,28232,12075
2289,37516,16063
2290,107395,45469
2291,96949,41036
2292,42730,18255
2293,84253,35750
2294,554,233
2295,129751,55076
2296,15877,6834
2297,101706,43045
2298,49369,21038
2299,123435,52377
2300,28096,12022
2301,78632,33332
2302,2934,1272
2303,34787,14900
2304,27978,11964
2305,123589,52443
2306,45948,19596
2307,83858,35605
2308,86851,36838
2309,36903,15787
2310,827,355
2311,45988,19618
2312,28836,12319
2313,113703,48191
2314,127764,54253
2315,23739,10172
2316,29953,12819
2317,91408,38704
2318,44238,18884
2319,40346,17226
2320,84883,36020
2321,119745,50774
2322,75894,32188
2323,125611,53338
2324,115172,48816
2325,127818,54275
2326,98420,41674
2327,76322,32366
2328,47861,20391
2329,103401,43735
2330,70988,30153
2331,83382,35396
2332,129048,54776
2333,55747,23707
2334,45377,19373
2335,54053,22989
2336,2205,946
2337,108643,46003
2338,89442,37858
2339,55857,23744
2340,36458,15589
2341,44592,19048
2342,108398,45904
2343,127853,54282
2344,85013,36075
2345,18449,7925
2346,114696,48596
2347,43630,18629
2348,127005,53938
2349,123347,52328
2350,72469,30763
2351,51771,22063
2352,71470,30346
2353,130007,55176
2354,101683,43030
2355,126922,53901
2356,104580,44245
2357,29387,12560
2358,88267,37377
2359,90342,38222
2360,104547,44226
2361,106037,44867
2362,67208,28537
2363,82002,34800
2364,74375,31558
2365,44846,19157
2366,114132,48363
2367,33141,14217
2368,112703,47781
2369,42282,18057
2370,46921,20007
2371,8842,3821
2372,80172,33979
2373,9865,4265
2374,54530,23180
2375,20932,8987
2376,92853,39314
2377,38166,16341
2378,34120,14610
2379,58343,24780
2380,45966,19605
2381,65574,27842
2382,80517,34145
2383,124305,52774
2384,97478,41249
2385,75504,32024
2386,115706,49061
2387,25951,11117
2388,64136,27226
2389,108211,45816
2390,54766,23281
2391,74903,31765
2392,93299,39479
2393,60808,25815
2394,129394,54916
2395,55891,23758
2396,126735,53817
2397,42708,18243
2398,112807,47820
2399,85700,36366
2400,56652,24082
2401,108236,45831
2402,19264,8251
2403,129171,54833
2404,91664,38817
2405,12095,5223
2406,52163,22212
2407,20818,8933
2408,24366,10435
2409,91553,38763
2410,10249,4431
2411,38038,16283
2412,73263,31098
2413,21393,9171
2414,77367,32782
2415,45746,19517
2416,50756,21632
2417,30104,12884
2418,22072,9445
2419,117856,49956
2420,28120,12027
2421,40417,17255
2422,34300,14687
2423,85206,36149
2424,98407,41663
2425,22689,9706
2426,14460,6228
2427,129766,55080
2428,100161,42393
2429,69986,29716
2430,81999,34798
2431,23099,9887
2432,101863,43107
2433,32134,13774
2434,127100,53975
2435,64837,27523
2436,77579,32884
2437,62914,26715
2438,119362,50600
2439,76858,32571
2440,93406,39522
2441,112097,47489
2442,58306,24764
2443,103342,43714
2444,37411,16013
2445,11784,5092
2446,40981,17506
2447,123346,52327
2448,116533,49393
2449,104908,44388
2450,91412,38706
2451,15537,6688
2452,82768,35127
2453,72026,30582
2454,98969,41894
2455,118909,50410
2456,49203,20975
2457,97026,41068
2458,32113,13764
2459,83754,35550
2460,68018,28891
2461,9443,4085
2462,37003,15828
2463,103367,43723
2464,18469,7932
2465,2581,1114
2466,85971,36487
2467,64921,27563
2468,40915,17473
2469,14503,6245
2470,62573,26567
2471,117626,49855
2472,21008,9010
2473,90011,38090
2474,25262,10814
2475,105718,44734
2476,83392,35402
2477,39196,16762
2478,91250,38622
2479,71650,30426
2480,29216,12487
2481,47205,20138
2482,31735,13578
2483,67007,28454
2484,127965,54334
2485,75972,32215
2486,87261,36990
2487,91339,38667
2488,85326,36205
2489,93367,39507
2490,51290,21847
2491,63287,26864
2492,36185,15478
2493,9837,4256
2494,86791,36815
2495,110364,46727
2496,82224,34902
2497,41950,17914
2498,51248,21829
2499,75284,31930
2500,103930,43959
2501,101721,43054
2502,60897,25847
2503,94148,39834
2504,69340,29440
2505,34837,14926
2506,72781,30899
2507,65625,27862
2508,116270,49275
2509,45823,19554
2510,125328,53217
2511,22117,9468
2512,96844,40986
2513,17967,7719
2514,54301,23090
2515,124310,52778
2516,25153,10766
2517,90500,38289
2518,10248,4430
2519,37259,15951
2520,12345,5318
2521,33327,14294
2522,54879,23335
2523,81633,34636
2524,93263,39466
2525,51806,22075
2526,119890,50835
2527,37649,16119
2528,8635,3730
2529,119184,50530
2530,121137,51363
2531,55236,23481
2532,37445,16029
2533,63444,26922
2534,121649,51584
2535,115573,48996
2536,35979,15403
2537,115447,48936
2538,117086,49624
2539,73769,31300
2540,34657,14846
2541,62982,26742
2542,116536,49395
2543,102483,43363
2544,55917,23773
2545,100937,42733
2546,7096,3122
2547,27037,11571
2548,19253,8246
2549,82702,35097
2550,46696,19902
2551,92349,39097
2552,97227,41148
2553,13890,5992
2554,59667,25324
2555,97794,41383
2556,26440,11307
2557,82793,35140
2558,19128,8193
2559,76348,32372
2560,14075,6063
2561,1380,591
2562,15418,6639
2563,56381,23969
2564,77238,32726
2565,80348,34062
2566,124659,52924
2567,13527,5834
2568,47689,20324
2569,26596,11384
2570,82927,35189
2571,33469,14358
2572,110651,46859
2573,74456,31590
2574,209,97
2575,103219,43665
2576,62484,26535
2577,106554,45096
2578,14272,6151
2579,48479,20672
2580,2056,883
2581,28847,12322
2582,119794,50794
2583,3340,1467
2584,6612,2917
2585,100238,42430
2586,5307,2312
2587,109470,46352
2588,23583,10100
2589,31180,13340
2590,22571,9655
2591,76065,32257
2592,75993,32227
2593,81156,34429
2594,14897,6423
2595,16117,6936
2596,78675,33352
2597,125410,53256
2598,50207,21411
2599,15614,6727
2600,78609,33326
2601,6669,2939
2602,13234,5709
2603,89991,38085
2604,106539,45090
2605,52834,22476
2606,59274,25162
2607,76198,32321
2608,25451,10891
2609,106273,44967
2610,107495,45515
2611,33546,14390
2612,2333,1006
2613,112661,47763
2614,56814,24152
2615,116925,49561
2616,6106,2677
2617,26228,11217
2618,129525,54973
2619,17700,7602
2620,60931,25860
2621,34654,14844
2622,48355,20614
2623,36850,15764
2624,55992,23804
2625,116212,49257
2626,71847,30500
2627,39815,17012
2628,23678,10152
2629,57261,24323
2630,31108,13308
2631,17021,7327
2632,49262,21001
2633,5101,2234
2634,46769,19932
2635,74108,31443
2636,127898,54303
2637,48871,20830
2638,126583,53739
2639,103400,43734
2640,5255,2295
2641,71486,30354
2642,105147,44488
2643,42837,18292
2644,91619,38791
2645,39067,16693
2646,66362,28171
2647,26461,11316
2648,71521,30365
2649,23615,10118
2650,49164,20957
2651,61891,26287
2652,57251,24321
2653,100508,42550
2654,59058,25070
2655,129227,54858
2656,110217,46662
2657,40113,17140
2658,58911,25010
2659,74439,31585
2660,45556,19440
2661,125786,53402
2662,28195,12058
2663,68383,29047
2664,32939,14120
2665,24628,10549
2666,46729,19912
2667,98946,41879
2668,74561,31638
2669,101373,42901
2670,70631,29995
2671,10679,4629
2672,79462,33679
2673,124898,53026
2674,92313,39083
2675,82139,34859
2676,4378,1920
2677,67384,28617
2678,109436,46339
2679,98549,41722
2680,53418,22715
2681,34452,14753
2682,99494,42099
2683,60105,25523
2684,122005,51743
2685,7355,3231
2686,64908,27559
2687,124086,52672
2688,46503,19817
2689,33885,14522
2690,72689,30862
2691,7505,3293
2692,2317,998
2693,48184,20534
2694,22099,9458
2695,19318,8276
2696,127701,54229
2697,9674,4187
2698,129752,55077
2699,100682,42636
2700,24785,10618
2701,87979,37259
2702,22413,9590
2703,55131,23433
2704,27080,11591
2705,17089,7356
2706,35554,15233
2707,39152,16745
2708,92567,39185
2709,23654,10139
2710,64808,27509
2711,118074,50051
2712,97427,41227
2713,35819,15338
2714,70539,29961
2715,68971,29299
2716,99907,42280
2717,76372,32382
2718,63539,26959
2719,57726,24511
2720,111573,47243
2721,44370,18945
2722,44219,18874
2723,21712,9304
2724,95422,40384
2725,3307,1449
2726,21592,9257
2727,61223,25995
2728,5103,2235
2729,58452,24827
2730,80857,34305
2731,18279,7850
2732,73368,31135
2733,54151,23023
2734,54806,23300
2735,112853,47844
2736,46448,19797
2737,104127,44041
2738,39652,16945
2739,126608,53751
2740,22225,9514
2741,87839,37214
2742,95431,40389
2743,116912,49552
2744,49291,21007
2745,101750,43064
2746,91936,38927
2747,25898,11093
2748,89767,37989
2749,22163,9488
2750,116122,49211
2751,97906,41435
2752,71265,30271
2753,14841,6394
2754,751,316
2755,20404,8746
2756,46950,20020
2757,98513,41711
2758,92607,39206
2759,13473,5810
2760,35682,15284
2761,57066,24251
2762,105367,44585
2763,41695,17805
2764,105257,44540
2765,36323,15536
2766,86680,36764
2767,48760,20783
2768,57839,24560
2769,44636,19067
2770,20138,8624
2771,117146,49653
2772,57293,24331
2773,25172,10776
2774,52302,22266
2775,108740,46046
2776,115312,48876
2777,37948,16248
2778,63651,27015
2779,90312,38210
2780,58079,24666
2781,63338,26882
2782,104402,44164
2783,8192,3556
2784,112378,47638
2785,38044,16286
2786,99453,42083
2787,11236,4871
2788,85240,36165
2789,43542,18602
2790,48075,20477
2791,118437,50220
2792,120323,51021
2793,52556,22369
2794,39036,16676
2795,87092,36919
2796,92420,39123
2797,12015,5192
2798,56651,24081
2799,30863,13205
2800,22976,9837
2801,100713,42650
2802,15456,6655
2803,27340,11687
2804,129282,54878
2805,41412,17680
2806,9119,3947
2807,63795,27083
2808,59966,25460
2809,55595,23636
2810,42558,18183
2811,98331,41628
2812,49561,21124
2813,17813,7655
2814,98021,41489
2815,118307,50160
2816,126762,53829
2817,48828,20810
2818,114701,48598
2819,12631,5455
2820,47791,20360
2821,129486,54954
2822,123820,52555
2823,105258,44541
2824,2059,886
2825,97889,41428
2826,94554,40022
2827,64154,27232
2828,14137,6093
2829,18978,8130
2830,2526,1089
2831,125871,53439
2832,20804,8926
2833,38145,16331
2834,93336,39494
2835,6481,2864
2836,70463,29926
2837,109950,46551
2838,33323,14293
2839,90451,38267
2840,82920,35186
2841,16025,6901
2842,21624,9266
2843,117483,49794
2844,1898,814
2845,8251,3577
2846,119151,50517
2847,73827,31325
2848,120086,50913
2849,119724,50766
2850,4705,2058
2851,47077,20085
2852,72047,30587
2853,100304,42456
2854,44740,19112
2855,44943,19192
2856,86587,36730
2857,110239,46673
2858,112341,47612
2859,15102,6510
2860,25244,10803
2861,24565,10514
2862,21396,9173
2863,106696,45154
2864,5989,2625
2865,7342,3225
2866,23285,9965
2867,13242,5713
2868,67670,28739
2869,55544,23616
2870,4310,1882
2871,62667,26612
2872,13843,5976
2873,65169,27675
2874,108261,45841
2875,70601,29985
2876,11167,4837
2877,80347,34061
2878,101101,42796
2879,84031,35672
2880,78215,33170
2881,57143,24276
2882,70423,29906
2883,110254,46676
2884,66066,28044
2885,13945,6014
2886,99889,42271
2887,38914,16630
2888,61008,25889
2889,100797,42680
2890,129419,54930
2891,11359,4928
2892,90786,38415
2893,68392,29051
2894,44719,19101
2895,84720,35952
2896,17957,7715
2897,122939,52139
2898,23594,10107
2899,70300,29853
2900,68326,29020
2901,59929,25442
2902,98702,41788
2903,29717,12710
2904,33933,14545
2905,103462,43762
2906,93683,39649
2907,58739,24941
2908,109438,46341
2909,23438,10032
2910,65033,27614
2911,49852,21254
2912,81985,34793
2913,61779,26235
2914,9800,4237
2915,121255,51410
2916,105942,44835
2917,111286,47132
2918,2723,1175
2919,67113,28495
2920,19629,8415
2921,100969,42746
2922,53639,22806
2923,20510,8800
2924,4399,1931
2925,126898,53892
2926,28888,12338
2927,23958,10269
2928,65453,27795
2929,61794,26245
2930,48402,20640
2931,4356,1908
2932,34843,14929
2933,1014,418
2934,42680,18233
2935,23408,10019
2936,78330,33212
2937,7922,3449
2938,85556,36301
2939,50407,21488
2940,9395,4062
2941,105963,44840
2942,66628,28294
2943,109847,46511
2944,36058,15433
2945,87962,37253
2946,62574,26568
2947,49384,21047
2948,63573,26977
2949,60409,25641
2950,42328,18082
2951,44727,19106
2952,16564,7129
2953,50439,21502
2954,97220,41145
2955,114434,48484
2956,48979,20881
2957,60001,25478
2958,112769,47805
2959,1388,594
2960,112042,47466
2961,17635,7580
2962,65728,27907
2963,84174,35719
2964,91879,38901
2965,16300,7012
2966,52402,22305
2967,112256,47574
2968,44285,18905
2969,124986,53064
2970,47632,20301
2971,12093,5222
2972,88373,37424
2973,450,188
2974,93956,39749
2975,54716,23262
2976,42557,18182
2977,51600,21983
2978,106509,45076
2979,14348,6186
2980,107315,45435
2981,114828,48658
2982,25770,11039
2983,117025,49601
2984,25266,10816
2985,12598,5438
2986,92603,39204
2987,3173,1389
2988,84074,35685
2989,82591,35050
2990,37840,16196
2991,78905,33444
2992,55443,23570
2993,97496,41259
2994,105881,44806
2995,77171,32697
2996,108014,45729
2997,4049,1781
2998,14204,6124
2999,92237,39054
3000,21916,9385
3001,95850,40546
3002,9871,4267
3003,71011,30162
3004,24277,10393
3005,12434,5363
3006,43487,18581
3007,85449,36254
3008,96674,40908
3009,47674,20317
3010,103017,43581
3011,76265,32345
3012,45020,19222
3013,23351,10000
3014,80289,34029
3015,16797,7232
3016,117756,49912
3017,64349,27310
3018,53151,22601
3019,35658,15273
3020,30294,12965
3021,1493,646
3022,7479,3279
3023,127632,54191
3024,57525,24437
3025,31852,13635
3026,101158,42824
3027,6993,3087
3028,76139,32291
3029,30648,13105
3030,12515,5400
3031,40931,17482
3032,38811,16593
3033,128027,54357
3034,89222,37783
3035,102897,43536
3036,110845,46944
3037,114722,48610
3038,34205,14643
3039,61050,25912
3040,60320,25603
3041,117628,49857
3042,41853,17872
3043,86503,36699
3044,69199,29389
3045,97425,41226
3046,122999,52164
3047,9698,4200
3048,67521,28673
3049,50941,21707
3050,42252,18046
3051,27825,11891
3052,12079,5219
3053,119821,50806
3054,44378,18948
3055,112252,47571
3056,67455,28649
3057,93508,39574
3058,101799,43082
3059,64665,27447
3060,103933,43960
3061,61422,26081
3062,76202,32324
3063,64497,27382
3064,25648,10981
3065,56454,24001
3066,102861,43516
3067,111009,47017
3068,47066,20078
3069,107898,45682
3070,108890,46111
3071,106474,45059
3072,123191,52253
3073,54644,23232
3074,39064,16690
3075,7664,3356
3076,10033,4340
3077,60832,25827
3078,14929,6435
3079,40686,17373
3080,51798,22074
3081,111959,47428
3082,99923,42287
3083,119663,50737
3084,123742,52517
3085,42154,18005
3086,64358,27314
3087,69835,29649
3088,5858,2561
3089,13264,5724
3090,124502,52853
3091,123081,52204
3092,115089,48775
3093,71108,30208
3094,93141,39421
3095,5204,2276
3096,87554,37103
3097,76412,32404
3098,66334,28156
3099,36689,15692
3100,104211,44084
3101,6350,2795
3102,96681,40911
3103,121866,51679
3104,123686,52490
3105,35053,15019
3106,17087,7355
3107,104473,44197
3108,74703,31696
3109,8742,3774
3110,101878,43112
3111,109386,46323
3112,81919,34765
3113,124282,52762
3114,805,345
3115,72204,30650
3116,44907,19180
3117,78048,33096
3118,62013,26343
3119,61170,25965
3120,89251,37790
3121,115332,48883
3122,118920,50414
3123,129672,55036
3124,31369,13427
3125,67563,28693
3126,52520,22352
3127,28408,12146
3128,770,327
3129,73228,31080
3130,21537,9232
3131,28011,11978
3132,30893,13221
3133,32706,14018
3134,91026,38523
3135,124561,52885
3136,105918,44824
3137,53868,22910
3138,116629,49432
3139,33601,14420
3140,32317,13860
3141,110767,46914
3142,117926,49982
3143,111742,47322
3144,99226,41990
3145,61188,25975
3146,72429,30744
3147,49905,21281
3148,69744,29608
3149,58722,24929
3150,43264,18479
3151,26868,11501
3152,29873,12782
3153,27818,11888
3154,2765,1194
3155,22461,9610
3156,45087,19251
3157,37205,15923
3158,97037,41072
3159,57166,24289
3160,39213,16772
3161,66230,28110
3162,70788,30059
3163,93408,39523
3164,64952,27576
3165,32189,13807
3166,16804,7234
3167,93024,39379
3168,29899,12796
3169,76770,32536
3170,68112,28933
3171,118902,50405
3172,117410,49760
3173,61761,26230
3174,5618,2444
3175,30567,13074
3176,112303,47595
3177,10300,4458
3178,105797,44766
3179,46360,19765
3180,67335,28589
3181,10789,4674
3182,65109,27655
3183,104245,44097
3184,40482,17283
3185,121889,51683
3186,10135,4380
3187,91612,38788
3188,60962,25872
3189,116498,49376
3190,30716,13138
3191,77207,32713
3192,20279,8689
3193,10759,4662
3194,16694,7182
3195,80924,34338
3196,114832,48660
3197,83844,35595
3198,96172,40682
3199,118779,50346
3200,103724,43872
3201,5955,2614
3202,40991,17511
3203,109063,46187
3204,66979,28440
3205,1736,749
3206,50294,21449
3207,14379,6199
3208,16420,7066
3209,43246,18467
3210,72128,30624
3211,129398,54920
3212,45491,19418
3213,98510,41709
3214,46403,19783
3215,65923,27987
3216,15315,6603
3217,107851,45658
3218,70376,29884
3219,111652,47281
3220,105538,44656
3221,121695,51601
3222,118833,50372
3223,6380,2815
3224,19273,8255
3225,105120,44475
3226,117457,49782
3227,3729,1635
3228,21091,9047
3229,6903,3042
3230,120257,50995
3231,102371,43315
3232,64732,27479
3233,100495,42541
3234,87336,37016
3235,48231,20559
3236,12491,5386
3237,75257,31916
3238,69261,29410
3239,56915,24193
3240,129082,54792
3241,73811,31317
3242,126106,53540
3243,36238,15497
3244,35714,15296
3245,34098,14600
3246,64019,27173
3247,9412,4071
3248,30992,13265
3249,8752,3778
3250,95870,40555
3251,25598,10951
3252,47111,20098
3253,72166,30640
3254,98216,41575
3255,112081,47481
3256,98045,41498
3257,63183,26819
3258,8675,3744
3259,47045,20066
3260,34665,14849
3261,10608,4594
3262,76624,32485
3263,35367,15151
3264,98955,41886
3265,12934,5575
3266,119820,50805
3267,87427,37054
3268,11799,5101
3269,65520,27825
3270,36095,15443
3271,121469,51507
3272,73989,31391
3273,3617,1592
3274,7706,3369
3275,124438,52824
3276,67568,28695
3277,50245,21426
3278,56072,23836
3279,50741,21621
3280,95107,40266
3281,51795,22073
3282,26979,11550
3283,50793,21641
3284,82231,34905
3285,45926,19589
3286,100404,42500
3287,49499,21093
3288,52563,22374
3289,72176,30643
3290,80743,34256
3291,9375,4053
3292,20427,8755
3293,82023,34811
3294,20384,8736
3295,30295,12966
3296,62066,26369
3297,36110,15448
3298,104320,44126
3299,87868,37222
3300,95882,40563
3301,67909,28853
3302,111915,47396
3303,67003,28452
3304,27668,11825
3305,99782,42218
3306,76541,32453
3307,118885,50397
3308,66896,28410
3309,120824,51238
3310,2450,1064
3311,83846,35597
3312,66176,28091
3313,84098,35693
3314,125759,53394
3315,126678,53788
3316,42784,18274
3317,108810,46073
3318,72624,30829
3319,39603,16925
3320,121177,51378
3321,26694,11430
3322,122724,52045
3323,53312,22666
3324,3195,1397
3325,98190,41566
3326,12786,5514
3327,93765,39678
3328,18268,7846
3329,17598,7566
3330,91371,38687
3331,117532,49818
3332,24535,10501
3333,6900,3039
3334,101899,43119
3335,78023,33083
3336,50644,21582
3337,5641,2459
3338,129020,54763
3339,61010,25891
3340,56368,23963
3341,82444,34988
3342,20182,8640
3343,124245,52747
3344,55617,23645
3345,61279,26018
3346,104421,44174
3347,68678,29181
3348,95302,40338
3349,124203,52731
3350,82863,35160
3351,101865,43108
3352,101115,42804
3353,102814,43499
3354,68614,29156
3355,110299,46698
3356,123030,52177
3357,33880,14519
3358,33896,14529
3359,29442,12587
3360,91328,38659
3361,34387,14722
3362,78212,33169
3363,58958,25030
3364,30682,13118
3365,23840,10221
3366,37262,15954
3367,62766,26649
3368,109571,46395
3369,105932,44830
3370,78094,33115
3371,47116,20101
3372,86118,36548
3373,52635,22399
3374,46816,19953
3375,72588,30811
3376,17530,7533
3377,89300,37807
3378,12968,5588
3379,54779,23288
3380,114527,48521
3381,93548,39591
3382,70301,29854
3383,3186,1392
3384,564,236
3385,36851,15765
3386,61467,26104
3387,60423,25646
3388,39393,16839
3389,72966,30973
3390,92719,39255
3391,78012,33080
3392,89043,37715
3393,32217,13823
3394,29247,12500
3395,114805,48646
3396,121841,51663
3397,72074,30600
3398,42187,18021
3399,77247,32729
3400,104720,44312
3401,62571,26566
3402,3046,1339
3403,99427,42073
3404,49080,20918
3405,12059,5208
3406,119602,50705
3407,11270,4884
3408,36220,15493
3409,35727,15303
3410,62676,26613
3411,102516,43377
3412,54661,23236
3413,125541,53309
3414,37964,16255
3415,2583,1116
3416,127142,53991
3417,99241,41994
3418,17818,7657
3419,71683,30438
3420,67190,28530
3421,12603,5439
3422,99410,42067
3423,9530,4127
3424,86351,36641
3425,82211,34898
3426,114676,48584
3427,72590,30813
3428,15869,6830
3429,44606,19055
3430,65032,27613
3431,39419,16851
3432,22789,9750
3433,130284,55304
3434,62834,26676
3435,115590,49005
3436,105812,44775
3437,126594,53745
3438,68667,29175
3439,65673,27881
3440,107152,45364
3441,39659,16948
3442,13112,5657
3443,46792,19945
3444,43995,18780
3445,92154,39020
3446,110274,46684
3447,26352,11271
3448,42796,18280
3449,119134,50507
3450,94198,39864
3451,81267,34471
3452,76308,32359
3453,85143,36122
3454,41928,17903
3455,128187,54431
3456,26542,11358
3457,82900,35177
3458,215,99
3459,81449,34556
3460,128177,54424
3461,23112,9894
3462,17437,7495
3463,72465,30762
3464,41816,17857
3465,91146,38574
3466,83257,35342
3467,33100,14199
3468,102319,43294
3469,40738,17398
3470,73364,31132
3471,58348,24784
3472,22394,9583
3473,48202,20545
3474,72402,30735
3475,74723,31702
3476,68739,29203
3477,75811,32156
3478,51984,22138
3479,24636,10550
3480,8582,3708
3481,118410,50205
3482,41851,17871
3483,84892,36023
3484,103964,43970
3485,121092,51342
3486,50966,21716
3487,3595,1581
3488,63696,27035
3489,32210,13818
3490,33281,14272
3491,115045,48760
3492,11720,5067
3493,59128,25101
3494,120450,51077
3495,68397,29055
3496,83933,35634
3497,112523,47697
3498,49490,21091
3499,102876,43524
3500,55733,23699
3501,36559,15639
3502,28933,12360
3503,47852,20385
3504,129783,55091
3505,100182,42401
3506,128301,54472
3507,129554,54985
3508,15488,6665
3509,86423,36672
3510,118328,50169
3511,100104,42362
3512,63262,26855
3513,76736,32520
3514,90262,38191
3515,114200,48391
3516,77126,32680
3517,32503,13938
3518,31228,13362
3519,77228,32720
3520,4885,2143
3521,73881,31347
3522,104920,44391
3523,21847,9364
3524,100198,42408
3525,22142,9480
3526,34831,14924
3527,28792,12303
3528,103195,43654
3529,52427,22319
3530,96836,40983
3531,18027,7744
3532,80653,34210
3533,1191,495
3534,126080,53528
3535,34977,14986
3536,122787,52077
3537,108989,46156
3538,53072,22567
3539,118776,50344
3540,25880,11084
3541,72958,30969
3542,47381,20194
3543,21999,9413
3544,116432,49343
3545,5425,2363
3546,36353,15553
3547,51858,22093
3548,108873,46101
3549,97118,41106
3550,59592,25295
3551,1381,592
3552,12256,5285
3553,68804,29230
3554,124246,52748
3555,127971,54338
3556,27258,11650
3557,12710,5487
3558,36694,15696
3559,47015,20049
3560,29488,12607
3561,17064,7345
3562,108114,45770
3563,84797,35984
3564,14123,6086
3565,84816,35991
3566,24169,10356
3567,111450,47192
3568,46713,19906
3569,109016,46166
3570,109659,46433
3571,23987,10277
3572,116758,49486
3573,90136,38142
3574,64,27
3575,20906,8978
3576,118592,50271
3577,117993,50011
3578,125209,53156
3579,33875,14517
3580,84224,35739
3581,98661,41771
3582,96156,40677
3583,45969,19608
3584,99840,42249
3585,10922,4736
3586,35244,15100
3587,35852,15350
3588,103649,43843
3589,46152,19686
3590,76001,32229
3591,89789,37999
3592,61115,25943
3593,92222,39048
3594,70356,29875
3595,102465,43355
3596,53726,22844
3597,67572,28697
3598,118785,50351
3599,97877,41423
3600,8450,3660
3601,23244,9947
3602,127865,54289
3603,18995,8134
3604,7322,3214
3605,65040,27618
3606,19336,8284
3607,91739,38848
3608,38632,16530
3609,87801,37197
3610,101553,42973
3611,102375,43316
3612,48353,20612
3613,74467,31596
3614,38095,16311
3615,70554,29967
3616,35555,15234
3617,121959,51717
3618,68929,29279
3619,37459,16035
3620,63289,26866
3621,91359,38678
3622,8275,3584
3623,21887,9377
3624,55177,23459
3625,104747,44323
3626,69653,29573
3627,51744,22049
3628,124653,52923
3629,54700,23256
3630,25385,10861
3631,32406,13900
3632,43835,18711
3633,13311,5742
3634,105204,44509
3635,2908,1261
3636,51745,22050
3637,48146,20514
3638,38896,16619
3639,14466,6232
3640,25392,10866
3641,56252,23912
3642,97954,41461
3643,55187,23464
3644,130398,55360
3645,1312,558
3646,55285,23503
3647,105745,44744
3648,18426,7915
3649,39409,16846
3650,111993,47443
3651,23820,10211
3652,84392,35813
3653,34372,14716
3654,114225,48400
3655,100442,42517
3656,126782,53839
3657,89502,37879
3658,106454,45047
3659,51819,22083
3660,65561,27840
3661,39861,17036
3662,86869,36844
3663,47592,20282
3664,15732,6774
3665,81559,34608
3666,75351,31961
3667,19006,8139
3668,61443,26092
3669,109201,46245
3670,124182,52720
3671,36669,15685
3672,2313,995
3673,109090,46200
3674,43395,18536
3675,74183,31481
3676,94482,39993
3677,111586,47247
3678,11981,5177
3679,121971,51723
3680,13283,5732
3681,29467,12598
3682,96435,40800
3683,122759,52064
3684,86032,36514
3685,94356,39939
3686,12548,5417
3687,72494,30772
3688,38603,16518
3689,92252,39059
3690,39957,17077
3691,60681,25757
3692,114616,48563
3693,110861,46950
3694,128813,54683
3695,97519,41268
3696,13107,5654
3697,2709,1169
3698,68881,29260
3699,35641,15268
3700,89765,37987
3701,117902,49972
3702,83079,35252
3703,6076,2660
3704,127335,54065
3705,48438,20660
3706,16221,6977
3707,51276,21843
3708,109158,46231
3709,37468,16040
3710,118652,50296
3711,31434,13450
3712,78669,33350
3713,19546,8370
3714,112700,47778
3715,71624,30414
3716,84170,35717
3717,115862,49121
3718,28151,12043
3719,39875,17044
3720,90108,38133
3721,127535,54147
3722,13108,5655
3723,42724,18253
3724,64265,27275
3725,109441,46344
3726,94801,40128
3727,80604,34186
3728,73401,31144
3729,70011,29729
3730,93051,39392
3731,2538,1095
3732,53538,22771
3733,127982,54342
3734,101333,42887
3735,96663,40902
3736,104384,44154
3737,10154,4389
3738,59985,25470
3739,79891,33865
3740,20169,8633
3741,12275,5291
3742,104225,44090
3743,40402,17248
3744,102015,43169
3745,11182,4845
3746,12844,5535
3747,100649,42625
3748,14191,6117
3749,18475,7934
3750,111996,47444
3751,39758,16990
3752,10027,4337
3753,78901,33440
3754,109114,46209
3755,78727,33364
3756,66790,28367
3757,60347,25615
3758,129678,55039
3759,53352,22685
3760,112125,47505
3761,11142,4826
3762,81937,34774
3763,112360,47624
3764,37611,16102
3765,603,252
3766,87399,37040
3767,16334,7026
3768,88327,37404
3769,33622,14430
3770,88083,37306
3771,37111,15881
3772,90142,38143
3773,107287,45426
3774,4881,2140
3775,76948,32604
3776,116351,49308
3777,1958,839
3778,69130,29363
3779,38085,16307
3780,5934,2603
3781,53531,22768
3782,29048,12409
3783,117796,49931
3784,127989,54346
3785,81953,34781
3786,119190,50532
3787,21452,9197
3788,118135,50080
3789,71383,30316
3790,18284,7853
3791,61679,26197
3792,21390,9170
3793,7386,3246
3794,43829,18709
3795,12519,5403
3796,18726,8034
3797,35953,15393
3798,36820,15748
3799,24663,10560
3800,86948,36868
3801,35600,15254
3802,77373,32785
3803,41799,17849
3804,100251,42435
3805,78852,33416
3806,57304,24338
3807,109384,46322
3808,23111,9893
3809,33950,14551
3810,58450,24826
3811,60369,25625
3812,2525,1088
3813,101724,43055
3814,39951,17074
3815,107131,45353
3816,80572,34172
3817,15991,6884
3818,36859,15769
3819,64304,27288
3820,27238,11642
3821,18619,7990
3822,113197,47980
3823,87036,36900
3824,28615,12233
3825,6668,2938
3826,49241,20994
3827,31534,13497
3828,78158,33145
3829,80002,33909
3830,61827,26258
3831,127612,54180
3832,48696,20757
3833,119848,50816
3834,113056,47926
3835,113652,48166
3836,72277,30683
3837,55685,23678
3838,50576,21558
3839,34536,14794
3840,121969,51722
3841,95009,40216
3842,59481,25251
3843,122313,51861
3844,62470,26528
3845,112916,47876
3846,48293,20586
3847,121400,51479
3848,25251,10807
3849,28754,12286
3850,44944,19193
3851,3139,1376
3852,16494,7097
3853,114978,48732
3854,2768,1195
3855,30368,12989
3856,29773,12737
3857,98687,41782
3858,109931,46546
3859,26124,11177
3860,22251,9525
3861,14495,6243
3862,73660,31257
3863,113536,48117
3864,32584,13968
3865,129952,55153
3866,73991,31392
3867,38025,16278
3868,121218,51397
3869,25480,10902
3870,13491,5819
3871,14373,6196
3872,39105,16718
3873,68488,29095
3874,74149,31463
3875,82263,34918
3876,65192,27687
3877,110430,46761
3878,84000,35661
3879,46003,19625
3880,5044,2211
3881,47183,20130
3882,73055,31004
3883,17878,7680
3884,130200,55259
3885,78339,33218
3886,72364,30719
3887,94561,40026
3888,29739,12721
3889,7694,3365
3890,111330,47147
3891,69693,29589
3892,533,225
3893,10887,4718
3894,29312,12524
3895,4445,1952
3896,120542,51117
3897,66914,28417
3898,55777,23721
3899,121029,51318
3900,102976,43562
3901,67216,28543
3902,105466,44630
3903,74257,31510
3904,76169,32305
3905,60459,25661
3906,53829,22889
3907,16172,6960
3908,25500,10907
3909,5855,2560
3910,125390,53244
3911,78766,33379
3912,8710,3759
3913,115195,48824
3914,51311,21854
3915,105949,44836
3916,124040,52652
3917,9921,4287
3918,51149,21789
3919,10611,4597
3920,69395,29459
3921,123818,52554
3922,23940,10258
3923,98440,41682
3924,29983,12833
3925,38728,16563
3926,17142,7378
3927,114324,48438
3928,25656,10987
3929,63273,26858
3930,88415,37441
3931,12206,5264
3932,1470,634
3933,65997,28017
3934,52990,22543
3935,106362,45003
3936,96353,40763
3937,94412,39966
3938,8854,3830
3939,35782,15322
3940,29461,12593
3941,62396,26503
3942,122718,52043
3943,74570,31641
3944,85610,36331
3945,16287,7002
3946,21077,9040
3947,92062,38982
3948,43241,18465
3949,52478,22332
3950,18215,7830
3951,49075,20914
3952,4647,2034
3953,11609,5016
3954,63154,26811
3955,102879,43527
3956,8816,3806
3957,55951,23789
3958,81668,34656
3959,117019,49599
3960,86732,36792
3961,36166,15471
3962,102740,43466
3963,123710,52500
3964,22258,9527
3965,59874,25414
3966,71295,30284
3967,79875,33859
3968,99979,42307
3969,33079,14187
3970,30512,13048
3971,29270,12510
3972,68372,29040
3973,68943,29285
3974,51333,21864
3975,98729,41800
3976,50886,21684
3977,68455,29078
3978,124012,52639
3979,78515,33295
3980,20590,8833
3981,98716,41795
3982,54458,23154
3983,61424,26082
3984,77800,32980
3985,64458,27367
3986,14763,6361
3987,58942,25021
3988,17797,7649
3989,33360,14307
3990,109910,46537
3991,67409,28627
3992,20538,8810
3993,39103,16716
3994,110706,46889
3995,100481,42533
3996,98485,41698
3997,16634,7159
3998,3757,1645
3999,77447,32819
4000,121691,51598
4001,80716,34240
4002,116856,49530
4003,111783,47337
4004,3428,1514
4005,104432,44180
4006,1685,726
4007,112344,47615
4008,80637,34203
4009,18283,7852
4010,104865,44370
4011,87094,36920
4012,71000,30159
4013,121492,51523
4014,32418,13905
4015,123227,52270
4016,50870,21677
4017,27783,11874
4018,130156,55240
4019,106738,45173
4020,128038,54364
4021,20585,8830
4022,23746,10178
4023,120549,51122
4024,114584,48546
4025,83665,35515
4026,91382,38694
4027,25273,10818
4028,108593,45984
4029,73723,31286
4030,83695,35527
4031,87846,37218
4032,5859,2562
4033,48941,20864
4034,62471,26529
4035,89544,37892
4036,82643,35072
4037,53500,22751
4038,43197,18443
4039,115949,49148
4040,104143,44052
4041,86441,36676
4042,48083,20482
4043,126994,53931
4044,121676,51593
4045,110973,47001
4046,125817,53415
4047,23213,9939
4048,35689,15287
4049,59054,25067
4050,18287,7855
4051,99631,42157
4052,102232,43260
4053,15962,6871
4054,60467,25667
4055,20137,8623
4056,17854,7671
4057,58335,24774
4058,67561,28691
4059,10384,4492
4060,114962,48721
4061,107985,45721
4062,46184,19694
4063,51265,21839
4064,2951,1279
4065,84462,35843
4066,30690,13123
4067,40551,17310
4068,71803,30485
4069,66561,28262
4070,73697,31275
4071,22983,9839
4072,8905,3850
4073,28624,12236
4074,37515,16062
4075,75415,31986
4076,63564,26970
4077,111922,47402
4078,65430,27783
4079,45240,19327
4080,22422,9594
4081,12544,5415
4082,92902,39334
4083,81901,34755
4084,7487,3283
4085,71454,30338
4086,9053,3914
4087,81939,34775
4088,42223,18034
4089,68702,29189
4090,72760,30887
4091,27218,11634
4092,108148,45786
4093,79766,33808
4094,114641,48570
4095,94128,39825
4096,71268,30273
4097,120797,51230
4098,15633,6735
4099,58530,24857
4100,112111,47497
4101,51461,21926
4102,37254,15949
4103,36742,15717
4104,11539,4993
4105,103008,43576
4106,8805,3803
4107,101107,42800
4108,48211,20548
4109,98329,41627
4110,82124,34851
4111,5559,2410
4112,32698,14013
4113,35463,15187
4114,4619,2022
4115,120537,51115
4116,62635,26596
4117,29891,12791
4118,20067,8591
4119,99834,42246
4120,121774,51633
4121,103950,43966
4122,77472,32832
4123,66605,28285
4124,42076,17971
4125,93251,39460
4126,55286,23504
4127,105255,44539
4128,11935,5158
4129,85882,36456
4130,99047,41919
4131,124877,53017
4132,97500,41262
4133,50066,21356
4134,8468,3673
4135,11443,4956
4136,58701,24921
4137,45917,19585
4138,86497,36696
4139,51326,21860
4140,86418,36670
4141,50948,21710
4142,78589,33320
4143,84852,36006
4144,39102,16715
4145,10587,4583
4146,84856,36007
4147,5453,2374
4148,93278,39473
4149,22797,9754
4150,6952,3064
4151,122641,52006
4152,33014,14153
4153,49225,20986
4154,52121,22194
4155,4678,2046
4156,48377,20627
4157,4432,1945
4158,7594,3325
4159,66423,28195
4160,27830,11896
4161,109192,46241
4162,78422,33252
4163,103660,43847
4164,106602,45111
4165,61840,26263
4166,21371,9165
4167,90720,38385
4168,106772,45193
4169,35193,15080
4170,109,47
4171,14427,6219
4172,94057,39787
4173,51537,21960
4174,41938,17909
4175,124758,52967
4176,46825,19957
4177,93310,39483
4178,120620,51156
4179,123762,52524
4180,91352,38674
4181,13235,5710
4182,50216,21416
4183,127894,54301
4184,21324,9146
4185,32463,13921
4186,116958,49573
4187,67654,28732
4188,98293,41607
4189,94302,39915
4190,44085,18817
4191,17128,7373
4192,95955,40592
4193,60672,25755
4194,30875,13212
4195,111965,47431
4196,78581,33317
4197,106629,45124
4198,126515,53703
4199,15376,6625
4200,121095,51344
4201,55304,23514
4202,55119,23430
4203,65259,27716
4204,116874,49533
4205,68145,28946
4206,27663,11822
4207,126859,53875
4208,128011,54353
4209,47250,20149
4210,61727,26218
4211,783,334
4212,118595,50273
4213,37019,15837
4214,79575,33733
4215,38318,16404
4216,128493,54555
4217,94546,40020
4218,11735,5072
4219,2378,1028
4220,77066,32651
4221,28301,12105
4222,110519,46800
4223,348,141
4224,72684,30859
4225,77684,32933
4226,91251,38623
4227,23607,10115
4228,30069,12870
4229,29570,12639
4230,124701,52942
4231,3341,1468
4232,42807,18281
4233,56574,24054
4234,115927,49137
4235,5322,2317
4236,23801,10199
4237,111791,47342
4238,127263,54033
4239,113955,48286
4240,34825,14919
4241,87017,36891
4242,116882,49537
4243,4613,2018
4244,78345,33221
4245,60934,25862
4246,26901,11515
4247,99645,42166
4248,84585,35895
4249,62620,26585
4250,97086,41091
4251,103540,43805
4252,70208,29815
4253,1862,798
4254,45194,19307
4255,61404,26073
4256,57428,24391
4257,105549,44660
4258,108075,45755
4259,128439,54532
4260,47897,20402
4261,36328,15540
4262,70473,29929
4263,6479,2863
4264,85368,36225
4265,93106,39410
4266,76030,32246
4267,80781,34275
4268,86025,36509
4269,91009,38515
4270,6724,2962
4271,20645,8855
4272,12989,5596
4273,108602,45989
4274,118997,50446
4275,120067,50905
4276,18167,7806
4277,71577,30390
4278,68511,29105
4279,107733,45611
4280,10782,4671
4281,19680,8438
4282,43402,18542
4283,56036,23822
4284,120121,50931
4285,53221,22627
4286,117175,49667
4287,54554,23193
4288,79898,33868
4289,102843,43510
4290,72918,30955
4291,77488,32838
4292,71566,30385
4293,78188,33157
4294,89026,37706
4295,32700,14015
4296,105369,44586
4297,46770,19933
4298,74256,31509
4299,23666,10146
4300,107692,45597
4301,54315,23097
4302,90437,38259
4303,98328,41626
4304,95774,40515
4305,90745,38397
4306,103294,43696
4307,57033,24236
4308,90775,38410
4309,100770,42666
4310,26262,11230
4311,3377,1485
4312,98373,41645
4313,111491,47211
4314,68481,29089
4315,20665,8867
4316,102888,43532
4317,74286,31521
4318,38592,16511
4319,61096,25935
4320,43252,18472
4321,97078,41087
4322,98919,41871
4323,15328,6609
4324,61650,26180
4325,129708,55051
4326,112505,47691
4327,119365,50601
4328,79600,33738
4329,35448,15181
4330,46895,19996
4331,82279,34923
4332,49182,20964
4333,110435,46764
4334,26375,11285
4335,75467,32010
4336,87752,37178
4337,61297,26024
4338,26528,11349
4339,85336,36210
4340,120141,50943
4341,117941,49987
4342,11993,5182
4343,88939,37664
4344,25715,11018
4345,77715,32947
4346,60712,25773
4347,64146,27230
4348,86864,36842
4349,86319,36630
4350,1837,787
4351,91870,38896
4352,82480,35004
4353,35037,15014
4354,125355,53227
4355,40864,17457
4356,36601,15655
4357,68999,29314
4358,68557,29127
4359,115728,49068
4360,98500,41704
4361,7486,3282
4362,98364,41642
4363,89083,37729
4364,126311,53627
4365,111055,47033
4366,4227,1843
4367,89520,37885
4368,110585,46829
4369,103513,43788
4370,52868,22491
4371,28927,12357
4372,5444,2368
4373,117729,49898
4374,123031,52178
4375,119109,50497
4376,66716,28331
4377,102643,43424
4378,119926,50850
4379,22836,9771
4380,44917,19185
4381,122762,52065
4382,112244,47568
4383,4580,2007
4384,926,391
4385,50084,21364
4386,29358,12548
4387,6454,2849
4388,73678,31266
4389,25828,11063
4390,97441,41232
4391,97873,41421
4392,62600,26576
4393,85317,36201
4394,130248,55280
4395,102627,43419
4396,3389,1492
4397,105765,44751
4398,9388,4058
4399,14622,6293
4400,119323,50579
4401,126401,53665
4402,87508,37081
4403,51526,21955
4404,46864,19979
4405,55610,23641
4406,41350,17652
4407,110982,47005
4408,62312,26464
4409,14555,6268
4410,15327,6608
4411,67874,28837
4412,62803,26661
4413,96489,40825
4414,124178,52717
4415,96378,40769
4416,65775,27925
4417,61854,26273
4418,102664,43433
4419,112671,47765
4420,75618,32078
4421,26365,11278
4422,128363,54497
4423,129781,55089
4424,43996,18781
4425,102320,43295
4426,88166,37342
4427,68298,29005
4428,13071,5634
4429,10975,4759
4430,60350,25617
4431,17663,7591
4432,85390,36234
4433,42892,18318
4434,97785,41379
4435,72499,30774
4436,49551,21119
4437,96231,40710
4438,57027,24235
4439,90380,38237
4440,7015,3099
4441,32456,13919
4442,112876,47858
4443,54232,23061
4444,113588,48138
4445,39048,16682
4446,19648,8424
4447,99178,41969
4448,72531,30788
4449,88065,37296
4450,44841,19156
4451,49698,21182
4452,82007,34801
4453,120379,51042
4454,120731,51204
4455,105254,44538
4456,46894,19995
4457,51488,21937
4458,125552,53314
4459,48716,20765
4460,98188,41565
4461,89730,37970
4462,32065,13744
4463,12361,5326
4464,40029,17101
4465,13048,5623
4466,27338,11685
4467,33010,14150
4468,89940,38052
4469,4404,1933
4470,53337,22677
4471,106094,44891
4472,27319,11678
4473,117081,49623
4474,63214,26837
4475,26132,11179
4476,74540,31629
4477,117852,49955
4478,13694,5911
4479,95190,40298
4480,113892,48261
4481,130324,55328
4482,28859,12327
4483,56553,24045
4484,97432,41229
4485,9612,4159
4486,120708,51192
4487,7850,3420
4488,103546,43807
4489,3059,1346
4490,54576,23205
4491,48804,20796
4492,114167,48377
4493,61977,26328
4494,10010,4324
4495,9697,4199
4496,62791,26653
4497,83197,35306
4498,2198,942
4499,75809,32154
4500,28274,12095
4501,77962,33058
4502,123597,52446
4503,104408,44167
4504,10848,4700
4505,110398,46745
4506,103554,43809
4507,26723,11439
4508,48868,20829
4509,109045,46180
4510,24860,10645
4511,25878,11083
4512,50184,21398
4513,53648,22811
4514,23453,10039
4515,56939,24200
4516,23432,10030
4517,24624,10545
4518,4717,2064
4519,95778,40517
4520,89129,37744
4521,66342,28161
4522,20632,8848
4523,62983,26743
4524,118316,50164
4525,59106,25092
4526,29591,12647
4527,60205,25559
4528,57039,24240
4529,117182,49670
4530,99651,42169
4531,127905,54306
4532,24682,10567
4533,30879,13214
4534,54820,23306
4535,98868,41848
4536,92020,38956
4537,54132,23016
4538,48965,20874
4539,78447,33269
4540,122152,51803
4541,94330,39928
4542,65607,27854
4543,57207,24306
4544,50776,21638
4545,53739,22850
4546,72988,30981
4547,31543,13500
4548,32855,14080
4549,5769,2515
4550,99893,42273
4551,93649,39632
4552,48386,20631
4553,26908,11519
4554,125080,53108
4555,87061,36908
4556,93357,39502
4557,82164,34871
4558,18828,8073
4559,47366,20189
4560,104202,44077
4561,36347,15550
4562,8375,3626
4563,42186,18020
4564,105922,44826
4565,11092,4811
4566,115520,48972
4567,123050,52188
4568,46798,19948
4569,31258,13376
4570,21994,9411
4571,53465,22734
4572,101813,43087
4573,31910,13663
4574,104690,44299
4575,102651,43428
4576,85596,36324
4577,95915,40576
4578,46050,19644
4579,14219,6128
4580,80621,34196
4581,21744,9320
4582,70848,30085
4583,8677,3745
4584,50967,21717
4585,129275,54875
4586,117381,49746
4587,18156,7802
4588,49126,20943
4589,43218,18452
4590,4271,1869
4591,33605,14422
4592,19271,8254
4593,100588,42596
4594,63489,26943
4595,26555,11363
4596,2858,1236
4597,118852,50384
4598,56104,23846
4599,39459,16866
4600,52490,22338
4601,118080,50054
4602,1826,784
4603,12713,5489
4604,52450,22325
4605,47590,20281
4606,53572,22782
4607,114396,48466
4608,694,296
4609,105771,44752
4610,39662,16949
4611,54605,23218
4612,100539,42565
4613,75375,31973
4614,6618,2919
4615,44618,19060
4616,30247,12947
4617,26915,11524
4618,100401,42498
4619,24120,10335
4620,80345,34059
4621,28720,12269
4622,114143,48367
4623,7198,3166
4624,77219,32717
4625,114050,48327
4626,74266,31514
4627,63742,27056
4628,62479,26533
4629,53392,22703
4630,5016,2199
4631,123264,52282
4632,106003,44852
4633,10458,4528
4634,71214,30249
4635,96417,40791
4636,51695,22026
4637,80071,33938
4638,59477,25249
4639,45934,19592
4640,7182,3158
4641,4373,1916
4642,110742,46903
4643,120918,51279
4644,117479,49791
4645,29709,12707
4646,28752,12284
4647,66187,28094
4648,22208,9506
4649,91816,38876
4650,93767,39679
4651,25912,11100
4652,26037,11149
4653,91728,38846
4654,83228,35323
4655,986,407
4656,49172,20958
4657,112199,47544
4658,120545,51119
4659,44352,18939
4660,96027,40624
4661,54447,23148
4662,8457,3666
4663,92561,39181
4664,31129,13317
4665,53914,22929
4666,10769,4665
4667,86516,36701
4668,62190,26415
4669,68583,29142
4670,77790,32976
4671,71766,30469
4672,93459,39549
4673,115396,48915
4674,43238,18463
4675,29939,12811
4676,24337,10422
4677,62555,26559
4678,19204,8229
4679,5074,2224
4680,73624,31242
4681,55739,23703
4682,119912,50846
4683,128347,54489
4684,80145,33965
4685,36432,15581
4686,28257,12087
4687,80990,34366
4688,24877,10657
4689,5926,2598
4690,102421,43335
4691,127343,54068
4692,83741,35546
4693,51325,21859
4694,7175,3154
4695,60520,25693
4696,21241,9115
4697,11719,5066
4698,59783,25375
4699,2206,947
4700,88882,37644
4701,104847,44364
4702,14802,6373
4703,31245,13370
4704,82957,35200
4705,45512,19423
4706,92113,39007
4707,51591,21977
4708,50852,21666
4709,4260,1864
4710,103282,43688
4711,69152,29372
4712,84008,35664
4713,105854,44791
4714,56963,24212
4715,83864,35609
4716,123753,52523
4717,85796,36414
4718,94602,40044
4719,63149,26808
4720,112205,47548
4721,57880,24578
4722,17608,7570
4723,113480,48094
4724,14754,6358
4725,44033,18795
4726,565,237
4727,45797,19542
4728,13891,5993
4729,74742,31709
4730,103066,43600
4731,47706,20329
4732,95208,40303
4733,109316,46295
4734,63000,26749
4735,102984,43567
4736,48924,20856
4737,59173,25124
4738,65599,27851
4739,58107,24678
4740,110518,46799
4741,71076,30192
4742,19385,8305
4743,10818,4687
4744,13093,5647
4745,88598,37511
4746,3532,1559
4747,123196,52255
4748,3294,1446
4749,57365,24360
4750,10602,4589
4751,96069,40642
4752,68260,28988
4753,82734,35112
4754,78030,33087
4755,3026,1324
4756,84597,35902
4757,36877,15777
4758,27900,11924
4759,17926,7703
4760,80307,34037
4761,82072,34830
4762,3467,1530
4763,14629,6298
4764,110521,46801
4765,130374,55348
4766,38198,16356
4767,71763,30468
4768,79847,33845
4769,7324,3216
4770,32211,13819
4771,49449,21075
4772,69206,29391
4773,121600,51565
4774,5806,2536
4775,51792,22072
4776,126300,53622
4777,50201,21408
4778,83952,35644
4779,33664,14446
4780,20231,8666
4781,96598,40871
4782,92784,39280
4783,4387,1924
4784,27102,11600
4785,104718,44311
4786,47436,20220
4787,92638,39222
4788,92405,39120
4789,120656,51170
4790,2074,892
4791,1352,581
4792,109207,46249
4793,42641,18211
4794,67912,28855
4795,37616,16106
4796,82120,34849
4797,66316,28148
4798,20147,8626
4799,120796,51229
4800,97661,41331
4801,15151,6529
4802,116831,49521
4803,19242,8242
4804,115018,48748
4805,91634,38803
4806,25867,11076
4807,38560,16500
4808,82668,35082
4809,117386,49750
4810,77190,32703
4811,61371,26058
4812,53000,22546
4813,86775,36811
4814,85332,36209
4815,2029,872
4816,24625,10546
4817,33056,14177
4818,30924,13234
4819,58167,24697
4820,111564,47238
4821,4817,2106
4822,67494,28662
4823,2246,968
4824,904,386
4825,84639,35911
4826,37891,16221
4827,84177,35721
4828,5831,2549
4829,62202,26422
4830,23231,9943
4831,36528,15623
4832,115259,48849
4833,85037,36081
4834,9594,4152
4835,44225,18877
4836,99020,41908
4837,90776,38411
4838,7483,3280
4839,49192,20970
4840,105530,44652
4841,53250,22636
4842,5794,2530
4843,2441,1059
4844,65384,27761
4845,34581,14810
4846,117620,49853
4847,40080,17124
4848,23211,9937
4849,90540,38311
4850,108156,45789
4851,127779,54261
4852,58655,24905
4853,24652,10557
4854,42832,18291
4855,22439,9599
4856,27275,11659
4857,48298,20589
4858,15347,6615
4859,40490,17284
4860,109677,46441
4861,53986,22962
4862,54877,23333
4863,10961,4753
4864,35191,15078
4865,18386,7902
4866,48531,20690
4867,82407,34973
4868,61737,26223
4869,81344,34506
4870,85512,36280
4871,125309,53208
4872,106293,44978
4873,122807,52084
4874,58657,24906
4875,47538,20266
4876,70350,29872
4877,116487,49369
4878,117185,49671
4879,37092,15873
4880,105325,44564
4881,43774,18684
4882,97529,41273
4883,31383,13431
4884,58266,24747
4885,70647,30002
4886,32254,13837
4887,114109,48353
4888,66704,28327
4889,75556,32053
4890,128573,54596
4891,111732,47318
4892,23209,9935
4893,55852,23743
4894,103549,43808
4895,126551,53721
4896,37370,15996
4897,79643,33759
4898,5913,2590
4899,19591,8395
4900,83044,35233
4901,16405,7058
4902,65772,27923
4903,57515,24431
4904,46893,19994
4905,96859,40995
4906,52212,22231
4907,3796,1666
4908,74978,31794
4909,80095,33945
4910,115368,48903
4911,66351,28165
4912,106879,45236
4913,79947,33881
4914,18193,7818
4915,98072,41514
4916,99021,41909
4917,90213,38175
4918,35867,15358
4919,14129,6089
4920,60622,25733
4921,128266,54460
4922,93218,39447
4923,111474,47202
4924,91068,38543
4925,22306,9549
4926,48467,20667
4927,87384,37034
4928,41612,17768
4929,110315,46708
4930,26913,11522
4931,32449,13917
4932,109879,46521
4933,87544,37098
4934,2418,1049
4935,77727,32955
4936,24626,10547
4937,658,275
4938,40252,17193
4939,89838,38020
4940,4863,2132
4941,115414,48923
4942,34487,14769
4943,38697,16555
4944,117917,49979
4945,18417,7913
4946,104336,44133
4947,6861,3023
4948,13504,5825
4949,27619,11796
4950,109473,46353
4951,128758,54663
4952,11070,4804
4953,30467,13035
4954,32006,13708
4955,85910,36466
4956,18046,7756
4957,16886,7268
4958,77771,32970
4959,37478,16043
4960,91336,38664
4961,32258,13838
4962,67346,28596
4963,64422,27349
4964,5130,2247
4965,80150,33967
4966,22222,9513
4967,105582,44675
4968,128783,54669
4969,2536,1094
4970,12591,5434
4971,43895,18734
4972,36608,15659
4973,34357,14710
4974,117048,49611
4975,67102,28489
4976,33903,14532
4977,50874,21679
4978,128451,54539
4979,119381,50606
4980,77402,32795
4981,64659,27445
4982,95589,40452
4983,94497,39998
4984,50519,21535
4985,58837,24981
4986,114254,48413
4987,60561,25711
4988,57370,24365
4989,64071,27197
4990,94519,40009
4991,9811,4241
4992,129342,54896
4993,12115,5228
4994,34668,14852
4995,5819,2544
4996,117262,49698
4997,81905,34759
4998,59437,25236
4999,30370,12991
5000,41480,17711
5001,49853,21255
5002,277,123
5003,5308,2313
5004,4539,1987
5005,31520,13490
5006,2719,1173
5007,11166,4836
5008,76894,32586
5009,29388,12561
5010,67233,28551
5011,48588,20717
5012,118552,50257
5013,18162,7804
5014,99355,42041
5015,19899,8526
5016,109006,46162
5017,97468,41244
5018,20337,8711
5019,26544,11360
5020,74743,31710
5021,91542,38758
5022,34535,14793
5023,90379,38236
5024,69333,29437
5025,42389,18108
5026,122056,51761
5027,91947,38930
5028,38411,16441
5029,126855,53874
5030,88606,37516
5031,115620,49021
5032,95166,40289
5033,10968,4755
5034,58961,25031
5035,49816,21241
5036,14604,6288
5037,9148,3963
5038,18939,8120
5039,63571,26975
5040,25143,10762
5041,26175,11196
5042,70863,30093
5043,23003,9847
5044,2469,1073
5045,79467,33681
5046,100094,42354
5047,61018,25896
5048,84826,35997
5049,40907,17469
5050,101083,42790
5051,95621,40463
5052,102702,43446
5053,99412,42068
5054,109289,46285
5055,115786,49090
5056,106025,44859
5057,72853,30929
5058,85519,36285
5059,27461,11738
5060,5775,2517
5061,57452,24404
5062,120584,51141
5063,3262,1430
5064,2158,926
5065,65433,27786
5066,109054,46184
5067,90521,38304
5068,11446,4958
5069,64859,27532
5070,91168,38582
5071,21431,9187
5072,107732,45610
5073,111525,47225
5074,3943,1732
5075,39870,17042
5076,118811,50362
5077,105908,44819
5078,91507,38746
5079,43072,18388
5080,28006,11976
5081,115279,48859
5082,40059,17115
5083,3282,1441
5084,79217,33573
5085,39867,17040
5086,43498,18585
5087,31096,13305
5088,93915,39736
5089,9426,4078
5090,63716,27043
5091,83286,35358
5092,54227,23060
5093,27665,11824
5094,89589,37912
5095,14200,6122
5096,108716,46038
5097,82770,35128
5098,76043,32250
5099,61480,26108
5100,114831,48659
5101,51396,21897
5102,66217,28104
5103,116170,49234
5104,33493,14369
5105,35711,15294
5106,44291,18908
5107,30373,12992
5108,106219,44947
5109,27799,11880
5110,69702,29591
5111,115891,49128
5112,88869,37639
5113,127109,53980
5114,73952,31376
5115,22962,9830
5116,110449,46771
5117,60116,25527
5118,55573,23628
5119,118681,50310
5120,116055,49185
5121,87054,36905
5122,82856,35157
5123,13597,5861
5124,16705,7187
5125,2531,1090
5126,119316,50577
5127,45226,19323
5128,123843,52566
5129,46930,20012
5130,44002,18784
5131,96137,40671
5132,113179,47973
5133,123280,52292
5134,20872,8962
5135,35088,15035
5136,74179,31478
5137,16296,7009
5138,114206,48395
5139,129244,54866
5140,79016,33491
5141,119851,50819
5142,21656,9280
5143,86769,36808
5144,6325,2784
5145,70623,29992
5146,116201,49251
5147,60992,25885
5148,80495,34134
5149,13936,6011
5150,6126,2686
5151,123450,52383
5152,36402,15568
5153,116830,49520
5154,115268,48854
5155,57150,24281
5156,75748,32125
5157,120303,51015
5158,92723,39256
5159,69122,29357
5160,21781,9334
5161,24665,10561
5162,45677,19486
5163,82422,34980
5164,47143,20112
5165,118760,50341
5166,120626,51158
5167,2491,1079
5168,120749,51212
5169,10610,4596
5170,14781,6366
5171,12158,5245
5172,75991,32225
5173,68780,29222
5174,122278,51849
5175,45050,19234
5176,96090,40652
5177,104638,44272
5178,120471,51089
5179,80878,34317
5180,79317,33616
5181,76020,32240
5182,29930,12807
5183,115704,49060
5184,27832,11898
5185,70521,29953
5186,38262,16381
5187,66491,28227
5188,41140,17567
5189,11048,4794
5190,32904,14104
5191,104283,44112
5192,44059,18807
5193,110872,46954
5194,32519,13944
5195,9505,4113
5196,120460,51082
5197,43248,18469
5198,58439,24821
5199,119348,50594
5200,16077,6919
5201,38812,16594
5202,121934,51703
5203,97252,41157
5204,71852,30503
5205,3921,1720
5206,58463,24833
5207,17673,7593
5208,125042,53090
5209,30076,12873
5210,27229,11639
5211,128468,54545
5212,5719,2490
5213,82177,34876
5214,43979,18772
5215,31504,13483
5216,94843,40141
5217,72485,30768
5218,73653,31254
5219,115062,48764
5220,23643,10133
5221,124801,52983
5222,21840,9362
5223,61351,26048
5224,116726,49475
5225,22485,9622
5226,20656,8860
5227,52136,22203
5228,6791,2993
5229,97817,41397
5230,20749,8905
5231,118860,50388
5232,110285,46691
5233,70,30
5234,27602,11792
5235,127039,53951
5236,123781,52534
5237,75510,32028
5238,81655,34647
5239,91164,38580
5240,61284,26021
5241,18488,7941
5242,91638,38804
5243,96768,40953
5244,115374,48904
5245,67714,28757
5246,106049,44875
5247,32607,13977
5248,88051,37289
5249,59919,25438
5250,88341,37411
5251,42616,18204
5252,6792,2994
5253,20521,8803
5254,753,317
5255,54117,23010
5256,82324,34937
5257,25764,11035
5258,35766,15316
5259,73963,31381
5260,67220,28545
5261,119200,50534
5262,35571,15244
5263,15308,6599
5264,48838,20813
5265,54422,23138
5266,3929,1722
5267,54677,23245
5268,126787,53841
5269,89293,37805
5270,69126,29360
5271,64424,27350
5272,2036,875
5273,72856,30931
5274,72512,30780
5275,56821,24155
5276,90991,38505
5277,106290,44975
5278,106051,44876
5279,23240,9945
5280,118991,50444
5281,83350,35383
5282,117181,49669
5283,75713,32109
5284,41667,17793
5285,29907,12799
5286,24902,10673
5287,57740,24517
5288,32634,13992
5289,99291,42015
5290,46250,19723
5291,88549,37488
5292,32970,14132
5293,64721,27471
5294,66581,28275
5295,111395,47170
5296,60772,25796
5297,16752,7210
5298,43338,18507
5299,11294,4893
5300,106628,45123
5301,67719,28760
5302,105641,44701
5303,39296,16803
5304,100134,42376
5305,71903,30531
5306,130000,55174
5307,10456,4526
5308,56506,24024
5309,70972,30144
5310,72488,30770
5311,79270,33595
5312,97909,41437
5313,63457,26925
5314,77020,32632
5315,75642,32084
5316,47996,20442
5317,84350,35791
5318,84274,35758
5319,77010,32624
5320,46766,19929
5321,121471,51509
5322,90377,38235
5323,26772,11460
5324,95622,40464
5325,29595,12649
5326,96026,40623
5327,76400,32395
5328,53993,22966
5329,52600,22385
5330,47212,20139
5331,49847,21252
5332,11021,4782
5333,7952,3461
5334,102067,43188
5335,70031,29737
5336,89205,37779
5337,25884,11086
5338,60930,25859
5339,123147,52232
5340,77510,32850
5341,79009,33486
5342,100570,42583
5343,59632,25307
5344,85286,36189
5345,22695,9709
5346,47348,20182
5347,55028,23399
5348,61063,25919
5349,23392,10014
5350,78525,33300
5351,99296,42018
5352,102159,43232
5353,111371,47159
5354,2392,1034
5355,64535,27396
5356,49642,21151
5357,55509,23600
5358,64286,27283
5359,9079,3925
5360,15727,6772
5361,24060,10309
5362,5612,2441
5363,96033,40627
5364,44337,18932
5365,67915,28856
5366,45666,19481
5367,91248,38621
5368,851,368
5369,113532,48116
5370,57179,24295
5371,91590,38776
5372,93394,39519
5373,98707,41792
5374,91797,38870
5375,47419,20212
5376,5049,2213
5377,76976,32615
5378,21070,9037
5379,37582,16089
5380,70387,29890
5381,70201,29809
5382,47904,20405
5383,86420,36671
5384,66771,28357
5385,84763,35971
5386,14279,6155
5387,104247,44098
5388,96603,40875
5389,92325,39089
5390,41204,17593
5391,90094,38126
5392,101485,42951
5393,27191,11626
5394,52353,22291
5395,84040,35677
5396,123405,52358
5397,62076,26373
5398,99203,41980
5399,29561,12634
5400,77115,32675
5401,101649,43017
5402,125860,53436
5403,124833,52999
5404,61844,26266
5405,42678,18232
5406,86700,36773
5407,26366,11279
5408,2826,1219
5409,89738,37975
5410,34800,14908
5411,70830,30076
5412,33901,14530
5413,1931,827
5414,77019,32631
5415,51024,21739
5416,79397,33652
5417,15555,6697
5418,4306,1881
5419,126052,53511
5420,21945,9397
5421,96132,40669
5422,55684,23677
5423,103351,43715
5424,24486,10479
5425,87652,37143
5426,85735,36385
5427,65629,27864
5428,55761,23713
5429,74571,31642
5430,86771,36810
5431,103560,43810
5432,4213,1838
5433,126968,53922
5434,20037,8579
5435,80877,34316
5436,18118,7786
5437,118580,50269
5438,111106,47061
5439,16000,6890
5440,91633,38802
5441,64684,27456
5442,93167,39430
5443,31316,13398
5444,64843,27525
5445,61058,25917
5446,19447,8325
5447,35253,15105
5448,75756,32128
5449,45993,19620
5450,54341,23104
5451,82204,34893
5452,106553,45095
5453,77975,33063
5454,98584,41735
5455,96340,40757
5456,117513,49807
5457,101121,42807
5458,115384,48909
5459,107543,45536
5460,41273,17619
5461,24937,10688
5462,55897,23762
5463,35213,15089
5464,6207,2729
5465,35692,15288
5466,68091,28923
5467,29743,12724
5468,11042,4793
5469,4004,1760
5470,40206,17178
5471,53487,22744
5472,111528,47227
5473,38567,16504
5474,52649,22403
5475,25864,11075
5476,18203,7822
5477,31833,13628
5478,81543,34603
5479,88695,37554
5480,9823,4250
5481,107430,45486
5482,11848,5120
5483,120023,50889
5484,17571,7552
5485,105040,44444
5486,23637,10130
5487,88163,37339
5488,58424,24816
5489,29485,12605
5490,122180,51815
5491,43375,18524
5492,57917,24594
5493,96754,40945
5494,70294,29849
5495,41484,17714
5496,109221,46256
5497,52611,22390
5498,48568,20707
5499,89116,37739
5500,126560,53726
5501,70459,29924
5502,81958,34784
5503,57331,24348
5504,98775,41814
5505,30179,12913
5506,71232,30253
5507,80737,34251
5508,127615,54182
5509,1237,520
5510,89015,37698
5511,62157,26405
5512,53381,22700
5513,35035,15013
5514,2715,1171
5515,6490,2871
5516,90887,38457
5517,96701,40924
5518,68474,29085
5519,50896,21686
5520,37423,16018
5521,54876,23332
5522,124582,52895
5523,30900,13225
5524,64862,27534
5525,66563,28264
5526,3140,1377
5527,30503,13044
5528,24190,10368
5529,104501,44212
5530,56869,24173
5531,35002,14999
5532,52140,22205
5533,62017,26344
5534,39038,16677
5535,4852,2124
5536,83425,35418
5537,29883,12786
5538,126024,53500
5539,124445,52829
5540,98752,41808
5541,23937,10257
5542,13970,6018
5543,30100,12882
5544,86726,36786
5545,29821,12761
5546,110161,46641
5547,51790,22070
5548,31360,13423
5549,89333,37818
5550,16931,7286
5551,107277,45423
5552,14294,6164
5553,62678,26615
5554,95452,40401
5555,30000,12838
5556,8727,3770
5557,35551,15232
5558,80893,34325
5559,35531,15221
5560,80401,34083
5561,73257,31095
5562,57909,24590
5563,46667,19889
5564,49562,21125
5565,77574,32881
5566,96424,40797
5567,126399,53664
5568,125692,53369
5569,2762,1192
5570,106407,45027
5571,9360,4047
5572,115980,49158
5573,80769,34269
5574,92734,39261
5575,41171,17578
5576,86853,36839
5577,75750,32126
5578,81867,34742
5579,62338,26477
5580,53640,22807
5581,122557,51967
5582,98595,41740
5583,16242,6982
5584,8353,3618
5585,52597,22383
5586,102496,43368
5587,96851,40990
5588,23814,10208
5589,82437,34984
5590,59829,25396
5591,19827,8501
5592,12412,5355
5593,111925,47403
5594,64860,27533
5595,128233,54451
5596,19274,8256
5597,74701,31694
5598,86663,36759
5599,61935,26311
5600,101607,42994
5601,124474,52840
5602,118377,50192
5603,128615,54614
5604,4002,1759
5605,110930,46981
5606,65895,27974
5607,57354,24354
5608,112691,47774
5609,116805,49505
5610,69178,29380
5611,29142,12453
5612,69938,29695
5613,44653,19075
5614,26251,11225
5615,59859,25408
5616,46928,20011
5617,96807,40968
5618,58034,24646
5619,13338,5753
5620,43540,18600
5621,102556,43391
5622,15273,6581
5623,54508,23170
5624,71643,30423
5625,51332,21863
5626,28504,12189
5627,103563,43811
5628,68909,29271
5629,29639,12673
5630,123071,52198
5631,114142,48366
5632,119636,50723
5633,37069,15862
5634,53878,22915
5635,127522,54141
5636,78983,33478
5637,56309,23936
5638,30864,13206
5639,121814,51649
5640,104292,44118
5641,90300,38206
5642,91321,38654
5643,124950,53049
5644,28965,12377
5645,108421,45912
5646,116028,49175
5647,110067,46608
5648,7821,3410
5649,64867,27539
5650,11284,4890
5651,8987,3882
5652,109763,46477
5653,5390,2349
5654,127963,54332
5655,16601,7146
5656,114791,48639
5657,75982,32219
5658,68365,29037
5659,42212,18029
5660,66468,28213
5661,91627,38798
5662,80016,33913
5663,118657,50299
5664,56429,23991
5665,43957,18761
5666,7408,3252
5667,101034,42768
5668,56277,23920
5669,99998,42313
5670,18325,7872
5671,2996,1306
5672,106852,45225
5673,52329,22279
5674,89045,37716
5675,106503,45072
5676,35630,15264
5677,25714,11017
5678,22077,9448
5679,77702,32943
5680,67118,28497
5681,21828,9355
5682,28753,12285
5683,25162,10770
5684,2920,1268
5685,55576,23630
5686,60073,25506
5687,42560,18184
5688,55894,23761
5689,196,92
5690,72671,30852
5691,112959,47890
5692,33616,14426
5693,1212,508
5694,36536,15628
5695,98441,41683
5696,68374,29042
5697,32163,13793
5698,50837,21661
5699,129955,55155
5700,123333,52319
5701,115458,48942
5702,754,318
5703,126658,53776
5704,81936,34773
5705,91179,38588
5706,92115,39009
5707,34616,14828
5708,78378,33235
5709,125787,53403
5710,95984,40606
5711,6870,3025
5712,1719,742
5713,48507,20681
5714,83072,35247
5715,43701,18660
5716,83533,35458
5717,129208,54845
5718,39509,16887
5719,101717,43051
5720,6535,2891
5721,88441,37454
5722,97885,41425
5723,110948,46991
5724,62051,26363
5725,24113,10330
5726,60093,25518
5727,74578,31647
5728,38332,16412
5729,64288,27285
5730,51169,21798
5731,21105,9053
5732,59987,25471
5733,62269,26449
5734,45696,19493
5735,36802,15739
5736,5077,2226
5737,48970,20876
5738,85179,36138
5739,20654,8859
5740,89128,37743
5741,35409,15164
5742,49185,20967
5743,8120,3524
5744,16858,7258
5745,80917,34334
5746,25711,11015
5747,47196,20135
5748,64995,27595
5749,56204,23891
5750,89253,37791
5751,115564,48991
5752,77694,32938
5753,51182,21804
5754,5828,2547
5755,74072,31419
5756,57110,24262
5757,126153,53564
5758,128944,54736
5759,19722,8456
5760,64571,27412
5761,90862,38448
5762,23383,10012
5763,21872,9374
5764,107342,45447
5765,89722,37965
5766,10739,4652
5767,19359,8295
5768,11349,4922
5769,30445,13024
5770,117187,49672
5771,103958,43968
5772,9402,4066
5773,26588,11379
5774,60092,25517
5775,14336,6181
5776,84032,35673
5777,50994,21725
5778,42506,18162
5779,99050,41921
5780,46527,19828
5781,78842,33412
5782,8771,3787
5783,26010,11139
5784,102482,43362
5785,80679,34225
5786,68742,29205
5787,125221,53162
5788,76605,32480
5789,18522,7955
5790,21818,9351
5791,26951,11541
5792,104651,44280
5793,61202,25982
5794,35443,15179
5795,51662,22014
5796,69758,29615
5797,81678,34662
5798,9088,3932
5799,104110,44032
5800,1539,665
5801,3096,1359
5802,57416,24386
5803,125483,53286
5804,25069,10739
5805,46781,19941
5806,51502,21943
5807,43801,18700
5808,115190,48822
5809,97691,41342
5810,28197,12060
5811,76871,32577
5812,115236,48842
5813,40932,17483
5814,21484,9209
5815,75035,31822
5816,60703,25769
5817,76576,32468
5818,107096,45337
5819,58941,25020
5820,50843,21663
5821,93228,39452
5822,41664,17791
5823,53329,22673
5824,2084,898
5825,29721,12712
5826,18651,8007
5827,123921,52599
5828,80654,34211
5829,53016,22551
5830,107318,45437
5831,71625,30415
5832,761,321
5833,17557,7544
5834,13660,5896
5835,108657,46007
5836,130293,55309
5837,81029,34385
5838,64132,27224
5839,99197,41978
5840,22942,9822
5841,69259,29409
5842,17406,7476
5843,65219,27700
5844,11313,4900
5845,49884,21270
5846,47914,20410
5847,20126,8617
5848,62114,26385
5849,128662,54632
5850,70151,29790
5851,104667,44286
5852,59336,25189
5853,57760,24528
5854,123174,52243
5855,80741,34255
5856,129767,55081
5857,128408,54518
5858,120839,51246
5859,13005,5604
5860,100767,42665
5861,112034,47460
5862,49236,20992
5863,32422,13908
5864,36898,15784
5865,63551,26964
5866,114160,48373
5867,14060,6057
5868,55291,23506
5869,52201,22227
5870,78880,33431
5871,11365,4932
5872,46364,19768
5873,1668,719
5874,95033,40229
5875,76062,32255
5876,43595,18617
5877,34577,14808
5878,76674,32497
5879,111344,47151
5880,124974,53060
5881,103453,43755
5882,9496,4107
5883,79775,33814
5884,55179,23460
5885,48097,20492
5886,33209,14244
5887,33977,14565
5888,109012,46165
5889,46108,19668
5890,68890,29262
5891,42113,17988
5892,110172,46646
5893,2688,1160
5894,21068,9036
5895,110166,46642
5896,81473,34564
5897,130212,55262
5898,84943,36041
5899,127387,54087
5900,74875,31756
5901,91215,38606
5902,96631,40886
5903,34896,14953
5904,82070,34828
5905,110950,46992
5906,34586,14813
5907,11686,5049
5908,27310,11674
5909,85065,36094
5910,116408,49335
5911,69081,29344
5912,13199,5694
5913,46423,19790
5914,74930,31776
5915,45551,19438
5916,70867,30096
5917,97653,41327
5918,62394,26502
5919,90202,38170
5920,61438,26090
5921,44586,19046
5922,88033,37282
5923,23551,10081
5924,26862,11497
5925,2799,1211
5926,56920,24194
5927,127125,53986
5928,122123,51786
5929,6133,2692
5930,38539,16494
5931,108684,46022
5932,59558,25282
5933,103885,43942
5934,37129,15885
5935,14103,6079
5936,83904,35623
5937,31814,13617
5938,74465,31594
5939,126677,53787
5940,121409,51483
5941,81831,34726
5942,123302,52304
5943,93112,39412
5944,66822,28380
5945,128580,54600
5946,110496,46793
5947,21066,9035
5948,2892,1252
5949,85738,36386
5950,116072,49192
5951,97733,41358
5952,39391,16837
5953,26350,11270
5954,58078,24665
5955,81406,34537
5956,46772,19935
5957,9934,4293
5958,34524,14786
5959,6394,2822
5960,32336,13871
5961,53989,22964
5962,111988,47440
5963,25106,10751
5964,65068,27634
5965,55938,23785
5966,50877,21682
5967,31024,13283
5968,15799,6799
5969,90712,38380
5970,11535,4990
5971,24119,10334
5972,99957,42299
5973,127817,54274
5974,97621,41314
5975,66665,28310
5976,125169,53137
5977,4304,1879
5978,76523,32448
5979,22877,9787
5980,43286,18489
5981,5990,2626
5982,76990,32618
5983,18761,8050
5984,21739,9318
5985,30173,12910
5986,92594,39199
5987,39278,16797
5988,39694,16965
5989,49577,21132
5990,32907,14105
5991,90836,38436
5992,26370,11282
5993,4880,2139
5994,81498,34579
5995,103448,43752
5996,83575,35479
5997,38994,16662
5998,11679,5043
5999,117037,49607
6000,799,342
6001,53158,22603
6002,99947,42296
6003,14856,6399
6004,36906,15789
6005,103702,43860
6006,99290,42014
6007,3486,1533
6008,33091,14194
6009,78506,33293
6010,43983,18774
6011,81357,34514
6012,11810,5109
6013,130230,55273
6014,112863,47849
6015,3413,1506
6016,96521,40839
6017,121067,51335
6018,91367,38683
6019,42200,18025
6020,78607,33325
6021,91847,38885
6022,87219,36973
6023,2757,1190
6024,96472,40820
6025,76306,32358
6026,45816,19551
6027,36758,15721
6028,41682,17799
6029,106412,45030
6030,27344,11689
6031,104549,44227
6032,100158,42391
6033,13015,5609
6034,82378,34961
6035,56378,23967
6036,95771,40514
6037,31133,13319
6038,106484,45063
6039,25053,10730
6040,107884,45674
6041,91362,38680
6042,79495,33695
6043,83171,35293
6044,57548,24449
6045,44505,19008
6046,95353,40357
6047,96759,40949
6048,91002,38510
6049,50510,21532
6050,91411,38705
6051,106377,45014
6052,13251,5716
6053,19702,8448
6054,94280,39903
6055,79131,33535
6056,96832,40980
6057,37942,16244
6058,8858,3833
6059,38715,16560
6060,39062,16688
6061,60976,25880
6062,4896,2149
6063,42622,18207
6064,10634,4607
6065,29673,12686
6066,96020,40619
6067,58558,24868
6068,21115,9056
6069,14708,6341
6070,176,81
6071,97300,41179
6072,44977,19209
6073,83522,35455
6074,48115,20502
6075,106529,45085
6076,42774,18270
6077,125570,53323
6078,9092,3935
6079,103065,43599
6080,67698,28749
6081,2371,1025
6082,74892,31761
6083,5063,2221
6084,96151,40676
6085,109648,46429
6086,54403,23126
6087,125179,53142
6088,129501,54963
6089,69809,29638
6090,78967,33473
6091,29315,12526
6092,37862,16211
6093,125709,53376
6094,24472,10472
6095,77556,32873
6096,99192,41976
6097,40410,17252
6098,88646,37534
6099,26062,11159
6100,105454,44626
6101,22716,9716
6102,84064,35684
6103,71728,30456
6104,84749,35965
6105,83994,35658
6106,14477,6238
6107,114559,48533
6108,6898,3037
6109,91602,38781
6110,70426,29908
6111,18936,8118
6112,46865,19980
6113,81830,34725
6114,128748,54656
6115,61502,26116
6116,45385,19378
6117,51431,21913
6118,112412,47653
6119,47287,20161
6120,3114,1368
6121,19874,8518
6122,12131,5234
6123,43727,18666
6124,51789,22069
6125,28676,12250
6126,44792,19137
6127,83063,35240
6128,57276,24328
6129,81879,34748
6130,71944,30550
6131,42025,17945
6132,152,69
6133,40168,17165
6134,6220,2737
6135,48937,20862
6136,120179,50963
6137,29914,12802
6138,70118,29776
6139,71249,30262
6140,17710,7604
6141,118664,50303
6142,11582,5010
6143,67735,28768
6144,101926,43133
6145,15524,6680
6146,30258,12950
6147,80234,34006
6148,46065,19647
6149,26988,11554
6150,5550,2408
6151,105877,44803
6152,60392,25635
6153,106107,44897
6154,86702,36774
6155,112173,47531
6156,27594,11789
6157,80410,34086
6158,49111,20935
6159,56327,23944
6160,121354,51456
6161,98594,41739
6162,98792,41822
6163,70091,29759
6164,103101,43615
6165,108770,46061
6166,33088,14192
6167,55271,23496
6168,36438,15583
6169,28916,12351
6170,73488,31174
6171,125898,53451
6172,92977,39362
6173,50868,21675
6174,72813,30914
6175,27257,11649
6176,127351,54071
6177,60325,25606
6178,31836,13630
6179,56577,24055
6180,20714,8888
6181,31897,13657
6182,60085,25512
6183,27957,11952
6184,7637,3338
6185,2971,1290
6186,109956,46555
6187,129151,54823
6188,34688,14860
6189,107299,45429
6190,86526,36706
6191,5359,2333
6192,109582,46399
6193,127648,54201
6194,15205,6552
6195,52929,22514
6196,11214,4862
6197,85783,36408
6198,99845,42251
6199,19781,8479
6200,12823,5528
6201,27977,11963
6202,105073,44460
6203,51864,22094
6204,48417,20650
6205,47510,20253
6206,66147,28077
6207,109403,46330
6208,20286,8691
6209,78908,33446
6210,111322,47144
6211,91210,38602
6212,15447,6651
6213,99088,41937
6214,83290,35360
6215,63205,26832
6216,55890,23757
6217,72430,30745
6218,50225,21419
6219,120273,51003
6220,43732,18668
6221,30398,13003
6222,80064,33934
6223,61994,26337
6224,102156,43231
6225,130252,55283
6226,93258,39463
6227,41337,17643
6228,94147,39833
6229,91624,38795
6230,20621,8844
6231,124525,52865
6232,54977,23378
6233,32908,14106
6234,127969,54337
6235,30172,12909
6236,49010,20891
6237,24044,10300
6238,65937,27995
6239,39072,16694
6240,111446,47191
6241,39558,16907
6242,121864,51677
6243,114034,48322
6244,27508,11757
6245,15243,6569
6246,42669,18227
6247,52995,22545
6248,57026,24234
6249,2123,915
6250,44139,18846
6251,110170,46644
6252,93744,39671
6253,4353,1906
6254,14648,6309
6255,123969,52621
6256,73874,31344
6257,70874,30099
6258,22274,9533
6259,66419,28194
6260,114079,48341
6261,120469,51087
6262,90082,38121
6263,31973,13700
6264,43984,18775
6265,71638,30420
6266,72656,30845
6267,36025,15419
6268,1290,545
6269,51904,22111
6270,80945,34348
6271,92194,39039
6272,100325,42464
6273,88292,37385
6274,75227,31905
6275,53518,22761
6276,111612,47261
6277,37711,16143
6278,111898,47390
6279,44259,18891
6280,57536,24443
6281,65725,27905
6282,59921,25439
6283,29121,12445
6284,115294,48867
6285,82651,35076
6286,55602,23639
6287,121473,51511
6288,29201,12480
6289,75741,32123
6290,39158,16748
6291,114234,48405
6292,108278,45847
6293,114273,48420
6294,99283,42010
6295,44463,18989
6296,64897,27551
6297,86352,36642
6298,44318,18921
6299,82085,34833
6300,79262,33591
6301,129502,54964
6302,54344,23107
6303,87498,37077
6304,77203,32710
6305,21599,9259
6306,4714,2062
6307,72138,30627
6308,38288,16395
6309,6648,2933
6310,116920,49558
6311,111461,47196
6312,86919,36859
6313,6821,3005
6314,65188,27684
6315,63825,27095
6316,127327,54060
6317,46747,19918
6318,6697,2951
6319,12348,5320
6320,63867,27109
6321,105520,44648
6322,120714,51197
6323,125066,53101
6324,115534,48980
6325,118625,50285
6326,83472,35438
6327,65133,27663
6328,129034,54769
6329,49329,21018
6330,72394,30733
6331,66646,28303
6332,91055,38537
6333,116375,49317
6334,73848,31336
6335,74635,31659
6336,123575,52438
6337,32482,13931
6338,113016,47912
6339,47466,20231
6340,92539,39171
6341,36426,15580
6342,87548,37100
6343,31597,13524
6344,47971,20433
6345,52220,22235
6346,91719,38840
6347,114178,48382
6348,112470,47681
6349,32080,13751
6350,89862,38027
6351,112536,47706
6352,41531,17736
6353,56923,24196
6354,64221,27260
6355,38309,16401
6356,33973,14563
6357,84810,35990
6358,1770,763
6359,33584,14412
6360,82372,34958
6361,78521,33297
6362,1923,823
6363,75346,31958
6364,85770,36401
6365,14330,6179
6366,104529,44220
6367,7887,3437
6368,11478,4969
6369,84285,35763
6370,100796,42679
6371,73269,31099
6372,119593,50699
6373,110129,46630
6374,99717,42193
6375,62043,26358
6376,66255,28122
6377,94369,39945
6378,113856,48244
6379,2851,1232
6380,89693,37957
6381,13194,5691
6382,42250,18045
6383,50368,21477
6384,36561,15641
6385,127524,54142
6386,78299,33203
6387,101443,42936
6388,19290,8264
6389,77289,32748
6390,98481,41696
6391,115605,49012
6392,5298,2311
6393,87933,37242
6394,5220,2285
6395,86838,36833
6396,89012,37696
6397,63490,26944
6398,6856,3021
6399,29081,12424
6400,42253,18047
6401,86280,36612
6402,113911,48270
6403,73593,31222
6404,129642,55024
6405,69828,29646
6406,34397,14728
6407,129106,54804
6408,43810,18702
6409,123692,52494
6410,23741,10174
6411,63763,27068
6412,119257,50552
6413,28480,12184
6414,106387,45021
6415,77381,32787
6416,82339,34941
6417,52829,22472
6418,87925,37238
6419,11000,4773
6420,78002,33077
6421,7464,3276
6422,93551,39593
6423,53636,22803
6424,112163,47522
6425,45571,19444
6426,74156,31467
6427,104545,44224
6428,126452,53680
6429,80920,34336
6430,26414,11295
6431,69015,29318
6432,117441,49771
6433,56806,24149
6434,21240,9114
6435,66184,28093
6436,40176,17168
6437,26481,11325
6438,56466,24005
6439,89800,38006
6440,110822,46933
6441,42986,18358
6442,127716,54237
6443,83621,35496
6444,77264,32738
6445,10597,4586
6446,55449,23574
6447,113163,47968
6448,38967,16653
6449,114786,48636
6450,105692,44723
6451,50742,21622
6452,56568,24051
6453,123250,52277
6454,81471,34563
6455,77651,32914
6456,74231,31500
6457,52229,22239
6458,61113,25942
6459,104134,44046
6460,19437,8323
6461,112089,47484
6462,88080,37304
6463,23686,10156
6464,52920,22511
6465,28934,12361
6466,90400,38245
6467,128695,54642
6468,128500,54558
6469,71751,30465
6470,124038,52651
6471,51930,22121
6472,95913,40575
6473,33040,14167
6474,62792,26654
6475,69740,29607
6476,96961,41041
6477,59445,25239
6478,485,204
6479,50486,21525
6480,48214,20550
6481,117779,49922
6482,40075,17121
6483,30546,13062
6484,1196,500
6485,97261,41161
6486,108706,46033
6487,120524,51110
6488,118028,50031
6489,56389,23974
6490,16511,7104
6491,52956,22528
6492,97125,41109
6493,59019,25054
6494,109007,46163
6495,127264,54034
6496,126998,53934
6497,81137,34419
6498,90411,38250
6499,107757,45620
6500,1563,674
6501,117493,49799
6502,36201,15485
6503,107108,45343
6504,88899,37650
6505,67160,28517
6506,83657,35512
6507,122066,51766
6508,47100,20094
6509,46330,19751
6510,115592,49006
6511,79306,33610
6512,32290,13848
6513,90716,38384
6514,126578,53737
6515,126049,53508
6516,48876,20831
6517,92613,39209
6518,37938,16240
6519,69484,29499
6520,48364,20618
6521,49378,21045
6522,10784,4673
6523,51365,21877
6524,109534,46377
6525,89670,37942
6526,111671,47291
6527,118296,50157
6528,106681,45147
6529,107865,45666
6530,15364,6619
6531,98296,41609
6532,114529,48523
6533,8226,3567
6534,92017,38954
6535,30862,13204
6536,71725,30454
6537,124072,52667
6538,16318,7019
6539,77350,32772
6540,43007,18363
6541,127587,54167
6542,72724,30874
6543,92798,39288
6544,49160,20956
6545,29371,12555
6546,93403,39520
6547,7349,3228
6548,73900,31357
6549,51377,21885
6550,56965,24214
6551,680,290
6552,56554,24046
6553,40479,17281
6554,53871,22912
6555,11010,4777
6556,120558,51129
6557,88388,37430
6558,79405,33658
6559,112228,47560
6560,92399,39117
6561,24165,10354
6562,57787,24539
6563,60119,25528
6564,95644,40471
6565,84949,36043
6566,121273,51421
6567,63558,26967
6568,95509,40422
6569,20187,8644
6570,23159,9915
6571,66112,28064
6572,67348,28598
6573,94528,40016
6574,107221,45394
6575,127636,54193
6576,109046,46181
6577,4402,1932
6578,96418,40792
6579,72339,30709
6580,95661,40476
6581,23314,9980
6582,56271,23919
6583,11311,4899
6584,97169,41128
6585,59234,25148
6586,39501,16882
6587,83188,35300
6588,75278,31927
6589,94333,39929
6590,17464,7507
6591,29069,12418
6592,100388,42493
6593,108748,46049
6594,25027,10719
6595,44080,18815
6596,42010,17940
6597,28570,12214
6598,32940,14121
6599,31946,13682
6600,64713,27467
6601,12304,5306
6602,105901,44814
6603,80204,33990
6604,12865,5542
6605,82420,34979
6606,127313,54051
6607,31883,13651
6608,125321,53213
6609,45142,19277
6610,126388,53659
6611,59772,25370
6612,68393,29052
6613,27447,11732
6614,100563,42580
6615,20879,8967
6616,78732,33368
6617,38297,16398
6618,91912,38919
6619,68700,29188
6620,23891,10238
6621,123386,52349
6622,116616,49422
6623,50651,21588
6624,79903,33871
6625,69296,29423
6626,40152,17155
6627,127604,54176
6628,50682,21600
6629,71995,30568
6630,105351,44578
6631,71923,30537
6632,40475,17279
6633,27469,11741
6634,9308,4021
6635,223,104
6636,27723,11850
6637,101704,43043
6638,74469,31597
6639,122769,52070
6640,40081,17125
6641,16948,7294
6642,75361,31966
6643,108170,45796
6644,98855,41841
6645,62462,26525
6646,5406,2356
6647,28732,12276
6648,114189,48386
6649,119465,50639
6650,109456,46347
6651,30846,13195
6652,79659,33765
6653,83105,35262
6654,58725,24932
6655,89002,37691
6656,73933,31370
6657,109561,46391
6658,99569,42133
6659,34590,14814
6660,96584,40863
6661,97540,41277
6662,19693,8442
6663,24557,10510
6664,31491,13477
6665,110420,46755
6666,5677,2471
6667,124195,52727
6668,52539,22360
6669,115203,48826
6670,128324,54482
6671,18862,8086
6672,83852,35601
6673,126908,53896
6674,39836,17024
6675,54697,23253
6676,84690,35936
6677,102792,43490
6678,12297,5304
6679,44156,18853
6680,80378,34074
6681,112148,47516
6682,63575,26978
6683,90804,38422
6684,86601,36734
6685,94696,40081
6686,39822,17016
6687,76641,32488
6688,49623,21146
6689,8934,3862
6690,74082,31425
6691,16758,7213
6692,77836,33001
6693,119881,50831
6694,78605,33323
6695,12577,5427
6696,37857,16207
6697,127070,53962
6698,91373,38689
6699,33582,14410
6700,90392,38241
6701,54882,23337
6702,10927,4740
6703,127609,54178
6704,29943,12814
6705,7357,3232
6706,74745,31711
6707,88183,37347
6708,51063,21754
6709,19142,8199
6710,8349,3616
6711,27500,11753
6712,9609,4158
6713,93770,39680
6714,67298,28572
6715,71668,30431
6716,112404,47649
6717,119392,50610
6718,117421,49765
6719,72227,30662
6720,113567,48131
6721,88975,37681
6722,61014,25895
6723,68221,28975
6724,110509,46796
6725,60198,25557
6726,77531,32863
6727,117398,49752
6728,91298,38642
6729,35070,15030
6730,63640,27010
6731,57984,24626
6732,6358,2800
6733,119642,50725
6734,108449,45923
6735,98701,41787
6736,10389,4495
6737,62179,26410
6738,113045,47923
6739,20491,8790
6740,31778,13598
6741,71642,30422
6742,80902,34330
6743,11148,4830
6744,27202,11629
6745,70046,29744
6746,100369,42482
6747,28170,12047
6748,18752,8047
6749,79642,33758
6750,75288,31932
6751,95412,40381
6752,84737,35961
6753,43724,18665
6754,109718,46461
6755,69408,29467
6756,37766,16163
6757,36717,15706
6758,106758,45184
6759,108568,45973
6760,15034,6479
6761,40965,17496
6762,59895,25424
6763,107167,45370
6764,21759,9326
6765,37607,16100
6766,58129,24684
6767,25846,11068
6768,90308,38208
6769,111812,47354
6770,56151,23869
6771,9378,4055
6772,84428,35828
6773,41733,17824
6774,70938,30127
6775,42257,18050
6776,31803,13611
6777,9342,4037
6778,82990,35212
6779,71882,30518
6780,35063,15026
6781,102764,43480
6782,99514,42106
6783,4849,2122
6784,68087,28922
6785,77370,32783
6786,63051,26769
6787,79619,33748
6788,82776,35133
6789,26889,11509
6790,111077,47044
6791,67069,28478
6792,99985,42308
6793,87834,37212
6794,79161,33549
6795,90001,38088
6796,57856,24569
6797,80329,34051
6798,57913,24592
6799,80552,34162
6800,32387,13890
6801,47187,20133
6802,56387,23973
6803,68517,29109
6804,51299,21849
6805,1523,656
6806,117209,49677
6807,6957,3068
6808,48699,20758
6809,122786,52076
6810,69547,29529
6811,74472,31598
6812,130258,55286
6813,106006,44853
6814,100601,42604
6815,64893,27549
6816,40366,17238
6817,23994,10280
6818,111207,47102
6819,7982,3475
6820,102078,43192
6821,103688,43856
6822,1771,764
6823,63002,26751
6824,4133,1812
6825,5218,2284
6826,20713,8887
6827,80162,33972
6828,116621,49426
6829,56964,24213
6830,40608,17334
6831,126770,53836
6832,85070,36096
6833,32606,13976
6834,3572,1570
6835,44779,19130
6836,41803,17852
6837,25379,10859
6838,104901,44385
6839,118704,50321
6840,3402,1500
6841,38119,16323
6842,4020,1767
6843,69097,29349
6844,125442,53266
6845,16882,7266
6846,109710,46457
6847,67334,28588
6848,125621,53343
6849,66199,28099
6850,75074,31841
6851,59172,25123
6852,51009,21732
6853,115576,48998
6854,79080,33512
6855,43207,18450
6856,18563,7970
6857,1892,810
6858,77467,32828
6859,99577,42140
6860,45017,19221
6861,103464,43764
6862,10519,4547
6863,91283,38638
6864,20948,8994
6865,31470,13468
6866,32641,13994
6867,8902,3849
6868,127784,54263
6869,104564,44234
6870,89825,38016
6871,29636,12672
6872,114642,48571
6873,68062,28912
6874,44610,19057
6875,122106,51781
6876,88192,37352
6877,29186,12473
6878,25397,10869
6879,19107,8185
6880,17776,7636
6881,129594,55003
6882,106160,44921
6883,84178,35722
6884,113656,48168
6885,86495,36695
6886,31146,13325
6887,40607,17333
6888,27838,11901
6889,89671,37943
6890,105777,44753
6891,117238,49686
6892,86808,36824
6893,41444,17695
6894,57493,24422
6895,128506,54562
6896,72331,30706
6897,119945,50862
6898,9712,4204
6899,124737,52960
6900,15353,6616
6901,83797,35574
6902,108037,45742
6903,72509,30778
6904,53416,22713
6905,49762,21211
6906,114433,48483
6907,86534,36711
6908,109068,46190
6909,35647,15270
6910,16856,7257
6911,100595,42600
6912,52350,22290
6913,51279,21844
6914,104563,44233
6915,10123,4376
6916,48636,20736
6917,100141,42380
6918,41775,17837
6919,31999,13705
6920,42898,18320
6921,9742,4213
6922,85617,36334
6923,93389,39516
6924,39879,17046
6925,105615,44688
6926,83177,35296
6927,66060,28041
6928,24182,10365
6929,57950,24611
6930,8618,3724
6931,22230,9516
6932,24008,10287
6933,69372,29451
6934,27596,11790
6935,104224,44089
6936,84660,35921
6937,120251,50993
6938,5112,2239
6939,109909,46536
6940,37697,16139
6941,64617,27431
6942,126322,53631
6943,34864,14938
6944,68673,29179
6945,91214,38605
6946,56403,23979
6947,9635,4171
6948,33567,14401
6949,102747,43471
6950,67121,28499
6951,29366,12552
6952,24666,10562
6953,102668,43434
6954,5756,2508
6955,103541,43806
6956,63625,27001
6957,22693,9708
6958,15665,6744
6959,103983,43977
6960,21195,9094
6961,29551,12629
6962,122429,51906
6963,85911,36467
6964,106191,44935
6965,19686,8440
6966,80500,34137
6967,108884,46109
6968,87113,36928
6969,26932,11532
6970,40565,17316
6971,15513,6674
6972,75609,32074
6973,28573,12215
6974,108590,45982
6975,64144,27229
6976,39141,16736
6977,109831,46499
6978,66356,28166
6979,69460,29490
6980,29761,12731
6981,114379,48459
6982,129732,55065
6983,42853,18297
6984,103766,43887
6985,104154,44055
6986,88461,37457
6987,81841,34731
6988,106366,45006
6989,45263,19331
6990,71406,30325
6991,110233,46671
6992,29450,12591
6993,67888,28845
6994,108779,46064
6995,57655,24482
6996,68436,29071
6997,123611,52453
6998,125310,53209
6999,27692,11837
7000,56145,23866
7001,85833,36428
7002,83799,35575
7003,12915,5564
7004,88195,37353
7005,44110,18831
7006,78017,33081
7007,123834,52564
7008,16153,6952
7009,27279,11661
7010,111372,47160
7011,22749,9732
7012,112647,47757
7013,99798,42228
7014,113931,48277
7015,44499,19004
7016,80048,33926
7017,23475,10050
7018,25334,10843
7019,110620,46847
7020,52364,22295
7021,96268,40728
7022,94097,39806
7023,48651,20744
7024,30712,13136
7025,119886,50834
7026,115552,48986
7027,93170,39431
7028,17502,7524
7029,91338,38666
7030,10455,4525
7031,31686,13556
7032,128444,54536
7033,94915,40172
7034,106612,45118
7035,7545,3313
7036,83445,35426
7037,7204,3167
7038,10857,4705
7039,38504,16482
7040,14169,6104
7041,19518,8358
7042,82869,35164
7043,83847,35598
7044,55967,23795
7045,51603,21984
7046,124531,52868
7047,113897,48264
7048,76661,32494
7049,116642,49437
7050,35502,15208
7051,59228,25144
7052,113585,48137
7053,87150,36945
7054,91948,38931
7055,19708,8450
7056,124997,53071
7057,12995,5599
7058,86826,36829
7059,97183,41132
7060,88320,37400
7061,119485,50650
7062,13674,5902
7063,69997,29720
7064,18001,7733
7065,106111,44899
7066,51580,21973
7067,53058,22565
7068,30758,13156
7069,56956,24208
7070,32237,13830
7071,22536,9641
7072,33083,14188
7073,4086,1800
7074,66150,28080
7075,39244,16783
7076,81903,34757
7077,103121,43626
7078,51242,21827
7079,15762,6784
7080,11401,4944
7081,22640,9684
7082,58370,24796
7083,89039,37713
7084,17732,7613
7085,91477,38736
7086,94183,39855
7087,76705,32510
7088,129434,54936
7089,73619,31241
7090,22596,9662
7091,24317,10411
7092,20451,8768
7093,103978,43976
7094,7820,3409
7095,68149,28947
7096,111733,47319
7097,81419,34544
7098,39780,17001
7099,75933,32201
7100,34979,14987
7101,78775,33383
7102,20567,8823
7103,93337,39495
7104,108232,45828
7105,78246,33183
7106,113524,48113
7107,126975,53923
7108,39255,16788
7109,3407,1501
7110,125465,53278
7111,98426,41677
7112,57439,24396
7113,99439,42079
7114,79941,33880
7115,104129,44042
7116,98710,41794
7117,64596,27421
7118,29794,12747
7119,24087,10318
7120,76293,32352
7121,11924,5150
7122,101241,42859
7123,2927,1270
7124,88311,37393
7125,111434,47186
7126,52308,22267
7127,30015,12845
7128,50232,21420
7129,58188,24706
7130,124144,52705
7131,64949,27575
7132,64242,27270
7133,17652,7587
7134,52599,22384
7135,119510,50660
7136,57047,24244
7137,70381,29888
7138,128469,54546
7139,2941,1275
7140,96466,40816
7141,28086,12017
7142,52314,22270
7143,9319,4027
7144,124741,52962
7145,34091,14598
7146,93120,39414
7147,24101,10325
7148,50417,21494
7149,35523,15216
7150,120908,51276
7151,106892,45243
7152,33575,14405
7153,92780,39278
7154,93,40
7155,130314,55322
7156,96743,40943
7157,49231,20989
7158,8104,3517
7159,85946,36477
7160,55555,23621
7161,121008,51307
7162,129249,54869
7163,4130,1811
7164,89099,37734
7165,119293,50566
7166,113489,48097
7167,53327,22671
7168,106497,45068
7169,77941,33046
7170,6149,2700
7171,4728,2071
7172,102947,43554
7173,74406,31573
7174,32509,13940
7175,31866,13642
7176,85764,36398
7177,92585,39195
7178,80337,34055
7179,63820,27093
7180,37481,16045
7181,94900,40163
7182,35499,15206
7183,27672,11828
7184,121977,51725
7185,88305,37391
7186,32414,13903
7187,38242,16372
7188,43467,18571
7189,46775,19937
7190,53835,22893
7191,9129,3953
7192,41377,17663
7193,121982,51730
7194,122321,51865
7195,40625,17342
7196,23092,9883
7197,31067,13299
7198,3383,1488
7199,35004,15001
7200,37624,16110
7201,61164,25962
7202,15714,6762
7203,62987,26745
7204,96798,40966
7205,60880,25843
7206,43859,18722
7207,72435,30748
7208,88531,37485
7209,58926,25015
7210,92803,39290
7211,33544,14389
7212,110104,46621
7213,68170,28957
7214,36782,15731
7215,60257,25581
7216,24970,10700
7217,60809,25816
7218,124931,53042
7219,5449,2371
7220,66506,28236
7221,129702,55050
7222,3274,1436
7223,90472,38276
7224,40962,17494
7225,79120,33529
7226,55466,23581
7227,28476,12182
7228,128160,54418
7229,51654,22008
7230,45005,19215
7231,91267,38633
7232,56331,23945
7233,36302,15527
7234,35909,15375
7235,100515,42552
7236,16579,7136
7237,92776,39275
7238,40540,17305
7239,1314,560
7240,58957,25029
7241,14625,6295
7242,23717,10161
7243,68900,29267
7244,448,187
7245,9579,4148
7246,49932,21298
7247,63649,27013
7248,31464,13466
7249,21732,9313
7250,12824,5529
7251,24162,10353
7252,29001,12390
7253,16720,7197
7254,129833,55108
7255,79135,33537
7256,62324,26470
7257,5571,2417
7258,92160,39023
7259,106859,45227
7260,4522,1980
7261,43455,18563
7262,8825,3814
7263,80049,33927
7264,58065,24658
7265,84441,35836
7266,99196,41977
7267,97286,41171
7268,107261,45414
7269,45335,19359
7270,19161,8206
7271,9364,4049
7272,85258,36178
7273,65372,27757
7274,1675,722
7275,107087,45330
7276,79742,33798
7277,12292,5301
7278,39339,16821
7279,113800,48224
7280,6447,2847
7281,19564,8380
7282,125326,53216
7283,100670,42632
7284,129223,54855
7285,62638,26599
7286,103226,43669
7287,102308,43289
7288,119259,50553
7289,123377,52342
7290,15748,6778
7291,81838,34729
7292,79170,33553
7293,78371,33232
7294,127096,53972
7295,86644,36754
7296,34844,14930
7297,122168,51811
7298,73540,31199
7299,89007,37695
7300,82783,35136
7301,108735,46042
7302,117789,49928
7303,118018,50024
7304,79409,33660
7305,75956,32210
7306,50008,21331
7307,21472,9204
7308,72120,30620
7309,59004,25049
7310,92558,39179
7311,5777,2519
7312,126550,53720
7313,94163,39841
7314,98066,41511
7315,6085,2665
7316,120885,51267
7317,114731,48614
7318,37383,16001
7319,27557,11773
7320,37799,16181
7321,37822,16189
7322,88776,37593
7323,24870,10652
7324,116875,49534
7325,64020,27174
7326,98452,41687
7327,61801,26247
7328,40261,17194
7329,113660,48171
7330,55740,23704
7331,8766,3784
7332,36509,15614
7333,58271,24750
7334,9565,4141
7335,505,213
7336,110075,46610
7337,102520,43380
7338,5124,2244
7339,100698,42643
7340,108292,45853
7341,31246,13371
7342,81995,34797
7343,88907,37652
7344,85372,36227
7345,106776,45194
7346,4854,2125
7347,129070,54786
7348,112899,47869
7349,130298,55314
7350,109236,46264
7351,7776,3393
7352,76246,32338
7353,70722,30027
7354,35097,15039
7355,72619,30826
7356,16433,7072
7357,110528,46804
7358,87987,37264
7359,94806,40130
7360,19724,8458
7361,104734,44316
7362,81740,34684
7363,83662,35513
7364,28447,12170
7365,128067,54377
7366,46540,19835
7367,17178,7389
7368,123426,52371
7369,97326,41191
7370,93792,39685
7371,99888,42270
7372,70723,30028
7373,64547,27401
7374,117481,49792
7375,118864,50389
7376,64453,27363
7377,94925,40176
7378,129798,55097
7379,61300,26025
7380,65691,27890
7381,119179,50527
7382,97986,41475
7383,89636,37927
7384,16855,7256
7385,54072,22994
7386,107467,45502
7387,116847,49526
7388,24021,10293
7389,43798,18698
7390,44418,18966
7391,63216,26838
7392,1134,472
7393,56593,24059
7394,81623,34630
7395,124829,52995
7396,3607,1587
7397,21821,9352
7398,118540,50251
7399,1298,551
7400,26972,11548
7401,123789,52536
7402,83335,35376
7403,28499,12188
7404,2104,907
7405,19311,8274
7406,22336,9562
7407,701,300
7408,11517,4982
7409,126146,53560
7410,105398,44597
7411,43600,18619
7412,122235,51837
7413,104671,44288
7414,106854,45226
7415,50440,21503
7416,38432,16452
7417,122167,51810
7418,50386,21483
7419,108201,45809
7420,77061,32648
7421,12071,5215
7422,71827,30492
7423,65830,27949
7424,78175,33151
7425,117355,49738
7426,120476,51092
7427,7499,3289
7428,54080,22997
7429,59641,25310
7430,70495,29939
7431,87398,37039
7432,114012,48309
7433,80114,33955
7434,92901,39333
7435,104418,44173
7436,89721,37964
7437,6843,3014
7438,18837,8078
7439,117759,49914
7440,53198,22616
7441,8244,3573
7442,107189,45380
7443,59263,25158
7444,40349,17228
7445,20978,9002
7446,116440,49348
7447,39177,16755
7448,17474,7512
7449,44267,18896
7450,6367,2808
7451,81438,34551
7452,39569,16910
7453,101995,43159
7454,94049,39780
7455,19994,8566
7456,65343,27748
7457,63114,26794
7458,99297,42019
7459,52696,22423
7460,69630,29561
7461,11387,4939
7462,9498,4108
7463,51370,21880
7464,77944,33048
7465,2261,976
7466,31526,13493
7467,3812,1671
7468,18280,7851
7469,92969,39360
7470,120165,50953
7471,130068,55201
7472,29650,12679
7473,29802,12750
7474,16836,7246
7475,112423,47659
7476,116914,49553
7477,25953,11118
7478,31347,13414
7479,74502,31610
7480,40804,17425
7481,48277,20579
7482,65324,27738
7483,10352,4479
7484,114233,48404
7485,27958,11953
7486,129631,55019
7487,83208,35311
7488,56137,23865
7489,114026,48318
7490,60550,25708
7491,71313,30292
7492,13453,5800
7493,19720,8455
7494,99398,42060
7495,70162,29796
7496,125,56
7497,125990,53484
7498,116483,49367
7499,62262,26443
7500,127547,54151
7501,16680,7175
7502,10382,4490
7503,127481,54126
7504,15293,6590
7505,92796,39287
7506,104782,44337
7507,105279,44549
7508,92034,38967
7509,119512,50661
7510,43649,18640
7511,10481,4535
7512,53735,22847
7513,65494,27813
7514,9951,4299
7515,12386,5340
7516,82892,35171
7517,112618,47746
7518,94221,39874
7519,64734,27480
7520,96601,40873
7521,103323,43708
7522,69405,29464
7523,11962,5168
7524,69237,29398
7525,71777,30474
7526,115239,48843
7527,79717,33791
7528,65811,27941
7529,36947,15808
7530,121933,51702
7531,23931,10255
7532,86237,36596
7533,55463,23579
7534,43071,18387
7535,42176,18015
7536,117956,49996
7537,127902,54305
7538,43757,18677
7539,98650,41766
7540,84168,35716
7541,36454,15587
7542,98961,41888
7543,89344,37823
7544,87763,37184
7545,104125,44039
7546,81166,34435
7547,35649,15271
7548,42264,18052
7549,6008,2635
7550,95625,40465
7551,6589,2910
7552,119025,50460
7553,83545,35463
7554,1916,821
7555,117967,50001
7556,20675,8872
7557,99339,42035
7558,89910,38042
7559,95767,40512
7560,129653,55029
7561,42379,18103
7562,42356,18090
7563,8045,3500
7564,121265,51415
7565,49074,20913
7566,29354,12546
7567,115142,48803
7568,8040,3496
7569,94745,40101
7570,121418,51487
7571,24522,10496
7572,25442,10885
7573,53092,22577
7574,18205,7823
7575,92893,39328
7576,3031,1328
7577,31415,13442
7578,40473,17278
7579,120547,51121
7580,125424,53258
7581,101308,42881
7582,42818,18282
7583,34464,14760
7584,51936,22123
7585,98826,41833
7586,15833,6815
7587,71678,30436
7588,37934,16238
7589,18759,8049
7590,120281,51005
7591,49613,21144
7592,103174,43646
7593,10554,4567
7594,96694,40919
7595,102184,43240
7596,111295,47136
7597,128995,54755
7598,98668,41774
7599,102394,43323
7600,108012,45728
7601,49600,21139
7602,68592,29145
7603,98064,41510
7604,79384,33646
7605,21773,9331
7606,4842,2118
7607,53913,22928
7608,91825,38879
7609,90936,38479
7610,35186,15074
7611,78459,33273
7612,35417,15167
7613,71279,30277
7614,39540,16900
7615,91103,38555
7616,8824,3813
7617,114203,48393
7618,98130,41541
7619,111933,47410
7620,66162,28085
7621,65831,27950
7622,79874,33858
7623,4435,1947
7624,1276,537
7625,81590,34619
7626,100825,42693
7627,109702,46455
7628,104632,44268
7629,109660,46434
7630,14909,6426
7631,21893,9378
7632,68753,29212
7633,8680,3746
7634,116286,49281
7635,5543,2406
7636,57718,24508
7637,65203,27694
7638,53744,22852
7639,59325,25184
7640,128837,54694
7641,83493,35444
7642,65588,27847
7643,20321,8703
7644,52052,22162
7645,9992,4319
7646,112815,47825
7647,128403,54517
7648,98567,41730
7649,2561,1105
7650,90651,38357
7651,122660,52014
7652,126553,53723
7653,10756,4660
7654,82431,34983
7655,35264,15109
7656,125822,53418
7657,107049,45313
7658,36760,15722
7659,17892,7689
7660,24457,10464
7661,24844,10637
7662,129198,54841
7663,75520,32033
7664,123009,52166
7665,122743,52052
7666,117108,49636
7667,7712,3373
7668,70359,29877
7669,32266,13843
7670,23114,9896
7671,83756,35551
7672,472,197
7673,43635,18632
7674,124062,52664
7675,49350,21029
7676,2133,919
7677,127346,54069
7678,7440,3265
7679,3883,1701
7680,16715,7194
7681,7644,3341
7682,75037,31823
7683,13650,5890
7684,25874,11081
7685,57887,24582
7686,50631,21580
7687,103897,43947
7688,77812,32985
7689,105270,44545
7690,38790,16585
7691,118294,50156
7692,47631,20300
7693,33518,14376
7694,61785,26239
7695,62689,26619
7696,13262,5723
7697,42399,18116
7698,5877,2571
7699,104013,43990
7700,68603,29149
7701,85232,36161
7702,66990,28446
7703,95122,40271
7704,19419,8315
7705,101903,43122
7706,10705,4641
7707,74323,31537
7708,57985,24627
7709,114046,48325
7710,101795,43081
7711,42289,18062
7712,45818,19552
7713,80995,34369
7714,83113,35266
7715,9880,4269
7716,57654,24481
7717,29738,12720
7718,51703,22028
7719,87690,37156
7720,55387,23546
7721,22892,9795
7722,96380,40770
7723,12366,5328
7724,7243,3183
7725,62302,26459
7726,12792,5517
7727,98220,41577
7728,73840,31330
7729,67212,28540
7730,77372,32784
7731,40301,17206
7732,77199,32708
7733,81442,34553
7734,17505,7526
7735,21856,9370
7736,4941,2167
7737,128507,54563
7738,124735,52959
7739,33468,14357
7740,34703,14869
7741,82320,34935
7742,92291,39072
7743,33614,14425
7744,111455,47194
7745,75926,32198
7746,47504,20248
7747,112856,47845
7748,61873,26280
7749,118107,50065
7750,107244,45405
7751,82298,34927
7752,24276,10392
7753,93848,39706
7754,18840,8079
7755,59799,25384
7756,43265,18480
7757,99272,42006
7758,57444,24398
7759,74236,31502
7760,86827,36830
7761,33707,14459
7762,93864,39715
7763,107099,45339
7764,78822,33407
7765,20375,8734
7766,127031,53948
7767,55186,23463
7768,93138,39419
7769,95231,40310
7770,57596,24462
7771,57758,24527
7772,12512,5398
7773,96239,40716
7774,110472,46782
7775,62821,26670
7776,115346,48892
7777,115561,48989
7778,25905,11097
7779,115092,48776
7780,30337,12981
7781,79818,33831
7782,111955,47425
7783,79367,33639
7784,56396,23976
7785,115200,48825
7786,50018,21338
7787,46456,19799
7788,109655,46431
7789,81079,34405
7790,5570,2416
7791,35864,15356
7792,124900,53028
7793,95906,40571
7794,41077,17544
7795,59699,25342
7796,22405,9588
7797,91466,38730
7798,45720,19504
7799,46981,20033
7800,110267,46681
7801,86388,36659
7802,61955,26319
7803,129782,55090
7804,37369,15995
7805,65972,28009
7806,108226,45823
7807,76375,32384
7808,37727,16150
7809,104491,44209
7810,118166,50095
7811,128194,54436
7812,104991,44421
7813,70445,29917
7814,57539,24445
7815,116048,49182
7816,81935,34772
7817,83007,35220
7818,90303,38207
7819,73261,31097
7820,17596,7565
7821,110574,46824
7822,114588,48549
7823,106044,44872
7824,65123,27659
7825,83638,35504
7826,98935,41876
7827,61647,26178
7828,111483,47206
7829,84287,35765
7830,63010,26754
7831,50146,21384
7832,4537,1985
7833,121361,51460
7834,103150,43635
7835,104536,44221
7836,7279,3198
7837,89942,38053
7838,40833,17445
7839,107439,45490
7840,32866,14087
7841,47713,20333
7842,71916,30534
7843,100035,42328
7844,70888,30107
7845,99478,42091
7846,84033,35674
7847,125256,53180
7848,65424,27780
7849,70258,29834
7850,35229,15094
7851,91950,38933
7852,120717,51198
7853,37768,16165
7854,18518,7952
7855,48462,20665
7856,63779,27077
7857,29224,12491
7858,26105,11170
7859,65092,27645
7860,126597,53747
7861,42135,17999
7862,97932,41449
7863,18331,7877
7864,49024,20896
7865,98119,41538
7866,9574,4144
7867,34527,14787
7868,26589,11380
7869,106459,45050
7870,82205,34894
7871,101431,42930
7872,12909,5561
7873,128340,54486
7874,122135,51794
7875,19505,8353
7876,106168,44926
7877,37968,16257
7878,7177,3156
7879,9771,4226
7880,13758,5940
7881,113655,48167
7882,48879,20833
7883,19573,8387
7884,127149,53993
7885,20096,8606
7886,58879,24997
7887,7241,3182
7888,17193,7396
7889,51738,22047
7890,115302,48871
7891,119877,50829
7892,65058,27629
7893,7172,3152
7894,123215,52264
7895,76190,32315
7896,31329,13404
7897,115117,48786
7898,29119,12443
7899,43256,18474
7900,7688,3363
7901,78382,33237
7902,57488,24421
7903,117519,49810
7904,20677,8873
7905,18085,7773
7906,85011,36073
7907,100390,42495
7908,118441,50221
7909,111452,47193
7910,122458,51922
7911,92221,39047
7912,41882,17884
7913,74473,31599
7914,109196,46242
7915,22334,9560
7916,111083,47046
7917,23126,9900
7918,8959,3872
7919,107293,45428
7920,117680,49880
7921,22835,9770
7922,60431,25649
7923,81844,34733
7924,31505,13484
7925,82948,35196
7926,23788,10194
7927,71716,30449
7928,77331,32768
7929,9899,4278
7930,15913,6851
7931,97456,41241
7932,14508,6247
7933,16591,7142
7934,70644,30000
7935,24066,10310
7936,107271,45418
7937,43988,18778
7938,123986,52628
7939,31358,13422
7940,42021,17944
7941,94638,40059
7942,24710,10582
7943,85732,36382
7944,114900,48690
7945,55442,23569
7946,102603,43404
7947,94896,40161
7948,22098,9457
7949,124117,52691
7950,18666,8015
7951,32103,13761
7952,65483,27809
7953,95405,40380
7954,11662,5038
7955,43692,18656
7956,48751,20780
7957,48515,20683
7958,129716,55057
7959,79965,33892
7960,33792,14487
7961,84078,35686
7962,87184,36957
7963,111714,47307
7964,22435,9598
7965,109078,46196
7966,7774,3391
7967,36518,15618
7968,99330,42032
7969,39175,16754
7970,36864,15772
7971,70304,29855
7972,110183,46651
7973,122450,51919
7974,71068,30186
7975,22298,9547
7976,44974,19208
7977,26502,11335
7978,58245,24739
7979,113809,48227
7980,120565,51134
7981,71082,30197
7982,24105,10327
7983,91268,38634
7984,105794,44764
7985,129658,55031
7986,70641,29999
7987,37433,16023
7988,84435,35833
7989,88165,37341
7990,28912,12348
7991,37464,16039
7992,86463,36683
7993,42525,18170
7994,62852,26684
7995,88146,37335
7996,46130,19679
7997,65376,27760
7998,53147,22598
7999,92301,39077
8000,61932,26308
8001,124342,52786
8002,20255,8677
8003,31012,13274
8004,74161,31470
8005,61364,26053
8006,110636,46852
8007,119068,50478
8008,6071,2657
8009,26244,11222
8010,125638,53345
8011,110540,46811
8012,109807,46490
8013,84733,35959
8014,97950,41458
8015,117888,49968
8016,79536,33717
8017,56321,23939
8018,127805,54270
8019,58479,24838
8020,113079,47938
8021,93067,39396
8022,23468,10047
8023,111045,47030
8024,48096,20491
8025,67684,28744
8026,37311,15976
8027,99400,42061
8028,46919,20006
8029,119786,50793
8030,102196,43246
8031,109523,46373
8032,27992,11968
8033,52141,22206
8034,69819,29643
8035,36679,15690
8036,60323,25605
8037,66,28
8038,116209,49255
8039,114872,48680
8040,6283,2762
8041,9691,4196
8042,122189,51820
8043,31282,13386
8044,74109,31444
8045,45965,19604
8046,113390,48063
8047,64078,27202
8048,104022,43995
8049,101194,42840
8050,75221,31902
8051,28898,12341
8052,74290,31524
8053,74797,31734
8054,29680,12689
8055,124690,52937
8056,81246,34464
8057,83785,35568
8058,81434,34549
8059,29964,12823
8060,37969,16258
8061,103937,43962
8062,54772,23286
8063,13827,5969
8064,49978,21318
8065,48199,20542
8066,2457,1068
8067,30572,13076
8068,55918,23774
8069,108927,46127
8070,83553,35466
8071,82681,35087
8072,66778,28361
8073,102365,43311
8074,58460,24832
8075,22626,9677
8076,118574,50265
8077,62459,26523
8078,75262,31919
8079,9682,4192
8080,69658,29575
8081,6355,2798
8082,8845,3824
8083,73612,31235
8084,94643,40061
8085,48973,20878
8086,14143,6095
8087,98123,41540
8088,121387,51472
8089,23570,10091
8090,23857,10228
8091,72211,30653
8092,41953,17917
8093,82076,34831
8094,98401,41660
8095,14850,6396
8096,74891,31760
8097,124708,52948
8098,78978,33476
8099,37079,15869
8100,13051,5625
8101,87980,37260
8102,19576,8388
8103,111828,47363
8104,112592,47734
8105,14695,6335
8106,16486,7093
8107,3043,1337
8108,129219,54852
8109,23502,10059
8110,80699,34232
8111,115526,48975
8112,70883,30104
8113,88208,37356
8114,78961,33470
8115,22568,9653
8116,69216,29394
8117,16145,6949
8118,13892,5994
8119,77617,32897
8120,29132,12451
8121,25242,10802
8122,28396,12140
8123,25012,10712
8124,2216,951
8125,86199,36582
8126,88522,37481
8127,8747,3776
8128,11437,4953
8129,89540,37891
8130,64430,27352
8131,115696,49056
8132,55064,23414
8133,17067,7348
8134,108544,45961
8135,13712,5920
8136,55176,23458
8137,54676,23244
8138,94359,39942
8139,88375,37426
8140,89490,37874
8141,126798,53845
8142,37095,15876
8143,86308,36625
8144,385,156
8145,34433,14746
8146,16223,6978
8147,85724,36378
8148,102436,43342
8149,10960,4752
8150,128069,54379
8151,127034,53950
8152,27939,11941
8153,12653,5466
8154,127211,54014
8155,68448,29075
8156,13008,5606
8157,17438,7496
8158,56282,23923
8159,41777,17838
8160,58866,24993
8161,20878,8966
8162,24386,10441
8163,13301,5738
8164,22823,9762
8165,20456,8771
8166,125916,53458
8167,100328,42465
8168,58086,24672
8169,57951,24612
8170,8171,3544
8171,23977,10274
8172,9523,4122
8173,70215,29818
8174,123018,52169
8175,33524,14379
8176,60159,25542
8177,47262,20155
8178,112584,47730
8179,43348,18513
8180,129242,54865
8181,11200,4856
8182,79752,33800
8183,126937,53906
8184,40764,17409
8185,76215,32330
8186,33011,14151
8187,121826,51654
8188,1327,567
8189,75267,31921
8190,59774,25372
8191,93628,39623
8192,56951,24205
8193,453,191
8194,55347,23528
8195,70579,29978
8196,32201,13812
8197,90700,38376
8198,36784,15732
8199,3243,1419
8200,111960,47429
8201,9716,4207
8202,49922,21293
8203,4215,1840
8204,123376,52341
8205,45760,19526
8206,15626,6732
8207,43795,18696
8208,44453,18986
8209,5295,2309
8210,118941,50423
8211,97206,41141
8212,89895,38037
8213,109234,46263
8214,56242,23907
8215,65171,27677
8216,38256,16379
8217,53359,22689
8218,7286,3201
8219,81350,34509
8220,90696,38373
8221,103267,43683
8222,110695,46883
8223,27865,11909
8224,35239,15097
8225,22684,9703
8226,88069,37299
8227,34540,14796
8228,61965,26322
8229,11801,5102
8230,528,222
8231,126628,53761
8232,55247,23486
8233,77003,32622
8234,49710,21188
8235,25740,11025
8236,4756,2083
8237,76818,32555
8238,4564,1998
8239,95364,40363
8240,39551,16905
8241,123125,52223
8242,51220,21819
8243,10073,4358
8244,17328,7441
8245,97317,41187
8246,9466,4096
8247,42059,17961
8248,124395,52806
8249,30683,13119
8250,58555,24865
8251,79802,33827
8252,116443,49351
8253,106785,45198
8254,73416,31149
8255,41836,17865
8256,49189,20968
8257,45417,19387
8258,125380,53238
8259,13069,5633
8260,40702,17382
8261,18953,8124
8262,2836,1223
8263,127051,53954
8264,110655,46862
8265,106769,45190
8266,117069,49617
8267,88164,37340
8268,90055,38111
8269,82628,35062
8270,2754,1189
8271,106266,44965
8272,98902,41861
8273,39503,16883
8274,87715,37164
8275,6219,2736
8276,114557,48531
8277,92278,39068
8278,39282,16799
8279,21234,9110
8280,73018,30991
8281,103091,43612
8282,6291,2766
8283,120122,50932
8284,68278,28996
8285,19102,8183
8286,20766,8914
8287,52954,22526
8288,9346,4041
8289,103849,43927
8290,57396,24377
8291,18543,7962
8292,3584,1575
8293,51965,22132
8294,91240,38617
8295,63686,27031
8296,89119,37741
8297,76862,32572
8298,79458,33676
8299,79108,33523
8300,99331,42033
8301,124137,52701
8302,71602,30406
8303,59353,25198
8304,27309,11673
8305,59503,25260
8306,62267,26447
8307,30990,13263
8308,105388,44593
8309,15410,6634
8310,107459,45498
8311,56136,23864
8312,35249,15102
8313,98311,41619
8314,55258,23492
8315,84405,35820
8316,100074,42344
8317,18022,7742
8318,95478,40411
8319,49146,20954
8320,122371,51884
8321,17852,7670
8322,29759,12729
8323,115148,48805
8324,31019,13279
8325,83108,35264
8326,77456,32823
8327,109251,46274
8328,78117,33128
8329,69050,29328
8330,75283,31929
8331,30448,13025
8332,23424,10027
8333,9959,4303
8334,91293,38640
8335,43916,18743
8336,17698,7601
8337,126982,53925
8338,7229,3177
8339,82452,34991
8340,118533,50247
8341,123514,52406
8342,112576,47728
8343,128066,54376
8344,64471,27374
8345,118017,50023
8346,12109,5226
8347,68360,29034
8348,30832,13184
8349,6320,2781
8350,25566,10939
8351,127068,53961
8352,85038,36082
8353,100319,42461
8354,90857,38446
8355,41372,17660
8356,124952,53051
8357,39570,16911
8358,104465,44194
8359,52105,22185
8360,97681,41338
8361,127352,54072
8362,51746,22051
8363,14525,6254
8364,29357,12547
8365,33600,14419
8366,69942,29696
8367,66867,28397
8368,38092,16310
8369,80819,34290
8370,67181,28527
8371,38934,16639
8372,31459,13463
8373,6344,2793
8374,69984,29714
8375,80548,34161
8376,63426,26915
8377,29634,12671
8378,37973,16261
8379,117460,49784
8380,45067,19243
8381,102883,43530
8382,56131,23861
8383,69928,29688
8384,40558,17312
8385,13332,5749
8386,115517,48970
8387,17638,7581
8388,3214,1406
8389,26478,11323
8390,30323,12977
8391,129470,54951
8392,111835,47367
8393,110121,46628
8394,117627,49856
8395,120813,51236
8396,61462,26099
8397,66580,28274
8398,5696,2481
8399,42820,18284
8400,66779,28362
8401,59910,25433
8402,107498,45517
8403,86981,36879
8404,47038,20062
8405,53853,22902
8406,105924,44827
8407,80215,33994
8408,20493,8791
8409,106411,45029
8410,119436,50626
8411,93702,39654
8412,54361,23119
8413,48085,20483
8414,123566,52435
8415,94662,40066
8416,119183,50529
8417,45134,19272
8418,128128,54406
8419,81323,34499
8420,52226,22237
8421,98338,41632
8422,125289,53198
8423,54173,23036
8424,31840,13632
8425,94208,39868
8426,101773,43072
8427,15109,6513
8428,115393,48914
8429,115274,48857
8430,95213,40306
8431,116041,49179
8432,19587,8392
8433,107765,45622
8434,125263,53182
8435,73035,30996
8436,17435,7493
8437,57165,24288
8438,53187,22612
8439,88368,37422
8440,1698,731
8441,66949,28427
8442,18914,8107
8443,20397,8741
8444,25148,10763
8445,94170,39844
8446,49576,21131
8447,126842,53868
8448,76750,32526
8449,23022,9861
8450,125288,53197
8451,125788,53404
8452,106187,44934
8453,29448,12589
8454,7347,3227
8455,46407,19786
8456,9314,4024
8457,89225,37784
8458,84764,35972
8459,16991,7313
8460,11140,4825
8461,43639,18636
8462,93621,39621
8463,114136,48365
8464,106868,45232
8465,124689,52936
8466,60153,25540
8467,121760,51627
8468,91622,38793
8469,18635,7999
8470,17703,7603
8471,33828,14498
8472,124341,52785
8473,72621,30827
8474,22955,9827
8475,68627,29164
8476,60224,25568
8477,21509,9220
8478,13225,5706
8479,82238,34908
8480,14785,6368
8481,37112,15882
8482,64102,27211
8483,32404,13898
8484,110807,46927
8485,83316,35369
8486,16225,6979
8487,52046,22160
8488,16324,7022
8489,5368,2338
8490,104730,44315
8491,72609,30821
8492,65444,27791
8493,52953,22525
8494,88812,37611
8495,31623,13533
8496,37367,15994
8497,37268,15958
8498,61628,26168
8499,88494,37469
8500,10855,4704
8501,17040,7335
8502,84438,35834
8503,21570,9249
8504,116397,49329
8505,18387,7903
8506,4195,1831
8507,17340,7446
8508,14085,6068
8509,14964,6448
8510,96888,41012
8511,2176,934
8512,78780,33386
8513,45225,19322
8514,105825,44781
8515,101700,43042
8516,51209,21816
8517,49573,21129
8518,70105,29767
8519,85520,36286
8520,95607,40457
8521,46707,19905
8522,54076,22995
8523,93556,39597
8524,75377,31974
8525,93609,39617
8526,94377,39948
8527,20719,8890
8528,78636,33335
8529,22906,9804
8530,86327,36632
8531,51481,21932
8532,52423,22317
8533,73105,31029
8534,68870,29252
8535,125232,53169
8536,52063,22167
8537,99506,42101
8538,121749,51622
8539,6420,2831
8540,126337,53637
8541,102730,43462
8542,74232,31501
8543,81130,34418
8544,11819,5114
8545,130269,55293
8546,59450,25243
8547,117406,49758
8548,36260,15509
8549,117012,49596
8550,119608,50708
8551,32648,13997
8552,100160,42392
8553,37872,16213
8554,65848,27955
8555,62818,26668
8556,111821,47359
8557,106311,44985
8558,64414,27344
8559,114706,48601
8560,108124,45774
8561,72743,30880
8562,86219,36587
8563,30745,13150
8564,49059,20907
8565,45999,19623
8566,44073,18812
8567,97769,41372
8568,122753,52060
8569,14786,6369
8570,10185,4401
8571,80472,34122
8572,88142,37333
8573,130292,55308
8574,65716,27901
8575,68754,29213
8576,21582,9254
8577,110832,46938
8578,121229,51400
8579,72019,30578
8580,23894,10240
8581,102714,43454
8582,29530,12621
8583,40379,17241
8584,103926,43956
8585,70205,29813
8586,46161,19690
8587,66880,28402
8588,58346,24782
8589,68581,29141
8590,34529,14789
8591,44113,18834
8592,15862,6827
8593,40807,17428
8594,53172,22606
8595,106133,44908
8596,3972,1745
8597,68373,29041
8598,80372,34072
8599,49784,21223
8600,88843,37623
8601,128423,54525
8602,4062,1787
8603,105640,44700
8604,119627,50719
8605,83603,35489
8606,113298,48022
8607,110284,46690
8608,37707,16142
8609,6973,3077
8610,125024,53081
8611,105099,44468
8612,76114,32279
8613,52980,22539
8614,123551,52427
8615,52908,22507
8616,101119,42805
8617,92371,39105
8618,20282,8690
8619,80229,34002
8620,126154,53565
8621,23138,9906
8622,90518,38303
8623,32452,13918
8624,94978,40202
8625,82918,35185
8626,65898,27976
8627,25061,10735
8628,113997,48304
8629,27499,11752
8630,13735,5926
8631,108298,45856
8632,22953,9825
8633,116014,49170
8634,49485,21089
8635,36951,15810
8636,24833,10634
8637,114017,48312
8638,63040,26765
8639,55030,23401
8640,118716,50324
8641,94346,39934
8642,61851,26271
8643,1656,712
8644,94358,39941
8645,54960,23371
8646,97383,41210
8647,19268,8253
8648,81836,34728
8649,32701,14016
8650,105263,44543
8651,38453,16461
8652,109748,46473
8653,90470,38274
8654,118046,50042
8655,113070,47932
8656,3608,1588
8657,26849,11490
8658,63353,26887
8659,116036,49176
8660,130064,55199
8661,9081,3927
8662,35080,15032
8663,11103,4816
8664,121019,51314
8665,59811,25389
8666,24952,10693
8667,111648,47279
8668,37663,16124
8669,92272,39065
8670,127326,54059
8671,22479,9620
8672,120412,51057
8673,29800,12749
8674,6294,2768
8675,78679,33354
8676,116322,49297
8677,61645,26176
8678,45722,19505
8679,125776,53400
8680,87810,37203
8681,12875,5546
8682,111081,47045
8683,36862,15771
8684,71844,30498
8685,54476,23160
8686,45372,19371
8687,97450,41239
8688,50575,21557
8689,59149,25110
8690,47277,20157
8691,41270,17618
8692,97720,41354
8693,29193,12476
8694,55906,23767
8695,29626,12666
8696,56067,23834
8697,74001,31395
8698,110369,46730
8699,15288,6587
8700,29896,12794
8701,59752,25363
8702,52975,22537
8703,122374,51886
8704,76868,32575
8705,14631,6300
8706,83568,35475
8707,6620,2920
8708,79469,33682
8709,39535,16898
8710,92527,39167
8711,43339,18508
8712,66273,28132
8713,32312,13857
8714,119902,50843
8715,6650,2935
8716,63193,26825
8717,38325,16408
8718,83467,35437
8719,25666,10993
8720,121551,51551
8721,32126,13772
8722,67679,28742
8723,122913,52127
8724,95096,40259
8725,17402,7474
8726,2563,1106
8727,26993,11556
8728,26674,11421
8729,28034,11991
8730,46228,19712
8731,45829,19557
8732,98834,41836
8733,95491,40416
8734,25461,10894
8735,19850,8511
8736,34914,14958
8737,52795,22456
8738,49221,20984
8739,16367,7037
8740,117908,49974
8741,97989,41477
8742,83182,35298
8743,39785,17003
8744,44153,18851
8745,96177,40683
8746,28344,12118
8747,71674,30434
8748,89033,37710
8749,41352,17654
8750,103679,43852
8751,74691,31688
8752,72659,30847
8753,65012,27605
8754,112802,47819
8755,18696,8024
8756,118309,50161
8757,104871,44373
8758,47768,20349
8759,41517,17729
8760,108523,45952
8761,114510,48515
8762,22760,9735
8763,31948,13684
8764,113790,48220
8765,47430,20217
8766,26720,11437
8767,50533,21539
8768,79622,33749
8769,95845,40543
8770,15157,6531
8771,27844,11902
8772,109285,46284
8773,40566,17317
8774,107351,45454
8775,51637,22000
8776,118078,50052
8777,65798,27936
8778,106558,45098
8779,85223,36155
8780,3799,1667
8781,116237,49268
8782,18872,8091
8783,96180,40685
8784,60,24
8785,87374,37031
8786,118130,50075
8787,90299,38205
8788,42230,18035
8789,105669,44713
8790,11794,5099
8791,45594,19452
8792,23896,10241
8793,128037,54363
8794,5935,2604
8795,85229,36159
8796,124939,53046
8797,50035,21345
8798,78337,33216
8799,57899,24587
8800,19104,8184
8801,78965,33472
8802,116670,49447
8803,83268,35347
8804,57764,24530
8805,45700,19495
8806,95476,40410
8807,44436,18975
8808,72303,30691
8809,32160,13790
8810,125765,53395
8811,124028,52645
8812,128092,54389
8813,40672,17366
8814,106928,45259
8815,5266,2298
8816,18214,7829
8817,7537,3309
8818,10,3
8819,15999,6889
8820,80448,34110
8821,18081,7772
8822,1835,785
8823,126803,53847
8824,48953,20870
8825,20622,8845
8826,65193,27688
8827,54927,23359
8828,112611,47742
8829,128199,54437
8830,57952,24613
8831,103164,43640
8832,36000,15411
8833,109044,46179
8834,78564,33311
8835,88026,37281
8836,69306,29427
8837,27403,11713
8838,112872,47855
8839,120340,51027
8840,43010,18364
8841,3051,1341
8842,112609,47741
8843,11147,4829
8844,68976,29301
8845,45610,19461
8846,129574,54993
8847,104034,44001
8848,31081,13302
8849,553,232
8850,73844,31332
8851,102937,43551
8852,17431,7490
8853,25897,11092
8854,27205,11630
8855,109862,46516
8856,111911,47394
8857,3721,1629
8858,32314,13858
8859,12919,5566
8860,43396,18537
8861,87808,37201
8862,44544,19029
8863,70732,30031
8864,17154,7382
8865,50460,21512
8866,106200,44939
8867,119872,50827
8868,98239,41583
8869,116123,49212
8870,62537,26554
8871,27562,11776
8872,97744,41364
8873,49752,21208
8874,34402,14731
8875,102518,43379
8876,65771,27922
8877,101786,43077
8878,27333,11683
8879,100684,42637
8880,49768,21215
8881,22003,9414
8882,21300,9137
8883,12467,5372
8884,65853,27957
8885,117667,49873
8886,53229,22628
8887,22881,9789
8888,110290,46695
8889,46239,19719
8890,113519,48110
8891,25323,10837
8892,84818,35992
8893,14654,6312
8894,120246,50992
8895,25886,11087
8896,17318,7437
8897,21133,9065
8898,54170,23034
8899,65227,27704
8900,16499,7099
8901,27680,11833
8902,109118,46212
8903,82091,34837
8904,118866,50391
8905,87401,37041
8906,14423,6215
8907,23349,9999
8908,86001,36499
8909,10593,4585
8910,42970,18349
8911,105683,44720
8912,63210,26835
8913,14541,6261
8914,70956,30137
8915,5812,2540
8916,120599,51148
8917,94471,39987
8918,34567,14803
8919,53704,22836
8920,67146,28510
8921,64119,27217
8922,37858,16208
8923,96230,40709
8924,46361,19766
8925,129488,54955
8926,51534,21959
8927,67410,28628
8928,60142,25536
8929,4819,2108
8930,4850,2123
8931,85353,36219
8932,32043,13730
8933,59266,25159
8934,8145,3535
8935,107840,45653
8936,124107,52683
8937,73072,31014
8938,127857,54285
8939,21177,9085
8940,109239,46266
8941,30802,13172
8942,128311,54477
8943,37570,16084
8944,84534,35872
8945,68075,28916
8946,15196,6547
8947,4287,1875
8948,61920,26302
8949,84594,35900
8950,125614,53340
8951,40617,17340
8952,114114,48357
8953,7431,3262
8954,74532,31626
8955,116686,49455
8956,10530,4551
8957,105686,44722
8958,81443,34554
8959,82011,34804
8960,83339,35377
8961,83842,35594
8962,24309,10406
8963,67987,28880
8964,29096,12432
8965,82309,34932
8966,101076,42786
8967,60355,25621
8968,86683,36766
8969,566,238
8970,64337,27303
8971,37684,16133
8972,127518,54139
8973,82090,34836
8974,58714,24926
8975,50850,21665
8976,47168,20122
8977,55272,23497
8978,69977,29711
8979,8697,3753
8980,51785,22067
8981,62913,26714
8982,61448,26094
8983,78163,33147
8984,55972,23799
8985,128431,54528
8986,8843,3822
8987,121028,51317
8988,44799,19141
8989,42827,18288
8990,87731,37171
8991,86846,36836
8992,80961,34357
8993,30916,13229
8994,56822,24156
8995,87996,37268
8996,27800,11881
8997,106021,44858
8998,77622,32899
8999,32041,13728
9000,80473,34123
9001,113781,48218
9002,11504,4975
9003,88675,37544
9004,22305,9548
9005,44384,18950
9006,6908,3046
9007,63130,26802
9008,31590,13520
9009,22922,9812
9010,87599,37125
9011,108936,46132
9012,42589,18197
9013,10004,4322
9014,9549,4133
9015,113996,48303
9016,92393,39114
9017,82751,35120
9018,76824,32557
9019,31479,13471
9020,95218,40307
9021,49309,21012
9022,79374,33641
9023,61652,26181
9024,43096,18401
9025,27302,11670
9026,124521,52862
9027,31449,13458
9028,63671,27024
9029,40335,17220
9030,15548,6694
9031,17734,7615
9032,25669,10995
9033,27420,11721
9034,104387,44156
9035,80061,33933
9036,97343,41199
9037,35560,15237
9038,86952,36870
9039,5712,2487
9040,48357,20616
9041,106161,44922
9042,97758,41368
9043,99324,42028
9044,124133,52698
9045,67448,28644
9046,27947,11948
9047,123237,52273
9048,26456,11313
9049,34808,14912
9050,128663,54633
9051,54594,23212
9052,7800,3401
9053,80278,34024
9054,22307,9550
9055,20584,8829
9056,54469,23157
9057,56465,24004
9058,35586,15250
9059,87075,36913
9060,31617,13531
9061,87180,36955
9062,44198,18867
9063,13745,5932
9064,44496,19003
9065,20095,8605
9066,23,10
9067,7484,3281
9068,68936,29283
9069,16621,7154
9070,60464,25664
9071,41020,17522
9072,44865,19163
9073,50925,21698
9074,62130,26394
9075,122891,52117
9076,10413,4509
9077,69113,29354
9078,105573,44668
9079,74747,31712
9080,79954,33885
9081,24879,10659
9082,17372,7460
9083,10838,4696
9084,98267,41595
9085,13413,5780
9086,78218,33173
9087,119229,50544
9088,25344,10848
9089,32777,14044
9090,58719,24927
9091,12432,5361
9092,67505,28667
9093,41062,17539
9094,46828,19960
9095,110587,46831
9096,115999,49165
9097,69162,29376
9098,124793,52980
9099,75076,31842
9100,35517,15213
9101,19608,8403
9102,120751,51214
9103,104019,43993
9104,77462,32826
9105,26731,11444
9106,93717,39661
9107,120661,51172
9108,123407,52359
9109,37846,16198
9110,56237,23905
9111,61112,25941
9112,99352,42040
9113,100710,42649
9114,42925,18331
9115,105372,44587
9116,119684,50747
9117,45291,19344
9118,105241,44530
9119,38058,16293
9120,5906,2587
9121,97544,41279
9122,99251,41999
9123,21290,9133
9124,82635,35066
9125,122893,52119
9126,23168,9922
9127,105527,44651
9128,77362,32780
9129,69003,29315
9130,126681,53790
9131,73208,31072
9132,36479,15602
9133,105390,44594
9134,15301,6595
9135,23142,9908
9136,25804,11055
9137,53665,22818
9138,97703,41345
9139,96206,40697
9140,19406,8310
9141,544,229
9142,44893,19177
9143,7223,3174
9144,55362,23532
9145,104579,44244
9146,59932,25444
9147,108277,45846
9148,23668,10147
9149,116652,49440
9150,25265,10815
9151,61922,26303
9152,119562,50686
9153,23064,9875
9154,27645,11812
9155,14526,6255
9156,53819,22883
9157,9783,4232
9158,112871,47854
9159,27794,11877
9160,41368,17658
9161,13128,5662
9162,75563,32057
9163,58904,25005
9164,23264,9954
9165,23919,10250
9166,44070,18811
9167,57555,24454
9168,43153,18420
9169,121170,51377
9170,49791,21226
9171,129807,55102
9172,4997,2192
9173,104435,44181
9174,105876,44802
9175,18485,7939
9176,10696,4637
9177,1448,625
9178,72713,30871
9179,31508,13486
9180,73283,31102
9181,57931,24600
9182,55871,23748
9183,9030,3905
9184,88504,37473
9185,22735,9725
9186,39895,17053
9187,30394,13002
9188,92968,39359
9189,95211,40305
9190,13688,5907
9191,58743,24943
9192,88173,37345
9193,114437,48485
9194,52415,22313
9195,53638,22805
9196,121024,51315
9197,95163,40287
9198,25488,10905
9199,95158,40284
9200,80908,34332
9201,52526,22356
9202,65126,27660
9203,77398,32794
9204,118089,50059
9205,50505,21529
9206,29077,12422
9207,25404,10873
9208,25441,10884
9209,44358,18940
9210,65137,27665
9211,90106,38132
9212,62887,26701
9213,34634,14834
9214,5824,2546
9215,49965,21312
9216,97475,41247
9217,23764,10185
9218,41771,17836
9219,58393,24804
9220,72805,30911
9221,109715,46459
9222,1354,583
9223,69530,29521
9224,32786,14047
9225,73734,31288
9226,83319,35370
9227,101044,42772
9228,57204,24305
9229,20054,8584
9230,46197,19698
9231,67754,28780
9232,57724,24510
9233,103694,43858
9234,79143,33542
9235,21071,9038
9236,123839,52565
9237,64398,27335
9238,124232,52743
9239,67481,28658
9240,96313,40743
9241,101561,42976
9242,85767,36399
9243,104161,44058
9244,102223,43257
9245,119564,50688
9246,12016,5193
9247,68111,28932
9248,21852,9368
9249,103616,43833
9250,47974,20434
9251,60313,25599
9252,92033,38966
9253,94174,39848
9254,109723,46464
9255,83348,35382
9256,101846,43101
9257,56458,24003
9258,112035,47461
9259,125022,53079
9260,105287,44555
9261,26442,11308
9262,34670,14853
9263,33161,14223
9264,124586,52896
9265,29606,12654
9266,51308,21853
9267,58952,25025
9268,2154,924
9269,32757,14038
9270,41500,17723
9271,33249,14259
9272,121035,51321
9273,82048,34821
9274,74184,31482
9275,113839,48238
9276,46808,19952
9277,80133,33963
9278,57076,24254
9279,30978,13256
9280,79899,33869
9281,7085,3117
9282,98418,41672
9283,79507,33704
9284,84727,35956
9285,21909,9383
9286,100945,42739
9287,104576,44241
9288,59205,25133
9289,120117,50929
9290,31955,13689
9291,34077,14595
9292,111591,47250
9293,68049,28906
9294,61871,26279
9295,102434,43341
9296,12785,5513
9297,81158,34430
9298,22517,9635
9299,73442,31158
9300,75937,32202
9301,116499,49377
9302,100883,42719
9303,32214,13821
9304,20660,8862
9305,44069,18810
9306,83802,35577
9307,41786,17842
9308,63372,26894
9309,29686,12693
9310,30809,13175
9311,104359,44146
9312,21750,9324
9313,13,4
9314,2420,1050
9315,73838,31329
9316,112343,47614
9317,71116,30210
9318,22856,9780
9319,1390,595
9320,3350,1473
9321,61655,26182
9322,10986,4763
9323,6754,2975
9324,48060,20470
9325,31894,13654
9326,839,361
9327,38153,16335
9328,24314,10409
9329,51473,21930
9330,113956,48287
9331,16060,6911
9332,103717,43869
9333,52945,22522
9334,98571,41731
9335,70245,29830
9336,82233,34907
9337,85726,36379
9338,82021,34809
9339,1417,607
9340,43460,18565
9341,34505,14777
9342,42178,18017
9343,80111,33953
9344,116718,49470
9345,83114,35267
9346,121996,51738
9347,5345,2327
9348,19353,8293
9349,33059,14179
9350,21566,9247
9351,104203,44078
9352,44082,18816
9353,58729,24936
9354,6873,3026
9355,37008,15831
9356,25787,11047
9357,38772,16580
9358,5580,2424
9359,28729,12274
9360,101255,42867
9361,76025,32243
9362,12450,5368
9363,48999,20886
9364,61788,26242
9365,49601,21140
9366,13630,5880
9367,109917,46540
9368,93362,39504
9369,117862,49960
9370,87082,36915
9371,113299,48023
9372,45877,19575
9373,52074,22173
9374,35320,15132
9375,63039,26764
9376,67830,28815
9377,105285,44553
9378,15625,6731
9379,66409,28189
9380,78423,33253
9381,46100,19664
9382,100597,42602
9383,44753,19118
9384,79006,33485
9385,128365,54498
9386,37563,16083
9387,52793,22455
9388,87701,37159
9389,97281,41169
9390,26295,11246
9391,130073,55203
9392,115794,49096
9393,79102,33521
9394,126755,53825
9395,95065,40245
9396,43205,18448
9397,62246,26437
9398,126334,53635
9399,58307,24765
9400,58382,24801
9401,16135,6945
9402,36267,15511
9403,77530,32862
9404,83919,35628
9405,108713,46036
9406,101416,42920
9407,1028,424
9408,115780,49088
9409,29517,12616
9410,88533,37487
9411,115825,49108
9412,32802,14058
9413,86094,36538
9414,27608,11794
9415,67347,28597
9416,11752,5077
9417,108149,45787
9418,84806,35987
9419,10650,4614
9420,128010,54352
9421,52501,22344
9422,109833,46501
9423,94982,40203
9424,69510,29510
9425,66059,28040
9426,26263,11231
9427,74003,31396
9428,65399,27766
9429,52122,22195
9430,15505,6670
9431,12681,5473
9432,68599,29147
9433,129499,54961
9434,3311,1451
9435,66910,28416
9436,27437,11727
9437,127318,54054
9438,26431,11303
9439,23777,10189
9440,68730,29200
9441,73496,31179
9442,44045,18801
9443,96469,40818
9444,16794,7230
9445,85305,36195
9446,106199,44938
9447,127104,53977
9448,105747,44745
9449,10359,4484
9450,31671,13550
9451,64126,27222
9452,125382,53239
9453,17953,7712
9454,43261,18476
9455,33402,14329
9456,28765,12289
9457,39670,16954
9458,91496,38742
9459,72954,30967
9460,128503,54561
9461,62067,26370
9462,111147,47080
9463,679,289
9464,16703,7185
9465,83645,35506
9466,84095,35692
9467,33968,14560
9468,75738,32121
9469,48067,20474
9470,65995,28015
9471,89763,37986
9472,31635,13540
9473,84961,36050
9474,75561,32056
9475,27903,11926
9476,95040,40234
9477,74198,31488
9478,25623,10967
9479,129022,54764
9480,95401,40378
9481,86670,36760
9482,125849,53428
9483,32247,13832
9484,115940,49144
9485,22510,9632
9486,64415,27345
9487,37517,16064
9488,104699,44304
9489,103609,43830
9490,92201,39042
9491,79314,33615
9492,54685,23247
9493,26100,11169
9494,11050,4795
9495,18549,7964
9496,34545,14797
9497,29949,12816
9498,89728,37969
9499,113720,48197
9500,95627,40466
9501,34845,14931
9502,61249,26007
9503,10076,4360
9504,34887,14947
9505,70692,30017
9506,113570,48133
9507,79427,33667
9508,51910,22112
9509,80733,34249
9510,123536,52420
9511,106771,45192
9512,128805,54679
9513,60062,25498
9514,14225,6131
9515,72310,30694
9516,106914,45253
9517,37919,16233
9518,19079,8169
9519,8525,3687
9520,121633,51575
9521,92577,39191
9522,23765,10186
9523,84226,35740
9524,126914,53899
9525,50825,21657
9526,19612,8405
9527,56853,24165
9528,94632,40057
9529,59190,25127
9530,35033,15011
9531,70150,29789
9532,99823,42242
9533,116961,49574
9534,34466,14761
9535,18905,8101
9536,93603,39614
9537,75302,31940
9538,87237,36981
9539,97403,41218
9540,67025,28462
9541,73122,31038
9542,78957,33469
9543,62556,26560
9544,63546,26961
9545,96577,40861
9546,68172,28958
9547,18899,8099
9548,8007,3484
9549,21740,9319
9550,171,79
9551,31134,13320
9552,93784,39683
9553,10283,4448
9554,94852,40143
9555,87719,37165
9556,88171,37344
9557,119767,50785
9558,111565,47239
9559,79389,33648
9560,123093,52208
9561,93007,39370
9562,77921,33038
9563,94160,39840
9564,50670,21595
9565,94173,39847
9566,120490,51097
9567,86163,36565
9568,64646,27442
9569,94889,40157
9570,13809,5960
9571,81404,34536
9572,17600,7568
9573,78038,33091
9574,116780,49495
9575,111537,47228
9576,53256,22638
9577,48825,20807
9578,37910,16228
9579,93854,39709
9580,22280,9537
9581,40481,17282
9582,55622,23649
9583,91611,38787
9584,79380,33644
9585,48300,20590
9586,31224,13359
9587,20481,8785
9588,43816,18705
9589,55246,23485
9590,39514,16889
9591,82232,34906
9592,126757,53827
9593,60638,25741
9594,83764,35555
9595,9386,4057
9596,55491,23593
9597,51257,21834
9598,25839,11065
9599,62860,26688
9600,1979,852
9601,79144,33543
9602,14329,6178
9603,27910,11929
9604,81514,34587
9605,77889,33022
9606,50617,21574
9607,5684,2476
9608,53326,22670
9609,101623,43004
9610,53932,22935
9611,29557,12632
9612,91266,38632
9613,110415,46751
9614,86336,36635
9615,79138,33539
9616,56357,23957
9617,30071,12871
9618,44482,18999
9619,125051,53094
9620,112299,47594
9621,80068,33937
9622,33007,14148
9623,52962,22532
9624,33870,14515
9625,54620,23226
9626,632,263
9627,26892,11510
9628,16809,7235
9629,95291,40334
9630,101369,42899
9631,97355,41203
9632,49463,21080
9633,64029,27179
9634,87636,37137
9635,91045,38532
9636,15891,6842
9637,15437,6645
9638,114868,48678
9639,108913,46123
9640,117408,49759
9641,51945,22124
9642,99206,41982
9643,93070,39398
9644,30301,12968
9645,23566,10088
9646,97134,41116
9647,77825,32994
9648,33036,14165
9649,96332,40751
9650,60457,25659
9651,69147,29369
9652,82442,34986
9653,117161,49659
9654,21394,9172
9655,85514,36282
9656,103573,43820
9657,46951,20021
9658,31338,13407
9659,70394,29895
9660,32787,14048
9661,19266,8252
9662,80545,34159
9663,67311,28577
9664,118883,50395
9665,111505,47218
9666,52195,22223
9667,61576,26146
9668,68607,29152
9669,101872,43110
9670,51723,22042
9671,87446,37062
9672,84698,35940
9673,55824,23730
9674,99787,42223
9675,76728,32517
9676,104185,44068
9677,53873,22913
9678,18297,7859
9679,110347,46720
9680,92892,39327
9681,99820,42239
9682,17927,7704
9683,60490,25680
9684,50399,21486
9685,92852,39313
9686,96258,40722
9687,109101,46203
9688,84535,35873
9689,101415,42919
9690,126712,53805
9691,109219,46255
9692,111998,47445
9693,111010,47018
9694,1031,425
9695,120729,51203
9696,67838,28819
9697,9370,4051
9698,59528,25271
9699,100263,42438
9700,53274,22649
9701,61833,26260
9702,42391,18110
9703,35438,15177
9704,22832,9767
9705,8461,3668
9706,59854,25405
9707,116112,49207
9708,52715,22427
9709,71621,30413
9710,32090,13756
9711,125456,53273
9712,94954,40189
9713,124697,52940
9714,52356,22292
9715,23650,10137
9716,30944,13242
9717,116349,49306
9718,78108,33123
9719,122909,52124
9720,72299,30688
9721,117489,49798
9722,82764,35124
9723,30796,13169
9724,112071,47477
9725,119987,50875
9726,70671,30010
9727,99708,42188
9728,41258,17613
9729,22696,9710
9730,1555,671
9731,47431,20218
9732,22247,9523
9733,4967,2178
9734,63789,27080
9735,26820,11482
9736,94269,39897
9737,128181,54427
9738,69790,29631
9739,35188,15076
9740,70632,29996
9741,72829,30921
9742,78390,33241
9743,102125,43214
9744,79460,33678
9745,53046,22562
9746,77541,32867
9747,52191,22221
9748,94135,39829
9749,43478,18576
9750,2423,1052
9751,108397,45903
9752,90806,38424
9753,128480,54550
9754,75800,32150
9755,107036,45308
9756,49863,21261
9757,99768,42210
9758,58173,24701
9759,121452,51500
9760,60704,25770
9761,84952,36044
9762,4829,2111
9763,79510,33706
9764,48615,20726
9765,87235,36979
9766,95013,40219
9767,86172,36569
9768,39744,16984
9769,123999,52634
9770,65540,27831
9771,41629,17776
9772,98013,41487
9773,61339,26041
9774,114271,48419
9775,119181,50528
9776,39919,17062
9777,33473,14360
9778,75728,32117
9779,65999,28019
9780,19674,8436
9781,115481,48953
9782,102104,43203
9783,71856,30506
9784,61664,26188
9785,48584,20716
9786,25982,11129
9787,2612,1131
9788,52524,22355
9789,16976,7307
9790,41388,17669
9791,106422,45034
9792,126965,53920
9793,126093,53533
9794,93152,39427
9795,80417,34091
9796,107659,45583
9797,57501,24425
9798,30094,12878
9799,77894,33026
9800,123560,52432
9801,74520,31619
9802,109050,46183
9803,48301,20591
9804,58525,24854
9805,36575,15646
9806,119538,50675
9807,97357,41204
9808,123524,52414
9809,94238,39882
9810,95475,40409
9811,69531,29522
9812,40528,17300
9813,23562,10086
9814,40411,17253
9815,62925,26719
9816,20101,8607
9817,62752,26643
9818,40995,17512
9819,66556,28261
9820,120194,50969
9821,78993,33480
9822,84199,35730
9823,41360,17655
9824,39312,16808
9825,82426,34982
9826,90947,38484
9827,128592,54607
9828,89311,37810
9829,62865,26690
9830,76647,32492
9831,38761,16574
9832,34983,14990
9833,123535,52419
9834,92037,38969
9835,34980,14988
9836,71126,30213
9837,67031,28464
9838,29263,12507
9839,100889,42720
9840,113610,48148
9841,22812,9761
9842,14580,6280
9843,5847,2556
9844,26575,11374
9845,46398,19781
9846,124029,52646
9847,44042,18800
9848,21849,9366
9849,105522,44649
9850,129064,54782
9851,890,378
9852,76428,32409
9853,67142,28508
9854,12843,5534
9855,11685,5048
9856,21035,9024
9857,58246,24740
9858,71194,30238
9859,124645,52922
9860,43152,18419
9861,112573,47725
9862,7197,3165
9863,13893,5995
9864,60391,25634
9865,115031,48754
9866,82026,34812
9867,119680,50745
9868,76046,32251
9869,72219,30656
9870,26782,11463
9871,108265,45843
9872,67337,28590
9873,123328,52315
9874,117911,49976
9875,37422,16017
9876,59010,25052
9877,106083,44885
9878,47462,20229
9879,117257,49695
9880,30535,13059
9881,46341,19758
9882,60220,25566
9883,12818,5525
9884,6437,2841
9885,122397,51895
9886,129513,54968
9887,105433,44615
9888,19464,8332
9889,25689,11004
9890,128123,54404
9891,129546,54980
9892,10793,4676
9893,114881,48685
9894,96609,40877
9895,63630,27005
9896,116334,49301
9897,73970,31383
9898,23956,10267
9899,90490,38282
9900,41951,17915
9901,86316,36628
9902,34112,14607
9903,8448,3658
9904,28911,12347
9905,108069,45754
9906,15861,6826
9907,93736,39668
9908,49803,21233
9909,18951,8123
9910,118564,50261
9911,72772,30892
9912,63477,26937
9913,114684,48590
9914,39239,16781
9915,14821,6381
9916,99363,42045
9917,69072,29338
9918,14494,6242
9919,108667,46013
9920,130328,55331
9921,33910,14535
9922,44798,19140
9923,59214,25137
9924,65283,27723
9925,13356,5758
9926,100543,42567
9927,4436,1948
9928,42563,18186
9929,121701,51604
9930,122595,51982
9931,97266,41163
9932,1718,741
9933,85173,36135
9934,114474,48498
9935,30782,13163
9936,16335,7027
9937,117591,49839
9938,51342,21868
9939,50862,21672
9940,121652,51585
9941,40425,17259
9942,31166,13336
9943,53703,22835
9944,72629,30831
9945,13435,5789
9946,122389,51893
9947,58412,24809
9948,32737,14031
9949,122671,52019
9950,69317,29433
9951,64884,27546
9952,41012,17519
9953,21539,9233
9954,117950,49992
9955,93813,39694
9956,111058,47036
9957,73238,31086
9958,45235,19326
9959,92583,39193
9960,128308,54476
9961,55417,23558
9962,84863,36011
9963,100270,42440
9964,68068,28913
9965,81526,34596
9966,77414,32802
9967,81124,34414
9968,90584,38333
9969,80302,34034
9970,23567,10089
9971,121272,51420
9972,6992,3086
9973,122644,52007
9974,126756,53826
9975,77627,32904
9976,87012,36890
9977,53732,22846
9978,95362,40362
9979,23818,10210
9980,23212,9938
9981,108931,46130
9982,64711,27466
9983,116268,49274
9984,56954,24207
9985,49424,21066
9986,12338,5316
9987,94737,40097
9988,76173,32306
9989,39868,17041
9990,31231,13364
9991,101609,42996
9992,42723,18252
9993,2960,1286
9994,50436,21500
9995,13388,5769
9996,57940,24605
9997,6389,2818
9998,36459,15590
9999,87583,37118
10000,95248,40317
10001,97302,41180
10002,77759,32964
10003,19324,8278
10004,79110,33524
10005,86971,36874
10006,27760,11866
10007,96048,40636
10008,16151,6951
10009,71236,30257
10010,96348,40761
10011,129490,54956
10012,84315,35777
10013,34232,14654
10014,21571,9250
10015,8916,3852
10016,48341,20607
10017,66379,28179
10018,122921,52130
10019,71930,30542
10020,35592,15252
10021,23584,10101
10022,123285,52295
10023,79125,33531
10024,87084,36916
10025,9471,4100
10026,99515,42107
10027,31947,13683
10028,18844,8081
10029,37706,16141
10030,47420,20213
10031,109546,46384
10032,106973,45276
10033,49783,21222
10034,93093,39404
10035,90831,38433
10036,3635,1599
10037,96130,40667
10038,79464,33680
10039,98795,41824
10040,75576,32062
10041,76003,32231
10042,120437,51069
10043,88714,37564
10044,62201,26421
10045,19397,8308
10046,4151,1817
10047,28081,12012
10048,55284,23502
10049,32793,14052
10050,48639,20738
10051,111756,47330
10052,26665,11417
10053,5676,2470
10054,109793,46486
10055,54702,23257
10056,74923,31772
10057,17036,7334
10058,109333,46301
10059,114354,48452
10060,59964,25459
10061,64229,27264
10062,6720,2959
10063,3296,1447
10064,26128,11178
10065,95469,40407
10066,56777,24138
10067,3688,1617
10068,2008,865
10069,34075,14594
10070,55301,23512
10071,66330,28153
10072,23113,9895
10073,14578,6278
10074,108363,45886
10075,14056,6054
10076,19176,8217
10077,38735,16565
10078,66984,28444
10079,14745,6354
10080,68354,29032
10081,92775,39274
10082,64478,27375
10083,90562,38322
10084,96497,40829
10085,129168,54831
10086,86610,36740
10087,45874,19574
10088,25231,10795
10089,5596,2433
10090,127634,54192
10091,24458,10465
10092,33023,14159
10093,114392,48465
10094,37242,15944
10095,103799,43902
10096,93794,39687
10097,74665,31670
10098,69995,29719
10099,84487,35852
10100,57910,24591
10101,12979,5593
10102,65458,27797
10103,26610,11391
10104,41310,17635
10105,112316,47601
10106,44477,18997
10107,105283,44552
10108,91331,38661
10109,124115,52689
10110,93652,39633
10111,90188,38163
10112,80261,34017
10113,129193,54838
10114,109233,46262
10115,82833,35149
10116,94946,40185
10117,28681,12254
10118,48707,20761
10119,31737,13579
10120,110913,46974
10121,92936,39347
10122,120844,51249
10123,128531,54576
10124,105350,44577
10125,109908,46535
10126,84503,35859
10127,50855,21667
10128,4683,2049
10129,56741,24123
10130,11123,4819
10131,40273,17198
10132,64067,27195
10133,60034,25491
10134,80050,33928
10135,5950,2612
10136,14195,6120
10137,58234,24733
10138,126890,53888
10139,6392,2821
10140,45137,19275
10141,9625,4166
10142,71886,30520
10143,107959,45710
10144,122035,51753
10145,19948,8547
10146,35894,15368
10147,71594,30401
10148,118375,50190
10149,129960,55158
10150,117343,49729
10151,44737,19111
10152,96406,40784
10153,23991,10279
10154,70234,29825
10155,44486,19000
10156,60326,25607
10157,13604,5866
10158,96818,40973
10159,100426,42509
10160,125352,53225
10161,90417,38255
10162,88790,37601
10163,4177,1825
10164,34339,14705
10165,112249,47570
10166,69494,29504
10167,34477,14766
10168,14065,6059
10169,79410,33661
10170,25083,10746
10171,117693,49884
10172,87469,37068
10173,49815,21240
10174,14865,6404
10175,17980,7725
10176,53262,22643
10177,60890,25846
10178,16325,7023
10179,86456,36679
10180,43681,18651
10181,110406,46748
10182,98332,41629
10183,66020,28028
10184,44031,18794
10185,69825,29645
10186,109422,46338
10187,66236,28114
10188,47123,20104
10189,89355,37827
10190,63678,27027
10191,54176,23038
10192,42650,18214
10193,38351,16420
10194,75697,32105
10195,116921,49559
10196,58624,24892
10197,13261,5722
10198,84974,36059
10199,113018,47913
10200,19098,8180
10201,127374,54082
10202,32642,13995
10203,118006,50018
10204,99712,42189
10205,13850,5979
10206,123884,52581
10207,44682,19089
10208,71839,30497
10209,115110,48783
10210,79911,33874
10211,24614,10540
10212,99376,42051
10213,80540,34155
10214,5020,2202
10215,67652,28731
10216,4557,1995
10217,103691,43857
10218,50902,21689
10219,62612,26583
10220,11296,4895
10221,95702,40493
10222,65411,27772
10223,54028,22978
10224,108019,45732
10225,79393,33649
10226,90892,38458
10227,74090,31432
10228,103452,43754
10229,57136,24271
10230,7645,3342
10231,43397,18538
10232,32972,14133
10233,79472,33683
10234,106320,44987
10235,2249,971
10236,3045,1338
10237,77753,32962
10238,110182,46650
10239,118412,50206
10240,96352,40762
10241,25486,10903
10242,52324,22275
10243,93696,39652
10244,2947,1277
10245,89378,37834
10246,1447,624
10247,118315,50163
10248,24907,10675
10249,46859,19975
10250,24842,10636
10251,66799,28370
10252,44878,19172
10253,11470,4967
10254,83740,35545
10255,107007,45294
10256,6621,2921
10257,117980,50006
10258,54149,23021
10259,9198,3977
10260,106506,45074
10261,80673,34222
10262,96484,40823
10263,96001,40615
10264,91592,38777
10265,90933,38477
10266,83356,35385
10267,134,60
10268,67710,28755
10269,44730,19107
10270,112778,47809
10271,68588,29144
10272,88332,37408
10273,123060,52194
10274,112747,47797
10275,19723,8457
10276,70754,30045
10277,77128,32681
10278,53941,22940
10279,100017,42322
10280,17676,7594
10281,95539,40434
10282,655,273
10283,61276,26016
10284,124021,52642
10285,19953,8551
10286,18574,7972
10287,1965,844
10288,42425,18131
10289,79734,33795
10290,56929,24198
10291,58033,24645
10292,36857,15767
10293,53403,22707
10294,124376,52799
10295,123498,52398
10296,84396,35816
10297,85593,36322
10298,37380,15999
10299,33935,14546
10300,54343,23106
10301,70759,30047
10302,5948,2610
10303,69539,29526
10304,82425,34981
10305,110537,46809
10306,108257,45839
10307,62251,26438
10308,37485,16048
10309,43686,18653
10310,120848,51252
10311,105328,44565
10312,34970,14983
10313,127923,54318
10314,5788,2526
10315,18100,7777
10316,93583,39606
10317,88447,37455
10318,53752,22857
10319,47602,20287
10320,103176,43647
10321,86159,36564
10322,18382,7899
10323,111220,47107
10324,91194,38594
10325,4000,1757
10326,4014,1764
10327,129871,55123
10328,11320,4906
10329,86367,36649
10330,41217,17597
10331,108817,46077
10332,102609,43408
10333,51924,22117
10334,125011,53076
10335,127678,54217
10336,9211,3983
10337,46213,19705
10338,80419,34093
10339,26491,11329
10340,107841,45654
10341,39611,16931
10342,65026,27612
10343,119647,50728
10344,5117,2240
10345,73327,31122
10346,123802,52545
10347,99942,42293
10348,77723,32952
10349,20571,8824
10350,117378,49744
10351,74389,31563
10352,72329,30704
10353,5589,2430
10354,72439,30750
10355,125521,53301
10356,59362,25203
10357,11641,5030
10358,30921,13232
10359,59270,25161
10360,72924,30957
10361,112813,47823
10362,70485,29932
10363,60810,25817
10364,45810,19548
10365,30063,12867
10366,27339,11686
10367,29612,12657
10368,49989,21324
10369,27091,11597
10370,9074,3924
10371,61135,25948
10372,84261,35752
10373,86251,36599
10374,71179,30231
10375,111787,47339
10376,75825,32162
10377,100157,42390
10378,39148,16742
10379,79281,33600
10380,55737,23701
10381,29437,12584
10382,113,50
10383,4386,1923
10384,74386,31562
10385,130114,55222
10386,108453,45926
10387,66781,28363
10388,24269,10389
10389,6218,2735
10390,34479,14767
10391,105004,44425
10392,59155,25114
10393,128093,54390
10394,16755,7211
10395,72419,30739
10396,27620,11797
10397,78053,33099
10398,46959,20026
10399,90447,38265
10400,64445,27359
10401,31016,13277
10402,8058,3504
10403,4249,1856
10404,830,357
10405,110604,46839
10406,94557,40024
10407,9666,4184
10408,28908,12345
10409,114854,48672
10410,2166,929
10411,67834,28817
10412,4090,1801
10413,93931,39741
10414,114612,48561
10415,13002,5602
10416,46321,19746
10417,103523,43793
10418,13215,5701
10419,88389,37431
10420,123590,52444
10421,106286,44974
10422,39830,17021
10423,16770,7216
10424,53605,22795
10425,60077,25510
10426,64176,27240
10427,99697,42185
10428,87306,37008
10429,87797,37194
10430,68398,29056
10431,28281,12098
10432,60486,25677
10433,10893,4722
10434,32890,14097
10435,113115,47951
10436,15631,6734
10437,126610,53753
10438,127655,54206
10439,39571,16912
10440,58646,24902
10441,89553,37895
10442,15107,6512
10443,13324,5747
10444,66462,28212
10445,88739,37579
10446,114297,48429
10447,9533,4128
10448,20933,8988
10449,78815,33404
10450,114906,48694
10451,105095,44466
10452,77354,32775
10453,20519,8802
10454,19016,8144
10455,66231,28111
10456,119621,50715
10457,81512,34585
10458,1125,467
10459,56837,24162
10460,3765,1648
10461,112565,47720
10462,46153,19687
10463,62714,26630
10464,120076,50908
10465,9583,4149
10466,12726,5493
10467,18140,7797
10468,115600,49009
10469,130226,55272
10470,67722,28762
10471,121771,51632
10472,21055,9032
10473,64630,27434
10474,26728,11441
10475,71851,30502
10476,88321,37401
10477,30901,13226
10478,51541,21963
10479,122647,52009
10480,25178,10777
10481,26459,11315
10482,67944,28868
10483,24090,10319
10484,122740,52051
10485,119879,50830
10486,40140,17150
10487,106712,45162
10488,5325,2320
10489,85630,36341
10490,42040,17952
10491,105224,44520
10492,38704,16557
10493,6087,2667
10494,80732,34248
10495,80646,34207
10496,71779,30476
10497,83090,35256
10498,61219,25992
10499,28074,12009
10500,55330,23522
10501,122183,51817
10502,67471,28655
10503,879,374
10504,91654,38811
10505,77498,32844
10506,129991,55168
10507,16496,7098
10508,45723,19506
10509,18384,7900
10510,106755,45182
10511,35120,15047
10512,42830,18289
10513,48278,20580
10514,58859,24991
10515,114054,48329
10516,69972,29709
10517,82666,35081
10518,113966,48291
10519,40881,17462
10520,105961,44839
10521,37638,16115
10522,3573,1571
10523,61094,25934
10524,68292,29001
10525,82488,35008
10526,62052,26364
10527,65806,27938
10528,98275,41599
10529,62798,26657
10530,108960,46142
10531,72342,30710
10532,23060,9873
10533,25993,11132
10534,125564,53320
10535,115539,48981
10536,12773,5510
10537,4500,1975
10538,89924,38049
10539,45027,19225
10540,81101,34407
10541,25326,10839
10542,46945,20017
10543,8249,3575
10544,105808,44772
10545,105137,44484
10546,68879,29258
10547,119076,50479
10548,43867,18726
10549,55174,23457
10550,75404,31980
10551,104975,44415
10552,74936,31780
10553,53279,22653
10554,17044,7336
10555,895,381
10556,30710,13135
10557,103163,43639
10558,89055,37721
10559,93682,39648
10560,78077,33109
10561,98972,41895
10562,90153,38149
10563,117207,49676
10564,123669,52482
10565,34226,14651
10566,113454,48086
10567,41524,17731
10568,30913,13228
10569,117757,49913
10570,76495,32432
10571,20944,8992
10572,6692,2949
10573,117672,49875
10574,74777,31724
10575,5800,2532
10576,27007,11562
10577,63755,27063
10578,68135,28942
10579,64135,27225
10580,123899,52590
10581,60259,25583
10582,96632,40887
10583,42790,18278
10584,102127,43216
10585,6261,2751
10586,120517,51108
10587,127600,54174
10588,130224,55270
10589,6365,2807
10590,20601,8838
10591,87251,36985
10592,87394,37037
10593,90019,38095
10594,16434,7073
10595,39364,16829
10596,73304,31111
10597,17336,7444
10598,52326,22277
10599,14681,6328
10600,23104,9890
10601,20299,8698
10602,62625,26588
10603,83679,35520
10604,128667,54634
10605,110825,46935
10606,37765,16162
10607,21981,9405
10608,113429,48076
10609,87340,37019
10610,107986,45722
10611,123307,52306
10612,86518,36702
10613,90837,38437
10614,34613,14825
10615,113901,48265
10616,99434,42078
10617,100376,42487
10618,27758,11865
10619,78456,33272
10620,97993,41479
10621,88700,37556
10622,41911,17895
10623,82509,35018
10624,45898,19579
10625,110389,46740
10626,99181,41970
10627,71244,30259
10628,63303,26870
10629,125543,53310
10630,77151,32691
10631,18345,7883
10632,98551,41724
10633,23147,9909
10634,54537,23184
10635,99464,42089
10636,67854,28825
10637,63862,27108
10638,86500,36698
10639,49903,21280
10640,129947,55150
10641,16374,7041
10642,20588,8831
10643,90805,38423
10644,11362,4930
10645,14701,6338
10646,128544,54583
10647,47246,20148
10648,25465,10897
10649,66562,28263
10650,8003,3482
10651,90423,38256
10652,23418,10024
10653,26721,11438
10654,78856,33417
10655,17155,7383
10656,27964,11957
10657,68102,28928
10658,56527,24034
10659,102341,43301
10660,101728,43058
10661,94555,40023
10662,68414,29063
10663,69800,29634
10664,90510,38297
10665,29506,12612
10666,18512,7950
10667,87640,37140
10668,9567,4142
10669,118123,50074
10670,13351,5757
10671,21693,9297
10672,120634,51161
10673,19740,8467
10674,129722,55062
10675,88805,37607
10676,91964,38937
10677,75084,31846
10678,2665,1151
10679,44077,18814
10680,47058,20073
10681,77035,32639
10682,109978,46569
10683,84332,35784
10684,91208,38601
10685,15296,6592
10686,22935,9819
10687,19995,8567
10688,110321,46709
10689,58481,24839
10690,65700,27895
10691,111713,47306
10692,101237,42857
10693,23834,10218
10694,128306,54474
10695,26797,11470
10696,102279,43276
10697,67270,28564
10698,31353,13419
10699,80542,34157
10700,100881,42717
10701,88281,37383
10702,115711,49063
10703,102003,43163
10704,66494,28228
10705,20555,8818
10706,80635,34202
10707,3138,1375
10708,359,145
10709,91741,38850
10710,52880,22493
10711,92631,39219
10712,77523,32860
10713,8150,3536
10714,86999,36888
10715,125379,53237
10716,11846,5119
10717,114282,48423
10718,113593,48140
10719,80509,34140
10720,119447,50633
10721,104108,44031
10722,1463,633
10723,85238,36163
10724,46007,19627
10725,42307,18072
10726,116521,49386
10727,129221,54853
10728,44040,18798
10729,72230,30664
10730,111107,47062
10731,88078,37302
10732,13256,5718
10733,127816,54273
10734,73778,31302
10735,10191,4404
10736,44117,18837
10737,111435,47187
10738,2981,1295
10739,19286,8263
10740,20309,8701
10741,80313,34041
10742,75952,32208
10743,81839,34730
10744,91050,38534
10745,77919,33036
10746,43425,18549
10747,18411,7910
10748,15515,6675
10749,522,220
10750,119524,50666
10751,67495,28663
10752,84444,35837
10753,127225,54021
10754,101729,43059
10755,123914,52595
10756,109558,46390
10757,72360,30717
10758,68620,29160
10759,44098,18824
10760,53032,22554
10761,35582,15247
10762,118516,50243
10763,4226,1842
10764,121207,51391
10765,19326,8279
10766,97147,41121
10767,98610,41749
10768,18877,8092
10769,83477,35440
10770,23702,10159
10771,35477,15195
10772,98877,41853
10773,5383,2345
10774,53753,22858
10775,126833,53864
10776,50428,21497
10777,119631,50721
10778,98950,41882
10779,63378,26897
10780,108416,45910
10781,61668,26191
10782,94687,40078
10783,44476,18996
10784,59203,25132
10785,55198,23468
10786,42369,18099
10787,117949,49991
10788,70203,29811
10789,19182,8220
10790,17027,7329
10791,81592,34621
10792,40616,17339
10793,8923,3856
10794,30123,12893
10795,15242,6568
10796,63224,26840
10797,61714,26212
10798,105353,44579
10799,7249,3185
10800,105318,44561
10801,89350,37824
10802,120570,51137
10803,60751,25788
10804,70931,30123
10805,117634,49860
10806,53702,22834
10807,74382,31560
10808,126548,53718
10809,60523,25696
10810,43354,18517
10811,124603,52904
10812,76480,32428
10813,100167,42396
10814,130106,55215
10815,37487,16050
10816,36397,15566
10817,79823,33832
10818,94751,40104
10819,35349,15142
10820,59294,25168
10821,125568,53322
10822,57387,24373
10823,43076,18392
10824,105449,44622
10825,90975,38498
10826,102239,43262
10827,120541,51116
10828,52283,22258
10829,55346,23527
10830,26054,11157
10831,39207,16768
10832,80592,34180
10833,113616,48151
10834,75798,32149
10835,75451,32003
10836,86353,36643
10837,17923,7701
10838,99535,42115
10839,115029,48752
10840,126391,53661
10841,25738,11024
10842,35862,15355
10843,9529,4126
10844,2824,1218
10845,77672,32926
10846,4241,1851
10847,7209,3170
10848,100868,42712
10849,72015,30576
10850,71532,30371
10851,10005,4323
10852,38478,16471
10853,122161,51808
10854,34432,14745
10855,101613,42998
10856,128065,54375
10857,97187,41134
10858,127082,53966
10859,35968,15397
10860,85744,36389
10861,84706,35943
10862,65501,27817
10863,72265,30680
10864,51407,21903
10865,49985,21322
10866,19429,8320
10867,95482,40412
10868,94326,39927
10869,94062,39789
10870,56787,24143
10871,102990,43569
10872,37686,16135
10873,46492,19812
10874,9391,4059
10875,64104,27212
10876,83118,35269
10877,5587,2428
10878,11681,5045
10879,36285,15521
10880,126123,53549
10881,33355,14304
10882,97055,41080
10883,14309,6169
10884,10319,4463
10885,41922,17900
10886,122041,51757
10887,89919,38047
10888,95614,40461
10889,61816,26255
10890,49078,20916
10891,76896,32588
10892,124842,53002
10893,69132,29364
10894,5533,2401
10895,111039,47028
10896,128570,54595
10897,74167,31472
10898,128191,54433
10899,20756,8910
10900,112511,47693
10901,103480,43770
10902,24595,10529
10903,51046,21749
10904,70339,29867
10905,76766,32533
10906,4100,1804
10907,63601,26988
10908,117172,49665
10909,94870,40148
10910,107034,45307
10911,40754,17405
10912,48983,20882
10913,92057,38978
10914,102457,43349
10915,14234,6135
10916,80794,34281
10917,69763,29619
10918,10633,4606
10919,26322,11257
10920,129492,54957
10921,129786,55092
10922,84321,35780
10923,51610,21989
10924,3497,1539
10925,106093,44890
10926,106687,45149
10927,108291,45852
10928,24321,10414
10929,19191,8225
10930,9853,4262
10931,28428,12158
10932,7366,3238
10933,94055,39785
10934,75855,32173
10935,57134,24270
10936,5686,2477
10937,48168,20525
10938,99635,42159
10939,15128,6520
10940,49374,21041
10941,24545,10505
10942,112164,47523
10943,12498,5391
10944,127219,54018
10945,21477,9207
10946,121256,51411
10947,50613,21572
10948,8550,3697
10949,26486,11327
10950,53952,22946
10951,36675,15688
10952,96360,40765
10953,115121,48788
10954,64056,27190
10955,70009,29727
10956,88403,37435
10957,97914,41440
10958,2101,906
10959,34346,14708
10960,82841,35152
10961,70124,29780
10962,31790,13605
10963,43582,18613
10964,87800,37196
10965,124087,52673
10966,43664,18644
10967,28487,12185
10968,52496,22341
10969,27956,11951
10970,125201,53151
10971,89863,38028
10972,62797,26656
10973,3074,1350
10974,111969,47433
10975,123487,52394
10976,52554,22368
10977,91697,38831
10978,118134,50079
10979,99521,42110
10980,79978,33901
10981,14824,6384
10982,67228,28549
10983,52323,22274
10984,83761,35554
10985,120677,51179
10986,9408,4069
10987,20004,8569
10988,109264,46278
10989,81476,34565
10990,94166,39842
10991,86190,36579
10992,28613,12232
10993,103829,43916
10994,108589,45981
10995,84976,36061
10996,29101,12434
10997,86455,36678
10998,28402,12143
10999,62061,26368
11000,71962,30557
11001,5429,2365
11002,85400,36237
11003,30943,13241
11004,107424,45485
11005,49831,21246
11006,30092,12877
11007,10018,4329
11008,53215,22623
11009,106929,45260
11010,99489,42095
11011,23530,10071
11012,75128,31865
11013,116994,49587
11014,125910,53454
11015,43202,18446
11016,10369,4488
11017,44515,19013
11018,16109,6933
11019,13840,5975
11020,27331,11682
11021,26987,11553
11022,45813,19550
11023,72106,30615
11024,25204,10786
11025,35091,15037
11026,39902,17056
11027,79403,33656
11028,80610,34189
11029,117885,49966
11030,21556,9242
11031,773,330
11032,58955,25027
11033,90367,38228
11034,51008,21731
11035,16435,7074
11036,84235,35745
11037,86187,36577
11038,61729,26220
11039,21563,9246
11040,99329,42031
11041,57806,24547
11042,56133,23862
11043,94281,39904
11044,14274,6152
11045,118174,50098
11046,75072,31840
11047,116815,49514
11048,35885,15365
11049,69437,29476
11050,63583,26981
11051,71180,30232
11052,10829,4692
11053,124635,52919
11054,14231,6133
11055,119056,50471
11056,47293,20163
11057,56177,23878
11058,33967,14559
11059,58940,25019
11060,30409,13007
11061,128867,54706
11062,37161,15903
11063,81281,34479
11064,103309,43703
11065,38483,16475
11066,120962,51295
11067,99233,41993
11068,103683,43853
11069,18103,7779
11070,64172,27239
11071,63284,26862
11072,65759,27917
11073,1025,421
11074,7497,3288
11075,50481,21523
11076,53677,22825
11077,38421,16446
11078,12505,5393
11079,112596,47736
11080,116879,49536
11081,123553,52429
11082,13994,6027
11083,17214,7404
11084,129739,55070
11085,31036,13289
11086,119256,50551
11087,76174,32307
11088,71860,30509
11089,64366,27318
11090,80327,34049
11091,70115,29774
11092,2341,1011
11093,102401,43326
11094,106120,44902
11095,40505,17290
11096,1275,536
11097,84756,35968
11098,57220,24309
11099,38843,16602
11100,47690,20325
11101,65487,27811
11102,54686,23248
11103,4468,1964
11104,13060,5630
11105,55873,23749
11106,89561,37898
11107,109845,46509
11108,26909,11520
11109,14817,6378
11110,46388,19779
11111,11869,5124
11112,70785,30058
11113,89584,37909
11114,56174,23876
11115,99899,42278
11116,97614,41310
11117,110702,46886
11118,33865,14511
11119,65464,27801
11120,39685,16961
11121,117610,49849
11122,70997,30157
11123,45947,19595
11124,22474,9617
11125,95731,40502
11126,106940,45263
11127,59769,25369
11128,112120,47503
11129,71605,30407
11130,19169,8212
11131,42141,18000
11132,60251,25578
11133,48857,20822
11134,44645,19071
11135,115745,49073
11136,65659,27875
11137,7365,3237
11138,89787,37997
11139,33452,14350
11140,112992,47902
11141,5539,2405
11142,94916,40173
11143,12215,5268
11144,28768,12290
11145,8224,3565
11146,67954,28871
11147,124400,52809
11148,117261,49697
11149,4939,2165
11150,35799,15330
11151,13389,5770
11152,121937,51705
11153,8655,3737
11154,87449,37064
11155,96216,40702
11156,18671,8017
11157,69440,29478
11158,78260,33189
11159,50795,21643
11160,27677,11830
11161,44879,19173
11162,10158,4392
11163,112332,47608
11164,66093,28057
11165,123111,52214
11166,72939,30961
11167,44939,19189
11168,18122,7788
11169,3397,1496
11170,117695,49885
11171,99914,42284
11172,61522,26121
11173,110418,46753
11174,92373,39106
11175,6097,2672
11176,71491,30356
11177,91864,38892
11178,108329,45873
11179,95450,40399
11180,128774,54667
11181,125075,53106
11182,109157,46230
11183,35583,15248
11184,39416,16849
11185,84684,35932
11186,29162,12462
11187,17553,7542
11188,92461,39139
11189,33004,14146
11190,124068,52666
11191,115947,49146
11192,13881,5987
11193,1340,576
11194,118695,50315
11195,71854,30504
11196,49876,21266
11197,74397,31567
11198,122141,51798
11199,29440,12586
11200,87437,37057
11201,110154,46636
11202,61193,25978
11203,25158,10768
11204,43392,18534
11205,104843,44363
11206,11307,4898
11207,41413,17681
11208,45002,19214
11209,60961,25871
11210,15084,6502
11211,3324,1458
11212,57379,24369
11213,77193,32705
11214,6296,2770
11215,33587,14413
11216,64437,27356
11217,81947,34778
11218,115154,48809
11219,108993,46158
11220,16741,7207
11221,45792,19540
11222,124579,52893
11223,58074,24663
11224,77266,32740
11225,86537,36712
11226,103508,43785
11227,116501,49378
11228,121319,51437
11229,95433,40390
11230,122509,51945
11231,83280,35355
11232,6869,3024
11233,77905,33030
11234,1553,670
11235,92098,39000
11236,129572,54991
11237,44871,19167
11238,120342,51028
11239,52991,22544
11240,88809,37609
11241,104337,44134
11242,62799,26658
11243,22897,9798
11244,77719,32949
11245,101942,43138
11246,36009,15414
11247,10075,4359
11248,105250,44534
11249,112278,47582
11250,66980,28441
11251,74660,31666
11252,37191,15916
11253,6560,2899
11254,102042,43178
11255,72740,30879
11256,76814,32554
11257,55317,23517
11258,92175,39030
11259,45694,19492
11260,80711,34238
11261,37620,16108
11262,126957,53917
11263,42002,17935
11264,72776,30894
11265,73081,31018
11266,94156,39838
11267,48392,20634
11268,66437,28202
11269,102781,43485
11270,89197,37776
11271,49372,21040
11272,44627,19063
11273,20976,9001
11274,63920,27135
11275,86229,36593
11276,128116,54400
11277,91006,38513
11278,114606,48557
11279,59933,25445
11280,109637,46425
11281,86048,36521
11282,21326,9147
11283,14426,6218
11284,20616,8841
11285,96212,40700
11286,53507,22755
11287,116424,49341
11288,37965,16256
11289,94006,39764
11290,65431,27784
11291,31304,13393
11292,76784,32542
11293,7307,3209
11294,20424,8753
11295,105141,44486
11296,83226,35322
11297,27088,11595
11298,104608,44256
11299,16912,7278
11300,129780,55088
11301,85361,36222
11302,94116,39817
11303,122486,51936
11304,38103,16316
11305,112847,47839
11306,48905,20848
11307,14596,6285
11308,26170,11194
11309,48839,20814
11310,44883,19174
11311,95290,40333
11312,114683,48589
11313,19499,8349
11314,54454,23151
11315,75895,32189
11316,90961,38492
11317,52623,22394
11318,15040,6481
11319,101209,42846
11320,100209,42415
11321,27719,11847
11322,115299,48870
11323,59665,25323
11324,42387,18107
11325,27634,11805
11326,37352,15989
11327,32328,13867
11328,43617,18623
11329,14833,6391
11330,6825,3006
11331,100281,42445
11332,6387,2817
11333,111912,47395
11334,1984,855
11335,56654,24084
11336,77001,32620
11337,112679,47767
11338,36337,15546
11339,45684,19488
11340,101921,43130
11341,1781,768
11342,111323,47145
11343,9309,4022
11344,91884,38904
11345,59568,25287
11346,23721,10163
11347,91873,38898
11348,122014,51746
11349,100612,42609
11350,37777,16171
11351,37401,16009
11352,32829,14068
11353,65183,27681
11354,52620,22392
11355,49420,21063
11356,48985,20883
11357,112308,47598
11358,30704,13129
11359,75834,32165
11360,47463,20230
11361,66644,28302
11362,126593,53744
11363,18445,7923
11364,103610,43831
11365,58413,24810
11366,79330,33622
11367,43074,18390
11368,40749,17404
11369,95142,40278
11370,11455,4961
11371,97995,41480
11372,58244,24738
11373,33054,14176
11374,112554,47713
11375,59061,25072
11376,40841,17449
11377,97186,41133
11378,10936,4743
11379,54092,23001
11380,56644,24078
11381,25188,10782
11382,20109,8611
11383,115490,48958
11384,76800,32546
11385,117823,49940
11386,103458,43758
11387,115471,48949
11388,49135,20949
11389,10725,4647
11390,56096,23844
11391,101790,43078
11392,94193,39863
11393,12043,5200
11394,2888,1248
11395,89052,37719
11396,9927,4291
11397,35568,15242
11398,36184,15477
11399,124840,53001
11400,94357,39940
11401,77853,33008
11402,109510,46367
11403,100934,42732
11404,13003,5603
11405,30815,13176
11406,44915,19183
11407,34782,14898
11408,118221,50118
11409,21437,9189
11410,18721,8032
11411,6289,2765
11412,89554,37896
11413,59197,25129
11414,32756,14037
11415,114208,48396
11416,23731,10168
11417,47711,20332
11418,58572,24875
11419,5423,2361
11420,23482,10055
11421,91310,38648
11422,6238,2742
11423,40471,17276
11424,92965,39357
11425,73554,31206
11426,5768,2514
11427,112556,47715
11428,26211,11210
11429,79625,33751
11430,84376,35805
11431,35920,15380
11432,68899,29266
11433,53121,22588
11434,31674,13552
11435,112368,47631
11436,27827,11893
11437,130263,55289
11438,108229,45826
11439,49233,20990
11440,49101,20928
11441,127696,54227
11442,68162,28954
11443,76552,32458
11444,61466,26103
11445,102370,43314
11446,123305,52305
11447,78191,33159
11448,12477,5375
11449,119096,50487
11450,103134,43630
11451,114843,48663
11452,118165,50094
11453,65951,28000
11454,31234,13366
11455,85101,36106
11456,4739,2077
11457,113236,47994
11458,101143,42815
11459,59310,25177
11460,24747,10598
11461,109093,46201
11462,38807,16591
11463,69838,29652
11464,35620,15261
11465,125680,53363
11466,64772,27493
11467,107925,45695
11468,115812,49101
11469,98221,41578
11470,76131,32287
11471,105875,44801
11472,102004,43164
11473,128530,54575
11474,58295,24760
11475,118040,50038
11476,27073,11590
11477,28125,12030
11478,70815,30069
11479,50144,21382
11480,94095,39805
11481,111823,47360
11482,70746,30039
11483,33412,14334
11484,58127,24683
11485,106691,45150
11486,30410,13008
11487,17300,7427
11488,42086,17976
11489,9767,4223
11490,102679,43439
11491,75678,32098
11492,72214,30654
11493,81632,34635
11494,40739,17399
11495,55934,23782
11496,62329,26473
11497,101576,42981
11498,120726,51202
11499,101537,42966
11500,4818,2107
11501,107627,45571
11502,70516,29950
11503,127776,54259
11504,18314,7868
11505,118927,50417
11506,79568,33727
11507,25562,10937
11508,117075,49620
11509,104018,43992
11510,68293,29002
11511,116722,49473
11512,1357,584
11513,115936,49141
11514,48432,20655
11515,50217,21417
11516,2988,1300
11517,59715,25346
11518,28985,12382
11519,30595,13084
11520,128869,54708
11521,89098,37733
11522,22459,9608
11523,53435,22725
11524,22172,9493
11525,41485,17715
11526,21639,9274
11527,38840,16601
11528,86553,36717
11529,55210,23471
11530,8823,3812
11531,125584,53327
11532,41400,17677
11533,79259,33589
11534,16977,7308
11535,31487,13476
11536,54793,23294
11537,6192,2723
11538,98984,41899
11539,120209,50976
11540,47164,20120
11541,37576,16087
11542,125913,53455
11543,6907,3045
11544,16382,7045
11545,22199,9503
11546,6517,2883
11547,57553,24452
11548,76532,32450
11549,104931,44398
11550,91273,38635
11551,30560,13070
11552,91348,38672
11553,11973,5172
11554,32624,13986
11555,120159,50949
11556,13780,5947
11557,81684,34664
11558,100441,42516
11559,71296,30285
11560,6921,3052
11561,39613,16932
11562,89595,37915
11563,26273,11236
11564,10223,4415
11565,91890,38908
11566,99228,41991
11567,25487,10904
11568,5566,2415
11569,126021,53499
11570,54100,23005
11571,58703,24922
11572,1001,414
11573,103405,43737
11574,7276,3195
11575,119618,50713
11576,50662,21591
11577,127154,53994
11578,129861,55118
11579,114718,48607
11580,9615,4160
11581,64967,27584
11582,109147,46226
11583,54506,23168
11584,37237,15940
11585,83309,35367
11586,98722,41797
11587,99945,42294
11588,91156,38579
11589,121766,51631
11590,48254,20571
11591,63681,27029
11592,130110,55219
11593,77816,32988
11594,75974,32216
11595,95612,40459
11596,6550,2894
11597,107227,45397
11598,4963,2177
11599,122951,52145
11600,1186,494
11601,116721,49472
11602,25437,10882
11603,16893,7271
11604,32151,13783
11605,21086,9044
11606,83760,35553
11607,9964,4306
11608,15882,6837
11609,86549,36715
11610,130276,55298
11611,77661,32920
11612,113805,48225
11613,90746,38398
11614,125478,53285
11615,51781,22066
11616,84557,35882
11617,117974,50004
11618,56753,24131
11619,1291,546
11620,2790,1207
11621,114720,48609
11622,75537,32043
11623,70859,30089
11624,49315,21013
11625,63526,26954
11626,29508,12613
11627,10322,4464
11628,67115,28496
11629,72557,30797
11630,111429,47183
11631,59801,25385
11632,92336,39093
11633,25693,11007
11634,72300,30689
11635,98659,41769
11636,71257,30267
11637,125813,53412
11638,95296,40336
11639,109691,46449
11640,99089,41938
11641,46625,19869
11642,43081,18394
11643,54234,23062
11644,38699,16556
11645,54582,23207
11646,45729,19508
11647,34600,14818
11648,118511,50241
11649,66324,28150
11650,103893,43946
11651,82523,35024
11652,65858,27960
11653,36114,15450
11654,126512,53701
11655,92825,39302
11656,119944,50861
11657,66535,28251
11658,106883,45239
11659,5947,2609
11660,47859,20389
11661,286,127
11662,106819,45213
11663,4684,2050
11664,21314,9144
11665,16792,7228
11666,112874,47857
11667,121784,51636
11668,107081,45327
11669,74801,31736
11670,80895,34326
11671,97953,41460
11672,118515,50242
11673,10411,4507
11674,112009,47449
11675,119842,50812
11676,114639,48569
11677,53096,22578
11678,9827,4251
11679,16290,7004
11680,121488,51521
11681,33144,14218
11682,121828,51655
11683,11033,4785
11684,29803,12751
11685,82872,35165
11686,119672,50741
11687,24135,10343
11688,37974,16262
11689,52801,22459
11690,10387,4493
11691,116403,49333
11692,54282,23083
11693,110864,46951
11694,48306,20595
11695,90959,38490
11696,17341,7447
11697,21081,9041
11698,46460,19802
11699,85981,36490
11700,15943,6864
11701,19525,8360
11702,105364,44583
11703,70977,30148
11704,48613,20725
11705,68497,29100
11706,76588,32472
11707,91740,38849
11708,102889,43533
11709,85128,36116
11710,105452,44625
11711,57820,24556
11712,21737,9317
11713,76441,32413
11714,19420,8316
11715,94777,40115
11716,21307,9140
11717,66448,28207
11718,110895,46965
11719,81070,34399
11720,12238,5277
11721,31284,13387
11722,45143,19278
11723,54808,23302
11724,41251,17608
11725,73186,31063
11726,13559,5847
11727,62006,26342
11728,98599,41743
11729,121819,51652
11730,130424,55371
11731,28252,12084
11732,83860,35607
11733,86877,36848
11734,20107,8610
11735,13744,5931
11736,56258,23915
11737,69062,29334
11738,21303,9138
11739,82355,34951
11740,38289,16396
11741,18991,8133
11742,15517,6676
11743,96612,40878
11744,77518,32856
11745,45599,19455
11746,95440,40396
11747,74403,31571
11748,108871,46100
11749,74778,31725
11750,40012,17098
11751,23826,10215
11752,36555,15637
11753,75344,31957
11754,112499,47689
11755,33521,14377
11756,85265,36182
11757,41918,17899
11758,39219,16775
11759,54150,23022
11760,98386,41651
11761,121754,51624
11762,88859,37633
11763,91999,38950
11764,68290,29000
11765,97784,41378
11766,71978,30560
11767,5730,2498
11768,55835,23736
11769,16844,7248
11770,80678,34224
11771,12839,5533
11772,117292,49706
11773,50847,21664
11774,99248,41998
11775,7968,3468
11776,37744,16154
11777,24293,10399
11778,92388,39112
11779,78310,33208
11780,21476,9206
11781,123211,52262
11782,49663,21164
11783,104117,44036
11784,58661,24907
11785,8711,3760
11786,87350,37023
11787,77435,32813
11788,105737,44741
11789,34922,14963
11790,110399,46746
11791,30844,13193
11792,16002,6891
11793,84474,35848
11794,87197,36964
11795,22408,9589
11796,54114,23009
11797,34924,14965
11798,120569,51136
11799,51321,21857
11800,20371,8731
11801,88851,37628
11802,107104,45341
11803,106125,44903
11804,94395,39957
11805,113607,48147
11806,128988,54751
11807,38394,16432
11808,86361,36645
11809,72431,30746
11810,94270,39898
11811,75498,32022
11812,79545,33719
11813,56306,23935
11814,92806,39293
11815,55521,23606
11816,45224,19321
11817,24754,10601
11818,102112,43208
11819,60803,25811
11820,27260,11651
11821,28419,12152
11822,25624,10968
11823,129953,55154
11824,9186,3970
11825,102126,43215
11826,68824,29240
11827,105122,44476
11828,74111,31445
11829,29715,12709
11830,117938,49985
11831,73560,31210
11832,61904,26294
11833,99390,42056
11834,111588,47249
11835,28319,12108
11836,41155,17573
11837,61986,26334
11838,118216,50114
11839,33690,14453
11840,25125,10759
11841,37500,16055
11842,25109,10753
11843,91913,38920
11844,55788,23723
11845,88049,37287
11846,74319,31534
11847,23671,10150
11848,88343,37412
11849,122860,52099
11850,56351,23954
11851,57450,24403
11852,91852,38887
11853,89695,37958
11854,28963,12376
11855,124775,52974
11856,36762,15724
11857,111687,47299
11858,37939,16241
11859,14303,6165
11860,36309,15531
11861,44625,19062
11862,35141,15057
11863,84649,35916
11864,29188,12474
11865,56675,24093
11866,56232,23903
11867,25412,10874
11868,60310,25597
11869,85537,36293
11870,42824,18286
11871,71414,30326
11872,42234,18036
11873,111408,47174
11874,119294,50567
11875,51833,22087
11876,114688,48593
11877,109102,46204
11878,62800,26659
11879,99097,41939
11880,84708,35945
11881,94748,40102
11882,29698,12699
11883,59298,25169
11884,117486,49796
11885,118435,50219
11886,25403,10872
11887,105426,44612
11888,68690,29185
11889,59219,25139
11890,102141,43226
11891,67787,28795
11892,100307,42458
11893,43978,18771
11894,113518,48109
11895,55860,23746
11896,102813,43498
11897,25607,10959
11898,7084,3116
11899,601,251
11900,59340,25191
11901,57326,24345
11902,100789,42677
11903,120378,51041
11904,14083,6067
11905,23624,10122
11906,21083,9042
11907,3825,1677
11908,102151,43230
11909,72632,30832
11910,86069,36525
11911,124710,52949
11912,89466,37866
11913,64365,27317
11914,110918,46977
11915,808,347
11916,76857,32570
11917,60781,25800
11918,112472,47682
11919,8330,3606
11920,55932,23781
11921,115903,49132
11922,86469,36685
11923,49062,20909
11924,100824,42692
11925,28876,12335
11926,3268,1432
11927,109336,46303
11928,24481,10477
11929,51376,21884
11930,47529,20264
11931,48686,20755
11932,93313,39484
11933,24753,10600
11934,58842,24984
11935,26745,11448
11936,61558,26137
11937,13059,5629
11938,37134,15889
11939,94253,39891
11940,129498,54960
11941,30855,13201
11942,5323,2318
11943,100349,42475
11944,120483,51094
11945,19361,8296
11946,128148,54412
11947,27263,11653
11948,22745,9731
11949,59451,25244
11950,108907,46119
11951,99903,42279
11952,85182,36139
11953,73118,31035
11954,23176,9927
11955,62342,26480
11956,86087,36535
11957,50415,21493
11958,96963,41043
11959,88604,37514
11960,87799,37195
11961,127010,53939
11962,100153,42387
11963,31818,13619
11964,52948,22523
11965,81450,34557
11966,94655,40065
11967,124885,53021
11968,113096,47944
11969,18829,8074
11970,86681,36765
11971,100804,42683
11972,81843,34732
11973,49886,21271
11974,42284,18059
11975,44399,18955
11976,46332,19753
11977,59318,25179
11978,29972,12827
11979,87992,37266
11980,12629,5454
11981,2519,1085
11982,26272,11235
11983,127339,54066
11984,117077,49621
11985,89657,37936
11986,107843,45655
11987,90233,38181
11988,57052,24247
11989,53353,22686
11990,7827,3413
11991,113674,48177
11992,113352,48042
11993,122744,52053
11994,8464,3669
11995,6430,2838
11996,32047,13732
11997,94219,39873
11998,113214,47988
11999,105888,44809
12000,42489,18154
12001,64955,27578
12002,15417,6638
12003,113073,47935
12004,94422,39970
12005,50595,21564
12006,113506,48102
12007,41346,17650
12008,25058,10734
12009,107083,45329
12010,101692,43034
12011,11204,4857
12012,112655,47761
12013,77827,32996
12014,21178,9086
12015,10550,4564
12016,28479,12183
12017,34470,14762
12018,105795,44765
12019,3604,1586
12020,86692,36770
12021,64816,27513
12022,32319,13862
12023,92367,39103
12024,92310,39081
12025,35115,15043
12026,57237,24316
12027,127080,53964
12028,99512,42105
12029,12398,5345
12030,41915,17898
12031,84230,35742
12032,63805,27088
12033,104631,44267
12034,3931,1723
12035,114878,48682
12036,65484,27810
12037,28603,12229
12038,62466,26527
12039,22860,9782
12040,76021,32241
12041,117344,49730
12042,90415,38254
12043,101726,43056
12044,66639,28298
12045,118036,50036
12046,42712,18246
12047,71876,30515
12048,122275,51848
12049,92465,39141
12050,109552,46388
12051,108741,46047
12052,85362,36223
12053,124077,52669
12054,46112,19670
12055,47435,20219
12056,93790,39684
12057,75178,31886
12058,106809,45209
12059,83710,35531
12060,98344,41635
12061,52004,22143
12062,78254,33186
12063,32381,13888
12064,19633,8417
12065,97903,41434
12066,56347,23951
12067,25888,11088
12068,120255,50994
12069,4069,1790
12070,74725,31703
12071,97335,41194
12072,74052,31414
12073,124307,52775
12074,22989,9842
12075,31270,13383
12076,27642,11809
12077,93079,39400
12078,59918,25437
12079,66050,28036
12080,2987,1299
12081,98409,41664
12082,91671,38820
12083,82753,35121
12084,124051,52659
12085,76356,32376
12086,6925,3054
12087,70506,29943
12088,75332,31952
12089,85598,36325
12090,98620,41755
12091,116236,49267
12092,40549,17309
12093,114672,48582
12094,64894,27550
12095,120735,51205
12096,116566,49404
12097,40137,17148
12098,8027,3493
12099,90616,38343
12100,92997,39367
12101,98968,41893
12102,66337,28157
12103,82068,34827
12104,110891,46963
12105,125134,53124
12106,90904,38464
12107,82352,34949
12108,113443,48081
12109,117622,49854
12110,7743,3383
12111,30951,13245
12112,28430,12160
12113,119220,50540
12114,6997,3090
12115,14476,6237
12116,66748,28349
12117,85997,36497
12118,37186,15914
12119,114265,48416
12120,8539,3693
12121,11316,4903
12122,94950,40187
12123,53290,22657
12124,62934,26723
12125,15119,6517
12126,124577,52891
12127,78748,33374
12128,30219,12934
12129,15873,6832
12130,123805,52546
12131,31854,13636
12132,102007,43167
12133,88427,37448
12134,98820,41832
12135,94877,40152
12136,128041,54365
12137,12916,5565
12138,129239,54863
12139,57437,24394
12140,17048,7337
12141,61494,26112
12142,92602,39203
12143,130057,55195
12144,36478,15601
12145,104316,44125
12146,86989,36883
12147,129228,54859
12148,45362,19368
12149,59826,25395
12150,35708,15292
12151,100782,42674
12152,94888,40156
12153,109669,46437
12154,65432,27785
12155,104599,44253
12156,121851,51669
12157,11754,5078
12158,45472,19406
12159,67757,28782
12160,122629,51999
12161,11501,4974
12162,11265,4880
12163,66787,28366
12164,93989,39759
12165,48144,20513
12166,45615,19464
12167,130426,55372
12168,63628,27003
12169,52452,22326
12170,32145,13779
12171,21138,9067
12172,62713,26629
12173,34328,14700
12174,127745,54244
12175,11884,5131
12176,102623,43417
12177,120507,51104
12178,79284,33602
12179,35811,15334
12180,111942,47415
12181,118363,50184
12182,41391,17672
12183,111563,47237
12184,27805,11883
12185,80325,34047
12186,111926,47404
12187,91448,38725
12188,76081,32264
12189,35416,15166
12190,126729,53813
12191,96834,40981
12192,125161,53133
12193,63087,26777
12194,110292,46696
12195,70176,29802
12196,53333,22675
12197,3355,1475
12198,14742,6352
12199,42060,17962
12200,41166,17576
12201,48171,20527
12202,81706,34674
12203,58921,25012
12204,82158,34867
12205,110817,46932
12206,126644,53768
12207,26009,11138
12208,5729,2497
12209,43116,18409
12210,86730,36790
12211,118427,50214
12212,1260,530
12213,130291,55307
12214,111053,47032
12215,5737,2502
12216,82765,35125
12217,63833,27098
12218,88815,37612
12219,94585,40036
12220,9957,4301
12221,127064,53959
12222,92651,39227
12223,28560,12208
12224,10115,4373
12225,110768,46915
12226,125815,53413
12227,73431,31154
12228,59466,25246
12229,18288,7856
12230,39974,17086
12231,12747,5503
12232,50296,21450
12233,81026,34384
12234,61124,25945
12235,117837,49949
12236,25254,10809
12237,110579,46825
12238,71318,30294
12239,118919,50413
12240,12647,5463
12241,60722,25776
12242,68419,29066
12243,82401,34968
12244,129806,55101
12245,27430,11725
12246,84963,36051
12247,113531,48115
12248,27739,11856
12249,123208,52261
12250,17997,7731
12251,31655,13545
12252,66773,28359
12253,111991,47442
12254,67492,28660
12255,70989,30154
12256,129389,54915
12257,120567,51135
12258,19913,8531
12259,98813,41829
12260,58374,24798
12261,76642,32489
12262,19829,8503
12263,357,144
12264,44282,18903
12265,44107,18829
12266,38392,16431
12267,57144,24277
12268,37541,16074
12269,2894,1253
12270,61076,25926
12271,52033,22155
12272,38428,16449
12273,91148,38576
12274,28784,12298
12275,48589,20718
12276,13657,5894
12277,5397,2352
12278,42548,18179
12279,6390,2819
12280,103051,43592
12281,58732,24937
12282,9085,3930
12283,97047,41076
12284,17100,7361
12285,85594,36323
12286,36583,15648
12287,71133,30217
12288,66110,28063
12289,56251,23911
12290,118118,50072
12291,16722,7199
12292,30715,13137
12293,50319,21459
12294,44410,18962
12295,102689,43443
12296,75478,32012
12297,15048,6487
12298,47835,20381
12299,85330,36207
12300,41789,17844
12301,89557,37897
12302,67923,28858
12303,68295,29003
12304,116398,49330
12305,81215,34452
12306,81126,34416
12307,63998,27162
12308,8405,3639
12309,118733,50328
12310,45168,19292
12311,114980,48733
12312,87586,37119
12313,48077,20479
12314,78934,33459
12315,58686,24916
12316,19236,8239
12317,110062,46604
12318,47064,20076
12319,122645,52008
12320,23978,10275
12321,10845,4699
12322,79563,33724
12323,41715,17815
12324,72586,30810
12325,93506,39572
12326,106713,45163
12327,45616,19465
12328,12144,5237
12329,120921,51282
12330,70615,29989
12331,42526,18171
12332,130029,55184
12333,67530,28678
12334,789,338
12335,94009,39765
12336,48143,20512
12337,81373,34524
12338,86737,36795
12339,54342,23105
12340,64787,27498
12341,121831,51657
12342,110008,46580
12343,1307,556
12344,55965,23793
12345,38444,16457
12346,94405,39962
12347,113999,48306
12348,17545,7539
12349,32524,13946
12350,51489,21938
12351,114331,48440
12352,99308,42022
12353,67379,28614
12354,62616,26584
12355,86585,36729
12356,80853,34302
12357,81503,34582
12358,44125,18840
12359,39666,16952
12360,90191,38165
12361,103067,43601
12362,55772,23718
12363,77501,32845
12364,31786,13603
12365,2042,876
12366,43636,18633
12367,102615,43412
12368,74280,31520
12369,44466,18991
12370,88516,37479
12371,49545,21116
12372,35530,15220
12373,53390,22702
12374,51814,22080
12375,13340,5754
12376,22724,9721
12377,117774,49919
12378,121926,51697
12379,115335,48886
12380,44314,18917
12381,87535,37094
12382,64030,27180
12383,41543,17742
12384,58367,24795
12385,29655,12682
12386,1309,557
12387,16961,7299
12388,53429,22721
12389,51717,22036
12390,118131,50076
12391,125645,53348
12392,79402,33655
12393,62263,26444
12394,105567,44664
12395,35919,15379
12396,90226,38178
12397,125925,53462
12398,118385,50198
12399,80963,34359
12400,129315,54891
12401,25033,10721
12402,14615,6291
12403,107694,45598
12404,24389,10442
12405,124504,52854
12406,43909,18740
12407,29730,12715
12408,2902,1258
12409,112739,47794
12410,115008,48744
12411,85276,36185
12412,13446,5796
12413,49325,21016
12414,26514,11341
12415,58020,24638
12416,15761,6783
12417,80265,34019
12418,114920,48698
12419,17575,7556
12420,16338,7028
12421,280,125
12422,118266,50143
12423,118638,50291
12424,6752,2974
12425,27509,11758
12426,89740,37977
12427,23516,10067
12428,52073,22172
12429,106100,44894
12430,126837,53866
12431,100058,42337
12432,105079,44463
12433,85274,36184
12434,2889,1249
12435,24882,10661
12436,8025,3492
12437,80897,34327
12438,114113,48356
12439,79767,33809
12440,53148,22599
12441,105286,44554
12442,34362,14713
12443,20816,8932
12444,27933,11939
12445,5274,2303
12446,49638,21150
12447,100551,42571
12448,64360,27315
12449,81110,34412
12450,70154,29791
12451,2262,977
12452,66698,28325
12453,75585,32064
12454,82896,35174
12455,107137,45356
12456,33538,14385
12457,123267,52284
12458,898,383
12459,32157,13787
12460,51190,21808
12461,114483,48503
12462,31248,13372
12463,9821,4249
12464,111639,47274
12465,110168,46643
12466,39426,16854
12467,95987,40608
12468,89031,37709
12469,75364,31968
12470,38694,16553
12471,34829,14922
12472,6553,2896
12473,12049,5203
12474,116760,49488
12475,129918,55136
12476,57769,24533
12477,60540,25702
12478,91126,38566
12479,35991,15407
12480,1791,773
12481,9212,3984
12482,99107,41940
12483,108233,45829
12484,109242,46267
12485,71504,30359
12486,100835,42696
12487,71333,30299
12488,24015,10291
12489,66659,28306
12490,31950,13685
12491,64068,27196
12492,7335,3223
12493,28952,12371
12494,95620,40462
12495,92265,39063
12496,86002,36500
12497,46022,19634
12498,41158,17574
12499,93265,39467
12500,34968,14982
12501,121373,51465
12502,10905,4729
12503,37597,16097
12504,90471,38275
12505,24302,10402
12506,52328,22278
12507,34422,14741
12508,81065,34398
12509,54348,23110
12510,50414,21492
12511,87064,36909
12512,63701,27037
12513,116993,49586
12514,19066,8163
12515,116613,49420
12516,65674,27882
12517,20278,8688
12518,116943,49566
12519,3966,1741
12520,18621,7991
12521,4558,1996
12522,31523,13492
12523,59766,25368
12524,39942,17071
12525,75623,32080
12526,102344,43303
12527,102979,43564
12528,104375,44150
12529,25671,10997
12530,44501,19005
12531,92135,39014
12532,43378,18526
12533,126717,53808
12534,36156,15466
12535,48196,20540
12536,81263,34470
12537,82984,35210
12538,45147,19282
12539,94227,39878
12540,20446,8764
12541,101106,42799
12542,90060,38114
12543,14635,6303
12544,111999,47446
12545,65394,27764
12546,112115,47500
12547,40225,17187
12548,12174,5248
12549,127595,54171
12550,37233,15937
12551,122825,52092
12552,22737,9726
12553,16394,7052
12554,87236,36980
12555,94361,39943
12556,119282,50562
12557,35929,15384
12558,48201,20544
12559,33195,14238
12560,67629,28721
12561,52262,22251
12562,118948,50427
12563,104334,44132
12564,92141,39017
12565,29837,12767
12566,33461,14354
12567,109043,46178
12568,20292,8694
12569,120748,51211
12570,64604,27424
12571,50612,21571
12572,15208,6554
12573,90329,38217
12574,92572,39188
12575,4524,1982
12576,96847,40988
12577,27555,11772
12578,85618,36335
12579,27219,11635
12580,83379,35395
12581,101025,42765
12582,38516,16487
12583,111943,47416
12584,55319,23518
12585,102166,43233
12586,29415,12576
12587,113625,48156
12588,129010,54759
12589,49935,21300
12590,44112,18833
12591,33909,14534
12592,41078,17545
12593,42276,18055
12594,112102,47492
12595,31028,13285
12596,71297,30286
12597,123387,52350
12598,123142,52229
12599,63941,27146
12600,21576,9252
12601,91540,38757
12602,96013,40617
12603,113634,48160
12604,10613,4599
12605,41926,17902
12606,49421,21064
12607,46922,20008
12608,127443,54112
12609,99158,41961
12610,45844,19563
12611,85213,36151
12612,3857,1686
12613,53348,22682
12614,67445,28643
12615,75078,31843
12616,122639,52005
12617,42344,18088
12618,80330,34052
12619,62495,26537
12620,68196,28965
12621,27990,11967
12622,89351,37825
12623,103490,43775
12624,9654,4179
12625,88113,37317
12626,92220,39046
12627,46788,19944
12628,8774,3790
12629,44805,19144
12630,26642,11404
12631,113698,48188
12632,7596,3326
12633,99856,42257
12634,65933,27993
12635,31519,13489
12636,112363,47627
12637,57366,24361
12638,89604,37921
12639,22486,9623
12640,73456,31164
12641,124615,52909
12642,83837,35593
12643,130071,55202
12644,96868,41001
12645,19696,8445
12646,104189,44070
12647,36235,15496
12648,57645,24479
12649,30491,13042
12650,44317,18920
12651,73949,31373
12652,9499,4109
12653,65108,27654
12654,80658,34214
12655,117482,49793
12656,109125,46215
12657,58210,24721
12658,54914,23354
12659,46236,19716
12660,115627,49026
12661,109524,46374
12662,106621,45121
12663,121703,51605
12664,49206,20977
12665,23596,10108
12666,22661,9693
12667,114953,48713
12668,7919,3448
12669,98046,41499
12670,75737,32120
12671,1708,737
12672,77559,32875
12673,70619,29990
12674,51720,22039
12675,112531,47702
12676,11897,5136
12677,12794,5518
12678,90503,38292
12679,99079,41933
12680,99034,41913
12681,56695,24104
12682,28707,12264
12683,37883,16218
12684,39422,16852
12685,121456,51502
12686,9080,3926
12687,7435,3263
12688,70836,30079
12689,44223,18876
12690,117797,49932
12691,87560,37106
12692,57460,24409
12693,69964,29706
12694,71094,30204
12695,126750,53823
12696,93513,39576
12697,108861,46095
12698,27046,11576
12699,123372,52339
12700,112104,47493
12701,121026,51316
12702,120170,50956
12703,62737,26637
12704,33890,14527
12705,100047,42332
12706,12538,5413
12707,104698,44303
12708,29452,12592
12709,85642,36348
12710,13813,5962
12711,26048,11153
12712,37207,15925
12713,2692,1162
12714,58688,24917
12715,84964,36052
12716,4465,1961
12717,30125,12894
12718,36282,15518
12719,23271,9958
12720,101442,42935
12721,7167,3150
12722,96958,41039
12723,20661,8863
12724,72368,30720
12725,74421,31576
12726,120721,51201
12727,38641,16535
12728,120357,51033
12729,39252,16786
12730,70287,29845
12731,90607,38338
12732,40572,17321
12733,83774,35561
12734,126784,53840
12735,30954,13247
12736,70480,29930
12737,118203,50110
12738,121548,51550
12739,19979,8562
12740,6842,3013
12741,88715,37565
12742,79705,33787
12743,128084,54385
12744,121476,51513
12745,82894,35173
12746,45312,19350
12747,128130,54408
12748,107310,45432
12749,87975,37258
12750,82121,34850
12751,124450,52830
12752,3552,1565
12753,129619,55011
12754,105493,44640
12755,91244,38619
12756,5365,2336
12757,33603,14421
12758,52466,22327
12759,72321,30700
12760,106658,45136
12761,34728,14879
12762,105038,44443
12763,33850,14504
12764,112039,47464
12765,45657,19477
12766,129382,54914
12767,78230,33179
12768,46004,19626
12769,81034,34388
12770,62415,26511
12771,74374,31557
12772,68009,28886
12773,12576,5426
12774,23601,10110
12775,61536,26127
12776,62551,26558
12777,118906,50408
12778,5644,2461
12779,124148,52706
12780,115776,49085
12781,28558,12207
12782,74217,31495
12783,122508,51944
12784,41527,17733
12785,60245,25576
12786,7853,3421
12787,110383,46737
12788,114268,48417
12789,35752,15311
12790,23096,9886
12791,36631,15670
12792,63364,26892
12793,30081,12874
12794,33034,14164
12795,14572,6276
12796,44534,19021
12797,59487,25255
12798,34326,14699
12799,30819,13178
12800,57107,24260
12801,74884,31759
12802,123339,52324
12803,72822,30917
12804,14732,6347
12805,53180,22609
12806,55718,23692
12807,47330,20174
12808,34607,14822
12809,104060,44008
12810,118344,50175
12811,93377,39511
12812,41494,17719
12813,47714,20334
12814,66734,28340
12815,26136,11181
12816,67236,28553
12817,64436,27355
12818,108485,45935
12819,35214,15090
12820,129551,54983
12821,101934,43136
12822,113620,48154
12823,102073,43190
12824,123856,52569
12825,11656,5035
12826,25545,10927
12827,120291,51010
12828,100663,42629
12829,79833,33838
12830,80456,34113
12831,123942,52608
12832,20887,8970
12833,128644,54622
12834,118736,50329
12835,52241,22245
12836,3491,1537
12837,40323,17215
12838,59894,25423
12839,113238,47995
12840,32540,13953
12841,125240,53173
12842,94913,40170
12843,41070,17542
12844,39735,16980
12845,7649,3345
12846,49645,21153
12847,109834,46502
12848,77840,33003
12849,60936,25863
12850,54796,23295
12851,65037,27616
12852,16067,6913
12853,116675,49451
12854,76186,32312
12855,75195,31895
12856,22379,9578
12857,4733,2075
12858,35732,15304
12859,24177,10362
12860,50413,21491
12861,116005,49167
12862,19411,8311
12863,92426,39126
12864,530,223
12865,93940,39744
12866,121129,51358
12867,75373,31971
12868,78573,33313
12869,123044,52184
12870,114196,48389
12871,31826,13623
12872,7738,3382
12873,1619,696
12874,9460,4093
12875,116604,49415
12876,5486,2383
12877,34459,14757
12878,88958,37672
12879,63465,26931
12880,112217,47551
12881,119995,50879
12882,112330,47607
12883,104330,44130
12884,103502,43780
12885,15289,6588
12886,68643,29170
12887,1157,482
12888,52260,22250
12889,111749,47326
12890,98265,41594
12891,8184,3552
12892,43453,18562
12893,13557,5846
12894,7874,3432
12895,1939,830
12896,15553,6695
12897,115339,48889
12898,80036,33922
12899,107973,45716
12900,14630,6299
12901,60754,25789
12902,59835,25399
12903,37182,15912
12904,73546,31204
12905,4861,2130
12906,89659,37938
12907,14350,6187
12908,83768,35557
12909,115611,49017
12910,73356,31129
12911,97863,41414
12912,52117,22191
12913,78424,33254
12914,66395,28184
12915,115007,48743
12916,57750,24522
12917,128004,54350
12918,29573,12640
12919,126467,53688
12920,62844,26679
12921,67279,28567
12922,60732,25782
12923,110464,46779
12924,38862,16608
12925,71118,30211
12926,117792,49929
12927,75137,31870
12928,64835,27522
12929,82944,35193
12930,4768,2089
12931,64217,27257
12932,83664,35514
12933,130286,55305
12934,68670,29177
12935,28736,12279
12936,36121,15452
12937,81805,34714
12938,105730,44737
12939,46936,20014
12940,61657,26183
12941,87504,37079
12942,100575,42586
12943,38768,16578
12944,25277,10820
12945,110941,46987
12946,46755,19922
12947,120052,50901
12948,33435,14343
12949,128287,54467
12950,58053,24656
12951,50921,21696
12952,122414,51900
12953,28057,12000
12954,65364,27755
12955,102117,43212
12956,98260,41591
12957,15426,6641
12958,121405,51481
12959,52774,22447
12960,42957,18343
12961,128087,54386
12962,64593,27419
12963,12971,5590
12964,31109,13309
12965,115603,49011
12966,52689,22418
12967,4976,2184
12968,11222,4864
12969,60861,25836
12970,96121,40665
12971,13481,5814
12972,100944,42738
12973,33476,14363
12974,91893,38910
12975,94878,40153
12976,39511,16888
12977,1195,499
12978,104007,43987
12979,106570,45103
12980,123330,52317
12981,48153,20519
12982,102790,43489
12983,75082,31845
12984,35338,15137
12985,96131,40668
12986,104807,44348
12987,119547,50678
12988,99719,42195
12989,82029,34814
12990,85547,36298
12991,100016,42321
12992,100844,42701
12993,11687,5050
12994,22520,9637
12995,56771,24137
12996,75912,32194
12997,70072,29753
12998,124695,52938
12999,70158,29794
13000,62633,26594
13001,71710,30443
13002,127398,54095
13003,92973,39361
13004,121699,51603
13005,110771,46917
13006,98801,41825
13007,15283,6585
13008,122482,51934
13009,2993,1305
13010,120244,50991
13011,10572,4577
13012,110761,46912
13013,89839,38021
13014,31915,13667
13015,104876,44376
13016,100778,42672
13017,85447,36252
13018,108044,45747
13019,102997,43572
13020,110461,46776
13021,3786,1660
13022,32461,13920
13023,15325,6607
13024,113938,48278
13025,79973,33896
13026,70777,30053
13027,20861,8956
13028,44676,19085
13029,122962,52151
13030,41592,17763
13031,113069,47931
13032,14637,6304
13033,116154,49228
13034,51379,21887
13035,7138,3140
13036,94814,40133
13037,51874,22100
13038,51135,21784
13039,116941,49565
13040,28497,12187
13041,97801,41388
13042,73000,30985
13043,37584,16090
13044,1146,477
13045,10711,4643
13046,92446,39135
13047,20192,8648
13048,24881,10660
13049,74802,31737
13050,94421,39969
13051,84621,35907
13052,113662,48172
13053,18632,7996
13054,15666,6745
13055,22116,9467
13056,89210,37780
13057,83370,35394
13058,68092,28924
13059,119901,50842
13060,21637,9273
13061,14308,6168
13062,98083,41521
13063,60466,25666
13064,25617,10963
13065,28611,12231
13066,23742,10175
13067,34311,14691
13068,123057,52192
13069,62801,26660
13070,89804,38008
13071,30278,12958
13072,32830,14069
13073,59911,25434
13074,22266,9530
13075,106461,45051
13076,84834,36000
13077,74212,31493
13078,111892,47386
13079,84869,36014
13080,59305,25174
13081,66737,28343
13082,40846,17451
13083,78367,33230
13084,73858,31339
13085,2873,1241
13086,28436,12164
13087,22941,9821
13088,108540,45958
13089,8343,3613
13090,28634,12239
13091,125582,53325
13092,124876,53016
13093,57841,24561
13094,93933,39742
13095,70314,29859
13096,22193,9499
13097,94451,39978
13098,77885,33020
13099,21544,9234
13100,62156,26404
13101,15058,6491
13102,98248,41586
13103,11228,4867
13104,80166,33974
13105,24823,10632
13106,54835,23312
13107,86640,36752
13108,70508,29945
13109,94121,39820
13110,89769,37990
13111,93045,39389
13112,11137,4824
13113,50975,21720
13114,10014,4327
13115,111114,47066
13116,65936,27994
13117,6985,3085
13118,29980,12831
13119,83947,35640
13120,61432,26087
13121,82771,35129
13122,16095,6927
13123,13239,5712
13124,66865,28396
13125,42567,18188
13126,39925,17065
13127,124809,52986
13128,48454,20664
13129,100557,42575
13130,49693,21180
13131,70407,29901
13132,39008,16666
13133,95139,40277
13134,114323,48437
13135,117901,49971
13136,5156,2256
13137,105476,44635
13138,13320,5745
13139,53479,22741
13140,113239,47996
13141,35095,15038
13142,65135,27664
13143,34241,14657
13144,97112,41104
13145,69737,29606
13146,118322,50167
13147,127913,54312
13148,46014,19630
13149,115813,49102
13150,1674,721
13151,21645,9275
13152,101120,42806
13153,96729,40938
13154,61395,26069
13155,11989,5179
13156,63567,26972
13157,23500,10058
13158,98156,41553
13159,57936,24603
13160,34830,14923
13161,69019,29320
13162,129009,54758
13163,71987,30564
13164,41001,17515
13165,49376,21043
13166,35168,15063
13167,71867,30512
13168,117703,49890
13169,42148,18002
13170,18425,7914
13171,66827,28381
13172,80704,34235
13173,119222,50541
13174,56325,23942
13175,118219,50117
13176,125168,53136
13177,104681,44293
13178,26199,11204
13179,93499,39567
13180,83091,35257
13181,52010,22145
13182,104391,44158
13183,54246,23064
13184,117094,49628
13185,80766,34268
13186,43045,18379
13187,126286,53615
13188,77214,32716
13189,47372,20192
13190,121979,51727
13191,58263,24746
13192,58356,24789
13193,39771,16995
13194,70270,29837
13195,86689,36769
13196,110051,46600
13197,23171,9923
13198,19470,8335
13199,100925,42729
13200,6054,2651
13201,16649,7167
13202,22790,9751
13203,50253,21430
13204,34592,14815
13205,12508,5395
13206,38897,16620
13207,80668,34219
13208,17104,7363
13209,78913,33448
13210,91260,38627
13211,108343,45878
13212,34069,14591
13213,94211,39870
13214,63744,27058
13215,112117,47501
13216,16975,7306
13217,20934,8989
13218,47218,20142
13219,73396,31143
13220,8764,3782
13221,105930,44829
13222,112754,47800
13223,64670,27449
13224,114,51
13225,106761,45186
13226,104440,44182
13227,104786,44338
13228,36335,15545
13229,82907,35180
13230,94015,39767
13231,75259,31917
13232,69034,29324
13233,105810,44774
13234,106473,45058
13235,66482,28221
13236,19952,8550
13237,128533,54578
13238,22887,9792
13239,118278,50148
13240,42130,17997
13241,48679,20753
13242,82538,35029
13243,91473,38734
13244,37301,15970
13245,16113,6935
13246,71498,30358
13247,95588,40451
13248,68537,29119
13249,9675,4188
13250,38111,16319
13251,17594,7564
13252,128696,54643
13253,124014,52640
13254,19368,8298
13255,115265,48852
13256,99417,42070
13257,124031,52647
13258,24863,10646
13259,53587,22789
13260,14266,6149
13261,19427,8319
13262,50733,21616
13263,40692,17377
13264,52846,22481
13265,2319,1000
13266,64815,27512
13267,5209,2279
13268,99073,41931
13269,79305,33609
13270,40370,17239
13271,74679,31678
13272,84605,35904
13273,124470,52837
13274,90513,38299
13275,120288,51008
13276,38231,16369
13277,12028,5195
13278,110362,46726
13279,26186,11201
13280,65770,27921
13281,48622,20730
13282,24200,10371
13283,49539,21113
13284,89585,37910
13285,35279,15115
13286,110526,46803
13287,45281,19341
13288,4443,1951
13289,52936,22519
13290,19719,8454
13291,120810,51234
13292,121437,51496
13293,54844,23316
13294,60514,25692
13295,45056,19239
13296,16430,7070
13297,56683,24098
13298,29181,12470
13299,77316,32761
13300,51335,21865
13301,8592,3714
13302,23899,10243
13303,75671,32094
13304,74097,31436
13305,26936,11535
13306,26828,11485
13307,84316,35778
13308,130214,55263
13309,40770,17414
13310,116060,49187
13311,25700,11012
13312,11371,4933
13313,55382,23542
13314,49890,21273
13315,105332,44568
13316,125314,53211
13317,127803,54269
13318,65675,27883
13319,87280,36995
13320,12753,5505
13321,113131,47959
13322,44620,19061
13323,122089,51773
13324,65603,27853
13325,54810,23303
13326,38938,16640
13327,108948,46139
13328,117679,49879
13329,20347,8717
13330,103505,43782
13331,99042,41916
13332,120177,50961
13333,81873,34745
13334,118606,50279
13335,22357,9569
13336,26369,11281
13337,1084,449
13338,98765,41812
13339,16441,7076
13340,95468,40406
13341,16730,7203
13342,127918,54316
13343,26773,11461
13344,11080,4807
13345,16388,7047
13346,123001,52165
13347,27946,11947
13348,65063,27632
13349,27700,11839
13350,77940,33045
13351,33376,14315
13352,53759,22862
13353,53756,22860
13354,63598,26986
13355,89911,38043
13356,15603,6720
13357,14544,6263
13358,4869,2134
13359,56496,24020
13360,36823,15751
13361,30265,12953
13362,97550,41281
13363,116361,49313
13364,120382,51044
13365,79370,33640
13366,42973,18351
13367,126269,53609
13368,52288,22260
13369,17123,7372
13370,51483,21934
13371,15453,6653
13372,17453,7503
13373,39451,16861
13374,2357,1020
13375,19417,8313
13376,100622,42614
13377,126370,53651
13378,95761,40510
13379,51040,21745
13380,122207,51828
13381,69642,29567
13382,43024,18370
13383,18602,7980
13384,102114,43209
13385,78401,33246
13386,5062,2220
13387,693,295
13388,90576,38329
13389,84373,35803
13390,68277,28995
13391,43790,18692
13392,49715,21191
13393,120157,50948
13394,18639,8001
13395,94060,39788
13396,110005,46579
13397,130378,55350
13398,19008,8140
13399,26976,11549
13400,40806,17427
13401,13074,5636
13402,104905,44387
13403,54015,22974
13404,82220,34901
13405,105853,44790
13406,43217,18451
13407,9829,4253
13408,6421,2832
13409,20430,8756
13410,112367,47630
13411,11317,4904
13412,116320,49296
13413,30145,12899
13414,101652,43019
13415,99698,42186
13416,41202,17591
13417,94054,39784
13418,53023,22553
13419,64538,27397
13420,83267,35346
13421,125515,53297
13422,29256,12503
13423,13512,5827
13424,111098,47055
13425,89943,38054
13426,74311,31533
13427,88880,37643
13428,110659,46865
13429,69210,29392
13430,118053,50045
13431,9631,4168
13432,10752,4657
13433,3746,1641
13434,89268,37795
13435,45054,19237
13436,36692,15694
13437,96493,40826
13438,12194,5259
13439,23367,10004
13440,6334,2790
13441,37601,16098
13442,105231,44524
13443,19150,8201
13444,26832,11487
13445,101764,43070
13446,73103,31028
13447,109997,46573
13448,8453,3663
13449,66298,28143
13450,73255,31094
13451,63656,27017
13452,114552,48529
13453,95002,40212
13454,3192,1396
13455,53219,22625
13456,53865,22908
13457,82614,35058
13458,92655,39230
13459,73194,31066
13460,69557,29534
13461,13984,6023
13462,86738,36796
13463,5457,2375
13464,79618,33747
13465,48398,20639
13466,14815,6376
13467,37437,16026
13468,88696,37555
13469,49920,21291
13470,106126,44904
13471,70164,29797
13472,9749,4216
13473,102635,43421
13474,56078,23838
13475,103047,43589
13476,5805,2535
13477,128297,54471
13478,109884,46524
13479,64322,27296
13480,121731,51617
13481,66998,28450
13482,63629,27004
13483,71979,30561
13484,98414,41668
13485,121033,51320
13486,93898,39730
13487,14803,6374
13488,41989,17929
13489,60614,25729
13490,43797,18697
13491,6484,2866
13492,115853,49118
13493,85281,36187
13494,61069,25923
13495,35271,15112
13496,81610,34626
13497,70156,29793
13498,90477,38277
13499,118778,50345
13500,27708,11842
13501,113256,48006
13502,111412,47176
13503,10021,4332
13504,24662,10559
13505,109197,46243
13506,27414,11718
13507,130393,55358
13508,54292,23087
13509,69272,29414
13510,13639,5884
13511,63627,27002
13512,74170,31474
13513,23340,9992
13514,115378,48907
13515,52575,22377
13516,100578,42589
13517,103010,43577
13518,21168,9082
13519,34507,14779
13520,127599,54173
13521,120554,51125
13522,64631,27435
13523,11525,4985
13524,117073,49619
13525,124429,52820
13526,127777,54260
13527,14655,6313
13528,27747,11860
13529,80803,34284
13530,79570,33729
13531,67330,28586
13532,106500,45070
13533,72326,30703
13534,15113,6514
13535,30215,12931
13536,84045,35679
13537,71925,30539
13538,55921,23777
13539,52502,22345
13540,56669,24091
13541,86782,36813
13542,88525,37482
13543,59000,25047
13544,45219,19318
13545,77507,32848
13546,100763,42663
13547,3674,1611
13548,64616,27430
13549,73438,31157
13550,3792,1662
13551,60625,25735
13552,4264,1865
13553,6602,2913
13554,10747,4655
13555,28890,12339
13556,60397,25637
13557,88765,37589
13558,6678,2944
13559,89432,37854
13560,31613,13530
13561,31199,13347
13562,1664,717
13563,6472,2860
13564,102412,43331
13565,67474,28656
13566,123531,52417
13567,15015,6470
13568,97351,41201
13569,59367,25206
13570,29320,12531
13571,126469,53689
13572,21681,9289
13573,14882,6416
13574,2778,1200
13575,26865,11498
13576,129189,54837
13577,81046,34393
13578,101705,43044
13579,100747,42660
13580,95424,40385
13581,9442,4084
13582,66895,28409
13583,34584,14811
13584,20864,8957
13585,47197,20136
13586,127886,54298
13587,61835,26261
13588,85722,36376
13589,104880,44378
13590,75006,31810
13591,59209,25135
13592,123643,52470
13593,1218,512
13594,104165,44060
13595,13072,5635
13596,68473,29084
13597,53575,22784
13598,23995,10281
13599,103787,43895
13600,23162,9918
13601,17377,7461
13602,108430,45915
13603,37681,16131
13604,13555,5845
13605,18811,8068
13606,92423,39125
13607,79044,33500
13608,107660,45584
13609,36711,15702
13610,13596,5860
13611,25221,10791
13612,61978,26329
13613,67189,28529
13614,13186,5688
13615,52751,22438
13616,75091,31848
13617,116181,49239
13618,26493,11330
13619,94584,40035
13620,33380,14318
13621,48713,20763
13622,86368,36650
13623,92058,38979
13624,62828,26674
13625,49444,21072
13626,119898,50841
13627,109145,46224
13628,53960,22950
13629,92542,39172
13630,53245,22633
13631,115223,48834
13632,123540,52422
13633,101960,43146
13634,74625,31656
13635,51753,22053
13636,3425,1512
13637,33156,14219
13638,51053,21752
13639,1530,662
13640,8234,3569
13641,20353,8720
13642,55401,23551
13643,19254,8247
13644,83809,35580
13645,129481,54953
13646,130025,55183
13647,22156,9486
13648,86713,36778
13649,64318,27294
13650,35342,15139
13651,26333,11262
13652,11763,5084
13653,20189,8645
13654,24305,10404
13655,6649,2934
13656,103796,43900
13657,49900,21278
13658,23177,9928
13659,100938,42734
13660,37038,15844
13661,78383,33238
13662,24500,10485
13663,104350,44141
13664,86220,36588
13665,62508,26543
13666,126313,53629
13667,92050,38974
13668,76808,32553
13669,61082,25930
13670,70317,29860
13671,14551,6266
13672,75103,31856
13673,35926,15382
13674,2643,1144
13675,20738,8898
13676,37146,15896
13677,60067,25502
13678,27965,11958
13679,124831,52997
13680,10412,4508
13681,38997,16663
13682,12376,5332
13683,115033,48755
13684,21612,9263
13685,20206,8652
13686,98589,41737
13687,5646,2462
13688,59138,25104
13689,7219,3172
13690,54885,23338
13691,121283,51423
13692,27303,11671
13693,22888,9793
13694,101195,42841
13695,84765,35973
13696,46693,19899
13697,122949,52144
13698,29091,12430
13699,117785,49925
13700,15312,6602
13701,49537,21112
13702,61181,25970
13703,13496,5823
13704,76090,32268
13705,108392,45899
13706,30779,13160
13707,106151,44919
13708,93445,39541
13709,30591,13082
13710,43015,18365
13711,43703,18661
13712,22043,9434
13713,115083,48773
13714,85619,36336
13715,34381,14720
13716,129197,54840
13717,5160,2258
13718,90192,38166
13719,5923,2596
13720,22018,9420
13721,54179,23040
13722,81467,34561
13723,54945,23365
13724,42288,18061
13725,78069,33106
13726,78771,33380
13727,95874,40556
13728,69901,29677
13729,44273,18899
13730,32858,14083
13731,117324,49719
13732,100921,42727
13733,10776,4668
13734,39847,17032
13735,125332,53219
13736,29519,12617
13737,94859,40144
13738,37615,16105
13739,63823,27094
13740,97937,41451
13741,56363,23959
13742,16712,7191
13743,128501,54559
13744,12309,5307
13745,123212,52263
13746,13837,5974
13747,93069,39397
13748,34709,14872
13749,93217,39446
13750,66846,28391
13751,109767,46478
13752,23233,9944
13753,82521,35023
13754,104278,44110
13755,3000,1309
13756,123184,52248
13757,19300,8269
13758,123103,52211
13759,91101,38554
13760,108749,46050
13761,24115,10332
13762,114146,48369
13763,71950,30551
13764,51237,21825
13765,10443,4519
13766,98916,41870
13767,20544,8813
13768,50298,21451
13769,102661,43431
13770,59301,25171
13771,38140,16328
13772,85454,36257
13773,42998,18361
13774,46956,20025
13775,117148,49655
13776,49925,21295
13777,123120,52220
13778,56499,24021
13779,53958,22949
13780,58465,24835
13781,79591,33737
13782,13739,5929
13783,48086,20484
13784,40429,17261
13785,13991,6026
13786,125136,53125
13787,127032,53949
13788,65645,27870
13789,21153,9076
13790,56398,23977
13791,48565,20705
13792,112808,47821
13793,36721,15707
13794,65847,27954
13795,36693,15695
13796,89569,37902
13797,125774,53399
13798,124063,52665
13799,45185,19303
13800,38047,16289
13801,59616,25301
13802,94177,39850
13803,105532,44653
13804,16967,7303
13805,104987,44419
13806,81628,34634
13807,130047,55190
13808,106073,44881
13809,31891,13653
13810,115754,49079
13811,123272,52287
13812,33419,14337
13813,67103,28490
13814,67126,28502
13815,94341,39932
13816,68767,29218
13817,95017,40220
13818,85459,36259
13819,40737,17397
13820,13580,5856
13821,24299,10401
13822,95240,40314
13823,105427,44613
13824,40847,17452
13825,50678,21599
13826,39268,16794
13827,113786,48219
13828,9982,4312
13829,38532,16492
13830,35784,15324
13831,57854,24567
13832,49891,21274
13833,109679,46443
13834,22,9
13835,62048,26360
13836,124491,52848
13837,51095,21765
13838,98449,41685
13839,38409,16439
13840,7521,3301
13841,80722,34243
13842,110610,46842
13843,21206,9098
13844,31961,13692
13845,80762,34264
13846,63188,26822
13847,97401,41217
13848,50418,21495
13849,47384,20196
13850,36986,15821
13851,8818,3808
13852,117290,49704
13853,125206,53154
13854,5126,2245
13855,121253,51409
13856,15229,6562
13857,127510,54134
13858,107924,45694
13859,36023,15417
13860,55888,23756
13861,66982,28443
13862,1932,828
13863,28990,12385
13864,92352,39099
13865,43029,18373
13866,41335,17642
13867,109070,46191
13868,116671,49448
13869,21647,9276
13870,4625,2026
13871,36579,15647
13872,95975,40602
13873,50300,21452
13874,128417,54521
13875,124853,53007
13876,45215,19316
13877,37913,16230
13878,100516,42553
13879,122297,51855
13880,50016,21337
13881,58423,24815
13882,85505,36275
13883,56471,24009
13884,46881,19991
13885,85631,36342
13886,69211,29393
13887,116625,49429
13888,19382,8303
13889,6579,2905
13890,53772,22867
13891,88706,37560
13892,122975,52153
13893,112534,47704
13894,105253,44537
13895,88636,37528
13896,78237,33181
13897,129288,54881
13898,14090,6071
13899,31208,13352
13900,88721,37569
13901,106214,44945
13902,68389,29049
13903,34997,14995
13904,3860,1687
13905,10978,4760
13906,58284,24755
13907,86020,36507
13908,119948,50863
13909,121215,51394
13910,34585,14812
13911,92795,39286
13912,66954,28430
13913,5347,2328
13914,114467,48495
13915,103365,43721
13916,68012,28888
13917,95104,40264
13918,26,12
13919,129946,55149
13920,8319,3601
13921,46554,19838
13922,38576,16507
13923,113797,48223
13924,3004,1312
13925,30464,13034
13926,119438,50627
13927,28984,12381
13928,114326,48439
13929,95035,40231
13930,2573,1110
13931,3489,1535
13932,117834,49947
13933,111684,47298
13934,53144,22596
13935,7882,3436
13936,19113,8188
13937,56285,23924
13938,51246,21828
13939,69065,29336
13940,49655,21159
13941,2264,978
13942,25810,11057
13943,62632,26593
13944,68921,29275
13945,32819,14063
13946,122919,52129
13947,108566,45972
13948,85375,36228
13949,57008,24225
13950,108395,45902
13951,8340,3611
13952,77983,33067
13953,100849,42703
13954,34534,14792
13955,91134,38570
13956,127026,53946
13957,33067,14183
13958,101356,42894
13959,12012,5190
13960,43083,18395
13961,116308,49288
13962,110715,46893
13963,47173,20125
13964,125771,53397
13965,78939,33462
13966,124289,52767
13967,101307,42880
13968,79525,33712
13969,59306,25175
13970,29099,12433
13971,18486,7940
13972,39265,16793
13973,108495,45938
13974,28331,12111
13975,60214,25564
13976,25154,10767
13977,75720,32113
13978,52562,22373
13979,36338,15547
13980,45681,19487
13981,48192,20538
13982,44395,18953
13983,28376,12132
13984,69055,29331
13985,42239,18039
13986,106175,44929
13987,96259,40723
13988,13013,5608
13989,98887,41857
13990,12399,5346
13991,105380,44590
13992,18036,7750
13993,51161,21794
13994,36447,15585
13995,23775,10188
13996,114302,48431
13997,30386,12999
13998,5564,2413
13999,88849,37626
14000,8262,3580
14001,38021,16277
14002,23284,9964
14003,15085,6503
14004,21341,9152
14005,7567,3318
14006,100869,42713
14007,80559,34167
14008,40700,17381
14009,40703,17383
14010,21247,9119
14011,53622,22800
14012,39850,17035
14013,128877,54712
14014,58903,25004
14015,44538,19025
14016,50779,21639
14017,108159,45791
14018,117154,49658
14019,22974,9836
14020,34889,14949
14021,47280,20158
14022,125618,53341
14023,87284,36998
14024,17312,7432
14025,101023,42764
14026,18385,7901
14027,84551,35879
14028,6172,2712
14029,98838,41838
14030,63547,26962
14031,52607,22388
14032,34551,14800
14033,102753,43474
14034,42715,18249
14035,118230,50121
14036,33244,14256
14037,92552,39177
14038,32037,13726
14039,38724,16562
14040,101026,42766
14041,94314,39922
14042,2024,870
14043,71599,30404
14044,61178,25969
14045,12766,5508
14046,99649,42168
14047,69063,29335
14048,111556,47233
14049,37961,16253
14050,3649,1601
14051,119490,50651
14052,118839,50376
14053,46666,19888
14054,39825,17018
14055,117836,49948
14056,117373,49741
14057,67718,28759
14058,73758,31295
14059,41862,17878
14060,79842,33842
14061,78848,33415
14062,14074,6062
14063,112106,47494
14064,104875,44375
14065,129626,55017
14066,42850,18295
14067,108424,45913
14068,120385,51046
14069,70049,29747
14070,95609,40458
14071,46880,19990
14072,71739,30462
14073,18879,8094
14074,58773,24958
14075,122591,51980
14076,12611,5441
14077,5133,2248
14078,125403,53252
14079,89201,37778
14080,110894,46964
14081,114747,48620
14082,15720,6766
14083,53671,22822
14084,110308,46704
14085,38616,16522
14086,73325,31121
14087,68437,29072
14088,119346,50592
14089,49445,21073
14090,94530,40017
14091,7169,3151
14092,108276,45845
14093,105805,44769
14094,14941,6438
14095,10585,4582
14096,61383,26063
14097,124043,52655
14098,116475,49364
14099,119371,50603
14100,127836,54277
14101,100802,42682
14102,117236,49684
14103,45099,19254
14104,114859,48674
14105,105965,44841
14106,119322,50578
14107,105571,44667
14108,34666,14850
14109,91876,38900
14110,48746,20777
14111,30241,12944
14112,102713,43453
14113,26182,11199
14114,113969,48293
14115,88985,37685
14116,4753,2081
14117,99585,42144
14118,84269,35755
14119,88420,37443
14120,95254,40321
14121,111614,47262
14122,9768,4224
14123,96845,40987
14124,87286,37000
14125,125574,53324
14126,51097,21766
14127,97204,41140
14128,34007,14574
14129,102451,43346
14130,8581,3707
14131,15972,6874
14132,2352,1017
14133,57266,24325
14134,45393,19381
14135,54880,23336
14136,3411,1504
14137,23587,10103
14138,5070,2222
14139,99409,42066
14140,6624,2922
14141,70491,29936
14142,78462,33275
14143,44716,19100
14144,32492,13935
14145,106897,45245
14146,105664,44711
14147,107094,45335
14148,69893,29673
14149,7255,3188
14150,12623,5450
14151,101065,42781
14152,40627,17344
14153,71695,30440
14154,53637,22804
14155,92501,39154
14156,42171,18010
14157,75523,32035
14158,24466,10469
14159,47809,20366
14160,34663,14848
14161,89795,38004
14162,121360,51459
14163,40935,17485
14164,127490,54128
14165,54274,23078
14166,115549,48985
14167,30828,13181
14168,40667,17363
14169,23784,10191
14170,102706,43449
14171,94572,40031
14172,77137,32683
14173,32425,13909
14174,112172,47530
14175,91712,38836
14176,126132,53553
14177,32332,13870
14178,121949,51713
14179,9168,3967
14180,115052,48761
14181,42342,18086
14182,24927,10684
14183,129536,54977
14184,7988,3477
14185,8328,3604
14186,37526,16068
14187,60032,25490
14188,67200,28534
14189,103102,43616
14190,80075,33939
14191,102258,43268
14192,95187,40295
14193,6379,2814
14194,126940,53909
14195,34772,14893
14196,45976,19612
14197,42114,17989
14198,5331,2322
14199,9091,3934
14200,39743,16983
14201,104208,44082
14202,94685,40076
14203,90582,38332
14204,100417,42505
14205,56630,24071
14206,26238,11220
14207,35388,15156
14208,108970,46148
14209,120487,51096
14210,54281,23082
14211,15487,6664
14212,9376,4054
14213,55357,23530
14214,38080,16304
14215,59849,25403
14216,53451,22729
14217,120916,51278
14218,80655,34212
14219,106462,45052
14220,15604,6721
14221,120285,51007
14222,15684,6751
14223,67865,28831
14224,77697,32941
14225,90634,38349
14226,91426,38715
14227,99958,42300
14228,1185,493
14229,128059,54372
14230,26662,11416
14231,16330,7025
14232,21555,9241
14233,112981,47896
14234,42666,18224
14235,18339,7881
14236,3878,1698
14237,64671,27450
14238,113373,48056
14239,128380,54503
14240,46293,19732
14241,24052,10304
14242,116664,49444
14243,56872,24176
14244,126697,53797
14245,100062,42340
14246,106877,45234
14247,14305,6167
14248,72546,30793
14249,97800,41387
14250,115675,49048
14251,107269,45417
14252,29027,12399
14253,11386,4938
14254,4652,2036
14255,77751,32961
14256,20175,8635
14257,101069,42784
14258,123882,52579
14259,60332,25609
14260,13364,5761
14261,27025,11567
14262,113700,48189
14263,17549,7540
14264,54903,23347
14265,38651,16539
14266,64033,27182
14267,74574,31644
14268,43113,18407
14269,112834,47835
14270,74264,31513
14271,126894,53890
14272,100370,42483
14273,103715,43867
14274,26710,11434
14275,16561,7127
14276,31322,13400
14277,91439,38721
14278,66928,28422
14279,111668,47289
14280,48059,20469
14281,14407,6209
14282,5447,2370
14283,93271,39471
14284,129693,55048
14285,51991,22141
14286,30799,13170
14287,32297,13850
14288,34021,14578
14289,109274,46283
14290,83730,35540
14291,105909,44820
14292,106698,45156
14293,114954,48714
14294,34549,14798
14295,69293,29422
14296,109461,46351
14297,46735,19915
14298,104833,44360
14299,8255,3579
14300,55474,23588
14301,20830,8941
14302,117090,49626
14303,101848,43102
14304,90100,38130
14305,12617,5446
14306,90515,38300
14307,22707,9714
14308,64338,27304
14309,88114,37318
14310,82772,35130
14311,42322,18079
14312,104584,44246
14313,25769,11038
14314,79043,33499
14315,128440,54533
14316,15880,6836
14317,80037,33923
14318,56422,23990
14319,69677,29584
14320,53087,22575
14321,112601,47737
14322,113642,48163
14323,54327,23102
14324,123176,52244
14325,106145,44916
14326,17427,7488
14327,35613,15256
14328,3095,1358
14329,47646,20307
14330,36661,15682
14331,128541,54582
14332,36129,15456
14333,38015,16275
14334,13715,5921
14335,106414,45032
14336,13349,5756
14337,20089,8602
14338,94180,39853
14339,24736,10592
14340,68904,29269
14341,52731,22433
14342,102185,43241
14343,108332,45874
14344,11259,4878
14345,77813,32986
14346,39726,16977
14347,61855,26274
14348,109404,46331
14349,96346,40759
14350,120793,51227
14351,39169,16752
14352,53276,22651
14353,113134,47961
14354,93124,39415
14355,118373,50189
14356,84689,35935
14357,69947,29699
14358,104183,44067
14359,14975,6452
14360,67414,28630
14361,8379,3628
14362,15280,6583
14363,119590,50697
14364,122715,52040
14365,80740,34254
14366,112897,47867
14367,44633,19065
14368,54438,23144
14369,69392,29457
14370,97093,41094
14371,78294,33201
14372,66772,28358
14373,52171,22215
14374,24608,10536
14375,96244,40718
14376,12231,5276
14377,82259,34916
14378,24984,10705
14379,25783,11046
14380,104506,44213
14381,62848,26681
14382,3462,1527
14383,63631,27006
14384,47961,20429
14385,9112,3942
14386,58459,24831
14387,88079,37303
14388,10200,4408
14389,67871,28836
14390,75431,31995
14391,69128,29362
14392,96451,40806
14393,65075,27638
14394,101245,42862
14395,69028,29322
14396,1099,458
14397,127940,54323
14398,92463,39140
14399,125718,53380
14400,126036,53502
14401,127890,54300
14402,111651,47280
14403,28746,12282
14404,11673,5041
14405,71080,30195
14406,37937,16239
14407,105168,44496
14408,44949,19197
14409,12620,5448
14410,129017,54761
14411,122576,51978
14412,37557,16081
14413,34436,14747
14414,27377,11701
14415,95801,40526
14416,16586,7139
14417,33046,14170
14418,41222,17601
14419,105698,44726
14420,9709,4203
14421,33042,14168
14422,49183,20965
14423,6995,3089
14424,39073,16695
14425,39776,16997
14426,110014,46585
14427,123659,52479
14428,26214,11212
14429,3629,1596
14430,2542,1096
14431,72779,30897
14432,128499,54557
14433,59896,25425
14434,40337,17221
14435,32015,13714
14436,35506,15209
14437,109086,46197
14438,12009,5188
14439,109589,46405
14440,63886,27118
14441,55693,23680
14442,44567,19038
14443,126506,53698
14444,122881,52111
14445,17733,7614
14446,38835,16600
14447,79451,33674
14448,149,68
14449,47764,20348
14450,128315,54479
14451,97871,41419
14452,102460,43351
14453,86384,36657
14454,6438,2842
14455,45741,19515
14456,13474,5811
14457,78868,33425
14458,47063,20075
14459,120799,51231
14460,14025,6040
14461,6773,2983
14462,17738,7617
14463,45205,19312
14464,61392,26067
14465,75784,32141
14466,54861,23323
14467,5434,2366
14468,32986,14139
14469,119533,50672
14470,79656,33763
14471,66243,28117
14472,77744,32959
14473,4670,2043
14474,96157,40678
14475,78436,33260
14476,27736,11855
14477,25247,10805
14478,75610,32075
14479,118615,50282
14480,26076,11163
14481,15575,6705
14482,99949,42297
14483,45115,19262
14484,90114,38136
14485,108940,46134
14486,47782,20357
14487,21992,9409
14488,15581,6707
14489,14585,6282
14490,115699,49057
14491,94118,39818
14492,99185,41972
14493,33294,14279
14494,129665,55033
14495,81941,34777
14496,5362,2334
14497,92891,39326
14498,53459,22733
14499,127086,53968
14500,69079,29342
14501,123601,52449
14502,30151,12902
14503,89641,37929
14504,98987,41901
14505,46066,19648
14506,49412,21059
14507,52347,22289
14508,34411,14734
14509,47393,20200
14510,37683,16132
14511,24141,10346
14512,3599,1583
14513,110227,46668
14514,102275,43275
14515,87283,36997
14516,23786,10193
14517,24918,10681
14518,81687,34666
14519,42160,18007
14520,81296,34488
14521,102510,43375
14522,2238,964
14523,130121,55224
14524,129116,54809
14525,57853,24566
14526,56191,23886
14527,128581,54601
14528,110489,46791
14529,54408,23129
14530,60065,25500
14531,29465,12596
14532,38066,16298
14533,12045,5202
14534,106577,45105
14535,92188,39036
14536,113517,48108
14537,38779,16583
14538,47305,20164
14539,1727,747
14540,74893,31762
14541,118314,50162
14542,59743,25357
14543,34278,14675
14544,51014,21736
14545,22375,9576
14546,126736,53818
14547,116415,49338
14548,29417,12577
14549,32789,14049
14550,107073,45323
14551,105277,44547
14552,50677,21598
14553,125694,53370
14554,66610,28288
14555,42556,18181
14556,71649,30425
14557,108184,45802
14558,3610,1589
14559,126602,53749
14560,99113,41944
14561,107803,45639
14562,70585,29981
14563,129457,54944
14564,82301,34930
14565,23823,10213
14566,19245,8243
14567,129644,55026
14568,92503,39156
14569,83233,35327
14570,82917,35184
14571,26248,11224
14572,52380,22300
14573,130232,55274
14574,22388,9581
14575,102266,43270
14576,51575,21971
14577,20326,8706
14578,14148,6096
14579,83345,35380
14580,13221,5704
14581,41221,17600
14582,19184,8222
14583,22660,9692
14584,31451,13459
14585,104282,44111
14586,43439,18555
14587,45421,19388
14588,67225,28547
14589,63972,27155
14590,128102,54394
14591,72639,30835
14592,45561,19441
14593,21140,9069
14594,37720,16148
14595,27887,11920
14596,104517,44215
14597,66507,28237
14598,31343,13411
14599,30460,13031
14600,80650,34209
14601,129162,54828
14602,3280,1439
14603,103331,43711
14604,8207,3560
14605,65237,27709
14606,125217,53158
14607,50520,21536
14608,58944,25022
14609,65495,27814
14610,102517,43378
14611,16780,7219
14612,107964,45712
14613,37216,15928
14614,29861,12776
14615,42419,18128
14616,26501,11334
14617,39328,16817
14618,105807,44771
14619,60521,25694
14620,47568,20275
14621,92104,39003
14622,85246,36170
14623,108186,45803
14624,28764,12288
14625,27994,11970
14626,47836,20382
14627,90317,38212
14628,69634,29563
14629,113428,48075
14630,115756,49081
14631,76086,32267
14632,36765,15725
14633,88201,37355
14634,63900,27126
14635,69149,29370
14636,36980,15817
14637,125426,53259
14638,68970,29298
14639,10026,4336
14640,6936,3058
14641,93557,39598
14642,39763,16992
14643,63323,26874
14644,102625,43418
14645,69985,29715
14646,101968,43151
14647,89190,37774
14648,43342,18510
14649,24604,10535
14650,97202,41139
14651,41483,17713
14652,60362,25622
14653,3379,1486
14654,10896,4723
14655,18506,7948
14656,119357,50597
14657,66782,28364
14658,43556,18605
14659,48921,20855
14660,33543,14388
14661,84890,36022
14662,110084,46614
14663,23404,10017
14664,80974,34362
14665,71932,30544
14666,1071,443
14667,108088,45758
14668,99733,42200
14669,49008,20890
14670,20618,8842
14671,68781,29223
14672,57139,24273
14673,83220,35317
14674,15767,6786
14675,51201,21813
14676,55076,23418
14677,121268,51417
14678,43609,18621
14679,105734,44739
14680,75305,31941
14681,14393,6204
14682,97840,41405
14683,5137,2250
14684,34601,14819
14685,102599,43403
14686,33372,14314
14687,2353,1018
14688,23330,9987
14689,3708,1626
14690,14052,6052
14691,92312,39082
14692,85574,36312
14693,8769,3786
14694,6327,2785
14695,120702,51190
14696,57753,24524
14697,113972,48294
14698,114611,48560
14699,108736,46043
14700,92605,39205
14701,37553,16079
14702,98560,41728
14703,76560,32460
14704,41361,17656
14705,99432,42076
14706,121016,51312
14707,44817,19147
14708,22851,9777
14709,53261,22642
14710,118345,50176
14711,71702,30441
14712,30708,13133
14713,45952,19598
14714,12267,5288
14715,122685,52024
14716,105346,44575
14717,124265,52755
14718,56323,23940
14719,86157,36563
14720,36159,15467
14721,62286,26454
14722,33549,14392
14723,97933,41450
14724,116064,49190
14725,62196,26419
14726,8731,3771
14727,76590,32474
14728,36241,15499
14729,81043,34391
14730,94641,40060
14731,63285,26863
14732,13079,5639
14733,58740,24942
14734,64084,27206
14735,19800,8487
14736,103844,43923
14737,49031,20901
14738,73349,31128
14739,115120,48787
14740,25297,10831
14741,72157,30636
14742,89380,37835
14743,50785,21640
14744,52473,22330
14745,4621,2024
14746,17566,7548
14747,62040,26355
14748,116622,49427
14749,29402,12568
14750,13258,5720
14751,99772,42212
14752,56925,24197
14753,33975,14564
14754,27934,11940
14755,63122,26799
14756,128923,54729
14757,96183,40688
14758,73242,31089
14759,13203,5697
14760,87298,37004
14761,112649,47758
14762,13455,5802
14763,12138,5236
14764,116696,49463
14765,72484,30767
14766,57260,24322
14767,116949,49568
14768,3385,1489
14769,75655,32089
14770,61545,26133
14771,79247,33584
14772,115680,49050
14773,63875,27113
14774,127397,54094
14775,57456,24406
14776,36297,15524
14777,91865,38893
14778,114061,48331
14779,57742,24519
14780,129204,54842
14781,34833,14925
14782,46017,19631
14783,109958,46556
14784,62809,26665
14785,20237,8669
14786,59386,25212
14787,39190,16758
14788,27959,11954
14789,111799,47349
14790,381,154
14791,76509,32437
14792,83707,35530
14793,73433,31155
14794,61248,26006
14795,86862,36841
14796,32814,14062
14797,59169,25121
14798,35355,15145
14799,19094,8176
14800,18584,7976
14801,110012,46583
14802,86317,36629
14803,106424,45036
14804,113250,48004
14805,112830,47833
14806,75726,32116
14807,64722,27472
14808,125422,53257
14809,5735,2500
14810,122064,51765
14811,124664,52926
14812,40054,17110
14813,48849,20817
14814,69708,29595
14815,10713,4644
14816,127861,54287
14817,116169,49233
14818,45480,19411
14819,25571,10940
14820,8018,3489
14821,16612,7150
14822,74398,31568
14823,70484,29931
14824,85993,36495
14825,54856,23321
14826,92145,39018
14827,32137,13776
14828,123298,52303
14829,65331,27742
14830,4858,2128
14831,54807,23301
14832,9944,4295
14833,100841,42699
14834,78728,33365
14835,78920,33453
14836,1478,641
14837,105800,44768
14838,77502,32846
14839,100653,42627
14840,129405,54925
14841,22281,9538
14842,91530,38755
14843,113563,48130
14844,24760,10605
14845,120826,51239
14846,19777,8476
14847,123811,52550
14848,41026,17524
14849,91264,38630
14850,111438,47189
14851,64184,27244
14852,17412,7480
14853,119016,50457
14854,122352,51877
14855,44089,18819
14856,50405,21487
14857,94515,40008
14858,42710,18245
14859,89140,37749
14860,97298,41178
14861,93711,39657
14862,93134,39418
14863,14677,6324
14864,12501,5392
14865,130271,55294
14866,3909,1715
14867,1562,673
14868,23697,10158
14869,54745,23274
14870,52653,22405
14871,72894,30947
14872,68505,29102
14873,6180,2716
14874,71027,30169
14875,74566,31639
14876,41456,17700
14877,2109,908
14878,111104,47060
14879,110454,46774
14880,118342,50173
14881,32042,13729
14882,48571,20710
14883,114064,48332
14884,87111,36927
14885,28574,12216
14886,111342,47150
14887,74046,31412
14888,46234,19714
14889,6443,2845
14890,14012,6036
14891,12931,5573
14892,72197,30648
14893,58375,24799
14894,125325,53215
14895,60539,25701
14896,42132,17998
14897,98194,41569
14898,87416,37050
14899,70018,29733
14900,54033,22980
14901,80298,34033
14902,38464,16465
14903,10500,4542
14904,76888,32583
14905,119396,50613
14906,20350,8718
14907,108016,45730
14908,27649,11814
14909,6170,2711
14910,100269,42439
14911,26926,11528
14912,79479,33689
14913,109476,46355
14914,77564,32877
14915,111227,47111
14916,29494,12608
14917,94800,40127
14918,100237,42429
14919,129035,54770
14920,17522,7531
14921,41952,17916
14922,84788,35979
14923,119689,50749
14924,18697,8025
14925,20013,8571
14926,41721,17818
14927,10065,4354
14928,56421,23989
14929,22759,9734
14930,75053,31832
14931,94087,39801
14932,78633,33333
14933,82565,35042
14934,35646,15269
14935,57514,24430
14936,103892,43945
14937,8893,3846
14938,112485,47686
14939,21298,9136
14940,35536,15225
14941,63272,26857
14942,88240,37370
14943,115292,48865
14944,19553,8372
14945,48374,20625
14946,105428,44614
14947,66192,28097
14948,102742,43467
14949,127715,54236
14950,46222,19709
14951,50205,21410
14952,66538,28254
14953,14086,6069
14954,26729,11442
14955,4588,2010
14956,5481,2382
14957,43624,18626
14958,108757,46054
14959,11698,5055
14960,116910,49551
14961,64978,27586
14962,2622,1135
14963,104174,44063
14964,126063,53520
14965,26195,11202
14966,115391,48913
14967,86341,36639
14968,108147,45785
14969,74122,31449
14970,79977,33900
14971,100566,42582
14972,51239,21826
14973,19147,8200
14974,55579,23631
14975,128577,54598
14976,129843,55114
14977,44715,19099
14978,11814,5111
14979,63925,27137
14980,109530,46375
14981,56470,24008
14982,72974,30975
14983,67454,28648
14984,40356,17232
14985,33129,14209
14986,52796,22457
14987,78181,33154
14988,129948,55151
14989,57123,24265
14990,12285,5297
14991,40746,17402
14992,996,410
14993,9283,4008
14994,8493,3677
14995,81433,34548
14996,58292,24759
14997,115422,48927
14998,107139,45358
14999,50645,21583
15000,60039,25492
15001,30854,13200
15002,49438,21071
15003,63339,26883
15004,51477,21931
15005,48265,20575
15006,45858,19567
15007,49858,21257
15008,99993,42311
15009,79541,33718
15010,113836,48236
15011,15171,6539
15012,121297,51429
15013,50687,21602
15014,1694,729
15015,104158,44057
15016,29862,12777
15017,52292,22262
15018,107795,45635
15019,42293,18064
15020,45884,19577
15021,97466,41243
15022,43321,18499
15023,61286,26022
15024,54588,23208
15025,13467,5807
15026,61037,25903
15027,73749,31291
15028,13140,5667
15029,35565,15239
15030,72792,30903
15031,59903,25429
15032,22158,9487
15033,62367,26488
15034,9008,3893
15035,102357,43307
15036,73699,31277
15037,1858,795
15038,114351,48450
15039,67866,28832
15040,117534,49820
15041,12350,5321
15042,74981,31797
15043,93213,39444
15044,110565,46820
15045,66094,28058
15046,83001,35217
15047,10967,4754
15048,60418,25644
15049,55766,23716
15050,984,406
15051,109475,46354
15052,4633,2030
15053,654,272
15054,4950,2171
15055,83688,35524
15056,99877,42266
15057,44910,19181
15058,7419,3256
15059,105162,44493
15060,64137,27227
15061,53433,22723
15062,4712,2061
15063,107823,45645
15064,77743,32958
15065,125101,53113
15066,103801,43903
15067,20635,8851
15068,61961,26321
15069,117984,50008
15070,125337,53221
15071,83212,35314
15072,90099,38129
15073,90368,38229
15074,111864,47378
15075,106177,44930
15076,52705,22424
15077,31583,13516
15078,3928,1721
15079,33490,14367
15080,21782,9335
15081,11089,4810
15082,57421,24388
15083,23689,10157
15084,12163,5247
15085,74229,31499
15086,17349,7449
15087,106141,44914
15088,10753,4658
15089,28913,12349
15090,4266,1867
15091,31710,13568
15092,56744,24125
15093,3358,1478
15094,84375,35804
15095,106000,44849
15096,102445,43344
15097,97154,41124
15098,20504,8796
15099,117035,49606
15100,5963,2619
15101,128050,54369
15102,3032,1329
15103,65208,27697
15104,94995,40208
15105,111544,47231
15106,109629,46420
15107,99692,42182
15108,96594,40870
15109,90801,38421
15110,51226,21820
15111,73599,31226
15112,74031,31407
15113,63493,26945
15114,85461,36261
15115,20183,8641
15116,125519,53299
15117,23533,10073
15118,71736,30461
15119,118014,50022
15120,47911,20408
15121,100571,42584
15122,23794,10197
15123,18409,7908
15124,25210,10787
15125,127809,54271
15126,57659,24485
15127,74103,31440
15128,28578,12217
15129,129576,54995
15130,119484,50649
15131,26673,11420
15132,43485,18580
15133,17224,7408
15134,10072,4357
15135,60635,25739
15136,80862,34310
15137,12777,5512
15138,76305,32357
15139,6264,2753
15140,111368,47158
15141,111350,47152
15142,111789,47340
15143,25791,11049
15144,108673,46016
15145,81019,34380
15146,116147,49224
15147,115081,48771
15148,50957,21714
15149,45466,19403
15150,89277,37799
15151,123161,52236
15152,73453,31163
15153,3023,1322
15154,64525,27393
15155,44866,19164
15156,39811,17011
15157,29671,12684
15158,126985,53926
15159,9901,4279
15160,13303,5739
15161,96302,40739
15162,24384,10439
15163,26372,11284
15164,117022,49600
15165,90780,38412
15166,85826,36423
15167,102803,43495
15168,117783,49924
15169,127846,54279
15170,67215,28542
15171,103211,43661
15172,14058,6055
15173,71273,30276
15174,22717,9717
15175,20844,8950
15176,126098,53536
15177,2427,1053
15178,82008,34802
15179,83930,35633
15180,77734,32957
15181,99112,41943
15182,61400,26071
15183,41230,17603
15184,49320,21015
15185,18906,8102
15186,77092,32662
15187,123790,52537
15188,83873,35614
15189,72064,30595
15190,29599,12651
15191,89660,37939
15192,91131,38569
15193,97982,41473
15194,15489,6666
15195,66517,28240
15196,55488,23592
15197,2975,1292
15198,32394,13894
15199,81152,34427
15200,111100,47057
15201,69641,29566
15202,92386,39111
15203,122145,51800
15204,50856,21668
15205,57829,24557
15206,111377,47163
15207,43458,18564
15208,4073,1791
15209,30235,12941
15210,71340,30303
15211,63097,26784
15212,83185,35299
15213,12639,5459
15214,70047,29745
15215,32055,13736
15216,43227,18457
15217,107030,45305
15218,38588,16509
15219,58503,24847
15220,16766,7214
15221,28982,12380
15222,79394,33650
15223,88274,37380
15224,92032,38965
15225,49892,21275
15226,73199,31068
15227,63445,26923
15228,114263,48415
15229,52725,22431
15230,100727,42653
15231,6124,2685
15232,80032,33921
15233,86975,36877
15234,46947,20019
15235,84190,35726
15236,99716,42192
15237,13896,5996
15238,106105,44895
15239,74310,31532
15240,129346,54899
15241,100322,42462
15242,118969,50436
15243,93831,39703
15244,88732,37575
15245,62350,26484
15246,39159,16749
15247,107183,45377
15248,60828,25825
15249,29693,12696
15250,20620,8843
15251,40109,17139
15252,17107,7364
15253,94255,39892
15254,123380,52343
15255,111085,47048
15256,121520,51539
15257,36548,15634
15258,63235,26843
15259,50590,21563
15260,47827,20376
15261,64004,27167
15262,42447,18140
15263,77521,32858
15264,19786,8481
15265,75464,32009
15266,15818,6807
15267,68845,29245
15268,80565,34170
15269,1152,480
15270,39644,16940
15271,21364,9159
15272,30558,13068
15273,85244,36169
15274,130346,55336
15275,35065,15027
15276,118576,50267
15277,117026,49602
15278,41810,17855
15279,7340,3224
15280,69503,29507
15281,53142,22595
15282,52167,22214
15283,110632,46849
15284,117989,50009
15285,57221,24310
15286,112460,47677
15287,41996,17932
15288,107719,45606
15289,110198,46656
15290,36177,15473
15291,9656,4180
15292,15616,6729
15293,102049,43181
15294,121011,51309
15295,9231,3991
15296,106881,45238
15297,72731,30876
15298,54360,23118
15299,27766,11867
15300,42031,17947
15301,2005,863
15302,113024,47916
15303,114785,48635
15304,127757,54248
15305,118343,50174
15306,39458,16865
15307,67176,28525
15308,58226,24730
15309,67829,28814
15310,46867,19981
15311,99242,41995
15312,21262,9123
15313,52477,22331
15314,44502,19006
15315,36505,15612
15316,6902,3041
15317,120447,51074
15318,39954,17075
15319,74463,31593
15320,122782,52073
15321,77206,32712
15322,115030,48753
15323,119058,50472
15324,3986,1751
15325,58417,24812
15326,12487,5383
15327,85500,36274
15328,10928,4741
15329,51558,21967
15330,37334,15983
15331,82626,35061
15332,108305,45859
15333,74133,31453
15334,86254,36601
15335,114865,48677
15336,30564,13072
15337,35567,15241
15338,97323,41190
15339,115326,48881
15340,27272,11657
15341,88605,37515
15342,6165,2709
15343,13460,5804
15344,95970,40599
15345,95032,40228
15346,71792,30479
15347,76483,32430
15348,79519,33709
15349,64395,27333
15350,29609,12656
15351,44793,19138
15352,9115,3944
15353,34679,14857
15354,129368,54908
15355,28551,12205
15356,18628,7994
15357,1671,720
15358,41912,17896
15359,68869,29251
15360,72142,30629
15361,34911,14956
15362,97569,41294
15363,75841,32169
15364,83984,35653
15365,67266,28563
15366,91427,38716
15367,9734,4208
15368,61789,26243
15369,124594,52900
15370,100022,42325
15371,124555,52882
15372,9145,3962
15373,125739,53388
15374,78467,33278
15375,23534,10074
15376,6306,2776
15377,6045,2645
15378,64253,27272
15379,56037,23823
15380,87409,37044
15381,8314,3598
15382,115069,48766
15383,68672,29178
15384,67039,28466
15385,127772,54257
15386,114965,48723
15387,94260,39894
15388,47307,20166
15389,14667,6317
15390,122568,51973
15391,125794,53407
15392,25108,10752
15393,79278,33597
15394,125917,53459
15395,5829,2548
15396,13499,5824
15397,6775,2984
15398,108785,46065
15399,102135,43222
15400,123830,52561
15401,43987,18777
15402,8938,3865
15403,13334,5750
15404,99633,42158
15405,76841,32564
15406,40185,17170
15407,62023,26348
15408,76961,32609
15409,94218,39872
15410,52050,22161
15411,40525,17298
15412,46463,19804
15413,68534,29117
15414,75603,32071
15415,79249,33585
15416,117243,49688
15417,57286,24329
15418,127220,54019
15419,25528,10917
15420,112640,47752
15421,80029,33918
15422,5234,2290
15423,39086,16705
15424,22903,9801
15425,45275,19336
15426,114380,48460
15427,41843,17868
15428,97294,41175
15429,128151,54414
15430,126635,53763
15431,41203,17592
15432,24965,10698
15433,19125,8192
15434,8161,3540
15435,111488,47209
15436,19121,8190
15437,48165,20523
15438,14312,6171
15439,18775,8054
15440,93321,39487
15441,52900,22503
15442,56372,23964
15443,32152,13784
15444,92963,39356
15445,122208,51829
15446,45584,19449
15447,49974,21317
15448,31764,13590
15449,105260,44542
15450,66383,28180
15451,112131,47507
15452,43026,18371
15453,87998,37269
15454,95209,40304
15455,9332,4033
15456,17480,7513
15457,93616,39619
15458,49968,21314
15459,798,341
15460,92189,39037
15461,105627,44693
15462,68394,29053
15463,129401,54922
15464,117589,49837
15465,34041,14582
15466,105850,44789
15467,69398,29460
15468,51025,21740
15469,34734,14882
15470,118318,50165
15471,58189,24707
15472,46296,19735
15473,110159,46640
15474,93605,39615
15475,129634,55020
15476,72998,30984
15477,25045,10726
15478,55536,23613
15479,64912,27560
15480,58846,24986
15481,40912,17472
15482,117230,49682
15483,57169,24290
15484,59142,25105
15485,127895,54302
15486,70552,29966
15487,29718,12711
15488,87299,37005
15489,11671,5040
15490,40950,17489
15491,67355,28603
15492,5030,2205
15493,122732,52049
15494,123650,52473
15495,33819,14496
15496,20755,8909
15497,90770,38408
15498,107080,45326
15499,50160,21390
15500,6081,2662
15501,32895,14099
15502,3663,1607
15503,126767,53834
15504,126372,53652
15505,66819,28379
15506,20855,8954
15507,121622,51572
15508,49113,20937
15509,58533,24858
15510,69412,29469
15511,13920,6002
15512,112001,47447
15513,83459,35434
15514,11276,4888
15515,6316,2780
15516,66759,28353
15517,121042,51322
15518,89945,38056
15519,21733,9314
15520,90880,38455
15521,72700,30867
15522,78493,33284
15523,107290,45427
15524,36467,15597
15525,5058,2219
15526,116459,49358
15527,5319,2316
15528,46765,19928
15529,78956,33468
15530,39396,16840
15531,128732,54649
15532,1328,568
15533,121576,51560
15534,63198,26828
15535,95059,40242
15536,117339,49728
15537,77452,32821
15538,65608,27855
15539,50621,21575
15540,28079,12011
15541,31962,13693
15542,115305,48872
15543,41548,17744
15544,26024,11146
15545,20791,8923
15546,60725,25777
15547,114242,48409
15548,46678,19892
15549,108901,46116
15550,109332,46300
15551,12622,5449
15552,5888,2578
15553,89415,37847
15554,100475,42530
15555,37795,16178
15556,118356,50180
15557,61161,25961
15558,87234,36978
15559,21526,9226
15560,20904,8977
15561,120105,50921
15562,112390,47642
15563,26185,11200
15564,94786,40117
15565,118691,50314
15566,2128,917
15567,94102,39808
15568,65428,27782
15569,58704,24923
15570,50204,21409
15571,75038,31824
15572,82353,34950
15573,21559,9244
15574,100890,42721
15575,20659,8861
15576,116522,49387
15577,108750,46051
15578,95697,40490
15579,41506,17725
15580,48053,20466
15581,27376,11700
15582,23573,10092
15583,73243,31090
15584,9281,4007
15585,8368,3622
15586,65093,27646
15587,34430,14744
15588,32117,13767
15589,55662,23665
15590,36415,15572
15591,103998,43984
15592,15500,6669
15593,90109,38134
15594,103539,43804
15595,41606,17765
15596,128134,54410
15597,120994,51301
15598,83122,35270
15599,20465,8776
15600,44008,18787
15601,9661,4182
15602,120575,51140
15603,84432,35831
15604,70913,30117
15605,79826,33833
15606,82520,35022
15607,37550,16077
15608,63458,26926
15609,2397,1036
15610,91217,38607
15611,115665,49041
15612,121351,51454
15613,36641,15676
15614,68222,28976
15615,36263,15510
15616,95888,40565
15617,72962,30971
15618,39882,17047
15619,15134,6521
15620,14179,6111
15621,63750,27061
15622,116676,49452
15623,5959,2617
15624,103220,43666
15625,76346,32371
15626,50937,21704
15627,11704,5059
15628,31349,13416
15629,45731,19509
15630,52330,22280
15631,15245,6571
15632,50119,21374
15633,61631,26171
15634,86362,36646
15635,43330,18502
15636,42984,18357
15637,48215,20551
15638,5600,2435
15639,118276,50147
15640,3622,1594
15641,114734,48617
15642,17247,7415
15643,47360,20185
15644,77265,32739
15645,77802,32982
15646,31693,13560
15647,39106,16719
15648,66755,28352
15649,2247,969
15650,24014,10290
15651,76840,32563
15652,41931,17904
15653,70337,29866
15654,88306,37392
15655,89184,37771
15656,95010,40217
15657,115667,49043
15658,42294,18065
15659,29735,12718
15660,29316,12527
15661,95414,40382
15662,71175,30230
15663,79140,33541
15664,100820,42689
15665,767,326
15666,128223,54445
15667,19949,8548
15668,19449,8326
15669,17554,7543
15670,114757,48624
15671,93115,39413
15672,38306,16400
15673,97783,41377
15674,44382,18949
15675,23052,9872
15676,52692,22420
15677,6272,2757
15678,41687,17801
15679,93270,39470
15680,15201,6549
15681,3762,1647
15682,64022,27175
15683,39796,17007
15684,108335,45876
15685,24726,10589
15686,15257,6575
15687,60841,25829
15688,23728,10166
15689,98999,41904
15690,32879,14092
15691,63848,27103
15692,75427,31992
15693,91874,38899
15694,101714,43048
15695,67732,28766
15696,45126,19268
15697,107025,45302
15698,58141,24689
15699,43947,18755
15700,67765,28786
15701,88596,37510
15702,65450,27794
15703,90184,38161
15704,38957,16648
15705,30706,13131
15706,4108,1807
15707,91626,38797
15708,116317,49294
15709,103749,43879
15710,66879,28401
15711,68315,29012
15712,54545,23188
15713,26226,11215
15714,114851,48669
15715,101905,43123
15716,81178,34439
15717,38113,16320
15718,12706,5484
15719,6958,3069
15720,26294,11245
15721,38928,16636
15722,112960,47891
15723,46868,19982
15724,80613,34192
15725,99789,42225
15726,116354,49310
15727,14876,6412
15728,64906,27557
15729,119614,50710
15730,86406,36666
15731,115193,48823
15732,35901,15372
15733,90492,38283
15734,94838,40140
15735,111031,47027
15736,14980,6456
15737,47639,20304
15738,112192,47540
15739,126758,53828
15740,1116,464
15741,11946,5164
15742,48834,20811
15743,69056,29332
15744,69331,29436
15745,130113,55221
15746,67210,28539
15747,36916,15793
15748,42699,18240
15749,114350,48449
15750,42618,18205
15751,47007,20047
15752,10438,4517
15753,97639,41321
15754,117947,49990
15755,124356,52791
15756,44614,19058
15757,96677,40909
15758,48248,20568
15759,38575,16506
15760,44135,18845
15761,107059,45317
15762,128933,54730
15763,7455,3272
15764,6758,2978
15765,80195,33988
15766,91236,38615
15767,57090,24257
15768,74332,31540
15769,116492,49372
15770,87010,36889
15771,11196,4852
15772,105365,44584
15773,100122,42370
15774,91569,38769
15775,81107,34410
15776,122603,51986
15777,85872,36451
15778,25081,10744
15779,49143,20953
15780,67673,28740
15781,27239,11643
15782,10969,4756
15783,2049,879
15784,62979,26741
15785,114932,48702
15786,53532,22769
15787,121847,51667
15788,120163,50952
15789,46461,19803
15790,94000,39762
15791,43777,18686
15792,115085,48774
15793,57830,24558
15794,81909,34761
15795,125086,53109
15796,117446,49776
15797,948,397
15798,270,119
15799,63001,26750
15800,464,194
15801,11970,5171
15802,42819,18283
15803,97241,41154
15804,15589,6712
15805,40039,17104
15806,1642,704
15807,114445,48488
15808,98112,41535
15809,32011,13711
15810,50501,21527
15811,47956,20427
15812,94977,40201
15813,49382,21046
15814,15460,6657
15815,76955,32607
15816,26297,11247
15817,103989,43979
15818,109979,46570
15819,114346,48447
15820,26012,11140
15821,9056,3915
15822,123265,52283
15823,64018,27172
15824,44016,18791
15825,96530,40842
15826,54276,23080
15827,111931,47408
15828,39307,16805
15829,105385,44592
15830,57892,24585
15831,27999,11972
15832,110883,46958
15833,39862,17037
15834,33423,14339
15835,72415,30738
15836,18740,8041
15837,51126,21780
15838,89685,37951
15839,16166,6957
15840,27198,11627
15841,87033,36897
15842,330,139
15843,500,211
15844,8580,3706
15845,80764,34266
15846,4033,1771
15847,71081,30196
15848,46751,19919
15849,60149,25538
15850,88968,37678
15851,75940,32204
15852,129622,55013
15853,66478,28218
15854,12044,5201
15855,107001,45291
15856,123186,52250
15857,23552,10082
15858,66261,28123
15859,93887,39725
15860,83190,35301
15861,18232,7838
15862,38902,16623
15863,76352,32374
15864,39816,17013
15865,15758,6782
15866,89316,37814
15867,57986,24628
15868,48052,20465
15869,83347,35381
15870,31562,13507
15871,96862,40997
15872,94041,39778
15873,124366,52795
15874,12648,5464
15875,13286,5733
15876,67085,28483
15877,54190,23045
15878,121462,51503
15879,44465,18990
15880,4726,2070
15881,69143,29368
15882,56743,24124
15883,127240,54025
15884,7601,3327
15885,99260,42003
15886,90177,38158
15887,64314,27293
15888,48714,20764
15889,29789,12744
15890,125191,53148
15891,36472,15599
15892,30023,12849
15893,37549,16076
15894,1407,601
15895,70566,29972
15896,101546,42969
15897,31909,13662
15898,115747,49074
15899,61472,26105
15900,81300,34490
15901,79702,33785
15902,30461,13032
15903,54887,23339
15904,86391,36661
15905,31878,13648
15906,8209,3561
15907,40444,17264
15908,95878,40559
15909,1220,513
15910,77204,32711
15911,59354,25199
15912,66775,28360
15913,41657,17789
15914,102867,43518
15915,85174,36136
15916,28474,12180
15917,36300,15526
15918,43851,18719
15919,35789,15326
15920,125527,53304
15921,72664,30849
15922,130390,55355
15923,119770,50786
15924,96439,40801
15925,81904,34758
15926,21031,9021
15927,51071,21758
15928,63893,27122
15929,21667,9283
15930,103902,43948
15931,121998,51739
15932,35712,15295
15933,68457,29079
15934,68608,29153
15935,82229,34904
15936,106662,45139
15937,122814,52087
15938,6895,3036
15939,50024,21341
15940,2003,862
15941,1477,640
15942,38431,16451
15943,56857,24168
15944,30979,13257
15945,101059,42778
15946,4594,2013
15947,121513,51533
15948,32779,14045
15949,8725,3769
15950,17070,7349
15951,27368,11698
15952,96256,40721
15953,51366,21878
15954,80828,34293
15955,20257,8678
15956,116431,49342
15957,26655,11412
15958,120845,51250
15959,46201,19700
15960,21548,9237
15961,50335,21465
15962,11932,5156
15963,105680,44719
15964,63720,27046
15965,4006,1761
15966,66265,28126
15967,11560,5002
15968,35043,15016
15969,72079,30602
15970,66036,28031
15971,30980,13258
15972,20260,8680
15973,122118,51785
15974,100190,42404
15975,28918,12352
15976,54650,23234
15977,54211,23053
15978,130008,55177
15979,71100,30205
15980,30,15
15981,66642,28300
15982,115646,49035
15983,50349,21473
15984,7196,3164
15985,100480,42532
15986,59077,25079
15987,103021,43583
15988,110064,46605
15989,94914,40171
15990,75096,31851
15991,61919,26301
15992,20354,8721
15993,50949,21711
15994,71618,30412
15995,112261,47576
15996,108414,45909
15997,119483,50648
15998,1229,517
15999,43882,18731
16000,22468,9615
16001,47644,20305
16002,55831,23734
16003,69703,29592
16004,40056,17112
16005,68494,29098
16006,50429,21498
16007,29791,12746
16008,7585,3322
16009,117222,49680
16010,93035,39385
16011,10430,4516
16012,80518,34146
16013,104693,44301
16014,60921,25856
16015,2011,866
16016,91889,38907
16017,85521,36287
16018,71509,30361
16019,114426,48480
16020,126619,53757
16021,87376,37032
16022,58280,24753
16023,87981,37261
16024,67720,28761
16025,42656,18219
16026,51760,22055
16027,55869,23747
16028,42072,17968
16029,72914,30954
16030,47955,20426
16031,50014,21335
16032,51618,21992
16033,51023,21738
16034,49358,21032
16035,97328,41192
16036,108309,45860
16037,62107,26382
16038,57238,24317
16039,123444,52379
16040,24924,10683
16041,83245,35336
16042,59133,25102
16043,36219,15492
16044,59664,25322
16045,84214,35735
16046,83308,35366
16047,82493,35012
16048,103531,43799
16049,76682,32500
16050,121844,51665
16051,8333,3609
16052,121051,51329
16053,17187,7394
16054,6386,2816
16055,22778,9744
16056,50113,21371
16057,28947,12368
16058,127733,54240
16059,115224,48835
16060,22065,9443
16061,104475,44199
16062,47716,20335
16063,89318,37815
16064,39930,17066
16065,103488,43774
16066,129359,54904
16067,94486,39996
16068,94003,39763
16069,107574,45551
16070,877,373
16071,55109,23428
16072,106250,44959
16073,15261,6578
16074,97195,41137
16075,82866,35162
16076,31023,13282
16077,16493,7096
16078,45010,19219
16079,4550,1991
16080,63691,27032
16081,129218,54851
16082,1634,701
16083,85483,36269
16084,119496,50654
16085,58162,24696
16086,98074,41515
16087,126824,53860
16088,33387,14320
16089,65165,27674
16090,1652,710
16091,21151,9075
16092,32340,13874
16093,104163,44059
16094,121335,51446
16095,45146,19281
16096,83030,35227
16097,92292,39073
16098,115456,48941
16099,12067,5211
16100,83550,35464
16101,61512,26118
16102,17292,7426
16103,104760,44329
16104,94733,40094
16105,95029,40226
16106,107329,45441
16107,118685,50312
16108,61721,26215
16109,45380,19375
16110,62303,26460
16111,18999,8136
16112,96117,40663
16113,98453,41688
16114,57128,24267
16115,121239,51403
16116,127292,54043
16117,61156,25960
16118,124008,52638
16119,19082,8171
16120,4995,2191
16121,90675,38367
16122,118637,50290
16123,109924,46544
16124,77923,33039
16125,47889,20400
16126,41339,17645
16127,6505,2877
16128,14028,6041
16129,38045,16287
16130,120417,51059
16131,116562,49403
16132,33760,14478
16133,18967,8127
16134,124394,52805
16135,75416,31987
16136,34263,14670
16137,107173,45372
16138,53641,22808
16139,127670,54213
16140,9131,3955
16141,10225,4417
16142,85858,36445
16143,74608,31651
16144,44956,19200
16145,125397,53250
16146,68206,28968
16147,78006,33079
16148,91043,38531
16149,88259,37375
16150,61168,25964
16151,36161,15468
16152,8109,3521
16153,31649,13544
16154,106344,44999
16155,103521,43792
16156,123671,52483
16157,14244,6138
16158,122691,52027
16159,93274,39472
16160,39009,16667
16161,70308,29856
16162,50796,21644
16163,97567,41292
16164,11199,4855
16165,49743,21204
16166,107349,45452
16167,70358,29876
16168,60315,25601
16169,89328,37817
16170,36744,15718
16171,45383,19377
16172,106292,44977
16173,118168,50097
16174,4343,1901
16175,47144,20113
16176,89523,37887
16177,18476,7935
16178,123770,52528
16179,79530,33715
16180,77328,32766
16181,102709,43451
16182,61437,26089
16183,93359,39503
16184,55825,23731
16185,23798,10198
16186,13629,5879
16187,84212,35734
16188,23174,9926
16189,113967,48292
16190,25894,11090
16191,97868,41418
16192,81775,34698
16193,109890,46526
16194,64904,27555
16195,114634,48567
16196,1627,699
16197,127257,54028
16198,91224,38611
16199,28093,12020
16200,117147,49654
16201,115968,49155
16202,48864,20827
16203,11275,4887
16204,45173,19296
16205,21176,9084
16206,49628,21149
16207,104448,44187
16208,35757,15313
16209,94534,40019
16210,121838,51661
16211,44763,19121
16212,80933,34342
16213,114014,48310
16214,19086,8173
16215,55730,23698
16216,30287,12961
16217,122385,51891
16218,91723,38844
16219,104675,44290
16220,126031,53501
16221,71492,30357
16222,96684,40913
16223,18309,7865
16224,127692,54224
16225,25801,11054
16226,67417,28631
16227,75422,31988
16228,314,137
16229,45338,19360
16230,103626,43836
16231,34798,14906
16232,52624,22395
16233,8280,3587
16234,4574,2005
16235,12914,5563
16236,111005,47016
16237,42655,18218
16238,55306,23515
16239,83101,35260
16240,121210,51393
16241,107827,45647
16242,34161,14624
16243,76107,32275
16244,65981,28012
16245,83564,35473
16246,40159,17160
16247,123831,52562
16248,81486,34572
16249,11887,5133
16250,92121,39010
16251,82812,35145
16252,66361,28170
16253,58299,24762
16254,74147,31462
16255,113433,48078
16256,98953,41884
16257,34306,14690
16258,93342,39497
16259,70772,30050
16260,46762,19926
16261,57356,24355
16262,103855,43929
16263,103032,43587
16264,12585,5431
16265,84515,35862
16266,125738,53387
16267,58986,25041
16268,118446,50225
16269,123472,52390
16270,107205,45386
16271,90286,38201
16272,95646,40472
16273,12962,5585
16274,89601,37918
16275,47093,20090
16276,116261,49273
16277,83452,35430
16278,53292,22658
16279,5635,2455
16280,129966,55160
16281,26685,11425
16282,88526,37483
16283,53426,22718
16284,113501,48101
16285,76802,32548
16286,68609,29154
16287,91300,38644
16288,11880,5129
16289,26246,11223
16290,17631,7578
16291,110719,46895
16292,24728,10590
16293,81799,34711
16294,110554,46816
16295,11212,4861
16296,121616,51570
16297,88213,37358
16298,58,23
16299,129416,54928
16300,98742,41806
16301,52495,22340
16302,122828,52093
16303,61029,25902
16304,43249,18470
16305,48302,20592
16306,32341,13875
16307,4349,1904
16308,72252,30676
16309,57765,24531
16310,51153,21791
16311,105643,44702
16312,127173,54004
16313,41742,17827
16314,73847,31335
16315,32994,14142
16316,113981,48298
16317,101696,43038
16318,48012,20449
16319,80395,34079
16320,71778,30475
16321,100051,42333
16322,115465,48948
16323,19560,8376
16324,115010,48745
16325,113355,48044
16326,44151,18849
16327,90017,38094
16328,44785,19132
16329,16459,7084
16330,110977,47003
16331,80486,34128
16332,55439,23567
16333,21708,9302
16334,79193,33562
16335,21532,9228
16336,73225,31078
16337,6975,3079
16338,64198,27252
16339,17433,7492
16340,62049,26361
16341,49607,21142
16342,74825,31744
16343,120498,51100
16344,123127,52224
16345,15585,6709
16346,20696,8882
16347,115065,48765
16348,124227,52741
16349,2436,1056
16350,6086,2666
16351,81277,34477
16352,7879,3434
16353,78730,33366
16354,50172,21395
16355,120381,51043
16356,18935,8117
16357,28678,12252
16358,2377,1027
16359,73638,31249
16360,11474,4968
16361,94563,40027
16362,88331,37407
16363,56379,23968
16364,113447,48082
16365,48339,20606
16366,58580,24879
16367,71476,30349
16368,78579,33316
16369,92359,39101
16370,16949,7295
16371,34106,14604
16372,73042,30999
16373,61571,26144
16374,85210,36150
16375,40150,17154
16376,82345,34943
16377,19493,8348
16378,33414,14336
16379,3895,1707
16380,57447,24400
16381,107505,45520
16382,44361,18941
16383,127967,54336
16384,25419,10878
16385,59163,25118
16386,13641,5885
16387,117122,49641
16388,111498,47214
16389,66815,28376
16390,95493,40417
16391,664,278
16392,82136,34856
16393,114174,48380
16394,110416,46752
16395,33775,14482
16396,99413,42069
16397,77861,33012
16398,94452,39979
16399,39471,16871
16400,45159,19288
16401,99503,42100
16402,117298,49711
16403,37241,15943
16404,88469,37459
16405,1710,738
16406,127695,54226
16407,36098,15444
16408,33260,14263
16409,69403,29462
16410,37034,15842
16411,26672,11419
16412,50648,21586
16413,81551,34606
16414,120890,51269
16415,101815,43088
16416,91957,38935
16417,16475,7091
16418,86079,36530
16419,43386,18529
16420,61806,26251
16421,59517,25265
16422,52543,22362
16423,122701,52032
16424,75831,32164
16425,31810,13615
16426,74696,31691
16427,27579,11782
16428,71809,30488
16429,101675,43026
16430,59100,25088
16431,23658,10141
16432,34094,14599
16433,62287,26455
16434,119729,50768
16435,40980,17505
16436,9669,4185
16437,28321,12110
16438,40814,17433
16439,44407,18961
16440,40656,17357
16441,16421,7067
16442,21189,9090
16443,16184,6962
16444,60683,25758
16445,71331,30298
16446,65504,27819
16447,52593,22382
16448,40859,17456
16449,30243,12945
16450,110044,46597
16451,91687,38828
16452,103918,43954
16453,12990,5597
16454,11210,4859
16455,30876,13213
16456,122518,51948
16457,35636,15266
16458,14346,6184
16459,48434,20657
16460,85292,36190
16461,107158,45366
16462,40838,17447
16463,15928,6859
16464,116585,49409
16465,73572,31216
16466,94236,39881
16467,37860,16210
16468,16371,7039
16469,64344,27307
16470,18096,7775
16471,102485,43365
16472,71877,30516
16473,62893,26704
16474,100002,42314
16475,8935,3863
16476,47072,20082
16477,3117,1370
16478,67853,28824
16479,12240,5279
16480,77303,32756
16481,62125,26391
16482,26516,11343
16483,99214,41986
16484,103146,43633
16485,16529,7109
16486,61215,25989
16487,94028,39772
16488,36712,15703
16489,118030,50033
16490,119722,50764
16491,62643,26601
16492,92994,39366
16493,17258,7421
16494,119843,50813
16495,56229,23901
16496,43541,18601
16497,11659,5036
16498,44986,19211
16499,97641,41322
16500,118992,50445
16501,125999,53487
16502,3328,1461
16503,129680,55041
16504,79688,33781
16505,126646,53770
16506,40689,17374
16507,72226,30661
16508,84362,35796
16509,48958,20872
16510,119209,50537
16511,114221,48399
16512,75899,32190
16513,78113,33126
16514,65061,27631
16515,37837,16194
16516,31002,13270
16517,43387,18530
16518,31925,13671
16519,80942,34346
16520,3442,1520
16521,110769,46916
16522,39045,16681
16523,48815,20800
16524,23299,9972
16525,91013,38518
16526,63637,27009
16527,54208,23052
16528,120115,50927
16529,106034,44864
16530,38527,16490
16531,50454,21509
16532,58312,24767
16533,27148,11615
16534,31541,13499
16535,11396,4942
16536,54427,23141
16537,74759,31716
16538,95752,40508
16539,9403,4067
16540,48274,20578
16541,27243,11644
16542,23293,9968
16543,38507,16483
16544,92570,39187
16545,121056,51331
16546,66740,28344
16547,50627,21579
16548,64555,27405
16549,44366,18942
16550,2991,1303
16551,47810,20367
16552,85115,36112
16553,108259,45840
16554,41608,17766
16555,70128,29782
16556,23128,9901
16557,14639,6305
16558,43625,18627
16559,70714,30024
16560,111729,47315
16561,114717,48606
16562,69297,29424
16563,47339,20178
16564,73897,31355
16565,38033,16281
16566,18464,7929
16567,101242,42860
16568,34682,14858
16569,71262,30269
16570,64079,27203
16571,104625,44265
16572,50126,21376
16573,11462,4965
16574,11235,4870
16575,93998,39761
16576,128459,54543
16577,46900,19999
16578,100970,42747
16579,96941,41030
16580,39374,16831
16581,123586,52441
16582,82549,35034
16583,21920,9388
16584,121961,51718
16585,93658,39636
16586,83331,35374
16587,103209,43660
16588,123810,52549
16589,100486,42536
16590,91399,38701
16591,117470,49788
16592,80689,34227
16593,16696,7183
16594,25594,10948
16595,2785,1205
16596,13371,5763
16597,58765,24953
16598,61277,26017
16599,89137,37747
16600,96738,40940
16601,33569,14403
16602,54612,23222
16603,31611,13529
16604,108419,45911
16605,46623,19867
16606,40797,17422
16607,67725,28763
16608,102831,43505
16609,17035,7333
16610,41808,17853
16611,69043,29326
