role_rank0,csv_row_index0,working_index0
0,129490,54956
1,10597,4586
2,50449,21507
3,1873,802
4,27748,11861
5,42154,18005
6,67337,28590
7,59172,25123
8,38548,16497
9,99308,42022
10,79571,33730
11,107470,45504
12,37899,16224
13,46976,20032
14,22464,9613
15,67768,28788
16,83631,35499
17,117888,49968
18,69928,29688
19,14958,6446
20,11158,4834
21,24872,10654
22,37289,15965
23,109551,46387
24,3433,1517
25,129333,54894
26,57301,24335
27,58196,24712
28,66138,28075
29,7000,3091
30,30642,13102
31,63878,27115
32,32983,14137
33,128565,54594
34,29359,12549
35,89043,37715
36,4254,1860
37,35934,15387
38,109436,46339
39,127297,54045
40,126988,53927
41,79759,33804
42,10349,4478
43,17063,7344
44,85880,36455
45,108666,46012
46,84905,36027
47,43067,18385
48,36644,15678
49,44228,18879
50,122792,52080
51,128215,54442
52,89718,37962
53,97187,41134
54,36235,15496
55,90060,38114
56,21475,9205
57,75669,32093
58,42900,18321
59,2220,953
60,65207,27696
61,19712,8451
62,78017,33081
63,35722,15300
64,22952,9824
65,79460,33678
66,112365,47628
67,31369,13427
68,42489,18154
69,71921,30535
70,105824,44780
71,112731,47792
72,88704,37559
73,73392,31141
74,23768,10187
75,84585,35895
76,81651,34644
77,44289,18906
78,29407,12571
79,97918,41441
80,88696,37555
81,29624,12664
82,37020,15838
83,100727,42653
84,78453,33271
85,41630,17777
86,80187,33986
87,38973,16655
88,109833,46501
89,92332,39091
90,58555,24865
91,34163,14626
92,22469,9616
93,2262,977
94,102745,43470
95,123296,52301
96,7002,3092
97,17346,7448
98,53909,22926
99,38795,16586
100,61527,26123
101,67626,28720
102,79797,33825
103,106037,44867
104,5815,2542
105,91167,38581
106,5803,2533
107,11970,5171
108,468,196
109,90763,38406
110,47853,20386
111,82372,34958
112,101349,42891
113,45385,19378
114,13731,5924
115,80127,33959
116,98438,41681
117,111679,47296
118,62109,26383
119,35792,15328
120,37655,16121
121,124520,52861
122,84021,35670
123,98348,41637
124,46320,19745
125,107484,45510
126,62297,26458
127,116442,49350
128,54219,23057
129,112374,47636
130,60703,25769
131,66316,28148
132,15906,6847
133,117350,49735
134,96969,41046
135,22571,9655
136,90034,38100
137,96302,40739
138,64036,27183
139,100406,42501
140,39044,16680
141,110522,46802
142,68933,29282
143,16005,6893
144,77590,32888
145,72134,30625
146,4647,2034
147,27632,11804
148,78330,33212
149,51593,21979
150,46916,20005
151,71656,30427
152,40356,17232
153,94323,39925
154,122533,51955
155,41968,17925
156,18354,7887
157,41948,17913
158,93024,39379
159,83405,35409
160,97587,41301
161,128979,54748
162,73427,31153
163,125953,53470
164,52157,22209
165,104401,44163
166,99547,42121
167,2227,956
168,2897,1255
169,111667,47288
170,117544,49823
171,89982,38079
172,113733,48202
173,40544,17308
174,71839,30497
175,24177,10362
176,88815,37612
177,40353,17229
178,75181,31889
179,88507,37474
180,61748,26226
181,99251,41999
182,84848,36005
183,127316,54053
184,42244,18041
185,68523,29114
186,116192,49246
187,94137,39830
188,47934,20418
189,103704,43862
190,34843,14929
191,123536,52420
192,110662,46866
193,70402,29900
194,26458,11314
195,33038,14166
196,3526,1556
197,74184,31482
198,66389,28181
199,31906,13660
200,90045,38109
201,126764,53831
202,77915,33033
203,124004,52635
204,121945,51710
205,120895,51272
206,85646,36349
207,128360,54496
208,15827,6811
209,120936,51285
210,59224,25141
211,62386,26497
212,98257,41590
213,35453,15183
214,112936,47883
215,113333,48037
216,106161,44922
217,124311,52779
218,12489,5384
219,59959,25456
220,74823,31743
221,102196,43246
222,61720,26214
223,106038,44868
224,124382,52801
225,4414,1938
226,65063,27632
227,13949,6015
228,23482,10055
229,37380,15999
230,130212,55262
231,79435,33670
232,14580,6280
233,16554,7122
234,111806,47352
235,22431,9596
236,53522,22764
237,81911,34762
238,3462,1527
239,92832,39304
240,119642,50725
241,112722,47789
242,60600,25725
243,36285,15521
244,2981,1295
245,127758,54249
246,111946,47417
247,81158,34430
248,106625,45122
249,51502,21943
250,30978,13256
251,48205,20546
252,65743,27912
253,13217,5702
254,71932,30544
255,84412,35823
256,67538,28682
257,4574,2005
258,16850,7252
259,26032,11148
260,98731,41802
261,54906,23349
262,16096,6928
263,77037,32641
264,110127,46629
265,62925,26719
266,81866,34741
267,8389,3635
268,70848,30085
269,125855,53433
270,96026,40623
271,60060,25497
272,25881,11085
273,13142,5668
274,70539,29961
275,92072,38985
276,68412,29062
277,49524,21106
278,45006,19216
279,126533,53710
280,27810,11886
281,6170,2711
282,60832,25827
283,115792,49094
284,119187,50531
285,29861,12776
286,124221,52738
287,48983,20882
288,53832,22890
289,78901,33440
290,27683,11835
291,94109,39814
292,56131,23861
293,76664,32495
294,118650,50294
295,88023,37280
296,123329,52316
297,124388,52803
298,42343,18087
299,2779,1201
300,129644,55026
301,65259,27716
302,90113,38135
303,25386,10862
304,1584,684
305,14538,6260
306,128939,54732
307,84394,35814
308,112390,47642
309,42288,18061
310,91607,38783
311,109666,46436
312,84376,35805
313,114231,48402
314,97540,41277
315,104065,44011
316,10005,4323
317,59220,25140
318,48890,20840
319,86070,36526
320,30391,13001
321,6076,2660
322,49090,20924
323,2548,1101
324,14055,6053
325,46185,19695
326,63417,26912
327,77971,33061
328,124379,52800
329,96693,40918
330,92930,39343
331,74376,31559
332,122952,52146
333,85243,36168
334,124596,52902
335,120167,50955
336,41854,17873
337,701,300
338,75295,31936
339,37013,15834
340,45816,19551
341,104613,44259
342,99260,42003
343,112231,47562
344,7003,3093
345,113332,48036
346,25572,10941
347,128655,54628
348,45672,19483
349,89092,37731
350,124254,52752
351,26396,11289
352,2080,895
353,48628,20732
354,2051,881
355,121273,51421
356,64513,27389
357,119653,50732
358,109970,46566
359,104782,44337
360,6386,2816
361,85532,36290
362,88772,37592
363,124526,52866
364,113955,48286
365,89917,38046
366,41254,17610
367,33245,14257
368,42739,18259
369,109561,46391
370,3456,1525
371,19183,8221
372,114639,48569
373,127381,54084
374,33929,14543
375,90746,38398
376,23661,10143
377,83870,35612
378,104108,44031
379,39603,16925
380,63224,26840
381,66020,28028
382,30284,12960
383,13059,5629
384,65101,27650
385,70967,30142
386,22278,9535
387,46109,19669
388,128510,54565
389,36817,15746
390,67115,28496
391,90120,38139
392,14869,6407
393,94766,40110
394,13296,5736
395,50902,21689
396,104081,44017
397,40996,17513
398,97260,41160
399,23176,9927
400,30760,13157
401,83564,35473
402,97119,41107
403,48382,20628
404,1287,543
405,120938,51286
406,128398,54514
407,35789,15326
408,101602,42992
409,17033,7331
410,77420,32805
411,30869,13208
412,38689,16549
413,44567,19038
414,18776,8055
415,106506,45074
416,57636,24477
417,121052,51330
418,33122,14206
419,49218,20983
420,44730,19107
421,72066,30597
422,6811,3001
423,128380,54503
424,113851,48243
425,20737,8897
426,14654,6312
427,9230,3990
428,105442,44619
429,130325,55329
430,4149,1815
431,6353,2797
432,124767,52971
433,69977,29711
434,24808,10626
435,62391,26500
436,78897,33438
437,29869,12780
438,111566,47240
439,25547,10928
440,129282,54878
441,93492,39560
442,107686,45595
443,40689,17374
444,22849,9776
445,48103,20496
446,27088,11595
447,130315,55323
448,62000,26340
449,25748,11027
450,30467,13035
451,11780,5091
452,96851,40990
453,17148,7381
454,88752,37582
455,108178,45799
456,15285,6586
457,10401,4502
458,85832,36427
459,94017,39768
460,46585,19852
461,52696,22423
462,63978,27156
463,35065,15027
464,80755,34260
465,34502,14774
466,77114,32674
467,66357,28167
468,40307,17208
469,123960,52618
470,29474,12601
471,23200,9934
472,104777,44333
473,19334,8283
474,44223,18876
475,46781,19941
476,38874,16612
477,66081,28050
478,82202,34891
479,122185,51819
480,7279,3198
481,27258,11650
482,6447,2847
483,78242,33182
484,74573,31643
485,57525,24437
486,99371,42049
487,22254,9526
488,79025,33493
489,28777,12294
490,111014,47019
491,61523,26122
492,57693,24497
493,104488,44206
494,108278,45847
495,81242,34461
496,106479,45061
497,19652,8425
498,73838,31329
499,120694,51186
500,63183,26819
501,51396,21897
502,130364,55343
503,33040,14167
504,121148,51368
505,46305,19740
506,111106,47061
507,86455,36678
508,79739,33797
509,61300,26025
510,69593,29545
511,107460,45499
512,65483,27809
513,104579,44244
514,79656,33763
515,113313,48027
516,64773,27494
517,39239,16781
518,35659,15274
519,36692,15694
520,64144,27229
521,119572,50691
522,64609,27427
523,19437,8323
524,41898,17888
525,112644,47756
526,119444,50632
527,116036,49176
528,85570,36309
529,18872,8091
530,14217,6127
531,62013,26343
532,66406,28187
533,46756,19923
534,31417,13443
535,4715,2063
536,7700,3368
537,112430,47662
538,30510,13047
539,81201,34448
540,129554,54985
541,63353,26887
542,106529,45085
543,86637,36751
544,129933,55145
545,32942,14122
546,120100,50919
547,97805,41390
548,84401,35818
549,94102,39808
550,14832,6390
551,25874,11081
552,7153,3144
553,27488,11748
554,50930,21700
555,50070,21359
556,87022,36894
557,104698,44303
558,37706,16141
559,59737,25355
560,46420,19789
561,78363,33227
562,92870,39320
563,110250,46675
564,29466,12597
565,83633,35501
566,14525,6254
567,13384,5768
568,59939,25449
569,101008,42758
570,9609,4158
571,61803,26249
572,6560,2899
573,64819,27515
574,43260,18475
575,93411,39525
576,89537,37890
577,9966,4308
578,63106,26788
579,117901,49971
580,26304,11249
581,17718,7607
582,79611,33743
583,85760,36397
584,32939,14120
585,102200,43247
586,106182,44932
587,87576,37115
588,101317,42885
589,38986,16659
590,113698,48188
591,18060,7764
592,13833,5972
593,123959,52617
594,672,284
595,80696,34230
596,9691,4196
597,55531,23611
598,986,407
599,10228,4419
600,60277,25586
601,34808,14912
602,38607,16520
603,19447,8325
604,85331,36208
605,52599,22384
606,115446,48935
607,98050,41502
608,38487,16477
609,86136,36555
610,115612,49018
611,10739,4652
612,37611,16102
613,16365,7036
614,114962,48721
615,62347,26483
616,77508,32849
617,26012,11140
618,35321,15133
619,11441,4955
620,100170,42398
621,114174,48380
622,45561,19441
623,122373,51885
624,40449,17268
625,64351,27311
626,6906,3044
627,58078,24665
628,40566,17317
629,120343,51029
630,6790,2992
631,18905,8101
632,89500,37878
633,3513,1549
634,83902,35622
635,33036,14165
636,37278,15961
637,100270,42440
638,19311,8274
639,45811,19549
640,55725,23697
641,39127,16729
642,18174,7809
643,11821,5115
644,49459,21079
645,46314,19742
646,47334,20175
647,86075,36527
648,101763,43069
649,37427,16021
650,63995,27161
651,71485,30353
652,82969,35206
653,96195,40694
654,47683,20320
655,49413,21060
656,126073,53526
657,86520,36703
658,70368,29880
659,6974,3078
660,11914,5144
661,94228,39879
662,103454,43756
663,99163,41962
664,2195,940
665,100505,42548
666,61098,25936
667,18137,7795
668,92891,39326
669,106444,45043
670,81316,34496
671,105303,44558
672,78200,33163
673,58205,24718
674,88757,37585
675,121371,51464
676,52715,22427
677,120556,51127
678,76602,32478
679,19134,8195
680,34329,14701
681,72640,30836
682,89844,38022
683,114932,48702
684,34667,14851
685,1364,585
686,115283,48861
687,77812,32985
688,8323,3602
689,59019,25054
690,88602,37513
691,37696,16138
692,128733,54650
693,44361,18941
694,58961,25031
695,105840,44786
696,3220,1408
697,94369,39945
698,121977,51725
699,82096,34839
700,55789,23724
701,18106,7781
702,111429,47183
703,57221,24310
704,49662,21163
705,50170,21394
706,34858,14935
707,108398,45904
708,60950,25867
709,74548,31634
710,40812,17431
711,57938,24604
712,54352,23113
713,68041,28904
714,106531,45086
715,72470,30764
716,13164,5678
717,116545,49399
718,85214,36152
719,79102,33521
720,36121,15452
721,43918,18745
722,97947,41456
723,38045,16287
724,30732,13146
725,85933,36472
726,83385,35398
727,4870,2135
728,2341,1011
729,60240,25575
730,66989,28445
731,75259,31917
732,23705,10160
733,28871,12331
734,23899,10243
735,4991,2190
736,27500,11753
737,43622,18625
738,17357,7454
739,40379,17241
740,27957,11952
741,100204,42412
742,33729,14465
743,126302,53624
744,10384,4492
745,31814,13617
746,27553,11771
747,93605,39615
748,127790,54265
749,128399,54515
750,78842,33412
751,117319,49718
752,33592,14416
753,3119,1371
754,60162,25545
755,81029,34385
756,38600,16515
757,1627,699
758,122486,51936
759,123688,52492
760,64835,27522
761,56438,23994
762,74578,31647
763,45517,19426
764,22790,9751
765,77726,32954
766,30743,13149
767,15119,6517
768,83724,35537
769,58004,24631
770,45183,19301
771,93167,39430
772,68983,29303
773,84915,36031
774,66478,28218
775,24968,10699
776,11922,5148
777,95052,40237
778,99196,41977
779,81467,34561
780,6856,3021
781,22742,9730
782,3052,1342
783,7183,3159
784,87592,37122
785,114776,48629
786,82190,34885
787,108997,46159
788,44114,18835
789,75009,31813
790,70318,29861
791,80210,33991
792,54342,23105
793,60349,25616
794,103150,43635
795,90925,38475
796,92958,39354
797,59070,25075
798,115265,48852
799,80881,34319
800,83990,35657
801,68899,29266
802,29595,12649
803,77077,32656
804,125700,53372
805,63050,26768
806,8936,3864
807,108563,45969
808,60459,25661
809,96865,40998
810,109297,46290
811,16561,7127
812,9676,4189
813,113200,47982
814,127512,54135
815,24087,10318
816,25864,11075
817,52226,22237
818,34536,14794
819,12074,5217
820,68373,29041
821,27452,11735
822,9252,4000
823,14171,6105
824,44547,19030
825,16621,7154
826,39080,16700
827,57542,24447
828,73105,31029
829,50941,21707
830,76422,32406
831,68588,29144
832,122102,51778
833,33679,14450
834,81826,34721
835,31176,13339
836,107859,45662
837,85756,36395
838,31252,13374
839,122753,52060
840,85799,36415
841,53531,22768
842,24475,10473
843,119383,50607
844,60336,25610
845,101697,43039
846,11767,5086
847,6414,2829
848,62505,26541
849,78148,33140
850,76270,32346
851,63103,26786
852,21257,9121
853,4252,1858
854,98668,41774
855,102664,43433
856,63919,27134
857,41567,17751
858,55051,23411
859,100466,42524
860,123624,52461
861,45264,19332
862,123151,52233
863,119705,50755
864,4861,2130
865,47791,20360
866,33397,14326
867,73902,31359
868,61646,26177
869,76246,32338
870,105619,44689
871,96347,40760
872,57107,24260
873,101704,43043
874,21985,9407
875,24275,10391
876,127348,54070
877,127032,53949
878,39609,16930
879,50188,21401
880,95847,40545
881,86886,36851
882,103319,43707
883,33544,14389
884,16029,6904
885,19419,8315
886,69015,29318
887,6900,3039
888,60653,25748
889,46205,19702
890,17224,7408
891,55357,23530
892,59749,25361
893,112975,47894
894,102182,43238
895,77786,32974
896,66360,28169
897,71634,30417
898,80861,34309
899,12373,5330
900,48464,20666
901,11314,4901
902,123216,52265
903,59915,25436
904,126045,53507
905,87898,37230
906,65957,28002
907,124942,53047
908,65782,27928
909,20016,8572
910,55879,23751
911,128451,54539
912,103342,43714
913,93926,39739
914,10690,4634
915,1568,677
916,63327,26877
917,32961,14131
918,57249,24320
919,78344,33220
920,54190,23045
921,24130,10341
922,51046,21749
923,59214,25137
924,16082,6921
925,124136,52700
926,105223,44519
927,43592,18615
928,60482,25675
929,83129,35274
930,77372,32784
931,12497,5390
932,59987,25471
933,34333,14703
934,65092,27645
935,63343,26884
936,63877,27114
937,65510,27821
938,102410,43329
939,75604,32072
940,30526,13055
941,77679,32929
942,67142,28508
943,2514,1084
944,109070,46191
945,16904,7274
946,86077,36529
947,130428,55374
948,42850,18295
949,71950,30551
950,32819,14063
951,18699,8026
952,54694,23250
953,113538,48118
954,77293,32750
955,52801,22459
956,22506,9631
957,35492,15202
958,98701,41787
959,93029,39381
960,73089,31022
961,118567,50262
962,57450,24403
963,102891,43534
964,19051,8158
965,732,311
966,65771,27922
967,39744,16984
968,74112,31446
969,102829,43504
970,68643,29170
971,58757,24951
972,44544,19029
973,129429,54934
974,101434,42932
975,49229,20988
976,117382,49747
977,70578,29977
978,123866,52572
979,72242,30672
980,88533,37487
981,114300,48430
982,94351,39936
983,70176,29802
984,1661,715
985,103074,43605
986,81110,34412
987,71157,30225
988,90518,38303
989,10834,4694
990,66502,28234
991,25091,10749
992,44085,18817
993,126735,53817
994,45968,19607
995,112959,47890
996,50207,21411
997,107250,45407
998,99406,42064
999,118306,50159
1000,55371,23536
1001,123732,52513
1002,47007,20047
1003,57701,24503
1004,127871,54292
1005,70350,29872
1006,42406,18119
1007,1276,537
1008,126594,53745
1009,9635,4171
1010,75517,32032
1011,15829,6813
1012,25815,11060
1013,45898,19579
1014,6937,3059
1015,112274,47580
1016,7874,3432
1017,123254,52278
1018,44723,19104
1019,91980,38943
1020,41617,17771
1021,60234,25571
1022,105686,44722
1023,76578,32469
1024,65330,27741
1025,55825,23731
1026,61171,25966
1027,99283,42010
1028,63723,27049
1029,61407,26075
1030,94092,39803
1031,37479,16044
1032,125241,53174
1033,7559,3317
1034,58809,24972
1035,40955,17491
1036,66600,28283
1037,128758,54663
1038,108249,45835
1039,37853,16204
1040,9992,4319
1041,87122,36934
1042,6274,2759
1043,36263,15510
1044,32924,14113
1045,92804,39291
1046,7647,3343
1047,65012,27605
1048,91418,38710
1049,104644,44275
1050,50381,21480
1051,47764,20348
1052,92096,38999
1053,78914,33449
1054,17589,7563
1055,123161,52236
1056,71273,30276
1057,109715,46459
1058,10358,4483
1059,128884,54713
1060,68507,29103
1061,106086,44888
1062,31339,13408
1063,119512,50661
1064,62071,26372
1065,125558,53318
1066,61037,25903
1067,72838,30924
1068,120603,51150
1069,56352,23955
1070,102208,43251
1071,106002,44851
1072,121753,51623
1073,38374,16426
1074,43635,18632
1075,16163,6955
1076,90415,38254
1077,84145,35708
1078,41874,17880
1079,55053,23413
1080,72671,30852
1081,60452,25656
1082,45513,19424
1083,42379,18103
1084,73845,31333
1085,58701,24921
1086,129100,54799
1087,64467,27371
1088,69359,29446
1089,36563,15642
1090,42632,18210
1091,76707,32511
1092,56892,24183
1093,98292,41606
1094,97425,41226
1095,112698,47776
1096,104602,44254
1097,77792,32977
1098,111179,47090
1099,45440,19393
1100,49160,20956
1101,13606,5867
1102,94154,39837
1103,57273,24327
1104,66480,28220
1105,82661,35080
1106,44775,19128
1107,6509,2881
1108,107873,45670
1109,28302,12106
1110,29875,12783
1111,20754,8908
1112,30453,13028
1113,30450,13026
1114,117781,49923
1115,94667,40068
1116,79252,33586
1117,80611,34190
1118,12511,5397
1119,69536,29525
1120,43113,18407
1121,48001,20444
1122,89735,37972
1123,4956,2174
1124,78188,33157
1125,111313,47140
1126,123905,52593
1127,14660,6315
1128,88148,37336
1129,70749,30040
1130,45576,19445
1131,12304,5306
1132,123147,52232
1133,128825,54688
1134,54127,23015
1135,117593,49840
1136,43015,18365
1137,36259,15508
1138,122103,51779
1139,26200,11205
1140,1229,517
1141,77753,32962
1142,90236,38182
1143,49929,21296
1144,85793,36412
1145,57960,24615
1146,117207,49676
1147,67905,28851
1148,29317,12528
1149,48414,20647
1150,109895,46529
1151,18149,7801
1152,112135,47509
1153,36162,15469
1154,108351,45883
1155,47144,20113
1156,56683,24098
1157,65833,27951
1158,22893,9796
1159,17390,7467
1160,124,55
1161,99708,42188
1162,57348,24352
1163,32836,14073
1164,7706,3369
1165,99749,42206
1166,81262,34469
1167,44110,18831
1168,14694,6334
1169,6048,2647
1170,113411,48068
1171,97801,41388
1172,22030,9427
1173,36851,15765
1174,103323,43708
1175,100210,42416
1176,10630,4605
1177,96590,40868
1178,99206,41982
1179,100819,42688
1180,95808,40531
1181,172,80
1182,91528,38753
1183,3909,1715
1184,657,274
1185,13437,5791
1186,62547,26556
1187,86688,36768
1188,64382,27324
1189,91006,38513
1190,28232,12075
1191,546,231
1192,32706,14018
1193,57930,24599
1194,101462,42943
1195,51182,21804
1196,122764,52067
1197,41684,17800
1198,1632,700
1199,102142,43227
1200,42791,18279
1201,118576,50267
1202,29368,12553
1203,16989,7312
1204,83947,35640
1205,20327,8707
1206,19867,8516
1207,53478,22740
1208,13989,6024
1209,127141,53990
1210,95508,40421
1211,111520,47223
1212,43252,18472
1213,30675,13117
1214,96472,40820
1215,27510,11759
1216,31217,13355
1217,39144,16739
1218,81839,34730
1219,4253,1859
1220,45381,19376
1221,604,253
1222,42253,18047
1223,67379,28614
1224,41990,17930
1225,121478,51515
1226,76021,32241
1227,7589,3324
1228,34119,14609
1229,48644,20741
1230,6011,2636
1231,98887,41857
1232,94252,39890
1233,13871,5985
1234,93551,39593
1235,73706,31281
1236,13447,5797
1237,87055,36906
1238,59696,25340
1239,111474,47202
1240,53943,22941
1241,26079,11164
1242,91602,38781
1243,104334,44132
1244,67015,28458
1245,30410,13008
1246,67604,28712
1247,109933,46547
1248,16416,7063
1249,7457,3273
1250,47786,20358
1251,24122,10337
1252,105715,44732
1253,89546,37893
1254,84200,35731
1255,51109,21773
1256,34306,14690
1257,40827,17441
1258,112813,47823
1259,39653,16946
1260,29836,12766
1261,122313,51861
1262,24101,10325
1263,93812,39693
1264,48437,20659
1265,91440,38722
1266,119649,50729
1267,39686,16962
1268,45055,19238
1269,104964,44411
1270,77320,32763
1271,66916,28418
1272,43630,18629
1273,19416,8312
1274,53908,22925
1275,43452,18561
1276,84422,35824
1277,69457,29487
1278,102009,43168
1279,115011,48746
1280,74589,31649
1281,75063,31837
1282,71295,30284
1283,83448,35428
1284,69837,29651
1285,120023,50889
1286,55045,23408
1287,10198,4407
1288,121297,51429
1289,69201,29390
1290,74566,31639
1291,65356,27753
1292,11056,4800
1293,107871,45669
1294,14691,6332
1295,108729,46041
1296,53456,22731
1297,95643,40470
1298,80133,33963
1299,13927,6007
1300,92569,39186
1301,63029,26761
1302,8289,3591
1303,83066,35242
1304,108485,45935
1305,98121,41539
1306,53850,22901
1307,43368,18522
1308,77211,32715
1309,42529,18172
1310,59743,25357
1311,68748,29209
1312,102517,43378
1313,104891,44381
1314,25648,10981
1315,114454,48491
1316,31101,13307
1317,43464,18569
1318,126996,53933
1319,96704,40925
1320,91310,38648
1321,26868,11501
1322,73951,31375
1323,65723,27904
1324,93794,39687
1325,130057,55195
1326,111988,47440
1327,5947,2609
1328,55837,23737
1329,55019,23396
1330,54425,23139
1331,98534,41717
1332,7608,3328
1333,433,179
1334,20133,8621
1335,40977,17504
1336,13300,5737
1337,54771,23285
1338,122749,52057
1339,102295,43282
1340,7435,3263
1341,45584,19449
1342,2438,1057
1343,62058,26366
1344,101799,43082
1345,64515,27390
1346,60820,25823
1347,106883,45239
1348,63739,27055
1349,45855,19564
1350,110853,46946
1351,103994,43981
1352,102792,43490
1353,115821,49106
1354,27146,11613
1355,29412,12574
1356,78133,33134
1357,95717,40497
1358,37422,16017
1359,92616,39210
1360,89932,38050
1361,79131,33535
1362,90560,38321
1363,19915,8532
1364,118925,50416
1365,18834,8076
1366,18037,7751
1367,50656,21589
1368,68342,29026
1369,106149,44918
1370,100324,42463
1371,1082,448
1372,31401,13438
1373,74390,31564
1374,31133,13319
1375,111407,47173
1376,102858,43515
1377,47862,20392
1378,120567,51135
1379,21559,9244
1380,76801,32547
1381,80774,34272
1382,23717,10161
1383,3749,1643
1384,67191,28531
1385,83553,35466
1386,98051,41503
1387,114852,48670
1388,2015,867
1389,113890,48259
1390,57501,24425
1391,105794,44764
1392,55252,23488
1393,104021,43994
1394,111729,47315
1395,78577,33315
1396,48897,20844
1397,125588,53328
1398,4855,2126
1399,102458,43350
1400,2442,1060
1401,111754,47329
1402,12351,5322
1403,57447,24400
1404,119181,50528
1405,53766,22864
1406,36504,15611
1407,37607,16100
1408,59693,25338
1409,128130,54408
1410,110955,46994
1411,88313,37395
1412,102389,43321
1413,80995,34369
1414,93512,39575
1415,3966,1741
1416,31464,13466
1417,118529,50246
1418,114590,48551
1419,109508,46366
1420,11228,4867
1421,26739,11446
1422,97788,41382
1423,77193,32705
1424,14827,6386
1425,129415,54927
1426,16640,7162
1427,56922,24195
1428,228,105
1429,14103,6079
1430,39565,16909
1431,69533,29523
1432,703,301
1433,35242,15099
1434,18795,8063
1435,41124,17560
1436,13422,5784
1437,81070,34399
1438,56237,23905
1439,33054,14176
1440,86037,36516
1441,8881,3840
1442,17336,7444
1443,1328,568
1444,79581,33735
1445,51103,21770
1446,82229,34904
1447,74663,31668
1448,69493,29503
1449,55901,23763
1450,61628,26168
1451,94913,40170
1452,77891,33023
1453,20592,8834
1454,37515,16062
1455,77036,32640
1456,120510,51106
1457,101021,42763
1458,126331,53634
1459,23870,10232
1460,42785,18275
1461,54770,23284
1462,72610,30822
1463,116807,49507
1464,126698,53798
1465,59050,25066
1466,120682,51180
1467,19070,8164
1468,33702,14457
1469,31623,13533
1470,68051,28908
1471,107973,45716
1472,100520,42555
1473,81999,34798
1474,68300,29006
1475,106516,45078
1476,19760,8471
1477,68206,28968
1478,82363,34955
1479,71488,30355
1480,31050,13292
1481,88593,37508
1482,86157,36563
1483,32062,13741
1484,115819,49104
1485,117957,49997
1486,119596,50702
1487,19937,8544
1488,55469,23584
1489,22776,9743
1490,129048,54776
1491,105873,44800
1492,128527,54574
1493,125709,53376
1494,31517,13487
1495,14272,6151
1496,83949,35642
1497,8727,3770
1498,3889,1704
1499,92558,39179
1500,8202,3559
1501,29561,12634
1502,111253,47122
1503,23134,9905
1504,89517,37883
1505,55154,23444
1506,18761,8050
1507,95630,40467
1508,61630,26170
1509,83806,35579
1510,11150,4831
1511,111539,47229
1512,67374,28613
1513,85198,36147
1514,56103,23845
1515,104337,44134
1516,36239,15498
1517,68315,29012
1518,78401,33246
1519,41099,17551
1520,88126,37324
1521,123999,52634
1522,124126,52695
1523,68244,28983
1524,2405,1040
1525,101102,42797
1526,71574,30389
1527,19253,8246
1528,45594,19452
1529,120356,51032
1530,46835,19963
1531,100075,42345
1532,72960,30970
1533,19079,8169
1534,108802,46070
1535,1840,788
1536,66425,28196
1537,2566,1108
1538,32299,13852
1539,29508,12613
1540,6520,2885
1541,123822,52557
1542,60098,25521
1543,128684,54639
1544,120079,50911
1545,6892,3034
1546,31596,13523
1547,90979,38499
1548,23942,10260
1549,18303,7860
1550,110053,46601
1551,98818,41831
1552,34015,14577
1553,129889,55128
1554,107535,45532
1555,44324,18924
1556,114285,48425
1557,58568,24873
1558,98273,41598
1559,82497,35013
1560,936,393
1561,39885,17049
1562,111889,47384
1563,114522,48520
1564,109622,46416
1565,95163,40287
1566,120381,51043
1567,86621,36744
1568,120202,50972
1569,129401,54922
1570,24090,10319
1571,63587,26982
1572,44343,18935
1573,101068,42783
1574,86523,36704
1575,59780,25374
1576,54327,23102
1577,129991,55168
1578,19806,8491
1579,81434,34549
1580,112661,47763
1581,80810,34286
1582,75879,32181
1583,6610,2916
1584,85274,36184
1585,57517,24432
1586,36513,15616
1587,40091,17128
1588,30129,12896
1589,115804,49099
1590,4317,1885
1591,105196,44507
1592,31303,13392
1593,94006,39764
1594,78771,33380
1595,128005,54351
1596,44016,18791
1597,554,233
1598,91540,38757
1599,6754,2975
1600,57251,24321
1601,52414,22312
1602,61202,25982
1603,76231,32334
1604,5087,2229
1605,114282,48423
1606,128260,54458
1607,115149,48806
1608,117262,49698
1609,56238,23906
1610,50911,21691
1611,116477,49366
1612,65787,27930
1613,70007,29725
1614,35825,15340
1615,6102,2675
1616,127766,54255
1617,102482,43362
1618,420,173
1619,48232,20560
1620,55389,23547
1621,72016,30577
1622,9770,4225
1623,11550,4999
1624,76808,32553
1625,117598,49842
1626,129603,55006
1627,84710,35947
1628,99923,42287
1629,118384,50197
1630,55526,23610
1631,118089,50059
1632,90194,38167
1633,11521,4983
1634,38166,16341
1635,106996,45289
1636,14845,6395
1637,129216,54850
1638,58167,24697
1639,106274,44968
1640,19365,8297
1641,44024,18793
1642,129717,55058
1643,13618,5872
1644,118940,50422
1645,54419,23136
1646,104588,44249
1647,40968,17498
1648,114348,48448
1649,94831,40137
1650,51798,22074
1651,5631,2452
1652,120433,51067
1653,32626,13988
1654,90586,38334
1655,83218,35316
1656,2436,1056
1657,53214,22622
1658,57843,24562
1659,9442,4084
1660,62235,26432
1661,101951,43143
1662,37041,15845
1663,11344,4918
1664,57220,24309
1665,48580,20714
1666,74031,31407
1667,69259,29409
1668,73120,31036
1669,78420,33251
1670,17903,7695
1671,13049,5624
1672,28815,12311
1673,505,213
1674,110995,47012
1675,116573,49408
1676,44047,18803
1677,25486,10903
1678,104232,44093
1679,118876,50394
1680,58561,24869
1681,127692,54224
1682,70571,29974
1683,89687,37952
1684,42940,18337
1685,3786,1660
1686,66902,28412
1687,112987,47899
1688,114682,48588
1689,29934,12809
1690,117181,49669
1691,9186,3970
1692,82357,34953
1693,122487,51937
1694,104538,44222
1695,66491,28227
1696,49536,21111
1697,86192,36580
1698,103050,43591
1699,60401,25638
1700,40725,17394
1701,72803,30909
1702,82483,35006
1703,3106,1363
1704,53895,22918
1705,72453,30755
1706,76392,32393
1707,31023,13282
1708,86364,36647
1709,116631,49433
1710,69980,29712
1711,117871,49963
1712,90289,38202
1713,31826,13623
1714,43031,18374
1715,20220,8659
1716,1306,555
1717,77120,32677
1718,16573,7133
1719,97338,41195
1720,17174,7387
1721,10616,4601
1722,113617,48152
1723,11211,4860
1724,105575,44670
1725,87609,37130
1726,62690,26620
1727,129823,55105
1728,112653,47760
1729,103809,43906
1730,41712,17814
1731,63335,26879
1732,45542,19434
1733,43739,18671
1734,114818,48652
1735,72136,30626
1736,30520,13052
1737,88269,37378
1738,8209,3561
1739,41452,17697
1740,28880,12336
1741,93912,39735
1742,99914,42284
1743,101816,43089
1744,89689,37954
1745,124558,52883
1746,8024,3491
1747,3643,1600
1748,79768,33810
1749,58940,25019
1750,76310,32361
1751,48438,20660
1752,118551,50256
1753,39103,16716
1754,8197,3557
1755,13324,5747
1756,8336,3610
1757,101545,42968
1758,115611,49017
1759,47180,20128
1760,104791,44342
1761,109780,46482
1762,15324,6606
1763,38565,16502
1764,53039,22558
1765,15433,6644
1766,104952,44405
1767,123081,52204
1768,26238,11220
1769,58703,24922
1770,27106,11601
1771,70540,29962
1772,73446,31161
1773,17878,7680
1774,10649,4613
1775,76576,32468
1776,67318,28579
1777,80731,34247
1778,61652,26181
1779,69079,29342
1780,36589,15650
1781,94125,39823
1782,40341,17223
1783,58572,24875
1784,42174,18013
1785,70425,29907
1786,42153,18004
1787,120709,51193
1788,84869,36014
1789,102720,43455
1790,114302,48431
1791,12622,5449
1792,121093,51343
1793,73604,31230
1794,23879,10235
1795,107573,45550
1796,112437,47665
1797,45022,19224
1798,114164,48376
1799,2270,980
1800,5587,2428
1801,26013,11141
1802,75781,32140
1803,72895,30948
1804,83504,35448
1805,110902,46969
1806,77199,32708
1807,95006,40214
1808,103861,43932
1809,22021,9422
1810,12483,5380
1811,84680,35931
1812,77204,32711
1813,8005,3483
1814,73253,31092
1815,130111,55220
1816,62052,26364
1817,51745,22050
1818,64578,27414
1819,19864,8515
1820,102067,43188
1821,46956,20025
1822,10132,4378
1823,23096,9886
1824,44715,19099
1825,63640,27010
1826,71425,30331
1827,124850,53006
1828,44187,18861
1829,67052,28473
1830,55298,23509
1831,85841,36434
1832,72021,30579
1833,27749,11862
1834,68919,29273
1835,80885,34322
1836,67381,28615
1837,52630,22396
1838,122560,51970
1839,92489,39149
1840,22698,9711
1841,65515,27823
1842,33034,14164
1843,112682,47768
1844,48609,20722
1845,84806,35987
1846,43859,18722
1847,22025,9423
1848,23269,9956
1849,55710,23688
1850,111714,47307
1851,96598,40871
1852,50742,21622
1853,124092,52677
1854,123957,52615
1855,108120,45772
1856,60205,25559
1857,114683,48589
1858,53923,22934
1859,110535,46807
1860,92844,39307
1861,92246,39058
1862,48467,20667
1863,51660,22012
1864,36156,15466
1865,80947,34350
1866,30462,13033
1867,116829,49519
1868,4151,1817
1869,15928,6859
1870,14868,6406
1871,18285,7854
1872,118255,50137
1873,100238,42430
1874,26132,11179
1875,84261,35752
1876,76036,32248
1877,104684,44295
1878,15221,6558
1879,65924,27988
1880,118216,50114
1881,62548,26557
1882,103915,43953
1883,47336,20177
1884,14541,6261
1885,92287,39070
1886,73976,31386
1887,2199,943
1888,128132,54409
1889,39972,17084
1890,17134,7375
1891,109891,46527
1892,124405,52810
1893,39130,16730
1894,27928,11937
1895,123541,52423
1896,4974,2183
1897,100169,42397
1898,39143,16738
1899,43793,18694
1900,37425,16020
1901,34876,14944
1902,26778,11462
1903,13780,5947
1904,35585,15249
1905,76018,32238
1906,65354,27752
1907,126732,53815
1908,19695,8444
1909,34472,14763
1910,42067,17965
1911,54247,23065
1912,36930,15801
1913,45214,19315
1914,50119,21374
1915,45761,19527
1916,95961,40594
1917,95206,40302
1918,23631,10127
1919,22930,9817
1920,80637,34203
1921,71660,30428
1922,83365,35391
1923,130193,55257
1924,96466,40816
1925,50794,21642
1926,1165,486
1927,88993,37688
1928,111678,47295
1929,70255,29833
1930,41237,17605
1931,48700,20759
1932,11516,4981
1933,89119,37741
1934,36623,15665
1935,63882,27116
1936,13286,5733
1937,123640,52468
1938,59757,25364
1939,1716,740
1940,54447,23148
1941,39197,16763
1942,23816,10209
1943,82292,34924
1944,1158,483
1945,1791,773
1946,23853,10227
1947,4829,2111
1948,93138,39419
1949,52664,22409
1950,74171,31475
1951,1084,449
1952,111412,47176
1953,85238,36163
1954,41865,17879
1955,36418,15575
1956,124509,52857
1957,75101,31854
1958,33229,14253
1959,117566,49830
1960,41175,17580
1961,101692,43034
1962,21330,9148
1963,35179,15070
1964,41803,17852
1965,31297,13390
1966,124666,52927
1967,90280,38197
1968,107260,45413
1969,128783,54669
1970,61112,25941
1971,121749,51622
1972,23292,9967
1973,33088,14192
1974,111507,47220
1975,27223,11636
1976,390,161
1977,103201,43657
1978,72098,30611
1979,5991,2627
1980,20365,8727
1981,23148,9910
1982,3585,1576
1983,9564,4140
1984,28095,12021
1985,14667,6317
1986,67846,28822
1987,124626,52915
1988,11515,4980
1989,81440,34552
1990,103202,43658
1991,99320,42027
1992,95612,40459
1993,17563,7547
1994,119890,50835
1995,39651,16944
1996,33526,14381
1997,117125,49642
1998,17789,7644
1999,24590,10526
2000,27116,11603
2001,47904,20405
2002,121908,51689
2003,74463,31593
2004,97682,41339
2005,110192,46655
2006,20736,8896
2007,106904,45249
2008,22774,9742
2009,61480,26108
2010,33901,14530
2011,4486,1970
2012,86717,36780
2013,109042,46177
2014,26592,11382
2015,8343,3613
2016,1394,596
2017,11455,4961
2018,116381,49319
2019,70189,29806
2020,43752,18675
2021,74881,31758
2022,104681,44293
2023,64678,27452
2024,30828,13181
2025,68296,29004
2026,13849,5978
2027,121207,51391
2028,100454,42521
2029,70696,30019
2030,100708,42647
2031,101483,42950
2032,50575,21557
2033,64266,27276
2034,94335,39930
2035,83240,35334
2036,117961,49999
2037,47320,20171
2038,77744,32959
2039,67853,28824
2040,39503,16883
2041,30853,13199
2042,37167,15906
2043,27562,11776
2044,100379,42489
2045,104800,44346
2046,23533,10073
2047,92054,38977
2048,59394,25217
2049,28039,11993
2050,89300,37807
2051,13523,5832
2052,28533,12199
2053,72656,30845
2054,73137,31042
2055,49638,21150
2056,108565,45971
2057,73041,30998
2058,126991,53930
2059,39300,16804
2060,34929,14967
2061,54150,23022
2062,24892,10668
2063,74301,31529
2064,76925,32598
2065,110521,46801
2066,63156,26812
2067,94521,40011
2068,55949,23788
2069,41155,17573
2070,53841,22896
2071,117632,49859
2072,26562,11367
2073,116940,49564
2074,73445,31160
2075,119569,50690
2076,87126,36935
2077,22974,9836
2078,124428,52819
2079,21504,9217
2080,11897,5136
2081,77980,33065
2082,127099,53974
2083,23429,10028
2084,105578,44671
2085,108805,46071
2086,8269,3583
2087,67111,28494
2088,98392,41655
2089,70879,30102
2090,26459,11315
2091,76795,32544
2092,28771,12292
2093,98373,41645
2094,90948,38485
2095,18480,7937
2096,9283,4008
2097,125145,53128
2098,26720,11437
2099,23262,9953
2100,45709,19499
2101,3153,1379
2102,64438,27357
2103,22166,9491
2104,119898,50841
2105,94384,39953
2106,120427,51064
2107,122784,52074
2108,15684,6751
2109,117122,49641
2110,120453,51080
2111,46805,19950
2112,3489,1535
2113,75889,32186
2114,67744,28772
2115,42952,18342
2116,22339,9563
2117,108384,45896
2118,76674,32497
2119,26940,11537
2120,93142,39422
2121,3863,1690
2122,96399,40780
2123,49364,21036
2124,57125,24266
2125,68251,28985
2126,91912,38919
2127,6413,2828
2128,36678,15689
2129,89805,38009
2130,62289,26456
2131,100969,42746
2132,95381,40372
2133,82909,35181
2134,97817,41397
2135,121844,51665
2136,64308,27290
2137,16527,7108
2138,9426,4078
2139,115292,48865
2140,43128,18413
2141,124769,52972
2142,107569,45547
2143,8902,3849
2144,126322,53631
2145,20245,8672
2146,93494,39562
2147,97541,41278
2148,124289,52767
2149,28176,12048
2150,13162,5677
2151,85702,36368
2152,77092,32662
2153,108916,46124
2154,102924,43547
2155,97592,41303
2156,104887,44380
2157,77574,32881
2158,79627,33752
2159,61394,26068
2160,55082,23420
2161,114073,48337
2162,115740,49070
2163,70032,29738
2164,66479,28219
2165,67875,28838
2166,112034,47460
2167,9318,4026
2168,102621,43416
2169,119055,50470
2170,6438,2842
2171,51259,21835
2172,29822,12762
2173,102203,43249
2174,3559,1567
2175,113883,48256
2176,28645,12240
2177,90928,38476
2178,39544,16903
2179,73624,31242
2180,81230,34456
2181,75108,31858
2182,76843,32566
2183,55937,23784
2184,47057,20072
2185,94526,40015
2186,112852,47843
2187,111083,47046
2188,63931,27140
2189,83236,35330
2190,13269,5727
2191,37357,15991
2192,112703,47781
2193,100576,42587
2194,24477,10474
2195,95054,40239
2196,49365,21037
2197,22895,9797
2198,60110,25525
2199,34613,14825
2200,60062,25498
2201,10451,4523
2202,89389,37839
2203,27974,11962
2204,95913,40575
2205,92275,39067
2206,27874,11913
2207,71546,30377
2208,12450,5368
2209,51473,21930
2210,66246,28118
2211,83112,35265
2212,79684,33780
2213,61020,25897
2214,20809,8929
2215,86229,36593
2216,125541,53309
2217,79724,33792
2218,107029,45304
2219,19273,8255
2220,118183,50101
2221,36760,15722
2222,37452,16031
2223,42264,18052
2224,29609,12656
2225,58874,24995
2226,20588,8831
2227,61059,25918
2228,49291,21007
2229,78848,33415
2230,69248,29402
2231,50863,21673
2232,2154,924
2233,24171,10357
2234,50137,21381
2235,385,156
2236,128365,54498
2237,34286,14678
2238,87694,37158
2239,41592,17763
2240,84537,35875
2241,74803,31738
2242,26671,11418
2243,69106,29351
2244,21678,9287
2245,113517,48108
2246,42327,18081
2247,123730,52511
2248,74436,31584
2249,39093,16709
2250,68606,29151
2251,92715,39252
2252,8464,3669
2253,65462,27800
2254,68167,28956
2255,51618,21992
2256,118969,50436
2257,98086,41523
2258,26543,11359
2259,99918,42285
2260,67684,28744
2261,39115,16723
2262,41294,17630
2263,53109,22583
2264,2608,1127
2265,118655,50298
2266,24201,10372
2267,92542,39172
2268,79563,33724
2269,57528,24439
2270,82915,35183
2271,118948,50427
2272,90019,38095
2273,1720,743
2274,58636,24897
2275,123376,52341
2276,99995,42312
2277,50999,21727
2278,90906,38466
2279,68986,29306
2280,31740,13580
2281,51514,21950
2282,20573,8825
2283,8043,3498
2284,68178,28960
2285,96889,41013
2286,73497,31180
2287,56753,24131
2288,126057,53515
2289,39375,16832
2290,112849,47840
2291,20898,8974
2292,35736,15306
2293,58079,24666
2294,46911,20003
2295,61991,26336
2296,54920,23357
2297,75423,31989
2298,104841,44362
2299,77941,33046
2300,70768,30049
2301,18214,7829
2302,45729,19508
2303,42050,17956
2304,112132,47508
2305,5179,2265
2306,68112,28933
2307,58524,24853
2308,110258,46678
2309,59612,25299
2310,85216,36153
2311,49143,20953
2312,2003,862
2313,28471,12178
2314,50347,21471
2315,25853,11069
2316,32081,13752
2317,130107,55216
2318,47186,20132
2319,69075,29340
2320,54715,23261
2321,110947,46990
2322,112897,47867
2323,57618,24472
2324,71821,30490
2325,111525,47225
2326,51386,21890
2327,97300,41179
2328,38545,16495
2329,1138,475
2330,58339,24777
2331,77492,32841
2332,114668,48580
2333,102140,43225
2334,125523,53302
2335,48962,20873
2336,106261,44963
2337,85774,36404
2338,115464,48947
2339,3337,1466
2340,49008,20890
2341,76736,32520
2342,48702,20760
2343,30831,13183
2344,83131,35276
2345,7431,3262
2346,112595,47735
2347,54220,23058
2348,127476,54123
2349,2415,1047
2350,75124,31864
2351,44476,18996
2352,37050,15850
2353,111135,47075
2354,56632,24072
2355,2784,1204
2356,40207,17179
2357,31209,13353
2358,127067,53960
2359,83071,35246
2360,42290,18063
2361,13683,5906
2362,26950,11540
2363,40056,17112
2364,53778,22871
2365,71809,30488
2366,67440,28641
2367,109862,46516
2368,110284,46690
2369,108684,46022
2370,16950,7296
2371,13578,5854
2372,121026,51316
2373,52692,22420
2374,62794,26655
2375,59477,25249
2376,107346,45449
2377,17731,7612
2378,40168,17165
2379,104625,44265
2380,38139,16327
2381,23166,9921
2382,122782,52073
2383,94888,40156
2384,2042,876
2385,33450,14349
2386,8159,3539
2387,42413,18125
2388,66497,28230
2389,124702,52943
2390,46693,19899
2391,111441,47190
2392,21217,9102
2393,15746,6777
2394,88051,37289
2395,47501,20247
2396,123843,52566
2397,117547,49825
2398,42827,18288
2399,48515,20683
2400,104981,44417
2401,82799,35141
2402,94802,40129
2403,23062,9874
2404,37541,16074
2405,106639,45128
2406,81061,34397
2407,50843,21663
2408,51854,22092
2409,18115,7784
2410,88163,37339
2411,37051,15851
2412,105220,44518
2413,110872,46954
2414,12879,5548
2415,1744,751
2416,73084,31019
2417,54820,23306
2418,89495,37877
2419,30199,12923
2420,128765,54664
2421,48999,20886
2422,107705,45602
2423,13110,5656
2424,4198,1832
2425,128149,54413
2426,25513,10912
2427,40310,17211
2428,35719,15297
2429,87754,37179
2430,73688,31272
2431,25632,10970
2432,111394,47169
2433,106083,44885
2434,74200,31489
2435,41433,17690
2436,119835,50808
2437,10041,4344
2438,89054,37720
2439,30438,13021
2440,98885,41856
2441,49545,21116
2442,44164,18856
2443,35631,15265
2444,58573,24876
2445,105489,44639
2446,5012,2198
2447,43858,18721
2448,111249,47119
2449,32890,14097
2450,39630,16935
2451,125867,53438
2452,111212,47105
2453,80536,34154
2454,113840,48239
2455,15453,6653
2456,81395,34532
2457,117546,49824
2458,67820,28810
2459,88095,37308
2460,119608,50708
2461,39669,16953
2462,102141,43226
2463,16642,7163
2464,23460,10044
2465,33216,14247
2466,64284,27282
2467,96131,40668
2468,36030,15422
2469,6594,2912
2470,7232,3178
2471,27945,11946
2472,82546,35033
2473,127836,54277
2474,109336,46303
2475,26230,11219
2476,63066,26771
2477,7453,3270
2478,16582,7137
2479,80769,34269
2480,80434,34103
2481,106694,45152
2482,92623,39214
2483,80174,33981
2484,17077,7352
2485,28423,12156
2486,29599,12651
2487,16168,6958
2488,62124,26390
2489,105452,44625
2490,47404,20205
2491,129070,54786
2492,87361,37025
2493,73002,30987
2494,70496,29940
2495,28902,12343
2496,126389,53660
2497,15815,6806
2498,7148,3143
2499,39076,16697
2500,61685,26198
2501,117634,49860
2502,94106,39812
2503,93740,39669
2504,124190,52724
2505,134,60
2506,70025,29735
2507,7968,3468
2508,127941,54324
2509,84816,35991
2510,3700,1623
2511,76062,32255
2512,4587,2009
2513,60554,25709
2514,78181,33154
2515,72748,30883
2516,1343,578
2517,13261,5722
2518,56964,24213
2519,49978,21318
2520,28016,11982
2521,16471,7088
2522,31655,13545
2523,123558,52431
2524,110963,46998
2525,101017,42762
2526,107506,45521
2527,57056,24249
2528,73826,31324
2529,108566,45972
2530,127940,54323
2531,29980,12831
2532,105140,44485
2533,114935,48704
2534,74693,31689
2535,44227,18878
2536,3307,1449
2537,31831,13627
2538,65122,27658
2539,68929,29279
2540,129771,55083
2541,68444,29074
2542,64799,27505
2543,117584,49834
2544,97129,41112
2545,64373,27322
2546,63005,26753
2547,55085,23422
2548,129988,55167
2549,4918,2156
2550,107942,45704
2551,92973,39361
2552,72760,30887
2553,70046,29744
2554,18939,8120
2555,27636,11807
2556,125777,53401
2557,54145,23018
2558,27191,11626
2559,49727,21197
2560,69463,29492
2561,15748,6778
2562,961,401
2563,24916,10680
2564,96432,40799
2565,103935,43961
2566,5594,2432
2567,117378,49744
2568,111706,47304
2569,41412,17680
2570,104093,44026
2571,30602,13086
2572,5729,2497
2573,2736,1181
2574,23629,10125
2575,93349,39500
2576,31019,13279
2577,110815,46931
2578,83435,35422
2579,6984,3084
2580,54790,23293
2581,29705,12704
2582,43265,18480
2583,100498,42543
2584,50918,21694
2585,25451,10891
2586,59511,25263
2587,50573,21555
2588,41389,17670
2589,19929,8540
2590,63583,26981
2591,80814,34287
2592,28321,12110
2593,94031,39775
2594,24425,10456
2595,5864,2565
2596,26905,11517
2597,32988,14140
2598,22642,9685
2599,113234,47993
2600,119391,50609
2601,7366,3238
2602,75497,32021
2603,73468,31167
2604,33058,14178
2605,15182,6540
2606,101297,42876
2607,46323,19747
2608,86739,36797
2609,36710,15701
2610,15171,6539
2611,3447,1521
2612,43636,18633
2613,84830,35998
2614,56258,23915
2615,117095,49629
2616,48024,20453
2617,126072,53525
2618,119841,50811
2619,6604,2915
2620,55141,23438
2621,34106,14604
2622,6752,2974
2623,82837,35151
2624,9309,4022
2625,29448,12589
2626,4881,2140
2627,36834,15758
2628,5954,2613
2629,66054,28039
2630,124993,53067
2631,38802,16590
2632,15237,6564
2633,120469,51087
2634,129507,54967
2635,118968,50435
2636,43054,18382
2637,112139,47512
2638,20478,8783
2639,119140,50512
2640,99971,42305
2641,91720,38841
2642,37460,16036
2643,50028,21342
2644,23762,10184
2645,64394,27332
2646,18277,7849
2647,112406,47650
2648,71878,30517
2649,43983,18774
2650,103438,43747
2651,63241,26847
2652,39506,16885
2653,115665,49041
2654,54169,23033
2655,103712,43865
2656,61426,26084
2657,110183,46651
2658,38871,16609
2659,67200,28534
2660,36739,15714
2661,101429,42928
2662,1290,545
2663,4957,2175
2664,81657,34649
2665,86499,36697
2666,51097,21766
2667,44482,18999
2668,30014,12844
2669,83968,35649
2670,119222,50541
2671,68964,29295
2672,1207,505
2673,94448,39977
2674,7982,3475
2675,62498,26539
2676,78634,33334
2677,1681,724
2678,113293,48019
2679,123293,52298
2680,36045,15427
2681,50825,21657
2682,29255,12502
2683,57723,24509
2684,93110,39411
2685,89000,37690
2686,9045,3912
2687,18309,7865
2688,3156,1381
2689,66879,28401
2690,14010,6035
2691,13884,5988
2692,27302,11670
2693,71861,30510
2694,55257,23491
2695,54941,23363
2696,121930,51699
2697,2805,1213
2698,81527,34597
2699,107803,45639
2700,11899,5138
2701,84435,35833
2702,58404,24807
2703,93237,39457
2704,34114,14608
2705,18023,7743
2706,96698,40922
2707,127869,54291
2708,128703,54644
2709,16508,7102
2710,73678,31266
2711,40323,17215
2712,8933,3861
2713,77487,32837
2714,94238,39882
2715,69433,29473
2716,12790,5516
2717,87952,37247
2718,54582,23207
2719,91210,38602
2720,88373,37424
2721,61594,26155
2722,35068,15029
2723,15633,6735
2724,128376,54502
2725,28087,12018
2726,54170,23034
2727,107811,45642
2728,26284,11238
2729,47139,20111
2730,35241,15098
2731,108970,46148
2732,24958,10696
2733,23987,10277
2734,98865,41847
2735,10689,4633
2736,116455,49357
2737,53821,22885
2738,79674,33772
2739,33291,14278
2740,110515,46798
2741,43996,18781
2742,82482,35005
2743,122163,51809
2744,127983,54343
2745,86129,36552
2746,20759,8911
2747,40660,17360
2748,50456,21510
2749,70671,30010
2750,112643,47755
2751,98190,41566
2752,87708,37162
2753,112226,47558
2754,61670,26192
2755,104632,44268
2756,50682,21600
2757,6045,2645
2758,32851,14078
2759,2843,1226
2760,123257,52280
2761,79193,33562
2762,12154,5243
2763,40818,17435
2764,67154,28514
2765,106786,45199
2766,25108,10752
2767,121255,51410
2768,68083,28921
2769,74371,31555
2770,23297,9971
2771,103364,43720
2772,107435,45488
2773,98576,41732
2774,119849,50817
2775,106339,44995
2776,98474,41694
2777,74763,31718
2778,105346,44575
2779,119943,50860
2780,82744,35114
2781,88435,37449
2782,38231,16369
2783,19195,8227
2784,72154,30634
2785,30900,13225
2786,79161,33549
2787,7386,3246
2788,106823,45214
2789,82458,34994
2790,17076,7351
2791,49836,21249
2792,21072,9039
2793,55675,23670
2794,32517,13943
2795,78801,33397
2796,82355,34951
2797,15206,6553
2798,73229,31081
2799,75487,32016
2800,82309,34932
2801,78056,33101
2802,71211,30248
2803,117141,49649
2804,92420,39123
2805,100697,42642
2806,64996,27596
2807,106474,45059
2808,30323,12977
2809,68230,28978
2810,105702,44727
2811,76368,32380
2812,127697,54228
2813,75313,31946
2814,22111,9463
2815,115257,48848
2816,107462,45500
2817,112969,47893
2818,37012,15833
2819,82984,35210
2820,49030,20900
2821,49576,21131
2822,103983,43977
2823,65871,27965
2824,109035,46175
2825,85972,36488
2826,17180,7390
2827,111088,47050
2828,2045,878
2829,57604,24466
2830,2534,1092
2831,82660,35079
2832,78135,33136
2833,32699,14014
2834,67339,28592
2835,6746,2973
2836,100578,42589
2837,22965,9831
2838,88121,37321
2839,34012,14575
2840,11100,4815
2841,91135,38571
2842,105544,44659
2843,2094,902
2844,94763,40109
2845,92544,39174
2846,13620,5874
2847,118533,50247
2848,64268,27277
2849,18384,7900
2850,7205,3168
2851,36114,15450
2852,112249,47570
2853,99637,42160
2854,19411,8311
2855,23478,10053
2856,126453,53681
2857,75563,32057
2858,127383,54086
2859,42367,18098
2860,83083,35253
2861,85516,36284
2862,59203,25132
2863,40362,17236
2864,66214,28103
2865,48594,20719
2866,113834,48235
2867,18746,8044
2868,82507,35016
2869,90267,38192
2870,55330,23522
2871,61170,25965
2872,984,406
2873,102853,43514
2874,76158,32300
2875,79363,33637
2876,116348,49305
2877,112470,47681
2878,94412,39966
2879,124886,53022
2880,74258,31511
2881,73540,31199
2882,105983,44845
2883,70685,30012
2884,110920,46978
2885,9674,4187
2886,13771,5943
2887,29630,12668
2888,90857,38446
2889,67857,28827
2890,102117,43212
2891,83018,35223
2892,122168,51811
2893,63197,26827
2894,32661,14003
2895,8641,3733
2896,100282,42446
2897,54315,23097
2898,60478,25672
2899,28281,12098
2900,73561,31211
2901,100100,42359
2902,68354,29032
2903,122134,51793
2904,86069,36525
2905,104464,44193
2906,67863,28830
2907,74539,31628
2908,118487,50236
2909,73074,31016
2910,96959,41040
2911,63696,27035
2912,33933,14545
2913,38641,16535
2914,1470,634
2915,22941,9821
2916,68050,28907
2917,65057,27628
2918,71951,30552
2919,108708,46034
2920,7125,3133
2921,128387,54507
2922,72918,30955
2923,29701,12701
2924,87286,37000
2925,6361,2803
2926,80241,34009
2927,22422,9594
2928,35620,15261
2929,80268,34020
2930,24893,10669
2931,1975,850
2932,128885,54714
2933,52534,22359
2934,117935,49983
2935,116846,49525
2936,61316,26031
2937,70090,29758
2938,120844,51249
2939,84207,35732
2940,17863,7673
2941,29338,12540
2942,61787,26241
2943,15382,6626
2944,59142,25105
2945,80801,34282
2946,104539,44223
2947,82059,34825
2948,6352,2796
2949,34713,14874
2950,42223,18034
2951,94277,39901
2952,33171,14227
2953,25388,10863
2954,32549,13955
2955,39607,16928
2956,42976,18353
2957,11686,5049
2958,96624,40883
2959,41221,17600
2960,24951,10692
2961,96449,40805
2962,17436,7494
2963,9328,4031
2964,6284,2763
2965,117144,49651
2966,2563,1106
2967,85071,36097
2968,47361,20186
2969,46695,19901
2970,41676,17795
2971,26678,11422
2972,26541,11357
2973,50612,21571
2974,5331,2322
2975,127529,54144
2976,113640,48161
2977,100051,42333
2978,99097,41939
2979,22876,9786
2980,31245,13370
2981,7285,3200
2982,97526,41270
2983,39776,16997
2984,110171,46645
2985,47372,20192
2986,77362,32780
2987,76402,32396
2988,59874,25414
2989,94286,39906
2990,48107,20497
2991,126545,53716
2992,105877,44803
2993,128977,54746
2994,121659,51587
2995,97047,41076
2996,122462,51925
2997,58533,24858
2998,112450,47671
2999,76775,32538
3000,199,93
3001,110280,46687
3002,74052,31414
3003,98314,41620
3004,109363,46316
3005,35903,15373
3006,21168,9082
3007,70239,29827
3008,95493,40417
3009,16982,7309
3010,93045,39389
3011,103871,43936
3012,109208,46250
3013,2576,1113
3014,112503,47690
3015,117483,49794
3016,43010,18364
3017,53232,22630
3018,100566,42582
3019,87971,37256
3020,127446,54114
3021,34166,14627
3022,77827,32996
3023,56913,24191
3024,57437,24394
3025,79823,33832
3026,34389,14724
3027,72778,30896
3028,47426,20216
3029,54349,23111
3030,24866,10649
3031,25675,11001
3032,55225,23478
3033,95489,40415
3034,36323,15536
3035,89737,37974
3036,64949,27575
3037,43917,18744
3038,37430,16022
3039,14291,6161
3040,109484,46358
3041,101712,43047
3042,128797,54675
3043,92264,39062
3044,41934,17906
3045,53275,22650
3046,126767,53834
3047,43328,18501
3048,9623,4165
3049,36332,15542
3050,126131,53552
3051,3704,1625
3052,25776,11043
3053,114358,48454
3054,2197,941
3055,92313,39083
3056,120717,51198
3057,90156,38152
3058,3535,1561
3059,37293,15967
3060,59198,25130
3061,127711,54233
3062,48425,20653
3063,77328,32766
3064,121978,51726
3065,86441,36676
3066,45335,19359
3067,46239,19719
3068,129352,54902
3069,13864,5984
3070,31891,13653
3071,113969,48293
3072,129359,54904
3073,94531,40018
3074,113522,48112
3075,99845,42251
3076,40549,17309
3077,60195,25555
3078,85732,36382
3079,19717,8453
3080,55693,23680
3081,69611,29554
3082,14973,6451
3083,39096,16710
3084,629,262
3085,71597,30403
3086,56422,23990
3087,36530,15624
3088,116925,49561
3089,28119,12026
3090,46553,19837
3091,15392,6631
3092,128577,54598
3093,78383,33238
3094,49737,21201
3095,69510,29510
3096,8654,3736
3097,50948,21710
3098,18386,7902
3099,105520,44648
3100,114613,48562
3101,120385,51046
3102,130068,55201
3103,122627,51998
3104,102065,43187
3105,68841,29244
3106,20194,8649
3107,95569,40444
3108,100011,42319
3109,94923,40175
3110,127861,54287
3111,110272,46682
3112,122195,51823
3113,94489,39997
3114,49123,20940
3115,28286,12101
3116,15813,6805
3117,59101,25089
3118,2336,1007
3119,30898,13224
3120,91473,38734
3121,49800,21230
3122,95358,40361
3123,81590,34619
3124,126282,53613
3125,55116,23429
3126,97507,41264
3127,114894,48689
3128,101134,42812
3129,69702,29591
3130,6851,3019
3131,79259,33589
3132,118186,50103
3133,62181,26411
3134,66898,28411
3135,120617,51155
3136,34226,14651
3137,4105,1806
3138,428,178
3139,116023,49174
3140,34053,14587
3141,2599,1122
3142,25293,10828
3143,116085,49199
3144,1307,556
3145,9517,4119
3146,58460,24832
3147,36987,15822
3148,18411,7910
3149,2455,1066
3150,65225,27703
3151,115082,48772
3152,65938,27996
3153,32055,13736
3154,73601,31228
3155,41800,17850
3156,11634,5027
3157,35723,15301
3158,113491,48098
3159,54274,23078
3160,87504,37079
3161,107474,45506
3162,45457,19398
3163,119799,50796
3164,84688,35934
3165,64101,27210
3166,71510,30362
3167,3368,1482
3168,60440,25651
3169,77857,33011
3170,3419,1508
3171,17371,7459
3172,28829,12315
3173,94179,39852
3174,105563,44663
3175,83764,35555
3176,92704,39246
3177,61920,26302
3178,95030,40227
3179,39406,16845
3180,41218,17598
3181,35319,15131
3182,32154,13785
3183,102352,43306
3184,94470,39986
3185,6558,2898
3186,23594,10107
3187,55347,23528
3188,31647,13543
3189,113272,48012
3190,99846,42252
3191,106914,45253
3192,116205,49253
3193,105289,44556
3194,81978,34788
3195,64108,27214
3196,101002,42756
3197,83044,35233
3198,35543,15229
3199,129929,55142
3200,87061,36908
3201,111010,47018
3202,81984,34792
3203,48859,20824
3204,127156,53996
3205,44341,18934
3206,41372,17660
3207,80560,34168
3208,116882,49537
3209,83267,35346
3210,89026,37706
3211,69534,29524
3212,74072,31419
3213,5638,2457
3214,87201,36967
3215,105540,44657
3216,60961,25871
3217,58485,24840
3218,52333,22282
3219,55373,23538
3220,13174,5680
3221,84064,35684
3222,38119,16323
3223,13020,5613
3224,4739,2077
3225,85045,36086
3226,112817,47826
3227,71127,30214
3228,95635,40469
3229,54808,23302
3230,109919,46542
3231,94616,40049
3232,26464,11318
3233,7853,3421
3234,87511,37084
3235,79455,33675
3236,59592,25295
3237,113520,48111
3238,18310,7866
3239,56357,23957
3240,6740,2968
3241,116235,49266
3242,97864,41415
3243,42186,18020
3244,99108,41941
3245,35313,15126
3246,75834,32165
3247,120052,50901
3248,81281,34479
3249,94411,39965
3250,16345,7032
3251,709,305
3252,3408,1502
3253,74986,31799
3254,103958,43968
3255,71363,30311
3256,113449,48083
3257,1324,566
3258,118241,50129
3259,70234,29825
3260,97096,41096
3261,39172,16753
3262,38397,16434
3263,89540,37891
3264,102304,43286
3265,18466,7931
3266,6955,3066
3267,74352,31550
3268,121876,51681
3269,88600,37512
3270,8410,3641
3271,81827,34722
3272,1636,702
3273,54172,23035
3274,1152,480
3275,118903,50406
3276,39541,16901
3277,82557,35039
3278,17879,7681
3279,80051,33929
3280,54606,23219
3281,12366,5328
3282,38861,16607
3283,109307,46294
3284,34140,14618
3285,9689,4194
3286,30162,12905
3287,98089,41524
3288,7827,3413
3289,114859,48674
3290,76124,32283
3291,61351,26048
3292,68780,29222
3293,30595,13084
3294,31935,13675
3295,110783,46922
3296,73592,31221
3297,29724,12714
3298,81767,34695
3299,71718,30450
3300,27560,11775
3301,18504,7946
3302,128323,54481
3303,90398,38243
3304,98485,41698
3305,118002,50017
3306,123111,52214
3307,76081,32264
3308,99958,42300
3309,112357,47623
3310,107424,45485
3311,42853,18297
3312,79362,33636
3313,85964,36485
3314,109104,46205
3315,8120,3524
3316,27516,11764
3317,46602,19859
3318,3607,1587
3319,112472,47682
3320,102093,43197
3321,80498,34135
3322,44792,19137
3323,11742,5073
3324,13023,5615
3325,78237,33181
3326,55506,23599
3327,112596,47736
3328,64393,27331
3329,87157,36948
3330,17218,7406
3331,130273,55295
3332,29854,12774
3333,72875,30937
3334,111838,47368
3335,75574,32060
3336,10783,4672
3337,11915,5145
3338,27037,11571
3339,129529,54975
3340,75990,32224
3341,67208,28537
3342,121514,51534
3343,55052,23412
3344,34378,14719
3345,15525,6681
3346,83259,35343
3347,59143,25106
3348,55971,23798
3349,127732,54239
3350,30565,13073
3351,67392,28620
3352,47714,20334
3353,91309,38647
3354,50246,21427
3355,3039,1335
3356,82885,35169
3357,102611,43410
3358,6579,2905
3359,105610,44687
3360,8857,3832
3361,56914,24192
3362,85753,36393
3363,115045,48760
3364,50649,21587
3365,107711,45603
3366,52899,22502
3367,108721,46039
3368,110118,46627
3369,87344,37022
3370,32953,14126
3371,21718,9307
3372,26745,11448
3373,64971,27585
3374,86163,36565
3375,126409,53670
3376,75926,32198
3377,19737,8464
3378,4264,1865
3379,117885,49966
3380,58140,24688
3381,48026,20454
3382,86663,36759
3383,10152,4387
3384,29896,12794
3385,85733,36383
3386,91156,38579
3387,33009,14149
3388,76265,32345
3389,104265,44103
3390,6395,2823
3391,15085,6503
3392,31665,13547
3393,122795,52081
3394,108486,45936
3395,113131,47959
3396,18583,7975
3397,65867,27964
3398,64166,27235
3399,53261,22642
3400,123380,52343
3401,104389,44157
3402,80323,34046
3403,114478,48501
3404,81457,34559
3405,108148,45786
3406,25983,11130
3407,70742,30036
3408,39169,16752
3409,107663,45586
3410,28249,12083
3411,126662,53779
3412,56368,23963
3413,97023,41066
3414,62713,26629
3415,119464,50638
3416,90693,38371
3417,60727,25779
3418,104307,44123
3419,45741,19515
3420,118358,50182
3421,32616,13982
3422,3575,1572
3423,30171,12908
3424,46879,19989
3425,65332,27743
3426,40407,17249
3427,90748,38400
3428,50474,21520
3429,49448,21074
3430,123416,52365
3431,55762,23714
3432,31383,13431
3433,97228,41149
3434,111382,47166
3435,26294,11245
3436,24927,10684
3437,12707,5485
3438,79693,33783
3439,79016,33491
3440,121523,51540
3441,83492,35443
3442,14143,6095
3443,17362,7456
3444,100925,42729
3445,55413,23557
3446,31502,13482
3447,84546,35878
3448,121102,51347
3449,19169,8212
3450,97769,41372
3451,38259,16380
3452,21290,9133
3453,26497,11332
3454,35555,15234
3455,88867,37637
3456,93124,39415
3457,104211,44084
3458,111760,47332
3459,115366,48902
3460,166,77
3461,80419,34093
3462,45452,19397
3463,77854,33009
3464,311,135
3465,91179,38588
3466,65171,27677
3467,56049,23828
3468,14032,6044
3469,108397,45903
3470,37705,16140
3471,18871,8090
3472,2248,970
3473,37894,16222
3474,82391,34966
3475,93476,39556
3476,32122,13768
3477,83677,35518
3478,59572,25289
3479,13079,5639
3480,94199,39865
3481,107649,45578
3482,64007,27168
3483,54215,23054
3484,81844,34733
3485,91920,38924
3486,28591,12223
3487,33364,14311
3488,55325,23520
3489,123079,52202
3490,16094,6926
3491,115337,48888
3492,100371,42484
3493,118675,50308
3494,39315,16810
3495,75530,32039
3496,116048,49182
3497,22057,9439
3498,15246,6572
3499,65995,28015
3500,96145,40675
3501,11494,4973
3502,81448,34555
3503,127881,54296
3504,78892,33437
3505,122118,51785
3506,6380,2815
3507,38619,16523
3508,129020,54763
3509,38168,16343
3510,81719,34681
3511,60754,25789
3512,2448,1062
3513,89040,37714
3514,47476,20236
3515,20493,8791
3516,28950,12370
3517,5885,2575
3518,76570,32464
3519,44505,19008
3520,69360,29447
3521,106709,45160
3522,53592,22793
3523,21373,9166
3524,52804,22460
3525,82195,34888
3526,60222,25567
3527,83733,35541
3528,23624,10122
3529,21535,9230
3530,100679,42634
3531,104120,44037
3532,89722,37965
3533,21733,9314
3534,28520,12193
3535,48588,20717
3536,109700,46453
3537,86076,36528
3538,93931,39741
3539,23636,10129
3540,59597,25296
3541,3251,1422
3542,61390,26066
3543,124830,52996
3544,34865,14939
3545,106461,45051
3546,110132,46631
3547,53857,22904
3548,41115,17556
3549,95357,40360
3550,60530,25697
3551,106554,45096
3552,91721,38842
3553,89098,37733
3554,3811,1670
3555,9505,4113
3556,41768,17835
3557,127521,54140
3558,77667,32924
3559,100970,42747
3560,17566,7548
3561,39540,16900
3562,32395,13895
3563,110005,46579
3564,114221,48399
3565,23806,10201
3566,5989,2625
3567,91916,38922
3568,104491,44209
3569,14248,6141
3570,10010,4324
3571,16126,6941
3572,106172,44928
3573,124752,52964
3574,70442,29915
3575,129342,54896
3576,67367,28609
3577,57084,24255
3578,98972,41895
3579,123618,52457
3580,36460,15591
3581,98608,41748
3582,55167,23452
3583,115874,49124
3584,114740,48619
3585,26186,11201
3586,57267,24326
3587,85428,36244
3588,127632,54191
3589,76827,32558
3590,91341,38669
3591,47653,20309
3592,68742,29205
3593,28001,11973
3594,63287,26864
3595,34460,14758
3596,116473,49363
3597,35011,15003
3598,78142,33138
3599,23912,10247
3600,33046,14170
3601,112186,47538
3602,105583,44676
3603,126985,53926
3604,107696,45599
3605,107348,45451
3606,74008,31399
3607,21938,9393
3608,104977,44416
3609,86416,36669
3610,3604,1586
3611,121429,51491
3612,42716,18250
3613,58556,24866
3614,106837,45222
3615,29939,12811
3616,30201,12925
3617,72941,30962
3618,50972,21719
3619,9806,4239
3620,116079,49197
3621,52074,22173
3622,35619,15260
3623,86381,36655
3624,117716,49894
3625,25425,10879
3626,112354,47620
3627,50225,21419
3628,75004,31809
3629,65202,27693
3630,4819,2108
3631,50896,21686
3632,41454,17698
3633,31790,13605
3634,87382,37033
3635,82356,34952
3636,124021,52642
3637,116637,49435
3638,21466,9202
3639,60725,25777
3640,4432,1945
3641,59994,25474
3642,36608,15659
3643,97456,41241
3644,55859,23745
3645,737,313
3646,30650,13106
3647,92104,39003
3648,4153,1818
3649,49025,20897
3650,4232,1847
3651,58299,24762
3652,29001,12390
3653,81503,34582
3654,88758,37586
3655,45625,19467
3656,5364,2335
3657,87019,36892
3658,22644,9687
3659,32314,13858
3660,83586,35482
3661,91573,38770
3662,49554,21121
3663,71592,30399
3664,65432,27785
3665,90933,38477
3666,76195,32319
3667,10801,4679
3668,561,235
3669,19553,8372
3670,14865,6404
3671,114434,48484
3672,110574,46824
3673,109720,46462
3674,20787,8922
3675,126585,53740
3676,101913,43127
3677,16449,7079
3678,130029,55184
3679,98449,41685
3680,6727,2963
3681,81803,34713
3682,81568,34610
3683,122053,51759
3684,46515,19824
3685,61339,26041
3686,23374,10007
3687,51009,21732
3688,45312,19350
3689,43427,18550
3690,118724,50325
3691,72664,30849
3692,66227,28108
3693,103688,43856
3694,88165,37341
3695,44189,18862
3696,57801,24544
3697,87285,36999
3698,15102,6510
3699,129901,55131
3700,112353,47619
3701,4816,2105
3702,69608,29551
3703,96308,40741
3704,127417,54103
3705,55877,23750
3706,71143,30220
3707,19845,8509
3708,119678,50744
3709,37758,16160
3710,85225,36156
3711,45243,19329
3712,22061,9441
3713,61216,25990
3714,67051,28472
3715,58370,24796
3716,55196,23466
3717,125042,53090
3718,57985,24627
3719,112605,47739
3720,123979,52626
3721,52045,22159
3722,79495,33695
3723,128179,54426
3724,427,177
3725,80621,34196
3726,76389,32392
3727,8582,3708
3728,20242,8671
3729,3814,1672
3730,19852,8512
3731,108292,45853
3732,119335,50584
3733,123619,52458
3734,15839,6817
3735,418,172
3736,29384,12559
3737,22003,9414
3738,8347,3615
3739,25081,10744
3740,82339,34941
3741,69406,29465
3742,67650,28730
3743,40715,17388
3744,110713,46892
3745,52902,22505
3746,125367,53231
3747,101145,42817
3748,27565,11778
3749,126123,53549
3750,32151,13783
3751,90701,38377
3752,46503,19817
3753,38521,16489
3754,123389,52352
3755,113906,48268
3756,25642,10976
3757,31697,13562
3758,25551,10930
3759,50325,21461
3760,15242,6568
3761,81830,34725
3762,90095,38127
3763,19350,8292
3764,109483,46357
3765,17157,7384
3766,84583,35894
3767,121430,51492
3768,9934,4293
3769,74588,31648
3770,55973,23800
3771,49852,21254
3772,66729,28338
3773,124788,52978
3774,35765,15315
3775,23050,9870
3776,11845,5118
3777,21309,9141
3778,104829,44358
3779,108619,45996
3780,70061,29751
3781,98968,41893
3782,112342,47613
3783,38222,16367
3784,94911,40168
3785,29226,12493
3786,8377,3627
3787,23187,9930
3788,46087,19658
3789,128066,54376
3790,120570,51137
3791,67217,28544
3792,118356,50180
3793,130301,55316
3794,53736,22848
3795,89355,37827
3796,9528,4125
3797,28,13
3798,40541,17306
3799,105476,44635
3800,16486,7093
3801,80280,34026
3802,102455,43347
3803,37877,16214
3804,59787,25378
3805,114104,48350
3806,129112,54806
3807,31224,13359
3808,79029,33495
3809,66584,28277
3810,108643,46003
3811,95025,40223
3812,61183,25971
3813,14029,6042
3814,43979,18772
3815,1613,692
3816,36183,15476
3817,107963,45711
3818,4144,1814
3819,39675,16955
3820,55159,23448
3821,12068,5212
3822,95177,40293
3823,49847,21252
3824,64086,27207
3825,104665,44285
3826,95272,40328
3827,83477,35440
3828,115750,49077
3829,59583,25293
3830,127379,54083
3831,32686,14008
3832,19947,8546
3833,112463,47678
3834,107082,45328
3835,19422,8317
3836,85995,36496
3837,31886,13652
3838,43907,18738
3839,46458,19801
3840,96038,40631
3841,70491,29936
3842,117318,49717
3843,46122,19675
3844,52356,22292
3845,24040,10299
3846,59616,25301
3847,89816,38010
3848,82026,34812
3849,105898,44813
3850,107874,45671
3851,111962,47430
3852,115216,48830
3853,19885,8521
3854,33646,14440
3855,123375,52340
3856,113967,48292
3857,60431,25649
3858,97133,41115
3859,125532,53305
3860,10164,4393
3861,47776,20354
3862,17230,7410
3863,48584,20716
3864,116022,49173
3865,75481,32013
3866,7276,3195
3867,77668,32925
3868,5434,2366
3869,103716,43868
3870,16109,6933
3871,101649,43017
3872,32175,13800
3873,2146,921
3874,827,355
3875,79054,33503
3876,129864,55119
3877,24763,10607
3878,6576,2904
3879,16576,7135
3880,54426,23140
3881,27407,11715
3882,21812,9348
3883,107415,45478
3884,121128,51357
3885,30198,12922
3886,112281,47585
3887,92292,39073
3888,29974,12829
3889,110822,46933
3890,7459,3274
3891,40985,17508
3892,51466,21927
3893,109635,46423
3894,85743,36388
3895,72745,30882
3896,34413,14736
3897,113322,48031
3898,111587,47248
3899,121313,51435
3900,51770,22062
3901,72889,30943
3902,45099,19254
3903,82007,34801
3904,130092,55210
3905,72106,30615
3906,53487,22744
3907,10845,4699
3908,43395,18536
3909,116072,49192
3910,27541,11768
3911,17697,7600
3912,60051,25495
3913,112138,47511
3914,35234,15095
3915,107283,45425
3916,41216,17596
3917,47836,20382
3918,107918,45691
3919,115346,48892
3920,56881,24179
3921,30535,13059
3922,98567,41730
3923,13376,5765
3924,18361,7892
3925,123601,52449
3926,82085,34833
3927,87401,37041
3928,11883,5130
3929,119606,50706
3930,102465,43355
3931,122872,52106
3932,7774,3391
3933,68389,29049
3934,15589,6712
3935,111653,47282
3936,118865,50390
3937,52948,22523
3938,126921,53900
3939,84748,35964
3940,7077,3114
3941,112700,47778
3942,46907,20001
3943,44799,19141
3944,129343,54897
3945,12528,5408
3946,117338,49727
3947,2678,1156
3948,123169,52240
3949,122717,52042
3950,48180,20531
3951,70215,29818
3952,3350,1473
3953,100017,42322
3954,48291,20585
3955,9697,4199
3956,904,386
3957,70627,29993
3958,87617,37132
3959,20819,8934
3960,1354,583
3961,67414,28630
3962,2635,1139
3963,69809,29638
3964,13275,5730
3965,44267,18896
3966,8311,3597
3967,129258,54871
3968,126564,53730
3969,78951,33466
3970,29130,12449
3971,111220,47107
3972,87893,37228
3973,123766,52526
3974,31203,13350
3975,76328,32368
3976,56687,24101
3977,107702,45601
3978,31590,13520
3979,80735,34250
3980,85726,36379
3981,53981,22959
3982,19152,8202
3983,107001,45291
3984,113662,48172
3985,16505,7101
3986,60689,25760
3987,89492,37875
3988,127651,54204
3989,81482,34570
3990,90670,38366
3991,85700,36366
3992,100889,42720
3993,30854,13200
3994,73835,31327
3995,92837,39306
3996,63273,26858
3997,14467,6233
3998,82968,35205
3999,33466,14356
4000,110383,46737
4001,121362,51461
4002,18759,8049
4003,99639,42162
4004,108962,46144
4005,56494,24019
4006,3784,1659
4007,15560,6701
4008,23724,10165
4009,122852,52098
4010,15121,6518
4011,42415,18126
4012,102883,43530
4013,41530,17735
4014,59681,25332
4015,46987,20037
4016,54828,23310
4017,33881,14520
4018,27879,11915
4019,84551,35879
4020,104843,44363
4021,57067,24252
4022,98660,41770
4023,100161,42393
4024,57598,24463
4025,30452,13027
4026,26611,11392
4027,18512,7950
4028,104129,44042
4029,118956,50430
4030,94015,39767
4031,47212,20139
4032,97372,41206
4033,93734,39666
4034,99872,42263
4035,122481,51933
4036,45924,19587
4037,118615,50282
4038,18148,7800
4039,33565,14399
4040,125439,53265
4041,100020,42324
4042,15538,6689
4043,112905,47872
4044,61277,26017
4045,69361,29448
4046,36762,15724
4047,72708,30868
4048,7890,3438
4049,100307,42458
4050,17981,7726
4051,27406,11714
4052,96545,40848
4053,57797,24542
4054,30864,13206
4055,95923,40579
4056,75509,32027
4057,2704,1167
4058,15832,6814
4059,112230,47561
4060,111093,47054
4061,36716,15705
4062,18488,7941
4063,109582,46399
4064,47840,20383
4065,12038,5197
4066,123560,52432
4067,109918,46541
4068,52302,22266
4069,18113,7783
4070,21732,9313
4071,115463,48946
4072,30401,13005
4073,97374,41207
4074,1759,758
4075,123285,52295
4076,68400,29057
4077,82463,34997
4078,117738,49903
4079,60773,25797
4080,73036,30997
4081,2192,939
4082,31332,13405
4083,17748,7623
4084,97816,41396
4085,79564,33725
4086,19700,8446
4087,55747,23707
4088,124918,53037
4089,126885,53886
4090,2147,922
4091,35405,15162
4092,29336,12538
4093,56686,24100
4094,7425,3260
4095,100156,42389
4096,127567,54158
4097,67176,28525
4098,30752,13152
4099,113243,47999
4100,127273,54038
4101,42668,18226
4102,28368,12128
4103,74624,31655
4104,106210,44944
4105,78668,33349
4106,67474,28656
4107,124688,52935
4108,60309,25596
4109,15966,6873
4110,92717,39254
4111,50764,21635
4112,76642,32489
4113,96460,40811
4114,34178,14630
4115,28475,12181
4116,37049,15849
4117,105279,44549
4118,96185,40689
4119,72942,30963
4120,31764,13590
4121,44907,19180
4122,120804,51232
4123,128026,54356
4124,31024,13283
4125,55934,23782
4126,19954,8552
4127,125686,53366
4128,102603,43404
4129,73697,31275
4130,100340,42471
4131,123749,52520
4132,84914,36030
4133,97488,41255
4134,115462,48945
4135,1619,696
4136,6844,3015
4137,37379,15998
4138,54420,23137
4139,58314,24768
4140,97758,41368
4141,129656,55030
4142,10393,4496
4143,86837,36832
4144,90492,38283
4145,27511,11760
4146,70001,29722
4147,85113,36111
4148,39455,16864
4149,77104,32669
4150,27040,11573
4151,108147,45785
4152,110083,46613
4153,73572,31216
4154,83694,35526
4155,117729,49898
4156,30086,12876
4157,43821,18707
4158,110873,46955
4159,101660,43021
4160,41214,17594
4161,41387,17668
4162,19930,8541
4163,51306,21851
4164,68126,28938
4165,75571,32059
4166,31037,13290
4167,60793,25804
4168,29539,12623
4169,46212,19704
4170,104375,44150
4171,43222,18454
4172,43139,18417
4173,59568,25287
4174,61246,26005
4175,65441,27789
4176,99811,42236
4177,44543,19028
4178,83068,35244
4179,106208,44942
4180,637,266
4181,18389,7904
4182,104787,44339
4183,86839,36834
4184,20419,8750
4185,21313,9143
4186,26976,11549
4187,58259,24744
4188,4475,1965
4189,29174,12468
4190,80183,33985
4191,56959,24210
4192,112423,47659
4193,29623,12663
4194,27087,11594
4195,15016,6471
4196,78151,33141
4197,10512,4545
4198,97099,41097
4199,31999,13705
4200,94643,40061
4201,20671,8869
4202,41026,17524
4203,12616,5445
4204,14046,6051
4205,76932,32600
4206,75812,32157
4207,85954,36482
4208,99130,41950
4209,95514,40424
4210,58348,24784
4211,89636,37927
4212,54526,23176
4213,87513,37085
4214,46886,19993
4215,15950,6867
4216,73073,31015
4217,56925,24197
4218,128990,54752
4219,9381,4056
4220,119941,50858
4221,76096,32271
4222,92406,39121
4223,78589,33320
4224,103754,43882
4225,39486,16877
4226,117069,49617
4227,42036,17951
4228,51075,21760
4229,99559,42128
4230,38436,16454
4231,13795,5954
4232,446,186
4233,43795,18696
4234,128273,54462
4235,113567,48131
4236,57515,24431
4237,116765,49490
4238,31963,13694
4239,67677,28741
4240,127323,54056
4241,99178,41969
4242,17599,7567
4243,41829,17862
4244,32646,13996
4245,77141,32687
4246,39642,16939
4247,57057,24250
4248,123470,52388
4249,79635,33755
4250,100891,42722
4251,100872,42714
4252,9698,4200
4253,36635,15672
4254,121453,51501
4255,36662,15683
4256,118909,50410
4257,118443,50222
4258,30369,12990
4259,51526,21955
4260,126171,53575
4261,65766,27919
4262,64121,27219
4263,125985,53482
4264,94748,40102
4265,27757,11864
4266,38830,16599
4267,67524,28675
4268,3049,1340
4269,65474,27806
4270,120300,51014
4271,13705,5916
4272,41322,17639
4273,125009,53075
4274,99311,42024
4275,99576,42139
4276,100614,42610
4277,7869,3429
4278,68087,28922
4279,116374,49316
4280,45486,19416
4281,76154,32298
4282,66822,28380
4283,26790,11467
4284,72625,30830
4285,49963,21311
4286,29437,12584
4287,15585,6709
4288,61448,26094
4289,79345,33629
4290,57487,24420
4291,100475,42530
4292,17618,7574
4293,2008,865
4294,36600,15654
4295,115515,48969
4296,74168,31473
4297,44405,18959
4298,60390,25633
4299,84861,36010
4300,117199,49674
4301,52499,22343
4302,57775,24535
4303,120849,51253
4304,76841,32564
4305,14036,6046
4306,67802,28802
4307,126300,53622
4308,75308,31944
4309,4122,1810
4310,23209,9935
4311,11038,4790
4312,117142,49650
4313,71041,30175
4314,36616,15661
4315,3664,1608
4316,60077,25510
4317,75250,31914
4318,37641,16117
4319,110994,47011
4320,71955,30555
4321,6007,2634
4322,107272,45419
4323,13750,5935
4324,118812,50363
4325,39329,16818
4326,38318,16404
4327,130414,55366
4328,111687,47299
4329,55187,23464
4330,96876,41006
4331,35067,15028
4332,29968,12826
4333,85779,36406
4334,109399,46328
4335,99116,41945
4336,8837,3818
4337,23109,9892
4338,118851,50383
4339,72299,30688
4340,21834,9359
4341,25854,11070
4342,101224,42850
4343,93291,39477
4344,94571,40030
4345,34953,14979
4346,98645,41764
4347,23948,10262
4348,56398,23977
4349,19088,8174
4350,34577,14808
4351,13373,5764
4352,110609,46841
4353,89415,37847
4354,119400,50615
4355,81754,34692
4356,102254,43267
4357,69540,29527
4358,18036,7750
4359,33186,14231
4360,108599,45988
4361,45362,19368
4362,70150,29789
4363,96234,40712
4364,22668,9696
4365,76398,32394
4366,20439,8757
4367,18477,7936
4368,30635,13098
4369,91319,38653
4370,67493,28661
4371,100426,42509
4372,104440,44182
4373,38575,16506
4374,31261,13377
4375,78627,33330
4376,62969,26735
4377,120554,51125
4378,47060,20074
4379,117420,49764
4380,115839,49113
4381,12636,5458
4382,96027,40624
4383,91367,38683
4384,116831,49521
4385,110051,46600
4386,99050,41921
4387,946,396
4388,124645,52922
4389,109516,46369
4390,19702,8448
4391,56229,23901
4392,92099,39001
4393,21555,9241
4394,91050,38534
4395,22829,9765
4396,85719,36375
4397,70487,29934
4398,42652,18216
4399,125618,53341
4400,30835,13187
4401,97999,41481
4402,114490,48504
4403,92738,39262
4404,183,84
4405,52262,22251
4406,15354,6617
4407,54699,23255
4408,81006,34375
4409,64843,27525
4410,110659,46865
4411,103846,43924
4412,111207,47102
4413,32858,14083
4414,61045,25909
4415,55346,23527
4416,32820,14064
4417,123195,52254
4418,16915,7281
4419,33376,14315
4420,73155,31049
4421,110328,46713
4422,69731,29604
4423,85500,36274
4424,1958,839
4425,26889,11509
4426,92594,39199
4427,67327,28584
4428,73140,31044
4429,109786,46484
4430,112485,47686
4431,36165,15470
4432,129155,54826
4433,21070,9037
4434,89950,38060
4435,102881,43529
4436,66973,28437
4437,36965,15814
4438,126756,53826
4439,46849,19970
4440,69831,29647
4441,12597,5437
4442,9550,4134
4443,48881,20835
4444,29425,12582
4445,98390,41653
4446,35021,15005
4447,54840,23314
4448,3869,1692
4449,110702,46886
4450,48187,20536
4451,72009,30573
4452,98510,41709
4453,112871,47854
4454,67500,28665
4455,4678,2046
4456,95283,40332
4457,68009,28886
4458,20294,8695
4459,113870,48250
4460,116433,49344
4461,99191,41975
4462,59107,25093
4463,101404,42917
4464,125945,53469
4465,128072,54381
4466,92709,39248
4467,77556,32873
4468,932,392
4469,94464,39983
4470,112356,47622
4471,73950,31374
4472,100553,42573
4473,77452,32821
4474,81773,34697
4475,58218,24726
4476,98377,41648
4477,12876,5547
4478,22624,9675
4479,107437,45489
4480,88061,37294
4481,84230,35742
4482,48150,20517
4483,100437,42513
4484,67767,28787
4485,115968,49155
4486,99376,42051
4487,122140,51797
4488,56282,23923
4489,10546,4562
4490,119329,50581
4491,279,124
4492,9115,3944
4493,114878,48682
4494,119607,50707
4495,105845,44788
4496,6193,2724
4497,28946,12367
4498,11450,4959
4499,25324,10838
4500,124356,52791
4501,64995,27595
4502,25750,11029
4503,33309,14286
4504,18085,7773
4505,116767,49491
4506,82704,35098
4507,85061,36092
4508,99849,42253
4509,47486,20240
4510,1225,516
4511,16704,7186
4512,25791,11049
4513,124686,52933
4514,43843,18714
4515,53881,22916
4516,113390,48063
4517,120919,51280
4518,63917,27133
4519,37168,15907
4520,93784,39683
4521,72621,30827
4522,27205,11630
4523,26895,11511
4524,81904,34758
4525,69671,29580
4526,111405,47172
4527,126677,53787
4528,86090,36536
4529,98208,41573
4530,9575,4145
4531,119564,50688
4532,91378,38691
4533,117803,49933
4534,75001,31807
4535,111602,47257
4536,45170,19294
4537,27153,11618
4538,118238,50127
4539,109072,46193
4540,89082,37728
4541,5536,2404
4542,80168,33976
4543,45184,19302
4544,105800,44768
4545,74180,31479
4546,106792,45203
4547,99138,41955
4548,100389,42494
4549,103249,43679
4550,117640,49863
4551,63565,26971
4552,90967,38495
4553,35057,15022
4554,126859,53875
4555,7114,3129
4556,75523,32035
4557,51399,21899
4558,96808,40969
4559,66248,28119
4560,47925,20413
4561,107089,45332
4562,117497,49802
4563,119313,50575
4564,108044,45747
4565,123975,52624
4566,29034,12402
4567,19074,8167
4568,129953,55154
4569,100924,42728
4570,113880,48254
4571,7335,3223
4572,18017,7739
4573,126661,53778
4574,92336,39093
4575,126326,53632
4576,129573,54992
4577,109485,46359
4578,21226,9106
4579,92659,39231
4580,61257,26009
4581,10300,4458
4582,59405,25221
4583,34244,14660
4584,106802,45205
4585,99777,42216
4586,101436,42933
4587,55042,23405
4588,37526,16068
4589,50870,21677
4590,368,148
4591,30023,12849
4592,81655,34647
4593,50670,21595
4594,57143,24276
4595,27349,11691
4596,3934,1725
4597,1137,474
4598,67960,28873
4599,68608,29153
4600,76412,32404
4601,22435,9598
4602,110956,46995
4603,130201,55260
4604,64020,27174
4605,44720,19102
4606,66570,28269
4607,69470,29494
4608,54872,23329
4609,61899,26291
4610,106879,45236
4611,91962,38936
4612,114143,48367
4613,36467,15597
4614,95699,40492
4615,69852,29657
4616,56137,23865
4617,75793,32148
4618,6479,2863
4619,110065,46606
4620,127753,54247
4621,108620,45997
4622,19518,8358
4623,103749,43879
4624,103025,43584
4625,103870,43935
4626,108380,45893
4627,48490,20675
4628,12196,5260
4629,118495,50238
4630,119577,50693
4631,125223,53163
4632,104387,44156
4633,88899,37650
4634,121811,51647
4635,104111,44033
4636,4096,1803
4637,2276,982
4638,95125,40273
4639,9921,4287
4640,116708,49467
4641,1039,431
4642,32406,13900
4643,25465,10897
4644,56859,24170
4645,89584,37909
4646,107951,45706
4647,112184,47536
4648,15191,6545
4649,34233,14655
4650,43505,18588
4651,33874,14516
4652,65905,27981
4653,52422,22316
4654,75855,32173
4655,126901,53893
4656,82939,35190
4657,67503,28666
4658,42533,18173
4659,18715,8030
4660,69839,29653
4661,111323,47145
4662,82265,34919
4663,57459,24408
4664,89316,37814
4665,103488,43774
4666,105853,44790
4667,69968,29708
4668,52095,22180
4669,52374,22298
4670,97858,41411
4671,28003,11975
4672,125356,53228
4673,46773,19936
4674,49626,21148
4675,31520,13490
4676,80469,34119
4677,22100,9459
4678,8691,3750
4679,17807,7654
4680,92479,39144
4681,61994,26337
4682,103351,43715
4683,65619,27858
4684,78942,33463
4685,33079,14187
4686,102660,43430
4687,104871,44373
4688,46436,19793
4689,124205,52732
4690,63763,27068
4691,111190,47096
4692,82071,34829
4693,9927,4291
4694,22007,9416
4695,39961,17079
4696,60507,25690
4697,23406,10018
4698,48195,20539
4699,63722,27048
4700,29450,12591
4701,67828,28813
4702,14173,6107
4703,25056,10732
4704,7887,3437
4705,80897,34327
4706,110690,46882
4707,36306,15529
4708,8104,3517
4709,19633,8417
4710,23119,9898
4711,79292,33605
4712,96508,40834
4713,88389,37431
4714,77219,32717
4715,90204,38171
4716,100413,42504
4717,75103,31856
4718,77316,32761
4719,38564,16501
4720,83002,35218
4721,101468,42945
4722,49183,20965
4723,77761,32965
4724,79060,33505
4725,30399,13004
4726,53902,22922
4727,58030,24643
4728,39509,16887
4729,72828,30920
4730,66251,28120
4731,89158,37759
4732,84881,36019
4733,49985,21322
4734,20791,8923
4735,105471,44632
4736,87815,37206
4737,89910,38042
4738,126259,53606
4739,41997,17933
4740,47944,20421
4741,43816,18705
4742,21385,9168
4743,107935,45701
4744,80499,34136
4745,65187,27683
4746,114046,48325
4747,92811,39297
4748,22997,9843
4749,103650,43844
4750,121639,51578
4751,33737,14468
4752,11679,5043
4753,27098,11599
4754,26287,11240
4755,81152,34427
4756,84220,35737
4757,58668,24909
4758,58487,24842
4759,43683,18652
4760,113589,48139
4761,117114,49638
4762,51154,21792
4763,41656,17788
4764,29128,12447
4765,9437,4083
4766,66500,28232
4767,86895,36853
4768,29872,12781
4769,66503,28235
4770,121701,51604
4771,126536,53712
4772,47347,20181
4773,53703,22835
4774,42316,18078
4775,30460,13031
4776,79932,33877
4777,96722,40935
4778,78377,33234
4779,88550,37489
4780,18721,8032
4781,59657,25319
4782,116270,49275
4783,35209,15087
4784,71239,30258
4785,87492,37074
4786,110416,46752
4787,33886,14523
4788,45938,19593
4789,118860,50388
4790,22545,9646
4791,41011,17518
4792,65374,27759
4793,20095,8605
4794,80289,34029
4795,27467,11740
4796,11396,4942
4797,107536,45533
4798,104970,44412
4799,114363,48455
4800,94585,40036
4801,25644,10977
4802,16852,7253
4803,97132,41114
4804,42644,18212
4805,98410,41665
4806,28429,12159
4807,77644,32911
4808,46175,19693
4809,45218,19317
4810,28908,12345
4811,73799,31311
4812,76750,32526
4813,81272,34475
4814,96331,40750
4815,62742,26639
4816,126966,53921
4817,58500,24846
4818,6690,2948
4819,101806,43084
4820,40877,17461
4821,125917,53459
4822,58971,25035
4823,114079,48341
4824,129314,54890
4825,128329,54483
4826,45666,19481
4827,77065,32650
4828,5199,2272
4829,39963,17081
4830,65500,27816
4831,111644,47277
4832,61215,25989
4833,114657,48575
4834,87336,37016
4835,124541,52874
4836,118840,50377
4837,16584,7138
4838,102301,43285
4839,62367,26488
4840,15647,6737
4841,61147,25955
4842,62043,26358
4843,95607,40457
4844,40918,17475
4845,92796,39287
4846,92189,39037
4847,21256,9120
4848,11641,5030
4849,125361,53230
4850,105942,44835
4851,73422,31150
4852,10924,4738
4853,128306,54474
4854,95310,40343
4855,122448,51917
4856,86534,36711
4857,79835,33840
4858,6506,2878
4859,48760,20783
4860,84768,35974
4861,66679,28314
4862,67325,28582
4863,27718,11846
4864,118508,50240
4865,11565,5004
4866,72713,30871
4867,59630,25305
4868,50414,21492
4869,114505,48512
4870,103774,43889
4871,59849,25403
4872,111243,47117
4873,59775,25373
4874,96119,40664
4875,44442,18977
4876,37144,15894
4877,119096,50487
4878,1086,451
4879,43217,18451
4880,105228,44523
4881,84964,36052
4882,6173,2713
4883,20180,8638
4884,51234,21823
4885,104100,44029
4886,117866,49962
4887,3221,1409
4888,35681,15283
4889,62254,26439
4890,33435,14343
4891,82528,35026
4892,119553,50682
4893,102554,43390
4894,89055,37721
4895,33348,14300
4896,27344,11689
4897,15995,6887
4898,82431,34983
4899,17065,7346
4900,44636,19067
4901,30885,13216
4902,80068,33937
4903,40150,17154
4904,128667,54634
4905,441,183
4906,21604,9261
4907,80020,33916
4908,94118,39818
4909,89464,37865
4910,63656,27017
4911,1145,476
4912,36350,15552
4913,34693,14862
4914,21259,9122
4915,14316,6174
4916,96869,41002
4917,22444,9601
4918,55886,23755
4919,115493,48960
4920,55697,23682
4921,55595,23636
4922,2551,1103
4923,123316,52312
4924,44817,19147
4925,25357,10853
4926,95468,40406
4927,22055,9437
4928,107162,45368
4929,11908,5140
4930,9901,4279
4931,60182,25551
4932,10513,4546
4933,82030,34815
4934,45820,19553
4935,31249,13373
4936,125220,53161
4937,3800,1668
4938,82444,34988
4939,81688,34667
4940,35852,15350
4941,114720,48609
4942,56051,23829
4943,63201,26830
4944,9122,3949
4945,120487,51096
4946,69481,29497
4947,46992,20039
4948,17608,7570
4949,75288,31932
4950,86553,36717
4951,92198,39041
4952,64422,27349
4953,25804,11055
4954,127442,54111
4955,113368,48053
4956,76856,32569
4957,103824,43914
4958,86984,36880
4959,120330,51022
4960,17835,7665
4961,96868,41001
4962,122882,52112
4963,13635,5883
4964,4334,1894
4965,25740,11025
4966,15123,6519
4967,91421,38711
4968,97026,41068
4969,100409,42502
4970,49827,21243
4971,32032,13723
4972,45117,19263
4973,3031,1328
4974,63114,26794
4975,69249,29403
4976,116604,49415
4977,90309,38209
4978,9003,3890
4979,69857,29659
4980,118233,50124
4981,117402,49754
4982,64319,27295
4983,125684,53365
4984,8851,3828
4985,93086,39401
4986,46780,19940
4987,69828,29646
4988,15325,6607
4989,44701,19097
4990,95908,40572
4991,98409,41664
4992,85293,36191
4993,13245,5714
4994,26285,11239
4995,76603,32479
4996,94399,39959
4997,33119,14204
4998,90736,38393
4999,74703,31696
5000,38392,16431
5001,97239,41153
5002,39048,16682
5003,73612,31235
5004,62394,26502
5005,126569,53733
5006,15675,6748
5007,124455,52832
5008,130008,55177
5009,117857,49957
5010,112609,47741
5011,86909,36856
5012,109536,46378
5013,75171,31882
5014,14028,6041
5015,99375,42050
5016,84649,35916
5017,17676,7594
5018,123564,52433
5019,60692,25761
5020,80920,34336
5021,124270,52758
5022,55652,23663
5023,80832,34294
5024,36825,15753
5025,67042,28468
5026,5589,2430
5027,93707,39655
5028,111950,47421
5029,17340,7446
5030,37613,16103
5031,28428,12158
5032,91668,38819
5033,101120,42806
5034,32017,13715
5035,94079,39796
5036,25058,10734
5037,44410,18962
5038,127225,54021
5039,64946,27574
5040,108324,45870
5041,39312,16808
5042,89012,37696
5043,30683,13119
5044,15487,6664
5045,11265,4880
5046,122379,51888
5047,34988,14992
5048,62901,26706
5049,81633,34636
5050,67970,28876
5051,91676,38823
5052,99574,42137
5053,13754,5938
5054,52972,22536
5055,27857,11905
5056,10699,4638
5057,103890,43944
5058,26196,11203
5059,25762,11034
5060,66162,28085
5061,30690,13123
5062,15366,6621
5063,105683,44720
5064,851,368
5065,74133,31453
5066,87915,37237
5067,90191,38165
5068,13491,5819
5069,36123,15454
5070,102235,43261
5071,13031,5618
5072,74894,31763
5073,17932,7706
5074,121796,51640
5075,45684,19488
5076,1914,820
5077,62848,26681
5078,34949,14976
5079,104934,44400
5080,110649,46858
5081,66934,28423
5082,73632,31245
5083,106777,45195
5084,99434,42078
5085,82836,35150
5086,67902,28849
5087,842,362
5088,46766,19929
5089,50010,21332
5090,89306,37808
5091,99899,42278
5092,23331,9988
5093,23536,10075
5094,89424,37852
5095,88409,37439
5096,125752,53393
5097,15600,6718
5098,39842,17028
5099,3908,1714
5100,42012,17941
5101,6091,2668
5102,125426,53259
5103,14783,6367
5104,32757,14038
5105,23757,10183
5106,86629,36747
5107,74253,31507
5108,16643,7164
5109,124582,52895
5110,17181,7391
5111,109778,46481
5112,72229,30663
5113,56891,24182
5114,115982,49159
5115,60969,25874
5116,89047,37717
5117,62350,26484
5118,7844,3417
5119,130222,55268
5120,102464,43354
5121,83517,35452
5122,114572,48539
5123,80555,34164
5124,122813,52086
5125,47907,20406
5126,130065,55200
5127,61186,25973
5128,13262,5723
5129,113794,48222
5130,117108,49636
5131,17115,7369
5132,48231,20559
5133,25326,10839
5134,126549,53719
5135,85322,36204
5136,82298,34927
5137,123540,52422
5138,92784,39280
5139,87980,37260
5140,123106,52212
5141,1035,428
5142,116276,49278
5143,75397,31977
5144,53983,22960
5145,106571,45104
5146,32848,14076
5147,52473,22330
5148,56694,24103
5149,75590,32067
5150,23745,10177
5151,14086,6069
5152,119819,50804
5153,65498,27815
5154,123806,52547
5155,89152,37755
5156,16529,7109
5157,91908,38916
5158,111025,47025
5159,14282,6156
5160,108785,46065
5161,129618,55010
5162,101373,42901
5163,108370,45889
5164,19158,8204
5165,13184,5686
5166,70962,30139
5167,46365,19769
5168,75526,32036
5169,63190,26824
5170,61631,26171
5171,34464,14760
5172,4981,2187
5173,129588,55002
5174,31052,13293
5175,112825,47830
5176,66094,28058
5177,25095,10750
5178,50117,21373
5179,27766,11867
5180,129256,54870
5181,117380,49745
5182,46202,19701
5183,54537,23184
5184,125736,53386
5185,34249,14663
5186,74342,31543
5187,13274,5729
5188,20635,8851
5189,66462,28212
5190,6263,2752
5191,120948,51290
5192,115863,49122
5193,129732,55065
5194,72608,30820
5195,7072,3112
5196,9865,4265
5197,102523,43381
5198,11294,4893
5199,11701,5057
5200,43710,18664
5201,114681,48587
5202,13651,5891
5203,97398,41216
5204,97683,41340
5205,41352,17654
5206,62665,26611
5207,27007,11562
5208,54648,23233
5209,118283,50150
5210,10244,4427
5211,31783,13600
5212,119547,50678
5213,73716,31284
5214,17258,7421
5215,2272,981
5216,22249,9524
5217,130106,55215
5218,82063,34826
5219,15093,6506
5220,51604,21985
5221,32662,14004
5222,88067,37297
5223,124208,52733
5224,36268,15512
5225,18475,7934
5226,54076,22995
5227,81430,34546
5228,117486,49796
5229,83455,35432
5230,69465,29493
5231,74516,31615
5232,55787,23722
5233,41456,17700
5234,22559,9652
5235,7135,3138
5236,41137,17564
5237,116127,49215
5238,27673,11829
5239,76468,32423
5240,29473,12600
5241,26809,11478
5242,120383,51045
5243,60976,25880
5244,28504,12189
5245,60852,25833
5246,115034,48756
5247,45874,19574
5248,57940,24605
5249,54015,22974
5250,73791,31307
5251,105594,44680
5252,15584,6708
5253,72866,30934
5254,87173,36952
5255,82181,34879
5256,11911,5142
5257,77953,33052
5258,18156,7802
5259,28792,12303
5260,106712,45162
5261,101356,42894
5262,28252,12084
5263,122876,52109
5264,66962,28433
5265,71793,30480
5266,34714,14875
5267,102317,43292
5268,5016,2199
5269,49261,21000
5270,73194,31066
5271,16711,7190
5272,38325,16408
5273,19765,8473
5274,66041,28033
5275,3995,1756
5276,75819,32159
5277,60655,25749
5278,92577,39191
5279,94969,40196
5280,56784,24142
5281,70953,30134
5282,106591,45110
5283,118149,50090
5284,93103,39408
5285,44339,18933
5286,116722,49473
5287,100698,42643
5288,2664,1150
5289,25956,11120
5290,87979,37259
5291,47509,20252
5292,127795,54266
5293,5062,2220
5294,85316,36200
5295,105810,44774
5296,110565,46820
5297,54200,23050
5298,18273,7848
5299,61569,26143
5300,27501,11754
5301,67014,28457
5302,84269,35755
5303,29302,12521
5304,68924,29277
5305,97971,41469
5306,17227,7409
5307,73012,30989
5308,106385,45019
5309,94797,40125
5310,36852,15766
5311,57165,24288
5312,30745,13150
5313,24316,10410
5314,116815,49514
5315,35116,15044
5316,52014,22147
5317,46130,19679
5318,51012,21734
5319,107557,45543
5320,20632,8848
5321,24054,10306
5322,54977,23378
5323,125074,53105
5324,15548,6694
5325,73018,30991
5326,100709,42648
5327,106468,45054
5328,95877,40558
5329,20371,8731
5330,22639,9683
5331,103327,43709
5332,83857,35604
5333,44915,19183
5334,38603,16518
5335,28436,12164
5336,106205,44940
5337,28677,12251
5338,25148,10763
5339,123100,52210
5340,39084,16704
5341,86115,36546
5342,75482,32014
5343,33588,14414
5344,53637,22804
5345,27805,11883
5346,23980,10276
5347,45086,19250
5348,5999,2630
5349,88088,37307
5350,43249,18470
5351,128971,54744
5352,27999,11972
5353,65126,27660
5354,100804,42683
5355,118857,50386
5356,91265,38631
5357,25394,10867
5358,103826,43915
5359,32085,13753
5360,125143,53127
5361,77365,32781
5362,49799,21229
5363,23264,9954
5364,10867,4709
5365,3017,1319
5366,27061,11584
5367,127232,54024
5368,71418,30327
5369,93321,39487
5370,73368,31135
5371,130025,55183
5372,40140,17150
5373,74004,31397
5374,65137,27665
5375,97020,41064
5376,50459,21511
5377,22518,9636
5378,53822,22886
5379,30220,12935
5380,10818,4687
5381,59229,25145
5382,25017,10715
5383,6291,2766
5384,34932,14969
5385,121341,51449
5386,50256,21433
5387,44015,18790
5388,28283,12099
5389,70299,29852
5390,22892,9795
5391,119202,50535
5392,91349,38673
5393,54033,22980
5394,79962,33890
5395,402,165
5396,11433,4951
5397,111268,47126
5398,87416,37050
5399,56560,24049
5400,126096,53534
5401,14444,6225
5402,29415,12576
5403,49735,21199
5404,83969,35650
5405,130016,55179
5406,126644,53768
5407,101652,43019
5408,78919,33452
5409,56593,24059
5410,31506,13485
5411,99447,42082
5412,129105,54803
5413,68599,29147
5414,128873,54710
5415,43805,18701
5416,39821,17015
5417,101839,43098
5418,106175,44929
5419,115795,49097
5420,82013,34805
5421,9654,4179
5422,91759,38856
5423,23321,9984
5424,70827,30074
5425,55773,23719
5426,29285,12516
5427,37570,16084
5428,126238,53600
5429,101750,43064
5430,27043,11575
5431,72059,30591
5432,105264,44544
5433,118733,50328
5434,44403,18958
5435,48100,20493
5436,98881,41854
5437,130391,55356
5438,28567,12212
5439,119842,50812
5440,32252,13835
5441,78246,33183
5442,65484,27810
5443,122450,51919
5444,8098,3515
5445,69714,29599
5446,9458,4091
5447,24745,10597
5448,87221,36974
5449,123598,52447
5450,123361,52334
5451,54346,23108
5452,6287,2764
5453,21960,9401
5454,20472,8780
5455,79254,33587
5456,100094,42354
5457,103569,43816
5458,120373,51039
5459,34149,14619
5460,91603,38782
5461,127421,54105
5462,95438,40394
5463,10086,4364
5464,89406,37844
5465,107329,45441
5466,92731,39259
5467,82008,34802
5468,100079,42346
5469,56414,23984
5470,42046,17954
5471,54700,23256
5472,66471,28214
5473,113016,47912
5474,115778,49087
5475,27067,11588
5476,49741,21202
5477,16542,7116
5478,87839,37214
5479,34665,14849
5480,49941,21304
5481,37638,16115
5482,79050,33501
5483,44654,19076
5484,104087,44023
5485,92305,39079
5486,6243,2745
5487,112299,47594
5488,58072,24662
5489,36404,15569
5490,89986,38080
5491,56588,24058
5492,59417,25225
5493,105020,44434
5494,30723,13142
5495,95254,40321
5496,88018,37278
5497,3878,1698
5498,63105,26787
5499,123508,52403
5500,86851,36838
5501,124888,53023
5502,116827,49518
5503,111309,47138
5504,72394,30733
5505,37860,16210
5506,25444,10886
5507,67991,28883
5508,46017,19631
5509,27692,11837
5510,36145,15460
5511,99688,42181
5512,113071,47933
5513,15158,6532
5514,15761,6783
5515,95071,40249
5516,100678,42633
5517,52309,22268
5518,61467,26104
5519,15151,6529
5520,63676,27026
5521,1216,511
5522,58766,24954
5523,67952,28870
5524,63545,26960
5525,33184,14230
5526,36986,15821
5527,8675,3744
5528,33870,14515
5529,17402,7474
5530,43594,18616
5531,49686,21177
5532,107503,45519
5533,64002,27165
5534,47364,20187
5535,19075,8168
5536,78275,33194
5537,5941,2606
5538,41736,17825
5539,7580,3320
5540,5933,2602
5541,17377,7461
5542,42712,18246
5543,77111,32672
5544,79579,33734
5545,86123,36550
5546,82351,34948
5547,619,260
5548,9779,4230
5549,36510,15615
5550,30552,13064
5551,29812,12756
5552,129041,54771
5553,91188,38592
5554,66288,28139
5555,1127,468
5556,37136,15890
5557,92585,39195
5558,85705,36370
5559,87840,37215
5560,83987,35654
5561,58410,24808
5562,114759,48625
5563,3258,1427
5564,7398,3250
5565,74571,31642
5566,107924,45694
5567,55835,23736
5568,74439,31585
5569,90538,38310
5570,122530,51954
5571,27289,11666
5572,13854,5981
5573,26591,11381
5574,84004,35663
5575,11819,5114
5576,52943,22521
5577,94513,40006
5578,62313,26465
5579,118029,50032
5580,27062,11585
5581,106898,45246
5582,130340,55333
5583,108827,46081
5584,53752,22857
5585,107261,45414
5586,12257,5286
5587,72991,30983
5588,112787,47814
5589,93829,39702
5590,73043,31000
5591,42340,18085
5592,15183,6541
5593,96156,40677
5594,127191,54008
5595,118805,50361
5596,2669,1153
5597,4580,2007
5598,15687,6753
5599,69635,29564
5600,97137,41118
5601,3410,1503
5602,64964,27582
5603,83425,35418
5604,129651,55028
5605,53085,22574
5606,128332,54484
5607,111182,47091
5608,115556,48988
5609,3595,1581
5610,120078,50910
5611,2857,1235
5612,79546,33720
5613,38058,16293
5614,107887,45676
5615,115172,48816
5616,84467,35845
5617,59563,25283
5618,66636,28296
5619,95452,40401
5620,72962,30971
5621,36579,15647
5622,121649,51584
5623,74679,31678
5624,81379,34527
5625,107371,45463
5626,82057,34824
5627,16914,7280
5628,109679,46443
5629,86187,36577
5630,21099,9050
5631,88214,37359
5632,21424,9185
5633,74517,31616
5634,152,69
5635,106970,45275
5636,89380,37835
5637,18212,7828
5638,41217,17597
5639,100068,42342
5640,93089,39403
5641,64028,27178
5642,91000,38508
5643,55668,23666
5644,52104,22184
5645,123676,52486
5646,79755,33801
5647,80105,33949
5648,58206,24719
5649,129804,55100
5650,107278,45424
5651,96769,40954
5652,19157,8203
5653,30417,13013
5654,69053,29330
5655,48165,20523
5656,105086,44464
5657,101586,42987
5658,123818,52554
5659,82138,34858
5660,48374,20625
5661,60438,25650
5662,33313,14287
5663,117703,49890
5664,36055,15432
5665,1453,629
5666,56641,24076
5667,19034,8151
5668,80749,34259
5669,57886,24581
5670,91111,38558
5671,56668,24090
5672,38739,16566
5673,18521,7954
5674,19720,8455
5675,12689,5476
5676,95940,40588
5677,97533,41274
5678,77701,32942
5679,100773,42669
5680,130000,55174
5681,79305,33609
5682,38790,16585
5683,56800,24148
5684,31541,13499
5685,11735,5072
5686,36627,15668
5687,100151,42386
5688,46946,20018
5689,110706,46889
5690,77370,32783
5691,33975,14564
5692,51516,21952
5693,116994,49587
5694,41816,17857
5695,9187,3971
5696,23822,10212
5697,95917,40577
5698,18451,7927
5699,98907,41864
5700,23941,10259
5701,87739,37174
5702,109246,46271
5703,37985,16265
5704,126811,53851
5705,53230,22629
5706,79934,33878
5707,12792,5517
5708,29557,12632
5709,44099,18825
5710,4858,2128
5711,75307,31943
5712,39491,16878
5713,78746,33373
5714,6218,2735
5715,112340,47611
5716,117375,49743
5717,67384,28617
5718,110719,46895
5719,107317,45436
5720,49192,20970
5721,78336,33215
5722,93434,39537
5723,95850,40546
5724,60245,25576
5725,17025,7328
5726,61082,25930
5727,911,389
5728,10621,4602
5729,108969,46147
5730,6111,2679
5731,84714,35950
5732,108750,46051
5733,17883,7683
5734,119098,50489
5735,123648,52472
5736,93226,39450
5737,112899,47869
5738,40531,17303
5739,12405,5350
5740,36372,15559
5741,54853,23319
5742,118421,50212
5743,110789,46924
5744,103531,43799
5745,21762,9327
5746,21484,9209
5747,6523,2886
5748,109888,46525
5749,65599,27851
5750,121396,51477
5751,92290,39071
5752,24665,10561
5753,52082,22176
5754,20189,8645
5755,62305,26462
5756,19775,8475
5757,56706,24107
5758,110178,46648
5759,130308,55319
5760,126277,53611
5761,17051,7340
5762,34685,14859
5763,63025,26759
5764,77643,32910
5765,113856,48244
5766,91913,38920
5767,63458,26926
5768,118920,50414
5769,119028,50461
5770,44416,18965
5771,88498,37470
5772,50205,21410
5773,119362,50600
5774,101077,42787
5775,114132,48363
5776,55285,23503
5777,109596,46408
5778,77045,32642
5779,60084,25511
5780,33227,14251
5781,78775,33383
5782,17732,7613
5783,19808,8493
5784,42784,18274
5785,67448,28644
5786,124182,52720
5787,124220,52737
5788,53205,22619
5789,35613,15256
5790,32776,14043
5791,94655,40065
5792,53517,22760
5793,90217,38177
5794,105532,44653
5795,82626,35061
5796,119684,50747
5797,127340,54067
5798,3117,1370
5799,40961,17493
5800,21086,9044
5801,2584,1117
5802,26801,11472
5803,45357,19366
5804,88966,37677
5805,130031,55185
5806,29625,12665
5807,1291,546
5808,120157,50948
5809,83053,35237
5810,118423,50213
5811,67776,28792
5812,13926,6006
5813,12874,5545
5814,58714,24926
5815,2797,1210
5816,104916,44390
5817,63868,27110
5818,123535,52419
5819,20697,8883
5820,8089,3513
5821,47787,20359
5822,105351,44578
5823,96304,40740
5824,80231,34004
5825,38527,16490
5826,126066,53522
5827,14929,6435
5828,128644,54622
5829,55449,23574
5830,9278,4006
5831,25951,11117
5832,66744,28347
5833,63921,27136
5834,47596,20285
5835,111969,47433
5836,83875,35615
5837,101531,42962
5838,26662,11416
5839,42563,18186
5840,96319,40745
5841,97691,41342
5842,93928,39740
5843,74759,31716
5844,79521,33711
5845,77515,32853
5846,120718,51199
5847,108812,46075
5848,49308,21011
5849,78339,33218
5850,12374,5331
5851,37577,16088
5852,34520,14784
5853,127852,54281
5854,81365,34518
5855,76617,32483
5856,119365,50601
5857,38214,16362
5858,103593,43823
5859,13413,5780
5860,118905,50407
5861,16619,7153
5862,83091,35257
5863,41007,17517
5864,39190,16758
5865,101745,43063
5866,42572,18190
5867,92077,38988
5868,105410,44602
5869,95709,40495
5870,48136,20510
5871,23334,9989
5872,55180,23461
5873,50876,21681
5874,59910,25433
5875,74469,31597
5876,120933,51284
5877,51635,21999
5878,116349,49306
5879,47566,20274
5880,97294,41175
5881,91105,38557
5882,29354,12546
5883,94894,40160
5884,122990,52160
5885,61512,26118
5886,81520,34591
5887,121748,51621
5888,86529,36708
5889,14127,6088
5890,10277,4445
5891,2611,1130
5892,17008,7321
5893,109994,46571
5894,101041,42770
5895,29039,12403
5896,6321,2782
5897,85636,36347
5898,117949,49991
5899,42281,18056
5900,50429,21498
5901,119623,50717
5902,26880,11506
5903,108716,46038
5904,93352,39501
5905,123899,52590
5906,43760,18679
5907,51640,22002
5908,64397,27334
5909,101873,43111
5910,71130,30215
5911,125177,53141
5912,58973,25037
5913,114705,48600
5914,2998,1307
5915,101980,43156
5916,20747,8904
5917,111144,47078
5918,90373,38232
5919,70011,29729
5920,34082,14596
5921,49119,20939
5922,116676,49452
5923,40170,17166
5924,82232,34906
5925,111065,47040
5926,15515,6675
5927,72693,30864
5928,40457,17272
5929,106838,45223
5930,9366,4050
5931,37367,15994
5932,37233,15937
5933,86799,36820
5934,66050,28036
5935,14081,6065
5936,39203,16766
5937,73021,30993
5938,106240,44953
5939,94587,40038
5940,66556,28261
5941,12413,5356
5942,61000,25887
5943,5759,2509
5944,62855,26685
5945,37880,16215
5946,15364,6619
5947,59919,25438
5948,15303,6597
5949,38273,16386
5950,77329,32767
5951,21093,9048
5952,130128,55228
5953,127437,54110
5954,19318,8276
5955,106357,45002
5956,65888,27972
5957,4970,2180
5958,115020,48749
5959,47669,20315
5960,35589,15251
5961,22229,9515
5962,114416,48478
5963,127039,53951
5964,71555,30381
5965,83568,35475
5966,115293,48866
5967,26608,11389
5968,107199,45383
5969,58633,24896
5970,90834,38435
5971,62153,26402
5972,77197,32707
5973,793,339
5974,43432,18552
5975,708,304
5976,126697,53797
5977,48123,20506
5978,23638,10131
5979,2457,1068
5980,82070,34828
5981,8178,3548
5982,111626,47267
5983,16409,7060
5984,95885,40564
5985,17366,7457
5986,49199,20974
5987,38341,16417
5988,123001,52165
5989,106168,44926
5990,68512,29106
5991,122105,51780
5992,32018,13716
5993,113532,48116
5994,101670,43024
5995,32113,13764
5996,8792,3797
5997,53749,22855
5998,21913,9384
5999,98986,41900
6000,13067,5632
6001,34914,14958
6002,102661,43431
6003,92163,39025
6004,54020,22975
6005,2862,1237
6006,111898,47390
6007,10889,4719
6008,9103,3937
6009,52707,22425
6010,42071,17967
6011,124275,52760
6012,16790,7227
6013,18000,7732
6014,11125,4820
6015,128394,54512
6016,98813,41829
6017,75460,32007
6018,66748,28349
6019,83163,35290
6020,44781,19131
6021,97397,41215
6022,39327,16816
6023,122150,51802
6024,78669,33350
6025,42738,18258
6026,35537,15226
6027,98059,41506
6028,149,68
6029,73792,31308
6030,116110,49206
6031,64146,27230
6032,47073,20083
6033,85427,36243
6034,113236,47994
6035,94791,40121
6036,4891,2146
6037,79015,33490
6038,19786,8481
6039,83915,35627
6040,79211,33568
6041,97241,41154
6042,52320,22271
6043,42661,18220
6044,1622,697
6045,99561,42129
6046,43282,18486
6047,127217,54016
6048,9884,4271
6049,97215,41143
6050,772,329
6051,91045,38532
6052,19660,8430
6053,100558,42576
6054,63473,26935
6055,72359,30716
6056,103476,43768
6057,46707,19905
6058,2851,1232
6059,16401,7055
6060,45172,19295
6061,5668,2466
6062,108534,45954
6063,121333,51444
6064,107051,45314
6065,35534,15224
6066,74745,31711
6067,43330,18502
6068,121484,51519
6069,45807,19547
6070,59719,25348
6071,80424,34097
6072,2432,1054
6073,32591,13971
6074,102785,43487
6075,110013,46584
6076,119699,50753
6077,114225,48400
6078,104449,44188
6079,16830,7245
6080,72047,30587
6081,37264,15955
6082,52415,22313
6083,116309,49289
6084,108583,45979
6085,71642,30422
6086,51981,22137
6087,11704,5059
6088,42615,18203
6089,121347,51452
6090,452,190
6091,7307,3209
6092,84763,35971
6093,17419,7484
6094,118266,50143
6095,69763,29619
6096,26106,11171
6097,111862,47377
6098,65221,27701
6099,79657,33764
6100,26416,11296
6101,118957,50431
6102,73554,31206
6103,106570,45103
6104,36603,15656
6105,111648,47279
6106,79394,33650
6107,3359,1479
6108,68347,29029
6109,52171,22215
6110,87298,37004
6111,68994,29311
6112,80288,34028
6113,55920,23776
6114,124115,52689
6115,40708,17385
6116,121042,51322
6117,121316,51436
6118,20375,8734
6119,59864,25411
6120,88511,37475
6121,90833,38434
6122,109637,46425
6123,16714,7193
6124,72225,30660
6125,3555,1566
6126,47019,20052
6127,53498,22750
6128,9669,4185
6129,107209,45388
6130,90878,38454
6131,58541,24861
6132,76470,32424
6133,78198,33161
6134,80459,34114
6135,130263,55289
6136,16215,6973
6137,70426,29908
6138,112960,47891
6139,117448,49777
6140,15429,6642
6141,33903,14532
6142,98855,41841
6143,21167,9081
6144,118328,50169
6145,20669,8868
6146,129766,55080
6147,86251,36599
6148,127644,54198
6149,13813,5962
6150,97660,41330
6151,33792,14487
6152,51583,21974
6153,107585,45558
6154,18164,7805
6155,71587,30396
6156,101826,43094
6157,116502,49379
6158,14841,6394
6159,59022,25056
6160,290,129
6161,99286,42011
6162,30132,12897
6163,27804,11882
6164,105868,44799
6165,100052,42334
6166,99,44
6167,92547,39175
6168,59909,25432
6169,1740,750
6170,61293,26023
6171,92011,38953
6172,43814,18704
6173,73442,31158
6174,85579,36314
6175,42215,18031
6176,113755,48212
6177,30380,12997
6178,52390,22301
6179,92936,39347
6180,12385,5339
6181,57159,24285
6182,99503,42100
6183,2067,889
6184,113127,47956
6185,56226,23899
6186,40950,17489
6187,58266,24747
6188,123080,52203
6189,126837,53866
6190,6840,3012
6191,109244,46269
6192,123949,52611
6193,22999,9845
6194,53861,22907
6195,118486,50235
6196,98834,41836
6197,67745,28773
6198,109686,46446
6199,109628,46419
6200,114906,48694
6201,38759,16572
6202,107364,45460
6203,119060,50474
6204,73101,31026
6205,23550,10080
6206,110179,46649
6207,92872,39321
6208,10279,4446
6209,47870,20395
6210,81646,34642
6211,115471,48949
6212,6394,2822
6213,24060,10309
6214,86283,36614
6215,31020,13280
6216,49421,21064
6217,31479,13471
6218,92177,39032
6219,98297,41610
6220,32162,13792
6221,46659,19885
6222,22939,9820
6223,15218,6556
6224,10771,4666
6225,33387,14320
6226,130260,55288
6227,104398,44161
6228,64292,27286
6229,18549,7964
6230,34732,14881
6231,126951,53913
6232,121092,51342
6233,73758,31295
6234,105522,44649
6235,64088,27208
6236,64547,27401
6237,11225,4866
6238,42873,18309
6239,18325,7872
6240,27660,11820
6241,68509,29104
6242,55967,23795
6243,5101,2234
6244,121483,51518
6245,41032,17527
6246,55510,23601
6247,61196,25979
6248,50236,21423
6249,110933,46984
6250,116842,49524
6251,125475,53283
6252,76020,32240
6253,10975,4759
6254,47306,20165
6255,43900,18736
6256,25032,10720
6257,102599,43403
6258,130337,55332
6259,33406,14332
6260,127362,54077
6261,14261,6148
6262,86587,36730
6263,7359,3233
6264,6049,2648
6265,69392,29457
6266,36917,15794
6267,117177,49668
6268,55022,23397
6269,60668,25753
6270,14671,6319
6271,34277,14674
6272,39474,16874
6273,20443,8761
6274,20497,8794
6275,74118,31447
6276,87222,36975
6277,1432,617
6278,113239,47996
6279,5903,2586
6280,6903,3042
6281,68375,29043
6282,15258,6576
6283,55989,23802
6284,34778,14896
6285,70641,29999
6286,81368,34521
6287,16792,7228
6288,91847,38885
6289,83615,35493
6290,103723,43871
6291,29706,12705
6292,29159,12459
6293,13639,5884
6294,36364,15554
6295,2007,864
6296,58479,24838
6297,40337,17221
6298,113352,48042
6299,112070,47476
6300,91278,38637
6301,79403,33656
6302,23775,10188
6303,47689,20324
6304,22419,9592
6305,47457,20227
6306,21849,9366
6307,68690,29185
6308,19264,8251
6309,116315,49292
6310,32045,13731
6311,9886,4272
6312,129712,55053
6313,109817,46494
6314,90515,38300
6315,47463,20230
6316,128146,54411
6317,89045,37716
6318,101172,42831
6319,98,43
6320,48493,20676
6321,44900,19178
6322,89340,37821
6323,24304,10403
6324,96020,40619
6325,126002,53489
6326,18693,8022
6327,19846,8510
6328,63546,26961
6329,72339,30709
6330,34311,14691
6331,85656,36353
6332,75143,31872
6333,28689,12256
6334,68362,29035
6335,12854,5539
6336,25237,10798
6337,103507,43784
6338,27491,11750
6339,104730,44315
6340,116352,49309
6341,24017,10292
6342,45910,19581
6343,110002,46577
6344,27264,11654
6345,19673,8435
6346,45713,19500
6347,80410,34086
6348,23896,10241
6349,125470,53281
6350,30311,12971
6351,40152,17155
6352,25801,11054
6353,46479,19807
6354,68378,29045
6355,84908,36028
6356,37735,16151
6357,37847,16199
6358,107507,45522
6359,87089,36918
6360,35212,15088
6361,85377,36230
6362,128580,54600
6363,100461,42522
6364,64176,27240
6365,45374,19372
6366,84224,35739
6367,128155,54416
6368,98151,41550
6369,68207,28969
6370,23159,9915
6371,82875,35167
6372,112688,47772
6373,65061,27631
6374,45643,19473
6375,85591,36321
6376,39800,17009
6377,35692,15288
6378,24247,10384
6379,103422,43742
6380,83404,35408
6381,33523,14378
6382,98306,41615
6383,65622,27861
6384,53957,22948
6385,40980,17505
6386,6369,2809
6387,75084,31846
6388,19436,8322
6389,1904,816
6390,27947,11948
6391,75691,32101
6392,50060,21354
6393,83556,35468
6394,8452,3662
6395,90412,38251
6396,82614,35058
6397,4783,2096
6398,25902,11095
6399,92350,39098
6400,21367,9161
6401,55677,23671
6402,110166,46642
6403,80291,34030
6404,76522,32447
6405,109242,46267
6406,68301,29007
6407,119103,50492
6408,48288,20583
6409,89948,38058
6410,96393,40775
6411,58879,24997
6412,86719,36782
6413,127397,54094
6414,101368,42898
6415,18104,7780
6416,29928,12806
6417,100838,42697
6418,5274,2303
6419,41122,17559
6420,18117,7785
6421,39039,16678
6422,71340,30303
6423,99517,42109
6424,751,316
6425,83574,35478
6426,22371,9573
6427,81805,34714
6428,92543,39173
6429,24131,10342
6430,79912,33875
6431,125751,53392
6432,98000,41482
6433,18828,8073
6434,51357,21874
6435,3657,1605
6436,90939,38481
6437,108606,45992
6438,53848,22899
6439,108648,46004
6440,63260,26854
6441,73924,31366
6442,4375,1917
6443,114412,48475
6444,21162,9080
6445,1440,621
6446,86006,36502
6447,57955,24614
6448,46657,19883
6449,41400,17677
6450,35255,15106
6451,51099,21767
6452,18650,8006
6453,73324,31120
6454,114971,48727
6455,45917,19585
6456,25273,10818
6457,124043,52655
6458,1548,667
6459,110987,47009
6460,12678,5472
6461,23802,10200
6462,101054,42776
6463,21409,9178
6464,84356,35794
6465,86728,36788
6466,88953,37670
6467,111310,47139
6468,22421,9593
6469,9658,4181
6470,112279,47583
6471,56906,24189
6472,39693,16964
6473,38363,16423
6474,5832,2550
6475,80244,34011
6476,126363,53647
6477,103284,43690
6478,61172,25967
6479,73843,31331
6480,103534,43801
6481,44943,19192
6482,19999,8568
6483,110101,46619
6484,20216,8656
6485,112089,47484
6486,108706,46033
6487,100462,42523
6488,105067,44458
6489,53151,22601
6490,73456,31164
6491,99886,42269
6492,97922,41444
6493,43193,18441
6494,26595,11383
6495,103352,43716
6496,62201,26421
6497,75232,31907
6498,46156,19689
6499,26357,11274
6500,110686,46880
6501,200,94
6502,14429,6220
6503,32586,13969
6504,123184,52248
6505,42109,17984
6506,118014,50022
6507,129110,54805
6508,87452,37065
6509,40324,17216
6510,120099,50918
6511,31448,13457
6512,48218,20553
6513,75324,31950
6514,57833,24559
6515,37151,15897
6516,35867,15358
6517,19924,8535
6518,8562,3698
6519,24736,10592
6520,3825,1677
6521,70994,30156
6522,73702,31279
6523,83274,35350
6524,801,343
6525,39816,17013
6526,11962,5168
6527,104586,44247
6528,82530,35027
6529,114881,48685
6530,9297,4018
6531,98909,41866
6532,113828,48232
6533,78189,33158
6534,53617,22798
6535,18426,7915
6536,76868,32575
6537,112567,47722
6538,15918,6853
6539,118900,50404
6540,39921,17063
6541,73800,31312
6542,107565,45545
6543,57047,24244
6544,66455,28209
6545,83005,35219
6546,104273,44108
6547,47371,20191
6548,14484,6241
6549,45076,19246
6550,97483,41251
6551,44452,18985
6552,114832,48660
6553,8226,3567
6554,37483,16047
6555,93887,39725
6556,76824,32557
6557,20942,8991
6558,53954,22947
6559,126748,53822
6560,3883,1701
6561,50925,21698
6562,98012,41486
6563,87834,37212
6564,114905,48693
6565,50932,21702
6566,2101,906
6567,114988,48736
6568,18132,7794
6569,34540,14796
6570,88870,37640
6571,43966,18764
6572,122923,52131
6573,2439,1058
6574,8653,3735
6575,116300,49285
6576,25178,10777
6577,128110,54398
6578,26240,11221
6579,87801,37197
6580,41606,17765
6581,13891,5993
6582,29392,12563
6583,15081,6500
6584,30735,13147
6585,71938,30547
6586,84702,35942
6587,24423,10454
6588,6005,2632
6589,33389,14321
6590,116896,49545
6591,54824,23308
6592,106337,44994
6593,6074,2659
6594,103486,43773
6595,64242,27270
6596,71857,30507
6597,73605,31231
6598,45504,19420
6599,68564,29131
6600,41310,17635
6601,40823,17438
6602,39120,16724
6603,16271,6993
6604,119116,50501
6605,93809,39692
6606,66893,28408
6607,13072,5635
6608,113813,48230
6609,103493,43776
6610,55915,23771
6611,13893,5995
6612,27739,11856
6613,46255,19724
6614,10259,4436
6615,129219,54852
6616,12579,5428
6617,67697,28748
6618,60207,25561
6619,50702,21607
6620,15908,6849
6621,14056,6054
6622,56081,23839
6623,126546,53717
6624,63825,27095
6625,117294,49707
6626,66334,28156
6627,5559,2410
6628,44045,18801
6629,7974,3470
6630,25645,10978
6631,20567,8823
6632,17997,7731
6633,2849,1230
6634,15576,6706
6635,116215,49260
6636,78094,33115
6637,59955,25454
6638,3655,1603
6639,25692,11006
6640,13981,6022
6641,36706,15700
6642,69123,29358
6643,7514,3298
6644,113891,48260
6645,66218,28105
6646,52364,22295
6647,610,255
6648,39114,16722
6649,63782,27078
6650,4438,1949
6651,34451,14752
6652,55038,23404
6653,78880,33431
6654,115800,49098
6655,53516,22759
6656,98546,41721
6657,61884,26283
6658,98775,41814
6659,14708,6341
6660,59898,25426
6661,96073,40645
6662,31859,13638
6663,86100,36541
6664,9616,4161
6665,126159,53569
6666,20175,8635
6667,97342,41198
6668,47885,20399
6669,74806,31739
6670,8604,3719
6671,50008,21331
6672,48384,20629
6673,6415,2830
6674,35784,15324
6675,36747,15720
6676,19810,8494
6677,110239,46673
6678,71852,30503
6679,66265,28126
6680,119135,50508
6681,103616,43833
6682,32463,13921
6683,11204,4857
6684,47824,20374
6685,101992,43158
6686,91197,38596
6687,83034,35230
6688,24748,10599
6689,87933,37242
6690,56833,24159
6691,37154,15899
6692,119247,50547
6693,73588,31220
6694,74461,31592
6695,6901,3040
6696,32692,14010
6697,3336,1465
6698,648,269
6699,123567,52436
6700,101682,43029
6701,48255,20572
6702,43306,18495
6703,14707,6340
6704,18225,7835
6705,28834,12317
6706,67765,28786
6707,24307,10405
6708,71672,30433
6709,69178,29380
6710,22504,9630
6711,127916,54315
6712,23132,9903
6713,95752,40508
6714,35815,15337
6715,97957,41463
6716,40588,17326
6717,129546,54980
6718,89253,37791
6719,22860,9782
6720,31253,13375
6721,5273,2302
6722,78523,33299
6723,89756,37984
6724,86366,36648
6725,57128,24267
6726,10896,4723
6727,47419,20212
6728,106787,45200
6729,105792,44763
6730,97079,41088
6731,87829,37209
6732,94471,39987
6733,32919,14112
6734,47814,20371
6735,43160,18425
6736,91638,38804
6737,101628,43008
6738,75400,31979
6739,1795,775
6740,32478,13929
6741,16913,7279
6742,40511,17293
6743,116977,49581
6744,108028,45739
6745,54599,23214
6746,2629,1136
6747,75008,31812
6748,124716,52951
6749,125805,53410
6750,127574,54163
6751,12080,5220
6752,92576,39190
6753,44337,18932
6754,46376,19774
6755,40320,17214
6756,85558,36302
6757,71210,30247
6758,102682,43440
6759,18258,7843
6760,43947,18755
6761,92644,39224
6762,5743,2504
6763,45722,19505
6764,41882,17884
6765,47123,20104
6766,14824,6384
6767,86025,36509
6768,25450,10890
6769,27698,11838
6770,83221,35318
6771,48351,20610
6772,112704,47782
6773,111259,47124
6774,102082,43193
6775,127604,54176
6776,120227,50983
6777,16151,6951
6778,114433,48483
6779,110883,46958
6780,98595,41740
6781,6461,2853
6782,32298,13851
6783,88978,37683
6784,105033,44441
6785,6162,2707
6786,95990,40610
6787,130252,55283
6788,66640,28299
6789,105862,44797
6790,21935,9392
6791,21848,9365
6792,7426,3261
6793,102404,43327
6794,120591,51145
6795,27198,11627
6796,35420,15169
6797,50613,21572
6798,8632,3729
6799,68082,28920
6800,43159,18424
6801,127911,54310
6802,98146,41549
6803,11576,5008
6804,76670,32496
6805,45005,19215
6806,118545,50253
6807,79290,33604
6808,27700,11839
6809,32015,13714
6810,117967,50001
6811,79688,33781
6812,44504,19007
6813,90732,38390
6814,65524,27826
6815,101377,42905
6816,125390,53244
6817,18852,8083
6818,24902,10673
6819,60923,25857
6820,21856,9370
6821,53919,22931
6822,90537,38309
6823,28596,12226
6824,25751,11030
6825,62883,26699
6826,57926,24597
6827,70168,29800
6828,14421,6213
6829,96530,40842
6830,49109,20933
6831,115264,48851
6832,126346,53641
6833,63833,27098
6834,75561,32056
6835,48761,20784
6836,40639,17351
6837,45111,19261
6838,98021,41489
6839,69441,29479
6840,81757,34693
6841,1422,611
6842,39404,16844
6843,92048,38972
6844,116515,49384
6845,52132,22201
6846,13371,5763
6847,91137,38572
6848,94813,40132
6849,66538,28254
6850,34759,14891
6851,14012,6036
6852,116453,49356
6853,99566,42131
6854,110682,46879
6855,83827,35590
6856,43286,18489
6857,83418,35416
6858,63200,26829
6859,109938,46549
6860,99788,42224
6861,98716,41795
6862,48366,20620
6863,85210,36150
6864,81790,34704
6865,129193,54838
6866,108047,45748
6867,86500,36698
6868,99651,42169
6869,78868,33425
6870,122660,52014
6871,20376,8735
6872,12786,5514
6873,115211,48829
6874,111141,47077
6875,82812,35145
6876,22839,9772
6877,27393,11709
6878,78838,33411
6879,31954,13688
6880,76379,32387
6881,118511,50241
6882,34943,14973
6883,1962,841
6884,98916,41870
6885,83457,35433
6886,79936,33879
6887,40495,17286
6888,40685,17372
6889,70339,29867
6890,123335,52321
6891,56113,23850
6892,47632,20301
6893,1550,668
6894,12380,5335
6895,72026,30582
6896,123371,52338
6897,9131,3955
6898,23186,9929
6899,64067,27195
6900,125916,53458
6901,124193,52726
6902,69799,29633
6903,105895,44812
6904,109967,46563
6905,63194,26826
6906,119498,50655
6907,91886,38905
6908,56968,24216
6909,57610,24469
6910,2310,994
6911,26535,11353
6912,96419,40793
6913,105141,44486
6914,129043,54773
6915,90733,38391
6916,48377,20627
6917,98235,41581
6918,120451,51078
6919,97705,41347
6920,21921,9389
6921,10287,4450
6922,62632,26593
6923,4800,2102
6924,87148,36944
6925,55690,23679
6926,67429,28637
6927,18353,7886
6928,62871,26693
6929,68455,29078
6930,94744,40100
6931,72437,30749
6932,6301,2773
6933,11662,5038
6934,296,132
6935,47826,20375
6936,42818,18282
6937,4340,1898
6938,21488,9212
6939,6136,2694
6940,61811,26253
6941,4961,2176
6942,8353,3618
6943,92756,39269
6944,109358,46313
6945,97149,41122
6946,22724,9721
6947,41531,17736
6948,58901,25002
6949,39136,16733
6950,128530,54575
6951,54479,23162
6952,102150,43229
6953,85856,36443
6954,67334,28588
6955,3940,1730
6956,35995,15410
6957,126855,53874
6958,108130,45778
6959,31708,13567
6960,121936,51704
6961,43497,18584
6962,53418,22715
6963,113648,48165
6964,46870,19983
6965,44414,18964
6966,10732,4650
6967,20044,8581
6968,81696,34670
6969,21241,9115
6970,59365,25205
6971,41496,17720
6972,91785,38865
6973,61700,26204
6974,73930,31368
6975,68624,29162
6976,107008,45295
6977,27883,11918
6978,117087,49625
6979,95712,40496
6980,82089,34835
6981,78889,33436
6982,102556,43391
6983,25657,10988
6984,65789,27931
6985,122109,51783
6986,87446,37062
6987,74279,31519
6988,102338,43300
6989,20864,8957
6990,68820,29238
6991,90747,38399
6992,102272,43274
6993,104154,44055
6994,123662,52480
6995,62885,26700
6996,5917,2593
6997,17090,7357
6998,2927,1270
6999,123914,52595
7000,24444,10461
7001,58344,24781
7002,116255,49271
7003,116758,49486
7004,35646,15269
7005,102531,43384
7006,84983,36064
7007,51695,22026
7008,38150,16333
7009,92190,39038
7010,24678,10566
7011,10019,4330
7012,95662,40477
7013,91214,38605
7014,14606,6289
7015,88843,37623
7016,73139,31043
7017,12740,5500
7018,127131,53987
7019,120956,51292
7020,112589,47732
7021,124049,52658
7022,122527,51951
7023,29198,12478
7024,57347,24351
7025,20691,8880
7026,120459,51081
7027,4379,1921
7028,30809,13175
7029,74730,31704
7030,13619,5873
7031,79977,33900
7032,895,381
7033,121710,51607
7034,13664,5898
7035,124787,52977
7036,8172,3545
7037,32064,13743
7038,100639,42623
7039,74783,31729
7040,39845,17031
7041,19759,8470
7042,117006,49593
7043,29816,12758
7044,111196,47099
7045,64367,27319
7046,19925,8536
7047,26366,11279
7048,48819,20803
7049,8789,3794
7050,120437,51069
7051,43229,18458
7052,125086,53109
7053,34616,14828
7054,4985,2188
7055,11539,4993
7056,3766,1649
7057,15664,6743
7058,44073,18812
7059,85455,36258
7060,39811,17011
7061,37215,15927
7062,79215,33571
7063,115402,48917
7064,119908,50845
7065,112039,47464
7066,39319,16812
7067,3596,1582
7068,119473,50644
7069,124397,52807
7070,19920,8533
7071,27608,11794
7072,108043,45746
7073,77393,32792
7074,58430,24817
7075,105735,44740
7076,57129,24268
7077,102848,43512
7078,9549,4133
7079,27119,11604
7080,27390,11706
7081,81165,34434
7082,48575,20711
7083,2410,1043
7084,98810,41827
7085,68966,29297
7086,12348,5320
7087,58202,24717
7088,2467,1071
7089,81819,34718
7090,106043,44871
7091,20883,8968
7092,92349,39097
7093,32911,14108
7094,102749,43472
7095,67018,28459
7096,87010,36889
7097,27052,11578
7098,84062,35682
7099,31181,13341
7100,84711,35948
7101,8171,3544
7102,35250,15103
7103,82990,35212
7104,79472,33683
7105,66341,28160
7106,90323,38215
7107,88629,37524
7108,87392,37036
7109,100248,42433
7110,118796,50355
7111,14528,6257
7112,72597,30817
7113,92316,39084
7114,73514,31187
7115,36730,15712
7116,130154,55238
7117,19168,8211
7118,43365,18520
7119,23479,10054
7120,106687,45149
7121,121693,51600
7122,7499,3289
7123,120620,51156
7124,105627,44693
7125,79406,33659
7126,1812,780
7127,88438,37452
7128,117410,49760
7129,41584,17760
7130,80540,34155
7131,86702,36774
7132,36335,15545
7133,64218,27258
7134,79079,33511
7135,45275,19336
7136,49451,21076
7137,124815,52988
7138,42621,18206
7139,126330,53633
7140,68098,28927
7141,576,241
7142,43415,18547
7143,116539,49397
7144,13467,5807
7145,23445,10034
7146,36150,15461
7147,112123,47504
7148,754,318
7149,65284,27724
7150,6064,2654
7151,49557,21122
7152,46041,19642
7153,127890,54300
7154,18469,7932
7155,40834,17446
7156,78255,33187
7157,126054,53512
7158,61207,25986
7159,43199,18445
7160,42889,18317
7161,114206,48395
7162,11210,4859
7163,49264,21002
7164,7813,3406
7165,2469,1073
7166,28998,12389
7167,26927,11529
7168,92939,39348
7169,55946,23787
7170,105049,44450
7171,52539,22360
7172,109110,46206
7173,86713,36778
7174,114078,48340
7175,67495,28663
7176,114332,48441
7177,93031,39383
7178,13317,5744
7179,52373,22297
7180,122245,51840
7181,2412,1045
7182,117090,49626
7183,65813,27943
7184,19450,8327
7185,88768,37590
7186,30294,12965
7187,80110,33952
7188,5932,2601
7189,12670,5469
7190,123909,52594
7191,127786,54264
7192,29736,12719
7193,87188,36960
7194,78096,33116
7195,123309,52308
7196,39122,16725
7197,1836,786
7198,105661,44708
7199,17119,7370
7200,113683,48181
7201,27232,11640
7202,121131,51359
7203,110954,46993
7204,125256,53180
7205,80307,34037
7206,75593,32069
7207,82101,34841
7208,43126,18412
7209,22425,9595
7210,53182,22610
7211,37640,16116
7212,56630,24071
7213,16903,7273
7214,20621,8844
7215,89791,38001
7216,39604,16926
7217,111506,47219
7218,34289,14680
7219,11945,5163
7220,120483,51094
7221,54103,23006
7222,124566,52886
7223,40297,17205
7224,28724,12271
7225,10538,4555
7226,74981,31797
7227,47458,20228
7228,38431,16451
7229,57518,24433
7230,127034,53950
7231,53124,22589
7232,109185,46240
7233,50015,21336
7234,8639,3732
7235,80395,34079
7236,128506,54562
7237,98302,41612
7238,69850,29656
7239,22877,9787
7240,39424,16853
7241,31128,13316
7242,117458,49783
7243,62337,26476
7244,45813,19550
7245,15155,6530
7246,119872,50827
7247,102670,43435
7248,34924,14965
7249,61200,25981
7250,65798,27936
7251,128658,54630
7252,54768,23283
7253,128194,54436
7254,18140,7797
7255,1694,729
7256,49514,21103
7257,36039,15425
7258,109842,46506
7259,116610,49419
7260,28734,12278
7261,13700,5915
7262,50695,21604
7263,77306,32758
7264,27032,11569
7265,119614,50710
7266,115321,48880
7267,114178,48382
7268,31819,13620
7269,32615,13981
7270,108869,46099
7271,67982,28878
7272,88897,37649
7273,26332,11261
7274,26158,11190
7275,35306,15123
7276,43680,18650
7277,54328,23103
7278,111926,47404
7279,6588,2909
7280,9867,4266
7281,13694,5911
7282,13734,5925
7283,35035,15013
7284,44961,19201
7285,99638,42161
7286,25530,10919
7287,40135,17146
7288,13092,5646
7289,1526,659
7290,64863,27535
7291,92997,39367
7292,47098,20092
7293,130291,55307
7294,76151,32297
7295,88912,37654
7296,2996,1306
7297,50540,21542
7298,4354,1907
7299,20590,8833
7300,129927,55140
7301,114978,48732
7302,123383,52346
7303,82345,34943
7304,115564,48991
7305,83073,35248
7306,35014,15004
7307,697,297
7308,115404,48919
7309,54945,23365
7310,108908,46120
7311,35129,15051
7312,40452,17270
7313,123748,52519
7314,39922,17064
7315,105423,44609
7316,85443,36250
7317,19807,8492
7318,10253,4433
7319,72519,30784
7320,119716,50761
7321,102394,43323
7322,83379,35395
7323,51774,22064
7324,83670,35516
7325,77424,32807
7326,64189,27247
7327,27513,11762
7328,12054,5206
7329,46792,19945
7330,120239,50989
7331,104326,44128
7332,102950,43555
7333,122064,51765
7334,67659,28735
7335,8816,3806
7336,464,194
7337,51275,21842
7338,53941,22940
7339,123710,52500
7340,36534,15627
7341,5535,2403
7342,125831,53420
7343,7354,3230
7344,55882,23752
7345,101247,42864
7346,102750,43473
7347,35983,15405
7348,56678,24096
7349,83997,35659
7350,108888,46110
7351,96236,40713
7352,114849,48668
7353,37539,16073
7354,66419,28194
7355,22835,9770
7356,94788,40119
7357,130166,55244
7358,33558,14396
7359,61705,26207
7360,126638,53765
7361,114415,48477
7362,47405,20206
7363,117942,49988
7364,1618,695
7365,50330,21464
7366,26622,11398
7367,121615,51569
7368,38644,16537
7369,10674,4626
7370,3509,1547
7371,127389,54088
7372,60944,25865
7373,16343,7031
7374,80780,34274
7375,97696,41343
7376,57468,24411
7377,52068,22168
7378,103505,43782
7379,97862,41413
7380,16547,7119
7381,95267,40326
7382,114583,48545
7383,6692,2949
7384,112747,47797
7385,951,398
7386,64457,27366
7387,81962,34785
7388,90550,38317
7389,86262,36605
7390,104225,44090
7391,121145,51366
7392,107183,45377
7393,92887,39324
7394,126619,53757
7395,53901,22921
7396,69547,29529
7397,81784,34703
7398,22670,9698
7399,25975,11126
7400,116365,49314
7401,25248,10806
7402,43313,18497
7403,62457,26522
7404,44731,19108
7405,14161,6100
7406,119843,50813
7407,16869,7262
7408,110072,46609
7409,117073,49619
7410,76745,32524
7411,110812,46929
7412,14141,6094
7413,101278,42874
7414,15280,6583
7415,124121,52693
7416,41621,17773
7417,26878,11504
7418,48776,20790
7419,86168,36568
7420,64577,27413
7421,107241,45403
7422,97422,41225
7423,112687,47771
7424,126439,53677
7425,116182,49240
7426,115707,49062
7427,96585,40864
7428,44070,18811
7429,32435,13913
7430,35614,15257
7431,4686,2051
7432,103658,43846
7433,91211,38603
7434,82176,34875
7435,26947,11539
7436,107485,45511
7437,92382,39110
7438,23244,9947
7439,101333,42887
7440,47633,20302
7441,92894,39329
7442,47975,20435
7443,69777,29625
7444,16947,7293
7445,3963,1739
7446,1892,810
7447,112102,47492
7448,46556,19840
7449,91220,38609
7450,60523,25696
7451,38246,16374
7452,39911,17058
7453,7328,3219
7454,92946,39349
7455,25230,10794
7456,111718,47309
7457,58024,24640
7458,1314,560
7459,87640,37140
7460,100004,42316
7461,77988,33069
7462,124211,52734
7463,102329,43297
7464,127262,54032
7465,99806,42232
7466,34927,14966
7467,11786,5094
7468,22611,9669
7469,51755,22054
7470,81742,34685
7471,6698,2952
7472,59302,25172
7473,118304,50158
7474,66373,28175
7475,83025,35226
7476,19913,8531
7477,59903,25429
7478,60712,25773
7479,44088,18818
7480,121400,51479
7481,65981,28012
7482,119151,50517
7483,117789,49928
7484,55991,23803
7485,95467,40405
7486,82997,35215
7487,96223,40704
7488,126104,53539
7489,61079,25927
7490,121125,51355
7491,127932,54319
7492,21626,9268
7493,2411,1044
7494,122449,51918
7495,442,184
7496,49911,21284
7497,109589,46405
7498,54279,23081
7499,15818,6807
7500,80943,34347
7501,55685,23678
7502,1626,698
7503,1239,522
7504,93544,39590
7505,119123,50505
7506,72833,30922
7507,116773,49492
7508,70103,29765
7509,96312,40742
7510,72101,30613
7511,103091,43612
7512,6363,2805
7513,115396,48915
7514,61693,26201
7515,41337,17643
7516,91298,38642
7517,1518,655
7518,83309,35367
7519,41517,17729
7520,4568,2001
7521,76495,32432
7522,69140,29367
7523,62609,26580
7524,46658,19884
7525,72346,30712
7526,32524,13946
7527,56186,23883
7528,109376,46320
7529,11267,4882
7530,92088,38994
7531,31583,13516
7532,4133,1812
7533,98365,41643
7534,25997,11135
7535,43479,18577
7536,89337,37819
7537,27788,11876
7538,26578,11375
7539,94188,39858
7540,57704,24505
7541,122869,52103
7542,4300,1877
7543,9468,4097
7544,129455,54943
7545,61804,26250
7546,56597,24060
7547,97486,41254
7548,11387,4939
7549,91858,38890
7550,114125,48360
7551,52806,22461
7552,83088,35255
7553,64003,27166
7554,49661,21162
7555,122745,52054
7556,55384,23544
7557,101945,43139
7558,73118,31035
7559,70977,30148
7560,127190,54007
7561,1852,792
7562,26714,11436
7563,2500,1082
7564,114611,48560
7565,39515,16890
7566,116042,49180
7567,79126,33532
7568,88783,37596
7569,19566,8382
7570,33067,14183
7571,11874,5126
7572,47053,20070
7573,121505,51528
7574,108311,45862
7575,66863,28394
7576,92019,38955
7577,11991,5180
7578,72127,30623
7579,53887,22917
7580,127733,54240
7581,46591,19856
7582,2741,1183
7583,82489,35009
7584,47462,20229
7585,77331,32768
7586,62278,26452
7587,113258,48007
7588,100325,42464
7589,55772,23718
7590,32793,14052
7591,52288,22260
7592,85376,36229
7593,89131,37745
7594,32859,14084
7595,70002,29723
7596,24385,10440
7597,111398,47171
7598,11033,4785
7599,111320,47142
7600,31766,13592
7601,124442,52827
7602,111746,47323
7603,21452,9197
7604,43288,18490
7605,76293,32352
7606,10269,4440
7607,72204,30650
7608,107318,45437
7609,87140,36941
7610,94310,39919
7611,84470,35846
7612,72499,30774
7613,124926,53041
7614,62640,26600
7615,2663,1149
7616,106243,44956
7617,64893,27549
7618,20187,8644
7619,106808,45208
7620,50898,21687
7621,76012,32234
7622,78329,33211
7623,21558,9243
7624,99156,41960
7625,68798,29229
7626,129221,54853
7627,82271,34921
7628,6832,3010
7629,27602,11792
7630,98995,41903
7631,89595,37915
7632,38402,16436
7633,106320,44987
7634,128367,54499
7635,86778,36812
7636,15051,6489
7637,83864,35609
7638,97466,41243
7639,57655,24482
7640,90503,38292
7641,24728,10590
7642,75693,32103
7643,51540,21962
7644,26491,11329
7645,93447,39542
7646,100782,42674
7647,49609,21143
7648,49939,21303
7649,98277,41600
7650,4176,1824
7651,77839,33002
7652,37605,16099
7653,35144,15058
7654,73204,31070
7655,64184,27244
7656,20087,8601
7657,50520,21536
7658,10773,4667
7659,75291,31935
7660,92150,39019
7661,24899,10672
7662,93910,39734
7663,86121,36549
7664,57532,24441
7665,115224,48835
7666,80257,34016
7667,99803,42229
7668,117278,49701
7669,48748,20778
7670,49994,21326
7671,90816,38429
7672,45616,19465
7673,78062,33103
7674,35154,15059
7675,46043,19643
7676,87793,37192
7677,13436,5790
7678,58925,25014
7679,74558,31636
7680,91529,38754
7681,2743,1184
7682,96651,40895
7683,7509,3294
7684,8176,3547
7685,110896,46966
7686,45752,19521
7687,99331,42033
7688,78904,33443
7689,8791,3796
7690,54928,23360
7691,72469,30763
7692,23823,10213
7693,109965,46562
7694,86738,36796
7695,27309,11673
7696,22193,9499
7697,93868,39717
7698,93365,39505
7699,114017,48312
7700,56947,24204
7701,10398,4499
7702,114346,48447
7703,55248,23487
7704,47481,20239
7705,94147,39833
7706,19254,8247
7707,90949,38486
7708,95948,40589
7709,92373,39106
7710,6648,2933
7711,53739,22850
7712,27000,11560
7713,48423,20652
7714,51388,21892
7715,19035,8152
7716,61310,26028
7717,7518,3300
7718,76919,32596
7719,3139,1376
7720,2307,992
7721,73699,31277
7722,111031,47027
7723,5804,2534
7724,17483,7515
7725,45045,19232
7726,64019,27173
7727,40617,17340
7728,128435,54530
7729,86527,36707
7730,123627,52462
7731,1099,458
7732,124216,52736
7733,80582,34177
7734,97625,41316
7735,19505,8353
7736,4108,1807
7737,7128,3134
7738,17776,7636
7739,119099,50490
7740,48005,20445
7741,65823,27947
7742,20300,8699
7743,2118,913
7744,61219,25992
7745,111631,47270
7746,72502,30775
7747,12701,5480
7748,67515,28671
7749,77352,32773
7750,17395,7470
7751,69901,29677
7752,22942,9822
7753,32861,14085
7754,116166,49232
7755,64894,27550
7756,21233,9109
7757,70453,29921
7758,114865,48677
7759,50859,21670
7760,77543,32868
7761,62472,26530
7762,25900,11094
7763,45422,19389
7764,63461,26928
7765,89525,37888
7766,62590,26574
7767,59762,25366
7768,95991,40611
7769,30637,13099
7770,216,100
7771,123996,52632
7772,43207,18450
7773,123548,52425
7774,41704,17811
7775,129579,54996
7776,108929,46129
7777,122953,52147
7778,35054,15020
7779,94284,39905
7780,34315,14693
7781,7510,3295
7782,54635,23229
7783,4860,2129
7784,46478,19806
7785,66696,28324
7786,32117,13767
7787,112819,47828
7788,25856,11072
7789,81449,34556
7790,37551,16078
7791,83872,35613
7792,62791,26653
7793,61730,26221
7794,88695,37554
7795,110182,46650
7796,106300,44980
7797,88606,37516
7798,49966,21313
7799,91608,38784
7800,72772,30892
7801,37504,16057
7802,75522,32034
7803,36742,15717
7804,110696,46884
7805,56542,24040
7806,8007,3484
7807,41771,17836
7808,37260,15952
7809,82855,35156
7810,16962,7300
7811,77775,32972
7812,63216,26838
7813,47875,20397
7814,98367,41644
7815,47037,20061
7816,41909,17893
7817,4726,2070
7818,85566,36307
7819,25154,10767
7820,69526,29518
7821,79058,33504
7822,5084,2228
7823,106698,45156
7824,102320,43295
7825,2333,1006
7826,112573,47725
7827,98053,41504
7828,20713,8887
7829,36459,15590
7830,56929,24198
7831,46982,20034
7832,21335,9150
7833,22955,9827
7834,37836,16193
7835,113038,47921
7836,109524,46374
7837,130110,55219
7838,124305,52774
7839,54092,23001
7840,8644,3734
7841,117846,49952
7842,62303,26460
7843,67123,28501
7844,13646,5888
7845,18635,7999
7846,58230,24732
7847,123523,52413
7848,9212,3984
7849,43909,18740
7850,42424,18130
7851,95632,40468
7852,91597,38778
7853,110813,46930
7854,11560,5002
7855,21577,9253
7856,88437,37451
7857,40220,17184
7858,87758,37181
7859,30685,13121
7860,4740,2078
7861,124197,52729
7862,17698,7601
7863,32700,14015
7864,68283,28997
7865,128479,54549
7866,27642,11809
7867,12727,5494
7868,28818,12312
7869,130184,55252
7870,120240,50990
7871,102462,43352
7872,7644,3341
7873,69737,29606
7874,32648,13997
7875,2317,998
7876,49179,20962
7877,108210,45815
7878,62264,26445
7879,116664,49444
7880,124037,52650
7881,62574,26568
7882,46757,19924
7883,93495,39563
7884,93865,39716
7885,117405,49757
7886,679,289
7887,74976,31793
7888,80589,34178
7889,78462,33275
7890,57322,24344
7891,24498,10483
7892,98789,41820
7893,58675,24913
7894,1736,749
7895,49262,21001
7896,112981,47896
7897,61629,26169
7898,1075,444
7899,74684,31682
7900,115592,49006
7901,57460,24409
7902,110098,46618
7903,49930,21297
7904,56612,24067
7905,14123,6086
7906,43970,18767
7907,37627,16112
7908,52322,22273
7909,111556,47233
7910,45029,19226
7911,127107,53979
7912,128970,54743
7913,66887,28405
7914,74398,31568
7915,56952,24206
7916,80543,34158
7917,121048,51326
7918,78437,33261
7919,280,125
7920,7687,3362
7921,22780,9746
7922,68672,29178
7923,120675,51178
7924,84263,35753
7925,118122,50073
7926,97051,41078
7927,35780,15320
7928,30150,12901
7929,44407,18961
7930,97913,41439
7931,101576,42981
7932,129735,55066
7933,10296,4455
7934,28396,12140
7935,107416,45479
7936,63980,27157
7937,76597,32476
7938,114036,48323
7939,72836,30923
7940,126049,53508
7941,616,258
7942,112438,47666
7943,78772,33381
7944,51706,22030
7945,51483,21934
7946,113264,48009
7947,51866,22096
7948,84009,35665
7949,47630,20299
7950,94752,40105
7951,73389,31140
7952,68570,29135
7953,120284,51006
7954,58018,24636
7955,75950,32207
7956,66410,28190
7957,68880,29259
7958,23383,10012
7959,84856,36007
7960,34830,14923
7961,119466,50640
7962,87567,37109
7963,92548,39176
7964,57913,24592
7965,81934,34771
7966,22211,9509
7967,11235,4870
7968,111955,47425
7969,100824,42692
7970,68410,29061
7971,75728,32117
7972,64435,27354
7973,30609,13088
7974,122755,52062
7975,16145,6949
7976,28387,12135
7977,59536,25274
7978,123685,52489
7979,89384,37837
7980,97499,41261
7981,31002,13270
7982,103291,43694
7983,63611,26998
7984,47017,20051
7985,36526,15622
7986,61258,26010
7987,23671,10150
7988,52718,22429
7989,82523,35024
7990,9522,4121
7991,126473,53691
7992,10400,4501
7993,47494,20244
7994,116941,49565
7995,14286,6158
7996,47990,20439
7997,87191,36962
7998,59859,25408
7999,44868,19165
8000,21103,9052
8001,68037,28903
8002,105046,44448
8003,105879,44805
8004,24409,10449
8005,18193,7818
8006,46975,20031
8007,21917,9386
8008,97786,41380
8009,7743,3383
8010,81293,34487
8011,101536,42965
8012,128038,54364
8013,116761,49489
8014,56129,23859
8015,102769,43482
8016,60457,25659
8017,30788,13166
8018,26901,11515
8019,29717,12710
8020,124619,52913
8021,9030,3905
8022,83079,35252
8023,123328,52315
8024,107639,45575
8025,25506,10909
8026,105191,44505
8027,12916,5565
8028,19348,8291
8029,79975,33898
8030,95296,40336
8031,3951,1735
8032,78773,33382
8033,98417,41671
8034,6714,2957
8035,99942,42293
8036,90683,38369
8037,19331,8281
8038,41270,17618
8039,23606,10114
8040,98508,41708
8041,13600,5863
8042,112335,47609
8043,116333,49300
8044,66752,28351
8045,20153,8628
8046,30154,12903
8047,71513,30364
8048,69284,29420
8049,36334,15544
8050,82833,35149
8051,78912,33447
8052,27353,11693
8053,10671,4624
8054,121764,51630
8055,89264,37794
8056,21131,9064
8057,100212,42418
8058,1280,540
8059,8009,3485
8060,58255,24743
8061,90192,38166
8062,130047,55190
8063,37458,16034
8064,20387,8738
8065,16272,6994
8066,27496,11751
8067,129242,54865
8068,76800,32546
8069,96871,41003
8070,27836,11900
8071,78052,33098
8072,63937,27144
8073,8062,3506
8074,57328,24346
8075,119409,50619
8076,28538,12200
8077,39206,16767
8078,64684,27456
8079,74319,31534
8080,74472,31598
8081,129942,55148
8082,66984,28444
8083,1293,548
8084,123044,52184
8085,106713,45163
8086,17474,7512
8087,3134,1374
8088,45089,19252
8089,49998,21327
8090,31574,13513
8091,118021,50026
8092,108332,45874
8093,12728,5495
8094,99815,42238
8095,129678,55039
8096,3351,1474
8097,56685,24099
8098,25666,10993
8099,122364,51883
8100,12254,5283
8101,47740,20342
8102,26065,11161
8103,104584,44246
8104,6465,2857
8105,9461,4094
8106,62510,26544
8107,96346,40759
8108,26754,11456
8109,89507,37881
8110,102436,43342
8111,66587,28279
8112,48274,20578
8113,81107,34410
8114,82640,35071
8115,112453,47673
8116,115239,48843
8117,64931,27567
8118,121980,51728
8119,5388,2348
8120,67405,28625
8121,188,88
8122,108924,46126
8123,7420,3257
8124,98588,41736
8125,68077,28918
8126,75299,31937
8127,86565,36722
8128,121829,51656
8129,91385,38695
8130,51680,22018
8131,68477,29087
8132,74402,31570
8133,91559,38764
8134,97258,41159
8135,49101,20928
8136,24052,10304
8137,80718,34241
8138,83774,35561
8139,119399,50614
8140,52330,22280
8141,91728,38846
8142,124876,53016
8143,7855,3422
8144,47107,20096
8145,39587,16918
8146,81988,34795
8147,5494,2386
8148,16292,7006
8149,25726,11022
8150,94219,39873
8151,116394,49327
8152,76439,32412
8153,54561,23197
8154,67531,28679
8155,3033,1330
8156,26731,11444
8157,112261,47576
8158,4356,1908
8159,39763,16992
8160,54275,23079
8161,23411,10020
8162,36819,15747
8163,16433,7072
8164,49528,21108
8165,35422,15170
8166,40261,17194
8167,45804,19545
8168,100343,42472
8169,83049,35235
8170,44750,19116
8171,113218,47989
8172,77013,32626
8173,111081,47045
8174,28954,12373
8175,119740,50771
8176,40669,17364
8177,34792,14902
8178,86559,36720
8179,25619,10964
8180,90173,38157
8181,61124,25945
8182,43153,18420
8183,64865,27537
8184,56243,23908
8185,40949,17488
8186,82220,34901
8187,26485,11326
8188,107191,45381
8189,94586,40037
8190,114886,48686
8191,47532,20265
8192,3508,1546
8193,83809,35580
8194,66765,28355
8195,31861,13640
8196,52785,22452
8197,89432,37854
8198,52436,22321
8199,98589,41737
8200,32177,13801
8201,10872,4711
8202,110754,46910
8203,126676,53786
8204,38785,16584
8205,26355,11272
8206,112574,47726
8207,98794,41823
8208,65700,27895
8209,48174,20529
8210,127658,54208
8211,50294,21449
8212,104928,44396
8213,61534,26126
8214,80228,34001
8215,83366,35392
8216,54685,23247
8217,86473,36687
8218,77968,33060
8219,23340,9992
8220,20072,8594
8221,10348,4477
8222,118316,50164
8223,16447,7078
8224,8543,3694
8225,111615,47263
8226,111295,47136
8227,64659,27445
8228,33425,14340
8229,53729,22845
8230,97343,41199
8231,85563,36304
8232,108535,45955
8233,68017,28890
8234,74127,31450
8235,105727,44735
8236,9296,4017
8237,52774,22447
8238,79228,33576
8239,61080,25928
8240,40625,17342
8241,125536,53308
8242,129374,54911
8243,77259,32733
8244,51972,22134
8245,21109,9054
8246,35091,15037
8247,14781,6366
8248,76024,32242
8249,70580,29979
8250,63934,27142
8251,21142,9070
8252,106697,45155
8253,90975,38498
8254,58646,24902
8255,103989,43979
8256,48091,20488
8257,90484,38281
8258,45786,19538
8259,126879,53883
8260,28729,12274
8261,77434,32812
8262,50687,21602
8263,71923,30537
8264,24698,10575
8265,122319,51863
8266,88304,37390
8267,111487,47208
8268,120865,51258
8269,30,15
8270,127613,54181
8271,30634,13097
8272,101583,42984
8273,76940,32603
8274,36899,15785
8275,90226,38178
8276,122669,52018
8277,22015,9419
8278,115672,49045
8279,126166,53573
8280,102913,43540
8281,72694,30865
8282,51928,22119
8283,54610,23221
8284,33890,14527
8285,90154,38150
8286,35466,15189
8287,48094,20489
8288,61369,26057
8289,124038,52651
8290,96539,40846
8291,58338,24776
8292,734,312
8293,44468,18992
8294,71805,30486
8295,54414,23132
8296,11179,4842
8297,113746,48208
8298,99190,41974
8299,14733,6348
8300,20892,8971
8301,41623,17774
8302,122570,51974
8303,74524,31622
8304,10675,4627
8305,66665,28310
8306,29162,12462
8307,66818,28378
8308,63617,26999
8309,115142,48803
8310,29316,12527
8311,5246,2293
8312,91656,38812
8313,48900,20845
8314,79068,33506
8315,46336,19755
8316,96964,41044
8317,80698,34231
8318,47213,20140
8319,34489,14770
8320,128389,54509
8321,105498,44641
8322,14867,6405
8323,106093,44890
8324,26768,11459
8325,2228,957
8326,57396,24377
8327,89916,38045
8328,86030,36512
8329,44599,19052
8330,102341,43301
8331,55723,23696
8332,104231,44092
8333,46730,19913
8334,10744,4654
8335,71247,30260
8336,38029,16280
8337,54432,23143
8338,41765,17833
8339,15043,6484
8340,44446,18980
8341,96329,40749
8342,109731,46468
8343,111175,47088
8344,62104,26381
8345,117316,49716
8346,63428,26917
8347,85571,36310
8348,8467,3672
8349,112618,47746
8350,73899,31356
8351,85037,36081
8352,24516,10492
8353,80657,34213
8354,49816,21241
8355,111824,47361
8356,71170,30227
8357,19023,8147
8358,22957,9828
8359,53604,22794
8360,101694,43036
8361,26564,11368
8362,113593,48140
8363,30660,13108
8364,804,344
8365,87913,37236
8366,96909,41019
8367,83182,35298
8368,127258,54029
8369,37186,15914
8370,48415,20648
8371,29899,12796
8372,61392,26067
8373,52864,22490
8374,48642,20740
8375,55246,23485
8376,110568,46821
8377,95670,40481
8378,25296,10830
8379,75467,32010
8380,98049,41501
8381,115109,48782
8382,20507,8798
8383,113403,48066
8384,21584,9255
8385,122648,52010
8386,105283,44552
8387,112113,47498
8388,113684,48182
8389,101530,42961
8390,9957,4301
8391,115540,48982
8392,96413,40787
8393,124333,52784
8394,49697,21181
8395,101607,42994
8396,130286,55305
8397,10558,4570
8398,47078,20086
8399,39041,16679
8400,56728,24117
8401,11848,5120
8402,53819,22883
8403,112996,47904
8404,104009,43988
8405,14249,6142
8406,84589,35897
8407,81879,34748
8408,81908,34760
8409,33896,14529
8410,5347,2328
8411,70888,30107
8412,61029,25902
8413,11698,5055
8414,45676,19485
8415,755,319
8416,28196,12059
8417,29777,12739
8418,126109,53542
8419,70523,29954
8420,23663,10144
8421,93989,39759
8422,49726,21196
8423,34749,14888
8424,80977,34363
8425,127355,54074
8426,8941,3866
8427,50662,21591
8428,76955,32607
8429,117733,49900
8430,17428,7489
8431,68619,29159
8432,21125,9060
8433,106266,44965
8434,31809,13614
8435,113163,47968
8436,32008,13709
8437,3569,1569
8438,53249,22635
8439,121846,51666
8440,16708,7188
8441,89060,37723
8442,27885,11919
8443,13738,5928
8444,34962,14981
8445,67032,28465
8446,106185,44933
8447,14558,6270
8448,94995,40208
8449,33941,14547
8450,125889,53445
8451,22173,9494
8452,60848,25831
8453,94236,39881
8454,85839,36433
8455,8058,3504
8456,107350,45453
8457,109809,46491
8458,117538,49821
8459,56271,23919
8460,42113,17988
8461,75907,32193
8462,23910,10246
8463,50452,21508
8464,43283,18487
8465,90355,38225
8466,15993,6885
8467,15296,6592
8468,126893,53889
8469,118710,50323
8470,43664,18644
8471,36317,15534
8472,25691,11005
8473,36071,15439
8474,110003,46578
8475,102516,43377
8476,69244,29401
8477,42206,18028
8478,59819,25391
8479,38332,16412
8480,113524,48113
8481,39670,16954
8482,28703,12260
8483,84961,36050
8484,91096,38551
8485,84545,35877
8486,39362,16827
8487,9231,3991
8488,87521,37089
8489,64186,27246
8490,58296,24761
8491,103106,43618
8492,120875,51265
8493,125502,53294
8494,109726,46467
8495,110768,46915
8496,27624,11800
8497,22275,9534
8498,60759,25792
8499,14114,6082
8500,81890,34753
8501,76906,32590
8502,110170,46644
8503,49890,21273
8504,47408,20207
8505,14353,6189
8506,77606,32894
8507,12514,5399
8508,42087,17977
8509,64682,27455
8510,86391,36661
8511,73479,31171
8512,85745,36390
8513,67287,28570
8514,95774,40515
8515,45201,19311
8516,13536,5838
8517,49340,21023
8518,60648,25745
8519,95290,40333
8520,61985,26333
8521,28085,12016
8522,76742,32522
8523,111338,47149
8524,67990,28882
8525,123798,52542
8526,73533,31195
8527,27619,11796
8528,20924,8984
8529,107630,45572
8530,100328,42465
8531,73570,31215
8532,123342,52325
8533,63132,26803
8534,13804,5959
8535,63522,26953
8536,37464,16039
8537,76894,32586
8538,43238,18463
8539,86104,36543
8540,29746,12725
8541,29081,12424
8542,101705,43044
8543,63004,26752
8544,58343,24780
8545,70093,29760
8546,124905,53029
8547,60556,25710
8548,32947,14123
8549,110396,46744
8550,34903,14954
8551,129104,54802
8552,114242,48409
8553,77095,32663
8554,114998,48740
8555,127712,54234
8556,126021,53499
8557,23233,9944
8558,18473,7933
8559,55300,23511
8560,87910,37234
8561,14644,6307
8562,41788,17843
8563,69693,29589
8564,74011,31400
8565,6100,2673
8566,17114,7368
8567,67143,28509
8568,106748,45176
8569,121906,51688
8570,127257,54028
8571,3868,1691
8572,26473,11320
8573,108829,46082
8574,110726,46898
8575,93666,39641
8576,5507,2389
8577,116499,49377
8578,44964,19202
8579,28079,12011
8580,41860,17877
8581,21523,9225
8582,45948,19596
8583,3983,1750
8584,67978,28877
8585,125691,53368
8586,19022,8146
8587,115590,49005
8588,109894,46528
8589,82115,34846
8590,57562,24457
8591,78905,33444
8592,35495,15204
8593,67858,28828
8594,3411,1504
8595,91735,38847
8596,107914,45690
8597,13674,5902
8598,104694,44302
8599,37235,15939
8600,48877,20832
8601,112898,47868
8602,69143,29368
8603,76479,32427
8604,88142,37333
8605,32340,13874
8606,129336,54895
8607,121573,51558
8608,38862,16608
8609,36038,15424
8610,102286,43278
8611,39646,16942
8612,26291,11242
8613,109697,46452
8614,96352,40762
8615,17066,7347
8616,112264,47577
8617,95309,40342
8618,114271,48419
8619,79237,33580
8620,26721,11438
8621,67275,28565
8622,19122,8191
8623,110639,46854
8624,71443,30336
8625,79125,33531
8626,126849,53872
8627,80292,34031
8628,61041,25907
8629,22543,9645
8630,32152,13784
8631,121719,51612
8632,1650,708
8633,38338,16415
8634,67616,28716
8635,51397,21898
8636,96589,40867
8637,54995,23387
8638,120320,51019
8639,51447,21920
8640,47676,20318
8641,32006,13708
8642,73834,31326
8643,112388,47641
8644,13707,5917
8645,4677,2045
8646,18378,7897
8647,109959,46557
8648,91232,38612
8649,109841,46505
8650,120334,51024
8651,71283,30278
8652,11465,4966
8653,79458,33676
8654,53121,22588
8655,18586,7977
8656,85483,36269
8657,21156,9079
8658,91036,38526
8659,49369,21038
8660,104563,44233
8661,28129,12034
8662,40424,17258
8663,71436,30335
8664,63348,26886
8665,85845,36436
8666,93653,39634
8667,110496,46793
8668,102096,43198
8669,126017,53497
8670,66147,28077
8671,14640,6306
8672,65647,27871
8673,114872,48680
8674,102429,43339
8675,113012,47910
8676,79040,33498
8677,36812,15743
8678,65592,27849
8679,19082,8171
8680,82513,35019
8681,44283,18904
8682,128444,54536
8683,94104,39810
8684,38225,16368
8685,72677,30856
8686,87185,36958
8687,119886,50834
8688,52078,22175
8689,80956,34355
8690,52520,22352
8691,32907,14105
8692,13003,5603
8693,41719,17817
8694,80674,34223
8695,29563,12635
8696,101801,43083
8697,29671,12684
8698,13112,5657
8699,121045,51323
8700,46648,19878
8701,109119,46213
8702,31677,13553
8703,35436,15176
8704,105024,44436
8705,87525,37090
8706,14736,6349
8707,32206,13815
8708,44692,19095
8709,87983,37262
8710,73680,31268
8711,35004,15001
8712,24057,10308
8713,80855,34303
8714,96951,41037
8715,34026,14580
8716,98507,41707
8717,58221,24728
8718,123589,52443
8719,37066,15859
8720,114479,48502
8721,84541,35876
8722,15779,6792
8723,39081,16701
8724,99427,42073
8725,95668,40480
8726,121140,51365
8727,122978,52154
8728,72153,30633
8729,101908,43125
8730,69161,29375
8731,69573,29537
8732,87811,37204
8733,78728,33365
8734,109212,46252
8735,122135,51794
8736,102937,43551
8737,43797,18697
8738,34402,14731
8739,111464,47198
8740,1449,626
8741,50306,21454
8742,9304,4019
8743,13051,5625
8744,23104,9890
8745,22836,9771
8746,105287,44555
8747,75020,31817
8748,127463,54117
8749,32385,13889
8750,29307,12523
8751,88353,37416
8752,95562,40440
8753,118941,50423
8754,111756,47330
8755,113563,48130
8756,75924,32196
8757,90886,38456
8758,34912,14957
8759,9191,3972
8760,44069,18810
8761,105698,44726
8762,20814,8931
8763,26028,11147
8764,41957,17918
8765,51864,22094
8766,48749,20779
8767,52217,22233
8768,95967,40597
8769,1304,554
8770,29049,12410
8771,83460,35435
8772,78861,33421
8773,23345,9996
8774,63483,26939
8775,31995,13704
8776,12300,5305
8777,120613,51153
8778,74403,31571
8779,5326,2321
8780,45755,19523
8781,7983,3476
8782,30096,12879
8783,130381,55351
8784,120379,51042
8785,63444,26922
8786,64046,27187
8787,70562,29971
8788,62912,26713
8789,91079,38547
8790,13203,5697
8791,17488,7518
8792,39210,16770
8793,14337,6182
8794,27478,11744
8795,88532,37486
8796,122537,51957
8797,40479,17281
8798,114975,48730
8799,51168,21797
8800,82654,35078
8801,15905,6846
8802,6756,2977
8803,76878,32580
8804,121229,51400
8805,93280,39474
8806,17139,7377
8807,5566,2415
8808,80531,34152
8809,65272,27719
8810,86648,36755
8811,33380,14318
8812,128592,54607
8813,25731,11023
8814,71876,30515
8815,62857,26686
8816,17242,7413
8817,108128,45777
8818,5366,2337
8819,22091,9454
8820,111020,47022
8821,90318,38213
8822,124150,52707
8823,26062,11159
8824,107075,45324
8825,65283,27723
8826,114130,48362
8827,49655,21159
8828,99822,42241
8829,113027,47917
8830,52962,22532
8831,126284,53614
8832,84727,35956
8833,69271,29413
8834,5799,2531
8835,44266,18895
8836,110047,46599
8837,10316,4461
8838,97341,41197
8839,94877,40152
8840,48896,20843
8841,94735,40096
8842,126762,53829
8843,119090,50484
8844,73316,31116
8845,6106,2677
8846,74994,31804
8847,87784,37191
8848,116572,49407
8849,121778,51634
8850,109576,46397
8851,22998,9844
8852,119146,50516
8853,1275,536
8854,37392,16006
8855,51617,21991
8856,71068,30186
8857,116296,49284
8858,69782,29627
8859,105424,44610
8860,56747,24128
8861,123377,52342
8862,82263,34918
8863,56511,24027
8864,100784,42675
8865,74936,31780
8866,100705,42645
8867,96586,40865
8868,120943,51288
8869,47149,20115
8870,71830,30494
8871,52953,22525
8872,33958,14554
8873,116446,49353
8874,38822,16597
8875,125922,53461
8876,81499,34580
8877,103056,43595
8878,68,29
8879,93319,39486
8880,41785,17841
8881,124410,52812
8882,119619,50714
8883,33139,14215
8884,73122,31038
8885,76350,32373
8886,130150,55235
8887,99038,41914
8888,34734,14882
8889,61365,26054
8890,108084,45757
8891,73903,31360
8892,17965,7718
8893,64408,27341
8894,118608,50280
8895,17915,7700
8896,63604,26991
8897,23650,10137
8898,27316,11677
8899,91649,38810
8900,79549,33721
8901,114208,48396
8902,20050,8582
8903,104465,44194
8904,11699,5056
8905,30353,12985
8906,9576,4146
8907,129739,55070
8908,52888,22499
8909,65188,27684
8910,103560,43810
8911,14125,6087
8912,56089,23842
8913,70203,29811
8914,20763,8913
8915,92989,39365
8916,84388,35810
8917,126750,53823
8918,92613,39209
8919,81300,34490
8920,69890,29672
8921,97797,41385
8922,81795,34708
8923,60199,25558
8924,78939,33462
8925,75078,31843
8926,25446,10888
8927,87794,37193
8928,12231,5276
8929,5106,2237
8930,97723,41356
8931,127847,54280
8932,78782,33387
8933,102550,43389
8934,130187,55254
8935,65210,27698
8936,52083,22177
8937,66082,28051
8938,71031,30172
8939,47,19
8940,101846,43101
8941,46850,19971
8942,72215,30655
8943,104545,44224
8944,106807,45207
8945,110219,46664
8946,129365,54906
8947,34206,14644
8948,82995,35214
8949,32259,13839
8950,86923,36862
8951,31671,13550
8952,126712,53805
8953,114109,48353
8954,18628,7994
8955,57443,24397
8956,17730,7611
8957,75625,32081
8958,98440,41682
8959,111704,47303
8960,120270,51001
8961,27401,11712
8962,77811,32984
8963,106877,45234
8964,55179,23460
8965,16249,6985
8966,78364,33228
8967,68095,28925
8968,14526,6255
8969,65325,27739
8970,62145,26398
8971,23777,10189
8972,41647,17782
8973,36786,15733
8974,23752,10180
8975,112706,47783
8976,2732,1179
8977,90274,38195
8978,68634,29167
8979,45801,19544
8980,113717,48196
8981,60722,25776
8982,56321,23939
8983,61054,25915
8984,30501,13043
8985,109530,46375
8986,90554,38318
8987,66305,28146
8988,116180,49238
8989,83116,35268
8990,86869,36844
8991,46543,19836
8992,3849,1684
8993,38529,16491
8994,21220,9104
8995,20553,8816
8996,8709,3758
8997,90038,38103
8998,78956,33468
8999,82753,35121
9000,66330,28153
9001,45928,19590
9002,17123,7372
9003,35851,15349
9004,106477,45060
9005,45464,19402
9006,71066,30184
9007,3174,1390
9008,13146,5670
9009,28888,12338
9010,4796,2101
9011,7253,3187
9012,85343,36216
9013,37757,16159
9014,113641,48162
9015,106342,44997
9016,24782,10617
9017,64456,27365
9018,25545,10927
9019,127657,54207
9020,64052,27188
9021,22766,9739
9022,18649,8005
9023,11343,4917
9024,10897,4724
9025,39694,16965
9026,100251,42435
9027,79728,33794
9028,22098,9457
9029,109206,46248
9030,125321,53213
9031,77521,32858
9032,70197,29808
9033,119892,50836
9034,110915,46976
9035,71189,30237
9036,101926,43133
9037,111262,47125
9038,59033,25062
9039,22824,9763
9040,27552,11770
9041,20164,8632
9042,123800,52543
9043,18482,7938
9044,66945,28426
9045,26358,11275
9046,79269,33594
9047,894,380
9048,15842,6819
9049,112413,47654
9050,1590,688
9051,27249,11645
9052,81412,34541
9053,84966,36053
9054,106379,45016
9055,68150,28948
9056,7905,3445
9057,52072,22171
9058,80939,34345
9059,14312,6171
9060,7250,3186
9061,95173,40291
9062,19607,8402
9063,109723,46464
9064,70358,29876
9065,28479,12183
9066,70612,29987
9067,2241,965
9068,121643,51580
9069,103977,43975
9070,43617,18623
9071,45525,19430
9072,74106,31442
9073,85164,36131
9074,19478,8338
9075,70434,29912
9076,83193,35303
9077,87040,36901
9078,122371,51884
9079,112650,47759
9080,73438,31157
9081,41999,17934
9082,51445,21918
9083,80945,34348
9084,117135,49646
9085,34699,14866
9086,115529,48977
9087,105806,44770
9088,73882,31348
9089,90142,38143
9090,66662,28307
9091,38033,16281
9092,89236,37786
9093,58767,24955
9094,12531,5410
9095,24565,10514
9096,65928,27991
9097,87235,36979
9098,82018,34807
9099,22851,9777
9100,52559,22372
9101,45953,19599
9102,45080,19247
9103,114945,48707
9104,13818,5965
9105,124074,52668
9106,74904,31766
9107,94454,39981
9108,83768,35557
9109,81744,34686
9110,116498,49376
9111,8122,3525
9112,88150,37337
9113,6510,2882
9114,20972,8999
9115,45366,19369
9116,16645,7165
9117,32170,13798
9118,95038,40232
9119,24181,10364
9120,76731,32518
9121,13415,5781
9122,120726,51202
9123,95698,40491
9124,46575,19847
9125,52609,22389
9126,101000,42754
9127,37968,16257
9128,19881,8519
9129,108906,46118
9130,94733,40094
9131,116521,49386
9132,14093,6073
9133,10247,4429
9134,121972,51724
9135,95053,40238
9136,112839,47838
9137,65534,27828
9138,63608,26995
9139,54399,23125
9140,3905,1713
9141,18947,8122
9142,109156,46229
9143,54914,23354
9144,72478,30766
9145,55213,23472
9146,34930,14968
9147,96759,40949
9148,80521,34148
9149,8307,3596
9150,92034,38967
9151,68417,29065
9152,9225,3989
9153,75555,32052
9154,16634,7159
9155,96313,40743
9156,34317,14695
9157,19902,8527
9158,31146,13325
9159,72074,30600
9160,76196,32320
9161,116169,49233
9162,67481,28658
9163,1853,793
9164,25456,10893
9165,18184,7815
9166,24620,10544
9167,111646,47278
9168,32736,14030
9169,71838,30496
9170,27438,11728
9171,42970,18349
9172,33342,14299
9173,63992,27160
9174,5319,2316
9175,113598,48142
9176,480,202
9177,48196,20540
9178,84031,35672
9179,58617,24891
9180,69748,29610
9181,29803,12751
9182,80999,34373
9183,33734,14466
9184,39067,16693
9185,95568,40443
9186,74931,31777
9187,16291,7005
9188,98680,41779
9189,124616,52910
9190,76243,32337
9191,105886,44808
9192,97383,41210
9193,54267,23075
9194,50556,21548
9195,4731,2073
9196,103065,43599
9197,52548,22365
9198,28728,12273
9199,50076,21360
9200,94510,40004
9201,80996,34370
9202,17075,7350
9203,25755,11031
9204,127464,54118
9205,60699,25767
9206,92412,39122
9207,16101,6929
9208,109997,46573
9209,107986,45722
9210,38671,16541
9211,101976,43154
9212,16994,7314
9213,103528,43797
9214,14790,6370
9215,35429,15174
9216,19646,8423
9217,10487,4538
9218,16539,7114
9219,96661,40901
9220,83645,35506
9221,117761,49915
9222,24056,10307
9223,86374,36652
9224,52164,22213
9225,79510,33706
9226,99360,42044
9227,53399,22706
9228,31686,13556
9229,88650,37535
9230,75012,31815
9231,109214,46253
9232,108265,45843
9233,109922,46543
9234,91451,38727
9235,61536,26127
9236,91797,38870
9237,14330,6179
9238,89,37
9239,48170,20526
9240,60413,25642
9241,16824,7240
9242,94806,40130
9243,46828,19960
9244,102889,43533
9245,26176,11197
9246,49804,21234
9247,44790,19135
9248,55404,23553
9249,66886,28404
9250,75975,32217
9251,16678,7173
9252,125346,53223
9253,23658,10141
9254,56177,23878
9255,66039,28032
9256,109289,46285
9257,118852,50384
9258,120165,50953
9259,47961,20429
9260,41810,17855
9261,18647,8004
9262,36761,15723
9263,123179,52246
9264,116983,49584
9265,49005,20889
9266,102350,43305
9267,59688,25334
9268,6152,2702
9269,81015,34378
9270,43895,18734
9271,121228,51399
9272,21215,9101
9273,18167,7806
9274,16402,7056
9275,117521,49812
9276,76720,32515
9277,109565,46393
9278,9470,4099
9279,56771,24137
9280,55378,23540
9281,105367,44585
9282,24865,10648
9283,55957,23791
9284,86532,36710
9285,97794,41383
9286,22958,9829
9287,77027,32635
9288,10250,4432
9289,84664,35925
9290,82022,34810
9291,59300,25170
9292,24869,10651
9293,102619,43414
9294,44328,18925
9295,68871,29253
9296,32502,13937
9297,99078,41932
9298,34593,14816
9299,48696,20757
9300,105412,44604
9301,90131,38141
9302,99548,42122
9303,108192,45805
9304,114354,48452
9305,30529,13056
9306,16858,7258
9307,103642,43842
9308,113585,48137
9309,71573,30388
9310,72751,30884
9311,83175,35295
9312,120890,51269
9313,32116,13766
9314,41248,17607
9315,110265,46680
9316,36908,15790
9317,22230,9516
9318,28911,12347
9319,13194,5691
9320,65857,27959
9321,67320,28580
9322,127228,54022
9323,56579,24056
9324,66708,28328
9325,96151,40676
9326,77353,32774
9327,75786,32143
9328,79229,33577
9329,32188,13806
9330,105159,44492
9331,31353,13419
9332,85754,36394
9333,21944,9396
9334,55108,23427
9335,57123,24265
9336,107795,45635
9337,80345,34059
9338,48328,20602
9339,77727,32955
9340,29606,12654
9341,98178,41561
9342,61593,26154
9343,55548,23618
9344,39534,16897
9345,34058,14588
9346,87469,37068
9347,41817,17858
9348,8513,3685
9349,112850,47841
9350,121703,51605
9351,43790,18692
9352,123272,52287
9353,31187,13342
9354,68673,29179
9355,121817,51651
9356,40664,17362
9357,104699,44304
9358,73555,31207
9359,76641,32488
9360,105247,44533
9361,39328,16817
9362,69435,29474
9363,96947,41034
9364,36913,15791
9365,54793,23294
9366,67409,28627
9367,84857,36008
9368,176,81
9369,129688,55046
9370,90213,38175
9371,82185,34881
9372,67735,28768
9373,26054,11157
9374,77412,32800
9375,8839,3819
9376,29964,12823
9377,48979,20881
9378,3423,1510
9379,80766,34268
9380,51047,21750
9381,90442,38262
9382,85460,36260
9383,12182,5254
9384,97967,41467
9385,116786,49498
9386,110651,46859
9387,94218,39872
9388,61636,26172
9389,91712,38836
9390,108061,45750
9391,46302,19739
9392,115848,49117
9393,12466,5371
9394,78222,33175
9395,2257,973
9396,38385,16429
9397,51815,22081
9398,117998,50014
9399,11259,4878
9400,79887,33864
9401,113249,48003
9402,33915,14537
9403,85908,36465
9404,86032,36514
9405,77765,32967
9406,11984,5178
9407,3946,1733
9408,6123,2684
9409,35662,15275
9410,52829,22472
9411,44428,18971
9412,34617,14829
9413,122713,52039
9414,23242,9946
9415,123265,52283
9416,63986,27159
9417,17795,7647
9418,122933,52135
9419,73822,31321
9420,9736,4209
9421,129637,55021
9422,11260,4879
9423,54751,23276
9424,121534,51547
9425,90668,38364
9426,98984,41899
9427,107399,45472
9428,72590,30813
9429,34919,14960
9430,20112,8613
9431,118010,50019
9432,114410,48473
9433,29650,12679
9434,102178,43236
9435,96136,40670
9436,110939,46985
9437,75206,31897
9438,128214,54441
9439,58182,24704
9440,64752,27486
9441,35312,15125
9442,60687,25759
9443,105258,44541
9444,108913,46123
9445,7805,3403
9446,29353,12545
9447,18998,8135
9448,103662,43848
9449,2421,1051
9450,115026,48751
9451,5053,2216
9452,73379,31137
9453,100710,42649
9454,29040,12404
9455,9112,3942
9456,59173,25124
9457,106011,44856
9458,97866,41417
9459,57330,24347
9460,125263,53182
9461,68998,29313
9462,101635,43011
9463,68647,29171
9464,24044,10300
9465,21105,9053
9466,108843,46088
9467,16048,6908
9468,52909,22508
9469,27649,11814
9470,31333,13406
9471,8424,3646
9472,48240,20564
9473,44568,19039
9474,128058,54371
9475,36721,15707
9476,54950,23368
9477,108222,45821
9478,46968,20029
9479,106324,44989
9480,71674,30434
9481,8854,3830
9482,90431,38257
9483,67761,28784
9484,43810,18702
9485,124183,52721
9486,67089,28484
9487,3376,1484
9488,29570,12639
9489,48023,20452
9490,56086,23841
9491,77541,32867
9492,46153,19687
9493,85497,36273
9494,25441,10884
9495,68627,29164
9496,67753,28779
9497,63539,26959
9498,105639,44699
9499,93947,39746
9500,110020,46586
9501,9621,4164
9502,86190,36579
9503,23155,9913
9504,126566,53731
9505,89778,37993
9506,68268,28992
9507,38632,16530
9508,14712,6342
9509,35168,15063
9510,42821,18285
9511,2207,948
9512,75067,31838
9513,122297,51855
9514,63151,26809
9515,31558,13505
9516,58352,24787
9517,25798,11053
9518,81532,34599
9519,10610,4596
9520,120011,50886
9521,63965,27153
9522,68198,28966
9523,93683,39649
9524,45081,19248
9525,63451,26924
9526,487,206
9527,50749,21629
9528,70217,29819
9529,69415,29470
9530,113057,47927
9531,92779,39277
9532,119157,50518
9533,95239,40313
9534,83952,35644
9535,71011,30162
9536,70381,29888
9537,114926,48700
9538,59209,25135
9539,68718,29197
9540,49644,21152
9541,64810,27511
9542,67562,28692
9543,114610,48559
9544,64906,27557
9545,108135,45780
9546,10234,4422
9547,116620,49425
9548,14598,6286
9549,2523,1087
9550,96729,40938
9551,100601,42604
9552,43542,18602
9553,111569,47241
9554,79409,33660
9555,75123,31863
9556,61076,25926
9557,110313,46706
9558,53806,22879
9559,39644,16940
9560,53435,22725
9561,50275,21443
9562,88114,37318
9563,94173,39847
9564,54232,23061
9565,56288,23926
9566,105843,44787
9567,63642,27011
9568,67643,28727
9569,30564,13072
9570,129460,54946
9571,10191,4404
9572,66367,28172
9573,30000,12838
9574,8938,3865
9575,3005,1313
9576,81236,34458
9577,82925,35188
9578,95799,40525
9579,25598,10951
9580,6572,2902
9581,52916,22509
9582,94944,40183
9583,91253,38624
9584,121378,51469
9585,55233,23480
9586,1887,809
9587,62329,26473
9588,83854,35602
9589,61408,26076
9590,75575,32061
9591,31866,13642
9592,116530,49392
9593,45338,19360
9594,85375,36228
9595,5007,2196
9596,74639,31660
9597,119766,50784
9598,15841,6818
9599,15058,6491
9600,95414,40382
9601,105785,44758
9602,7365,3237
9603,84008,35664
9604,11533,4989
9605,93818,39697
9606,9120,3948
9607,90367,38228
9608,12966,5587
9609,119143,50514
9610,81149,34425
9611,75268,31922
9612,71530,30370
9613,110769,46916
9614,114680,48586
9615,35477,15195
9616,5050,2214
9617,15170,6538
9618,59305,25174
9619,2582,1115
9620,55917,23773
9621,4729,2072
9622,43744,18672
9623,17576,7557
9624,117667,49873
9625,101050,42774
9626,104157,44056
9627,74095,31434
9628,26170,11194
9629,100236,42428
9630,45318,19351
9631,118248,50133
9632,78235,33180
9633,91072,38544
9634,66018,28027
9635,88700,37556
9636,23988,10278
9637,128193,54435
9638,49565,21126
9639,11061,4802
9640,68203,28967
9641,127854,54283
9642,84925,36036
9643,63130,26802
9644,98036,41496
9645,35271,15112
9646,73606,31232
9647,54592,23211
9648,95726,40499
9649,40344,17225
9650,73111,31032
9651,110967,47000
9652,23592,10106
9653,117587,49836
9654,6055,2652
9655,95572,40447
9656,53675,22824
9657,49923,21294
9658,111851,47375
9659,54982,23381
9660,32535,13951
9661,4776,2094
9662,74424,31577
9663,84335,35786
9664,54597,23213
9665,93070,39398
9666,6476,2862
9667,126723,53810
9668,98336,41630
9669,121660,51588
9670,77623,32900
9671,6359,2801
9672,13984,6023
9673,127269,54036
9674,62995,26747
9675,56899,24186
9676,33456,14352
9677,1438,619
9678,62431,26516
9679,30943,13241
9680,21088,9045
9681,100149,42384
9682,110369,46730
9683,31348,13415
9684,19291,8265
9685,31909,13662
9686,109236,46264
9687,28074,12009
9688,115713,49064
9689,123422,52369
9690,62326,26471
9691,123590,52444
9692,11501,4974
9693,44944,19193
9694,113946,48283
9695,16730,7203
9696,51558,21967
9697,109520,46372
9698,97785,41379
9699,78945,33464
9700,81476,34565
9701,87932,37241
9702,73283,31102
9703,101492,42952
9704,65172,27678
9705,49671,21170
9706,78822,33407
9707,71181,30233
9708,14763,6361
9709,68904,29269
9710,69954,29703
9711,54326,23101
9712,105891,44810
9713,47695,20327
9714,57852,24565
9715,33672,14448
9716,71896,30526
9717,120994,51301
9718,75998,32228
9719,32797,14054
9720,104125,44039
9721,60520,25693
9722,113309,48026
9723,65874,27966
9724,4955,2173
9725,65037,27616
9726,64478,27375
9727,53279,22653
9728,94954,40189
9729,93406,39522
9730,96094,40655
9731,88229,37365
9732,9117,3946
9733,124268,52757
9734,28748,12283
9735,83022,35224
9736,34029,14581
9737,9504,4112
9738,117167,49663
9739,70390,29893
9740,109095,46202
9741,7235,3180
9742,77467,32828
9743,117131,49644
9744,53684,22827
9745,60250,25577
9746,31694,13561
9747,119987,50875
9748,79715,33790
9749,34634,14834
9750,57429,24392
9751,96587,40866
9752,72435,30748
9753,49830,21245
9754,113181,47974
9755,31611,13529
9756,121645,51582
9757,26810,11479
9758,70777,30053
9759,9583,4149
9760,21746,9322
9761,77322,32764
9762,21563,9246
9763,1724,745
9764,119548,50679
9765,120392,51048
9766,110290,46695
9767,79892,33866
9768,23924,10251
9769,34635,14835
9770,96894,41015
9771,107634,45573
9772,7025,3101
9773,89693,37957
9774,77032,32637
9775,27783,11874
9776,98833,41835
9777,69126,29360
9778,71476,30349
9779,73001,30986
9780,13215,5701
9781,19669,8433
9782,38319,16405
9783,97554,41284
9784,99289,42013
9785,84969,36055
9786,7917,3446
9787,52542,22361
9788,15201,6549
9789,127075,53963
9790,53100,22579
9791,24577,10520
9792,8870,3835
9793,91273,38635
9794,50966,21716
9795,106540,45091
9796,83648,35507
9797,53847,22898
9798,12406,5351
9799,22402,9585
9800,2744,1185
9801,52833,22475
9802,128595,54609
9803,59747,25359
9804,107208,45387
9805,83860,35607
9806,24984,10705
9807,85515,36283
9808,85253,36176
9809,120829,51241
9810,28589,12222
9811,11461,4964
9812,94700,40082
9813,50993,21724
9814,44145,18847
9815,101934,43136
9816,103482,43771
9817,95425,40386
9818,115842,49114
9819,4479,1967
9820,121841,51663
9821,52113,22189
9822,21144,9072
9823,58016,24635
9824,29103,12435
9825,85475,36265
9826,96888,41012
9827,22112,9464
9828,130023,55181
9829,46626,19870
9830,124860,53010
9831,64955,27578
9832,104746,44322
9833,123298,52303
9834,40459,17273
9835,128615,54614
9836,72673,30853
9837,91283,38638
9838,51264,21838
9839,52589,22380
9840,95379,40371
9841,99185,41972
9842,97787,41381
9843,103752,43881
9844,74523,31621
9845,38480,16473
9846,110563,46819
9847,38991,16661
9848,90642,38354
9849,28649,12241
9850,129163,54829
9851,92734,39261
9852,88786,37599
9853,29172,12467
9854,61102,25937
9855,16299,7011
9856,24918,10681
9857,105204,44509
9858,92184,39034
9859,93603,39614
9860,1260,530
9861,19299,8268
9862,31016,13277
9863,78423,33253
9864,82255,34914
9865,47859,20389
9866,74781,31727
9867,85125,36114
9868,8419,3643
9869,45120,19265
9870,10848,4700
9871,54157,23025
9872,3006,1314
9873,14476,6237
9874,46713,19906
9875,120273,51003
9876,63128,26801
9877,121468,51506
9878,101327,42886
9879,113162,47967
9880,126012,53494
9881,129966,55160
9882,126907,53895
9883,39751,16988
9884,118651,50295
9885,58726,24933
9886,31398,13437
9887,117009,49594
9888,35931,15385
9889,118219,50117
9890,102703,43447
9891,78616,33327
9892,95502,40419
9893,72329,30704
9894,16013,6897
9895,38321,16407
9896,100583,42592
9897,44163,18855
9898,1708,737
9899,67866,28832
9900,118471,50233
9901,100883,42719
9902,5902,2585
9903,85986,36494
9904,114398,48468
9905,94514,40007
9906,129879,55126
9907,65403,27768
9908,52254,22249
9909,2588,1118
9910,108741,46047
9911,82594,35052
9912,57375,24368
9913,62820,26669
9914,59362,25203
9915,6462,2854
9916,58478,24837
9917,21098,9049
9918,67933,28862
9919,127315,54052
9920,121747,51620
9921,88639,37530
9922,61417,26079
9923,83906,35625
9924,111750,47327
9925,121864,51677
9926,29573,12640
9927,69790,29631
9928,105012,44429
9929,8590,3713
9930,1070,442
9931,27311,11675
9932,31948,13684
9933,93416,39529
9934,61090,25932
9935,5793,2529
9936,6441,2844
9937,57400,24378
9938,84797,35984
9939,90614,38342
9940,18522,7955
9941,54954,23369
9942,85336,36210
9943,120467,51085
9944,107096,45337
9945,83335,35376
9946,121155,51371
9947,69641,29566
9948,1501,648
9949,95370,40365
9950,41424,17687
9951,37397,16008
9952,111728,47314
9953,46909,20002
9954,12481,5378
9955,68029,28897
9956,64154,27232
9957,82866,35162
9958,52679,22416
9959,92853,39314
9960,61881,26282
9961,80884,34321
9962,50217,21417
9963,115549,48985
9964,88116,37319
9965,127797,54267
9966,12928,5570
9967,14800,6372
9968,123839,52565
9969,128690,54640
9970,50733,21616
9971,90987,38502
9972,93221,39448
9973,26067,11162
9974,112108,47496
9975,89619,37923
9976,49035,20902
9977,99479,42092
9978,22123,9471
9979,4016,1765
9980,5308,2313
9981,128184,54428
9982,50383,21482
9983,61657,26183
9984,45613,19462
9985,72913,30953
9986,4423,1941
9987,108127,45776
9988,117662,49871
9989,49083,20920
9990,7542,3311
9991,108927,46127
9992,106295,44979
9993,41808,17853
9994,125022,53079
9995,81796,34709
9996,84765,35973
9997,61072,25924
9998,106776,45194
9999,56315,23937
10000,35373,15153
10001,28526,12194
10002,21666,9282
10003,14320,6176
10004,96706,40927
10005,29832,12764
10006,5449,2371
10007,98482,41697
10008,54730,23267
10009,43346,18512
10010,24105,10327
10011,19596,8397
10012,90531,38308
10013,83565,35474
10014,65440,27788
10015,48417,20650
10016,4163,1821
10017,44367,18943
10018,46517,19825
10019,9515,4117
10020,76975,32614
10021,56299,23930
10022,2393,1035
10023,79324,33620
10024,489,207
10025,65108,27654
10026,19730,8460
10027,31235,13367
10028,40137,17148
10029,69522,29515
10030,12566,5422
10031,31786,13603
10032,103849,43927
10033,18513,7951
10034,18101,7778
10035,39832,17022
10036,116527,49390
10037,123023,52173
10038,115455,48940
10039,124044,52656
10040,5202,2275
10041,101538,42967
10042,33640,14438
10043,77281,32746
10044,82224,34902
10045,93271,39471
10046,53507,22755
10047,108138,45782
10048,84975,36060
10049,112118,47502
10050,106367,45007
10051,116190,49245
10052,52061,22165
10053,64729,27476
10054,65247,27712
10055,85536,36292
10056,59228,25144
10057,50374,21479
10058,52052,22162
10059,53655,22813
10060,106284,44973
10061,105924,44827
10062,98441,41683
10063,90776,38411
10064,116501,49378
10065,70830,30076
10066,12833,5532
10067,77603,32893
10068,16975,7306
10069,62893,26704
10070,27621,11798
10071,103957,43967
10072,27368,11698
10073,5268,2299
10074,69919,29683
10075,74958,31786
10076,73631,31244
10077,21271,9124
10078,59933,25445
10079,109781,46483
10080,86731,36791
10081,34609,14823
10082,8184,3552
10083,118991,50444
10084,28847,12322
10085,1289,544
10086,26573,11373
10087,13691,5909
10088,50232,21420
10089,113921,48272
10090,12493,5387
10091,22063,9442
10092,40445,17265
10093,120497,51099
10094,127481,54126
10095,39950,17073
10096,100222,42423
10097,77919,33036
10098,3360,1480
10099,51444,21917
10100,59058,25070
10101,58952,25025
10102,64563,27408
10103,118111,50067
10104,54519,23174
10105,122767,52069
10106,129373,54910
10107,9314,4024
10108,49886,21271
10109,35896,15369
10110,81056,34395
10111,3937,1728
10112,29986,12835
10113,67039,28466
10114,71465,30343
10115,42135,17999
10116,19240,8241
10117,45163,19289
10118,2787,1206
10119,67811,28807
10120,29707,12706
10121,100500,42544
10122,68320,29015
10123,33462,14355
10124,30724,13143
10125,20350,8718
10126,60787,25801
10127,120444,51072
10128,77170,32696
10129,121083,51339
10130,69197,29387
10131,102367,43312
10132,25340,10845
10133,8531,3689
10134,75821,32160
10135,17087,7355
10136,108326,45871
10137,35463,15187
10138,92856,39316
10139,71594,30401
10140,60480,25674
10141,70974,30145
10142,55911,23769
10143,23113,9895
10144,61714,26212
10145,130389,55354
10146,126801,53846
10147,6768,2980
10148,33049,14172
10149,81776,34699
10150,96714,40931
10151,65703,27896
10152,84161,35713
10153,94211,39870
10154,109133,46218
10155,55443,23570
10156,77203,32710
10157,107770,45624
10158,97908,41436
10159,107337,45445
10160,67348,28598
10161,6687,2947
10162,124434,52822
10163,77940,33045
10164,40209,17180
10165,15703,6759
10166,77734,32957
10167,85062,36093
10168,30182,12916
10169,55407,23555
10170,104577,44242
10171,94974,40200
10172,63928,27139
10173,113447,48082
10174,36210,15488
10175,57812,24550
10176,126715,53806
10177,38699,16556
10178,112591,47733
10179,17303,7428
10180,47339,20178
10181,4869,2134
10182,20739,8899
10183,47183,20130
10184,121501,51526
10185,78286,33199
10186,61354,26050
10187,57903,24589
10188,89949,38059
10189,82329,34939
10190,76200,32322
10191,30429,13017
10192,82188,34883
10193,64072,27198
10194,13648,5889
10195,120470,51088
10196,61900,26292
10197,56902,24187
10198,56349,23953
10199,35224,15093
10200,91120,38562
10201,54090,23000
10202,118698,50318
10203,31921,13669
10204,76543,32455
10205,72428,30743
10206,78331,33213
10207,21203,9097
10208,122110,51784
10209,65291,27727
10210,73649,31252
10211,84345,35790
10212,93236,39456
10213,130424,55371
10214,16809,7235
10215,85565,36306
10216,82404,34970
10217,103441,43750
10218,68568,29134
10219,79479,33689
10220,73055,31004
10221,12915,5564
10222,5997,2628
10223,94671,40069
10224,68137,28944
10225,123338,52323
10226,7512,3297
10227,70471,29928
10228,54788,23291
10229,29436,12583
10230,73478,31170
10231,34091,14598
10232,66235,28113
10233,40536,17304
10234,126766,53833
10235,36802,15739
10236,15749,6779
10237,111409,47175
10238,123659,52479
10239,104019,43993
10240,93894,39728
10241,50095,21369
10242,64808,27509
10243,5819,2544
10244,25212,10788
10245,67103,28490
10246,41420,17684
10247,32915,14110
10248,89201,37778
10249,37944,16245
10250,118212,50113
10251,42779,18272
10252,45995,19621
10253,72456,30757
10254,92609,39207
10255,86397,36664
10256,117148,49655
10257,20839,8946
10258,6316,2780
10259,64453,27363
10260,2245,967
10261,58839,24982
10262,100774,42670
10263,78117,33128
10264,91876,38900
10265,39737,16982
10266,56825,24157
10267,115171,48815
10268,103282,43688
10269,72300,30689
10270,47034,20059
10271,80163,33973
10272,104138,44049
10273,82597,35053
10274,120559,51130
10275,98104,41531
10276,20292,8694
10277,74655,31664
10278,102125,43214
10279,79013,33488
10280,29886,12787
10281,86596,36733
10282,14259,6147
10283,104690,44299
10284,45577,19446
10285,78385,33239
10286,53949,22944
10287,45228,19324
10288,124516,52860
10289,99087,41936
10290,123652,52475
10291,44317,18920
10292,106094,44891
10293,13661,5897
10294,14777,6365
10295,105131,44480
10296,23314,9980
10297,124803,52985
10298,104786,44338
10299,114817,48651
10300,85957,36484
10301,91366,38682
10302,23377,10009
10303,39728,16979
10304,121258,51412
10305,72514,30782
10306,61042,25908
10307,95866,40552
10308,58393,24804
10309,39872,17043
10310,54286,23084
10311,10076,4360
10312,83360,35388
10313,80864,34311
10314,2535,1093
10315,81060,34396
10316,57729,24514
10317,100481,42533
10318,5206,2278
10319,83550,35464
10320,32224,13825
10321,51114,21774
10322,107561,45544
10323,5038,2209
10324,127593,54170
10325,3805,1669
10326,41910,17894
10327,3424,1511
10328,46332,19753
10329,110011,46582
10330,9912,4283
10331,6172,2712
10332,82183,34880
10333,89123,37742
10334,87119,36932
10335,110695,46883
10336,66790,28367
10337,125393,53247
10338,97496,41259
10339,50386,21483
10340,23078,9880
10341,42075,17970
10342,61840,26263
10343,97130,41113
10344,104823,44354
10345,64395,27333
10346,38409,16439
10347,67073,28479
10348,60810,25817
10349,73914,31365
10350,4613,2018
10351,102475,43358
10352,116562,49403
10353,115678,49049
10354,119794,50794
10355,114757,48624
10356,4364,1912
10357,63285,26863
10358,1313,559
10359,31726,13574
10360,1767,762
10361,38551,16498
10362,121757,51626
10363,38893,16616
10364,32268,13844
10365,22334,9560
10366,115728,49068
10367,111422,47178
10368,81675,34659
10369,99830,42245
10370,70166,29799
10371,109902,46531
10372,33701,14456
10373,34440,14749
10374,85771,36402
10375,108738,46045
10376,4271,1869
10377,23336,9991
10378,51360,21875
10379,80662,34216
10380,71779,30476
10381,12015,5192
10382,11103,4816
10383,114847,48666
10384,36702,15699
10385,105250,44534
10386,107457,45497
10387,116145,49223
10388,95311,40344
10389,117589,49837
10390,74339,31542
10391,127780,54262
10392,80556,34165
10393,53215,22623
10394,48257,20573
10395,21081,9041
10396,13672,5901
10397,157,73
10398,23991,10279
10399,23960,10270
10400,125424,53258
10401,11528,4986
10402,12019,5194
10403,44486,19000
10404,16002,6891
10405,93632,39626
10406,33973,14563
10407,52593,22382
10408,72219,30656
10409,75756,32128
10410,119961,50867
10411,121016,51312
10412,68500,29101
10413,120027,50891
10414,98935,41876
10415,108344,45879
10416,70975,30146
10417,26772,11460
10418,12179,5251
10419,81930,34768
10420,124893,53025
10421,114662,48578
10422,100369,42482
10423,79317,33616
10424,28132,12035
10425,105534,44654
10426,40057,17113
10427,103893,43946
10428,103787,43895
10429,23741,10174
10430,74691,31688
10431,65151,27671
10432,33392,14323
10433,58765,24953
10434,106770,45191
10435,52158,22210
10436,106177,44930
10437,70365,29879
10438,46936,20014
10439,48086,20484
10440,128041,54365
10441,62223,26429
10442,109394,46326
10443,56429,23991
10444,79367,33639
10445,78380,33236
10446,115589,49004
10447,9925,4290
10448,102269,43272
10449,1169,488
10450,116062,49189
10451,85940,36475
10452,78863,33423
10453,17215,7405
10454,41376,17662
10455,110750,46908
10456,11746,5075
10457,20084,8600
10458,81411,34540
10459,8451,3661
10460,5447,2370
10461,80950,34353
10462,108259,45840
10463,22124,9472
10464,64031,27181
10465,32394,13894
10466,45380,19375
10467,78091,33114
10468,126203,53586
10469,42612,18201
10470,22127,9475
10471,110733,46900
10472,57358,24356
10473,117612,49850
10474,17128,7373
10475,48876,20831
10476,53585,22788
10477,70273,29839
10478,110435,46764
10479,76388,32391
10480,17318,7437
10481,55992,23804
10482,49024,20896
10483,42064,17964
10484,119767,50785
10485,67199,28533
10486,102620,43415
10487,77462,32826
10488,124543,52876
10489,25595,10949
10490,55011,23395
10491,66128,28071
10492,79113,33526
10493,94060,39788
10494,101669,43023
10495,123814,52553
10496,54801,23298
10497,99205,41981
10498,60808,25815
10499,18141,7798
10500,41258,17613
10501,71636,30418
10502,122557,51967
10503,121792,51638
10504,42747,18260
10505,117351,49736
10506,45104,19258
10507,47897,20402
10508,86027,36510
10509,89954,38063
10510,25110,10754
10511,3195,1397
10512,50263,21437
10513,110370,46731
10514,40935,17485
10515,113221,47990
10516,119602,50705
10517,78128,33132
10518,96619,40881
10519,128856,54700
10520,15196,6547
10521,21924,9390
10522,108587,45980
10523,44515,19013
10524,4081,1796
10525,107092,45333
10526,79625,33751
10527,15598,6716
10528,48498,20677
10529,19577,8389
10530,96471,40819
10531,49164,20957
10532,108143,45784
10533,41628,17775
10534,102421,43335
10535,126621,53758
10536,128385,54505
10537,59535,25273
10538,114734,48617
10539,66376,28178
10540,70698,30020
10541,49059,20907
10542,96832,40980
10543,94122,39821
10544,118082,50055
10545,84642,35913
10546,27271,11656
10547,113367,48052
10548,24126,10338
10549,73162,31052
10550,89792,38002
10551,91835,38882
10552,103764,43886
10553,74574,31644
10554,102766,43481
10555,41680,17798
10556,22132,9476
10557,39736,16981
10558,18953,8124
10559,119902,50843
10560,4387,1924
10561,130318,55325
10562,104862,44368
10563,30702,13127
10564,11051,4796
10565,25353,10852
10566,11609,5016
10567,101901,43121
10568,120450,51077
10569,102296,43283
10570,78511,33294
10571,100543,42567
10572,41166,17576
10573,78157,33144
10574,96209,40698
10575,97500,41262
10576,57470,24412
10577,114703,48599
10578,33062,14181
10579,70204,29812
10580,63238,26845
10581,115616,49019
10582,15277,6582
10583,66602,28284
10584,23871,10233
10585,96137,40671
10586,61002,25888
10587,17276,7423
10588,28370,12129
10589,61782,26237
10590,114635,48568
10591,103,46
10592,10887,4718
10593,122518,51948
10594,102880,43528
10595,63862,27108
10596,118242,50130
10597,59622,25302
10598,85587,36320
10599,119234,50545
10600,16318,7019
10601,96213,40701
10602,34182,14633
10603,95763,40511
10604,27665,11824
10605,22577,9658
10606,59964,25459
10607,102445,43344
10608,101200,42844
10609,43157,18422
10610,43226,18456
10611,34186,14634
10612,85520,36286
10613,100503,42547
10614,88719,37567
10615,13753,5937
10616,88078,37302
10617,99782,42218
10618,49250,20998
10619,74232,31501
10620,29200,12479
10621,74519,31618
10622,30376,12994
10623,50033,21344
10624,127458,54116
10625,121837,51660
10626,98641,41761
10627,29358,12548
10628,59684,25333
10629,23424,10027
10630,128317,54480
10631,64665,27447
10632,41556,17746
10633,72166,30640
10634,109843,46507
10635,70112,29771
10636,61871,26279
10637,25958,11121
10638,124995,53069
10639,70863,30093
10640,20426,8754
10641,84963,36051
10642,129205,54843
10643,116422,49339
10644,63842,27102
10645,46008,19628
10646,125887,53444
10647,25262,10814
10648,84395,35815
10649,72683,30858
10650,18096,7775
10651,75196,31896
10652,128116,54400
10653,28552,12206
10654,108430,45915
10655,74156,31467
10656,94564,40028
10657,26251,11225
10658,123171,52242
10659,78155,33143
10660,54968,23373
10661,34878,14945
10662,52881,22494
10663,6504,2876
10664,63655,27016
10665,11807,5106
10666,128152,54415
10667,80389,34077
10668,43868,18727
10669,1353,582
10670,108815,46076
10671,100496,42542
10672,78203,33165
10673,128857,54701
10674,123977,52625
10675,76647,32492
10676,62151,26401
10677,97745,41365
10678,70378,29886
10679,69444,29480
10680,44436,18975
10681,124014,52640
10682,126627,53760
10683,60424,25647
10684,103928,43958
10685,77220,32718
10686,77651,32914
10687,46735,19915
10688,101604,42993
10689,99571,42135
10690,26943,11538
10691,37753,16157
10692,97188,41135
10693,12708,5486
10694,120209,50976
10695,41325,17641
10696,72901,30951
10697,58503,24847
10698,46002,19624
10699,125857,53435
10700,110484,46788
10701,56740,24122
10702,27127,11606
10703,79404,33657
10704,77944,33048
10705,49989,21324
10706,24028,10294
10707,23729,10167
10708,89974,38075
10709,45691,19491
10710,33241,14255
10711,14956,6444
10712,118285,50151
10713,128573,54596
10714,33760,14478
10715,67891,28847
10716,126311,53627
10717,43545,18603
10718,114324,48438
10719,91348,38672
10720,54980,23380
10721,70897,30109
10722,109748,46473
10723,33744,14470
10724,49915,21287
10725,87641,37141
10726,112312,47600
10727,21418,9182
10728,121940,51707
10729,56104,23846
10730,72619,30826
10731,25809,11056
10732,86495,36695
10733,17107,7364
10734,83358,35386
10735,124491,52848
10736,76888,32583
10737,80781,34275
10738,110712,46891
10739,3113,1367
10740,61722,26216
10741,88210,37357
10742,45607,19459
10743,55240,23482
10744,66395,28184
10745,21667,9283
10746,110599,46837
10747,4019,1766
10748,92399,39117
10749,73338,31126
10750,36201,15485
10751,41339,17645
10752,4770,2090
10753,98251,41588
10754,7304,3208
10755,9899,4278
10756,46871,19984
10757,98657,41768
10758,89522,37886
10759,101170,42829
10760,117923,49981
10761,55918,23774
10762,98780,41815
10763,26049,11154
10764,49057,20906
10765,88134,37327
10766,24989,10706
10767,2536,1094
10768,86634,36749
10769,69740,29607
10770,896,382
10771,14568,6274
10772,19761,8472
10773,2531,1090
10774,101088,42791
10775,52185,22219
10776,82917,35184
10777,86256,36602
10778,5935,2604
10779,59829,25396
10780,11332,4913
10781,49214,20980
10782,4491,1971
10783,7451,3269
10784,115787,49091
10785,112422,47658
10786,54686,23248
10787,31134,13320
10788,46637,19872
10789,100732,42657
10790,42840,18293
10791,100632,42620
10792,58434,24819
10793,96324,40748
10794,87505,37080
10795,94421,39969
10796,57319,24343
10797,80265,34019
10798,18696,8024
10799,16405,7058
10800,62042,26357
10801,49403,21055
10802,54030,22979
10803,13977,6020
10804,38092,16310
10805,74722,31701
10806,53645,22810
10807,73946,31372
10808,41664,17791
10809,112911,47873
10810,22484,9621
10811,7860,3424
10812,61757,26228
10813,88401,37434
10814,45347,19364
10815,44682,19089
10816,46557,19841
10817,5806,2536
10818,52071,22170
10819,72498,30773
10820,59429,25230
10821,53328,22672
10822,58523,24852
10823,6087,2667
10824,119292,50565
10825,40962,17494
10826,56693,24102
10827,15957,6869
10828,62200,26420
10829,39616,16934
10830,65824,27948
10831,22678,9702
10832,21895,9379
10833,45223,19320
10834,6024,2638
10835,46838,19964
10836,44374,18947
10837,108652,46006
10838,56365,23961
10839,80600,34183
10840,33260,14263
10841,690,293
10842,101407,42918
10843,119358,50598
10844,90452,38268
10845,125509,53295
10846,71472,30347
10847,55567,23626
10848,46492,19812
10849,95864,40551
10850,45329,19356
10851,77873,33014
10852,96454,40807
10853,1477,640
10854,84258,35751
10855,45762,19528
10856,34874,14942
10857,98704,41790
10858,16314,7016
10859,98614,41752
10860,27914,11931
10861,57596,24462
10862,69062,29334
10863,55564,23624
10864,5828,2547
10865,38025,16278
10866,34549,14798
10867,14756,6359
10868,27797,11879
10869,123115,52217
10870,92869,39319
10871,21151,9075
10872,92567,39185
10873,14964,6448
10874,112568,47723
10875,37179,15911
10876,74122,31449
10877,118230,50121
10878,96818,40973
10879,50714,21613
10880,119926,50850
10881,118924,50415
10882,35566,15240
10883,19979,8562
10884,48849,20817
10885,116895,49544
10886,50016,21337
10887,8692,3751
10888,112280,47584
10889,31632,13538
10890,1553,670
10891,33220,14249
10892,48638,20737
10893,121646,51583
10894,54264,23073
10895,54600,23215
10896,70,30
10897,108248,45834
10898,43115,18408
10899,59551,25281
10900,12211,5266
10901,57767,24532
10902,84308,35774
10903,41281,17624
10904,114034,48322
10905,99596,42148
10906,117355,49738
10907,27825,11891
10908,74333,31541
10909,63598,26986
10910,52163,22212
10911,78654,33340
10912,123983,52627
10913,58612,24888
10914,97147,41121
10915,116400,49331
10916,81711,34678
10917,78621,33329
10918,101706,43045
10919,129189,54837
10920,93011,39373
10921,45016,19220
10922,82324,34937
10923,3915,1718
10924,27835,11899
10925,14398,6206
10926,1476,639
10927,90109,38134
10928,107785,45629
10929,88033,37282
10930,128043,54366
10931,111953,47423
10932,128772,54666
10933,56372,23964
10934,120090,50914
10935,29266,12508
10936,54529,23179
10937,12180,5252
10938,62265,26446
10939,59158,25117
10940,91762,38858
10941,97219,41144
10942,74033,31408
10943,77850,33006
10944,46065,19647
10945,103852,43928
10946,109192,46241
10947,21334,9149
10948,102042,43178
10949,92739,39263
10950,109116,46210
10951,73961,31380
10952,85481,36268
10953,122573,51977
10954,115526,48975
10955,77575,32882
10956,99136,41954
10957,81145,34423
10958,23162,9918
10959,8772,3788
10960,67608,28713
10961,23582,10099
10962,120449,51076
10963,77810,32983
10964,59290,25167
10965,60992,25885
10966,26252,11226
10967,5222,2287
10968,55401,23551
10969,12224,5273
10970,106923,45257
10971,98267,41595
10972,38560,16500
10973,103508,43785
10974,29788,12743
10975,20032,8577
10976,81649,34643
10977,48856,20821
10978,61581,26149
10979,102190,43242
10980,111749,47326
10981,74041,31410
10982,120066,50904
10983,81751,34690
10984,60823,25824
10985,12623,5450
10986,21763,9328
10987,103053,43593
10988,27396,11710
10989,116543,49398
10990,10295,4454
10991,117696,49886
10992,63601,26988
10993,123181,52247
10994,60442,25653
10995,59413,25224
10996,13890,5992
10997,1274,535
10998,54557,23195
10999,115517,48970
11000,38904,16625
11001,128383,54504
11002,45826,19556
11003,4553,1992
11004,60841,25829
11005,80520,34147
11006,40309,17210
11007,86420,36671
11008,66127,28070
11009,113805,48225
11010,85133,36119
11011,12577,5427
11012,64353,27313
11013,14424,6216
11014,75937,32202
11015,35423,15171
11016,52975,22537
11017,88718,37566
11018,90521,38304
11019,4886,2144
11020,77723,32952
11021,11877,5127
11022,49796,21228
11023,74772,31721
11024,73952,31376
11025,53041,22560
11026,88227,37364
11027,97669,41335
11028,78034,33088
11029,61982,26331
11030,18018,7740
11031,59304,25173
11032,47646,20307
11033,75589,32066
11034,63031,26762
11035,56550,24044
11036,29982,12832
11037,48950,20869
11038,21091,9047
11039,112115,47500
11040,92707,39247
11041,54782,23289
11042,75496,32020
11043,15032,6478
11044,35196,15082
11045,5579,2423
11046,101175,42834
11047,39219,16775
11048,4390,1926
11049,60012,25482
11050,105172,44498
11051,95079,40252
11052,125834,53421
11053,119350,50595
11054,3030,1327
11055,26903,11516
11056,73494,31177
11057,15114,6515
11058,46922,20008
11059,43844,18715
11060,81958,34784
11061,111251,47120
11062,36560,15640
11063,116726,49475
11064,81636,34637
11065,109245,46270
11066,61050,25912
11067,29534,12622
11068,130415,55367
11069,97733,41358
11070,68858,29248
11071,18180,7814
11072,38593,16512
11073,112554,47713
11074,20331,8709
11075,127609,54178
11076,39473,16873
11077,106207,44941
11078,20907,8979
11079,95427,40387
11080,101396,42915
11081,52375,22299
11082,33967,14559
11083,43984,18775
11084,121270,51418
11085,22478,9619
11086,88636,37528
11087,48066,20473
11088,18607,7984
11089,685,291
11090,48122,20505
11091,77853,33008
11092,10071,4356
11093,106546,45093
11094,93377,39511
11095,18462,7928
11096,40389,17245
11097,11787,5095
11098,107320,45439
11099,79827,33834
11100,8329,3605
11101,102156,43231
11102,9144,3961
11103,17385,7463
11104,80440,34106
11105,18001,7733
11106,123167,52239
11107,10873,4712
11108,127160,53997
11109,63188,26822
11110,1896,813
11111,52558,22371
11112,6157,2705
11113,92049,38973
11114,67894,28848
11115,24319,10412
11116,16085,6922
11117,11929,5154
11118,122788,52078
11119,116971,49578
11120,39766,16994
11121,112376,47637
11122,45632,19470
11123,96937,41029
11124,37965,16256
11125,98412,41667
11126,10782,4671
11127,125102,53114
11128,53532,22769
11129,14253,6144
11130,127031,53948
11131,72357,30715
11132,98407,41663
11133,52425,22318
11134,121513,51533
11135,95377,40370
11136,7732,3380
11137,26748,11451
11138,85115,36112
11139,19332,8282
11140,72292,30685
11141,120866,51259
11142,80500,34137
11143,30591,13082
11144,7300,3206
11145,34128,14614
11146,10913,4734
11147,23125,9899
11148,88736,37577
11149,43470,18573
11150,61950,26317
11151,7818,3408
11152,59192,25128
11153,85104,36107
11154,31833,13628
11155,117489,49798
11156,40145,17151
11157,15443,6648
11158,116874,49533
11159,17583,7561
11160,103892,43945
11161,4617,2020
11162,122851,52097
11163,47513,20255
11164,19147,8200
11165,63002,26751
11166,78694,33358
11167,1333,572
11168,29410,12573
11169,84126,35701
11170,88192,37352
11171,65183,27681
11172,66735,28341
11173,38773,16581
11174,80152,33968
11175,27773,11870
11176,101255,42867
11177,90807,38425
11178,89027,37707
11179,97120,41108
11180,67630,28722
11181,24775,10614
11182,20887,8970
11183,62655,26608
11184,103605,43827
11185,15654,6740
11186,29064,12415
11187,39389,16836
11188,63744,27058
11189,78756,33376
11190,23173,9925
11191,35033,15011
11192,80987,34365
11193,85056,36090
11194,96341,40758
11195,108590,45982
11196,96085,40649
11197,6349,2794
11198,43091,18398
11199,113690,48186
11200,125874,53440
11201,124432,52821
11202,112355,47621
11203,35909,15375
11204,6911,3049
11205,64956,27579
11206,47307,20166
11207,33716,14462
11208,129069,54785
11209,8107,3519
11210,6780,2986
11211,112992,47902
11212,82425,34981
11213,17256,7419
11214,22596,9662
11215,1079,446
11216,35001,14998
11217,123208,52261
11218,38625,16526
11219,48680,20754
11220,14099,6077
11221,119314,50576
11222,5603,2437
11223,6485,2867
11224,112616,47744
11225,64338,27304
11226,124083,52671
11227,16788,7225
11228,43637,18634
11229,29304,12522
11230,59962,25458
11231,79388,33647
11232,66033,28030
11233,6192,2723
11234,116943,49566
11235,26272,11235
11236,88137,37328
11237,43845,18716
11238,71267,30272
11239,105162,44493
11240,79350,33630
11241,77079,32657
11242,125732,53385
11243,38728,16563
11244,77945,33049
11245,123507,52402
11246,123920,52598
11247,91373,38689
11248,6356,2799
11249,15031,6477
11250,63946,27148
11251,37754,16158
11252,63603,26990
11253,101721,43054
11254,84626,35908
11255,35592,15252
11256,64772,27493
11257,88682,37549
11258,87981,37261
11259,58986,25041
11260,23212,9938
11261,36258,15507
11262,12309,5307
11263,45278,19339
11264,58173,24701
11265,53494,22748
11266,54163,23029
11267,88969,37679
11268,22661,9693
11269,21207,9099
11270,11171,4840
11271,78227,33176
11272,30976,13255
11273,29766,12733
11274,63532,26956
11275,45734,19510
11276,63235,26843
11277,81780,34701
11278,82259,34916
11279,78425,33255
11280,11269,4883
11281,127395,54093
11282,111765,47333
11283,97879,41424
11284,18256,7842
11285,34700,14867
11286,17425,7487
11287,76573,32466
11288,15862,6827
11289,14953,6443
11290,15812,6804
11291,120665,51174
11292,84392,35813
11293,75736,32119
11294,58547,24862
11295,66796,28368
11296,44853,19159
11297,45466,19403
11298,51128,21781
11299,67068,28477
11300,90548,38316
11301,107895,45681
11302,85371,36226
11303,38762,16575
11304,70931,30123
11305,44787,19133
11306,122758,52063
11307,78107,33122
11308,67437,28640
11309,86484,36691
11310,30322,12976
11311,63835,27099
11312,73225,31078
11313,95703,40494
11314,40769,17413
11315,67877,28839
11316,44969,19205
11317,78027,33084
11318,65773,27924
11319,64941,27570
11320,105737,44741
11321,48059,20469
11322,29231,12494
11323,93267,39468
11324,70808,30067
11325,19342,8289
11326,79864,33853
11327,887,377
11328,31320,13399
11329,118244,50131
11330,69278,29417
11331,75533,32040
11332,104639,44273
11333,81491,34575
11334,33207,14243
11335,129173,54834
11336,29044,12407
11337,13133,5664
11338,114980,48733
11339,83288,35359
11340,122052,51758
11341,31449,13458
11342,16739,7205
11343,75605,32073
11344,121600,51565
11345,126814,53853
11346,120826,51239
11347,65208,27697
11348,34,16
11349,108756,46053
11350,18465,7930
11351,110112,46625
11352,52395,22303
11353,33917,14538
11354,127772,54257
11355,116334,49301
11356,5831,2549
11357,44126,18841
11358,96836,40983
11359,95209,40304
11360,129642,55024
11361,128923,54729
11362,30705,13130
11363,31830,13626
11364,119061,50475
11365,29891,12791
11366,46767,19930
11367,91864,38892
11368,106735,45171
11369,126765,53832
11370,9035,3907
11371,122132,51792
11372,53434,22724
11373,109058,46185
11374,26747,11450
11375,485,204
11376,80541,34156
11377,124785,52976
11378,119574,50692
11379,105850,44789
11380,42419,18128
11381,46108,19668
11382,101155,42823
11383,37684,16133
11384,76767,32534
11385,71188,30236
11386,29551,12629
11387,86771,36810
11388,14390,6202
11389,37746,16155
11390,36112,15449
11391,37617,16107
11392,10582,4580
11393,84555,35881
11394,53834,22892
11395,102704,43448
11396,32164,13794
11397,116194,49248
11398,113644,48164
11399,42676,18230
11400,71179,30231
11401,111722,47312
11402,61726,26217
11403,31744,13582
11404,12719,5491
11405,54208,23052
11406,11784,5092
11407,37719,16147
11408,45637,19472
11409,106577,45105
11410,96013,40617
11411,15510,6672
11412,69428,29471
11413,16424,7068
11414,80991,34367
11415,55170,23455
11416,8141,3532
11417,63288,26865
11418,123584,52440
11419,120768,51220
11420,92963,39356
11421,72804,30910
11422,85672,36359
11423,105312,44559
11424,29442,12587
11425,51952,22127
11426,122123,51786
11427,119652,50731
11428,126688,53793
11429,42298,18069
11430,10448,4521
11431,69642,29567
11432,102758,43477
11433,21789,9338
11434,19230,8236
11435,100150,42385
11436,40473,17278
11437,67750,28776
11438,105255,44539
11439,130225,55271
11440,88119,37320
11441,90434,38258
11442,65775,27925
11443,30795,13168
11444,50739,21620
11445,50602,21567
11446,21307,9140
11447,16557,7124
11448,106793,45204
11449,9082,3928
11450,111920,47400
11451,107397,45470
11452,16722,7199
11453,50991,21722
11454,44412,18963
11455,113670,48175
11456,11973,5172
11457,123587,52442
11458,25067,10737
11459,33667,14447
11460,122538,51958
11461,6910,3048
11462,8244,3573
11463,81143,34421
11464,111100,47057
11465,44941,19190
11466,64605,27425
11467,106454,45047
11468,99413,42069
11469,25172,10776
11470,58673,24912
11471,42324,18080
11472,45571,19444
11473,90843,38438
11474,24797,10621
11475,84278,35760
11476,101245,42862
11477,54462,23155
11478,104245,44097
11479,52817,22468
11480,105694,44724
11481,125856,53434
11482,249,113
11483,117343,49729
11484,22489,9624
11485,81701,34672
11486,42677,18231
11487,40412,17254
11488,75347,31959
11489,108163,45792
11490,62508,26543
11491,10532,4553
11492,16639,7161
11493,73035,30996
11494,104622,44263
11495,120246,50992
11496,96332,40751
11497,44800,19142
11498,106695,45153
11499,44606,19055
11500,59761,25365
11501,7243,3183
11502,38734,16564
11503,83164,35291
11504,15732,6774
11505,119012,50455
11506,44616,19059
11507,121611,51568
11508,26100,11169
11509,68557,29127
11510,63283,26861
11511,77101,32668
11512,22610,9668
11513,61545,26133
11514,47390,20198
11515,34551,14800
11516,74453,31589
11517,29888,12789
11518,104547,44226
11519,84988,36066
11520,68592,29145
11521,30815,13176
11522,108284,45850
11523,42178,18017
11524,80029,33918
11525,125161,53133
11526,66324,28150
11527,23285,9965
11528,17086,7354
11529,126452,53680
11530,63035,26763
11531,105795,44765
11532,44191,18863
11533,119436,50626
11534,46360,19765
11535,92063,38983
11536,23813,10207
11537,114074,48338
11538,30832,13184
11539,86670,36760
11540,19006,8139
11541,57521,24434
11542,110304,46700
11543,32025,13718
11544,76285,32350
11545,90869,38451
11546,43471,18574
11547,107512,45524
11548,107138,45357
11549,77295,32752
11550,49858,21257
11551,111478,47204
11552,128721,54648
11553,90317,38212
11554,101182,42836
11555,54591,23210
11556,7229,3177
11557,4563,1997
11558,73292,31104
11559,4347,1903
11560,9527,4124
11561,17331,7442
11562,97281,41169
11563,84968,36054
11564,122704,52034
11565,89015,37698
11566,4327,1889
11567,67254,28558
11568,116258,49272
11569,68021,28892
11570,80150,33967
11571,111505,47218
11572,38724,16562
11573,61064,25920
11574,127713,54235
11575,116390,49325
11576,5754,2507
11577,110584,46828
11578,71480,30351
11579,83650,35509
11580,104850,44365
11581,73460,31165
11582,79212,33569
11583,67263,28560
11584,72567,30802
11585,15869,6830
11586,39590,16920
11587,116946,49567
11588,77087,32660
11589,45750,19519
11590,117740,49905
11591,107344,45448
11592,21576,9252
11593,120508,51105
11594,116675,49451
11595,94135,39829
11596,15923,6856
11597,99242,41995
11598,99224,41989
11599,49849,21253
11600,30409,13007
11601,72109,30617
11602,8742,3774
11603,37192,15917
11604,19835,8504
11605,126998,53934
11606,113104,47947
11607,67311,28577
11608,10640,4609
11609,47469,20233
11610,57229,24312
11611,112823,47829
11612,101107,42800
11613,114900,48690
11614,59648,25313
11615,128752,54658
11616,54890,23341
11617,107957,45709
11618,29761,12731
11619,17210,7403
11620,38994,16662
11621,49552,21120
11622,42548,18179
11623,45417,19387
11624,6443,2845
11625,11078,4806
11626,7255,3188
11627,19326,8279
11628,102873,43522
11629,33961,14556
11630,76263,32344
11631,2681,1158
11632,45701,19496
11633,95826,40535
11634,27703,11840
11635,129515,54970
11636,64856,27530
11637,104136,44047
11638,79143,33542
11639,121577,51561
11640,84792,35982
11641,37981,16264
11642,2325,1004
11643,57136,24271
11644,18125,7789
11645,110546,46815
11646,129713,55054
11647,29291,12519
11648,108088,45758
11649,33537,14384
11650,105674,44717
11651,34476,14765
11652,85947,36478
11653,68879,29258
11654,100930,42730
11655,101310,42882
11656,71577,30390
11657,41304,17634
11658,27720,11848
11659,20107,8610
11660,110210,46660
11661,56290,23927
11662,15061,6492
11663,78829,33408
11664,117720,49895
11665,39838,17025
11666,69130,29363
11667,87036,36900
11668,37536,16072
11669,47723,20336
11670,97048,41077
11671,121847,51667
11672,42299,18070
11673,98305,41614
11674,64912,27560
11675,25693,11007
11676,46534,19833
11677,38694,16553
11678,97071,41084
11679,25964,11124
11680,125938,53467
11681,106365,45005
11682,113687,48184
11683,109154,46228
11684,98594,41739
11685,60986,25882
11686,51305,21850
11687,88713,37563
11688,27340,11687
11689,79374,33641
11690,8212,3562
11691,60475,25671
11692,98898,41859
11693,73033,30995
11694,116805,49505
11695,56303,23933
11696,94848,40142
11697,128747,54655
11698,55737,23701
11699,40807,17428
11700,50322,21460
11701,114263,48415
11702,119536,50674
11703,103272,43685
11704,105123,44477
11705,23452,10038
11706,81370,34522
11707,74183,31481
11708,54709,23260
11709,24502,10487
11710,1048,435
11711,106964,45271
11712,52142,22207
11713,23891,10238
11714,97114,41105
11715,28259,12088
11716,48721,20768
11717,4139,1813
11718,50261,21435
11719,100376,42487
11720,76110,32277
11721,4231,1846
11722,41174,17579
11723,100890,42721
11724,63493,26945
11725,50069,21358
11726,116566,49404
11727,47022,20055
11728,8539,3693
11729,8444,3656
11730,58857,24990
11731,24254,10387
11732,104459,44189
11733,3111,1366
11734,34241,14657
11735,58198,24714
11736,78427,33257
11737,83632,35500
11738,73416,31149
11739,7622,3332
11740,23138,9906
11741,23163,9919
11742,41426,17689
11743,92824,39301
11744,111965,47431
11745,4330,1891
11746,108512,45946
11747,72744,30881
11748,50326,21462
11749,14403,6208
11750,28753,12285
11751,3771,1652
11752,3216,1407
11753,59966,25460
11754,10812,4684
11755,2169,931
11756,59876,25415
11757,102039,43177
11758,66300,28144
11759,90467,38272
11760,88319,37399
11761,3401,1499
11762,49705,21187
11763,13698,5913
11764,58246,24740
11765,19474,8336
11766,35059,15024
11767,76934,32601
11768,3021,1320
11769,81277,34477
11770,96224,40705
11771,102877,43525
11772,64419,27348
11773,27908,11927
11774,54835,23312
11775,3313,1453
11776,101282,42875
11777,104338,44135
11778,100944,42738
11779,92477,39143
11780,52814,22466
11781,56442,23995
11782,22613,9671
11783,85239,36164
11784,15244,6570
11785,20828,8939
11786,34968,14982
11787,43046,18380
11788,48128,20508
11789,58133,24685
11790,42928,18333
11791,9811,4241
11792,110046,46598
11793,98343,41634
11794,57314,24341
11795,35070,15030
11796,36432,15581
11797,50204,21409
11798,46597,19858
11799,119297,50568
11800,11405,4945
11801,100125,42371
11802,16004,6892
11803,44008,18787
11804,72376,30724
11805,3000,1309
11806,84807,35988
11807,64745,27485
11808,17684,7596
11809,120126,50934
11810,8775,3791
11811,82734,35112
11812,63193,26825
11813,49905,21281
11814,86800,36821
11815,101618,43001
11816,118815,50365
11817,70300,29853
11818,59102,25090
11819,41350,17652
11820,111917,47397
11821,38428,16449
11822,58169,24698
11823,61736,26222
11824,123537,52421
11825,99169,41964
11826,14615,6291
11827,52725,22431
11828,96382,40771
11829,45404,19384
11830,28781,12296
11831,113866,48247
11832,11241,4872
11833,123867,52573
11834,33296,14281
11835,13013,5608
11836,96709,40929
11837,63836,27100
11838,122299,51857
11839,36874,15775
11840,58382,24801
11841,73078,31017
11842,61479,26107
11843,117300,49713
11844,19843,8508
11845,125484,53287
11846,10319,4463
11847,6744,2971
11848,47316,20169
11849,122310,51860
11850,129625,55016
11851,102024,43172
11852,30777,13159
11853,59831,25397
11854,72958,30969
11855,121761,51628
11856,68486,29093
11857,28474,12180
11858,56527,24034
11859,52761,22441
11860,115069,48766
11861,66571,28270
11862,124950,53049
11863,19874,8518
11864,119175,50525
11865,94099,39807
11866,6638,2927
11867,130200,55259
11868,90966,38494
11869,96216,40702
11870,99400,42061
11871,62865,26690
11872,29370,12554
11873,94295,39911
11874,44155,18852
11875,62344,26481
11876,69237,29398
11877,44322,18923
11878,103554,43809
11879,105875,44801
11880,12766,5508
11881,91019,38521
11882,40523,17297
11883,33129,14209
11884,53244,22632
11885,40131,17145
11886,23289,9966
11887,89574,37905
11888,9985,4314
11889,12501,5392
11890,64403,27338
11891,93765,39678
11892,29024,12397
11893,28218,12070
11894,2925,1269
11895,6168,2710
11896,9232,3992
11897,810,349
11898,57952,24613
11899,45179,19298
11900,21508,9219
11901,76974,32613
11902,72880,30940
11903,11572,5006
11904,90565,38323
11905,84660,35921
11906,71595,30402
11907,36399,15567
11908,113667,48173
11909,50952,21713
11910,110671,46872
11911,27418,11720
11912,112641,47753
11913,111408,47174
11914,98375,41646
11915,88824,37615
11916,1523,656
11917,99549,42123
11918,22093,9456
11919,121981,51729
11920,47770,20350
11921,3377,1485
11922,105653,44705
11923,67757,28782
11924,84692,35937
11925,18175,7810
11926,85258,36178
11927,88139,37330
11928,52417,22315
11929,120463,51083
11930,24545,10505
11931,68233,28979
11932,57149,24280
11933,129833,55108
11934,106290,44975
11935,19618,8408
11936,13235,5710
11937,84478,35849
11938,115609,49016
11939,89967,38070
11940,56489,24016
11941,44237,18883
11942,124245,52747
11943,119323,50579
11944,30709,13134
11945,106218,44946
11946,82765,35125
11947,108395,45902
11948,90245,38185
11949,81550,34605
11950,44041,18799
11951,70162,29796
11952,73746,31290
11953,108261,45841
11954,106651,45133
11955,68487,29094
11956,25745,11026
11957,98969,41894
11958,106341,44996
11959,118766,50343
11960,71710,30443
11961,37576,16087
11962,54454,23151
11963,45533,19432
11964,55648,23661
11965,58349,24785
11966,49359,21033
11967,129075,54789
11968,22468,9615
11969,6174,2714
11970,18259,7844
11971,108435,45918
11972,53937,22938
11973,21285,9129
11974,76986,32617
11975,95738,40504
11976,66772,28358
11977,123770,52528
11978,110372,46733
11979,68414,29063
11980,13077,5637
11981,92977,39362
11982,17907,7698
11983,93096,39406
11984,20772,8917
11985,99398,42060
11986,115298,48869
11987,92212,39044
11988,5334,2324
11989,76770,32536
11990,83518,35453
11991,93443,39540
11992,52004,22143
11993,35928,15383
11994,123479,52393
11995,28725,12272
11996,16608,7148
11997,44055,18806
11998,118068,50049
11999,30200,12924
12000,36906,15789
12001,10519,4547
12002,18710,8029
12003,96031,40626
12004,118383,50196
12005,110704,46887
12006,28678,12252
12007,82723,35108
12008,81709,34677
12009,36598,15653
12010,58628,24894
12011,47624,20296
12012,80172,33979
12013,40718,17391
12014,112694,47775
12015,71637,30419
12016,12496,5389
12017,53677,22825
12018,89963,38068
12019,96334,40753
12020,118114,50069
12021,27747,11860
12022,59521,25266
12023,45870,19572
12024,19173,8215
12025,113959,48288
12026,4862,2131
12027,54568,23201
12028,51228,21821
12029,100626,42617
12030,114612,48561
12031,79913,33876
12032,120432,51066
12033,11504,4975
12034,1418,608
12035,110950,46992
12036,125813,53412
12037,16396,7053
12038,108961,46143
12039,87652,37143
12040,88330,37406
12041,84503,35859
12042,10604,4591
12043,97229,41150
12044,113173,47970
12045,20481,8785
12046,58530,24857
12047,107756,45619
12048,77192,32704
12049,113711,48194
12050,83296,35364
12051,17398,7472
12052,118564,50261
12053,82711,35103
12054,117182,49670
12055,95663,40478
12056,9813,4243
12057,83820,35586
12058,22291,9543
12059,116000,49166
12060,3873,1695
12061,116358,49311
12062,83753,35549
12063,48294,20587
12064,104982,44418
12065,71665,30430
12066,115133,48798
12067,88791,37602
12068,78908,33446
12069,40606,17332
12070,91439,38721
12071,113413,48069
12072,22799,9755
12073,80486,34128
12074,109165,46232
12075,49060,20908
12076,101023,42764
12077,22881,9789
12078,81658,34650
12079,15013,6469
12080,8442,3655
12081,78732,33368
12082,8379,3628
12083,98140,41546
12084,45491,19418
12085,13963,6016
12086,87575,37114
12087,105650,44704
12088,16011,6895
12089,100005,42317
12090,114659,48577
12091,65039,27617
12092,17005,7320
12093,61495,26113
12094,67435,28639
12095,83602,35488
12096,126137,53554
12097,127721,54238
12098,16153,6952
12099,61932,26308
12100,92194,39039
12101,116916,49555
12102,67772,28791
12103,79152,33545
12104,94312,39921
12105,3381,1487
12106,102275,43275
12107,109348,46308
12108,29256,12503
12109,14975,6452
12110,88642,37532
12111,8287,3589
12112,30042,12856
12113,14309,6169
12114,13554,5844
12115,19341,8288
12116,20664,8866
12117,54946,23366
12118,95878,40559
12119,38614,16521
12120,124750,52963
12121,91042,38530
12122,25566,10939
12123,95308,40341
12124,101608,42995
12125,40604,17330
12126,109143,46223
12127,693,295
12128,2313,995
12129,10323,4465
12130,29504,12611
12131,75175,31885
12132,13602,5864
12133,63563,26969
12134,108319,45866
12135,98891,41858
12136,111376,47162
12137,91672,38821
12138,36416,15573
12139,49422,21065
12140,91975,38941
12141,129961,55159
12142,116018,49172
12143,124861,53011
12144,99615,42152
12145,110979,47004
12146,59028,25059
12147,46215,19706
12148,3046,1339
12149,107039,45309
12150,114085,48342
12151,61891,26287
12152,49722,21193
12153,10726,4648
12154,40542,17307
12155,70785,30058
12156,85890,36459
12157,91626,38797
12158,106502,45071
12159,25715,11018
12160,7273,3193
12161,70860,30090
12162,93696,39652
12163,53378,22697
12164,67160,28517
12165,35689,15287
12166,107067,45320
12167,97820,41399
12168,86920,36860
12169,20540,8811
12170,74674,31675
12171,96124,40666
12172,85849,36439
12173,1973,848
12174,88653,37536
12175,91126,38566
12176,19659,8429
12177,83811,35582
12178,31284,13387
12179,112172,47530
12180,82205,34894
12181,102689,43443
12182,60639,25742
12183,94711,40087
12184,125990,53484
12185,69920,29684
12186,3872,1694
12187,84271,35757
12188,100816,42686
12189,64349,27310
12190,14840,6393
12191,74494,31606
12192,35826,15341
12193,59112,25095
12194,32515,13942
12195,2933,1271
12196,38116,16321
12197,73530,31192
12198,72964,30972
12199,50235,21422
12200,122599,51983
12201,99127,41948
12202,21768,9329
12203,58371,24797
12204,30361,12988
12205,79893,33867
12206,25676,11002
12207,64352,27312
12208,116775,49494
12209,54665,23238
12210,118834,50373
12211,85350,36217
12212,87131,36937
12213,22773,9741
12214,13435,5789
12215,82706,35100
12216,82806,35142
12217,42089,17979
12218,178,83
12219,31857,13637
12220,2201,944
12221,74141,31458
12222,32078,13750
12223,15440,6646
12224,39645,16941
12225,108329,45873
12226,59360,25202
12227,50595,21564
12228,22044,9435
12229,453,191
12230,68123,28935
12231,82296,34926
12232,101174,42833
12233,46199,19699
12234,115111,48784
12235,45212,19313
12236,44569,19040
12237,42584,18195
12238,123202,52257
12239,90089,38124
12240,79182,33558
12241,59483,25253
12242,110705,46888
12243,15530,6685
12244,123191,52253
12245,14290,6160
12246,99241,41994
12247,85150,36127
12248,108820,46078
12249,124263,52754
12250,12151,5241
12251,126954,53915
12252,25845,11067
12253,118915,50412
12254,106866,45231
12255,42925,18331
12256,100844,42701
12257,57169,24290
12258,98016,41488
12259,35819,15338
12260,16113,6935
12261,63797,27084
12262,82109,34844
12263,16165,6956
12264,76693,32506
12265,70048,29746
12266,105235,44527
12267,9344,4039
12268,42941,18338
12269,69128,29362
12270,83146,35281
12271,108293,45854
12272,54527,23177
12273,115234,48840
12274,65458,27797
12275,14521,6252
12276,111145,47079
12277,90637,38352
12278,35711,15294
12279,61511,26117
12280,784,335
12281,111801,47350
12282,3723,1631
12283,118746,50334
12284,106227,44951
12285,64548,27402
12286,82527,35025
12287,29845,12769
12288,37910,16228
12289,66832,28384
12290,61961,26321
12291,101988,43157
12292,32876,14091
12293,70750,30041
12294,37206,15924
12295,130294,55310
12296,55625,23651
12297,114851,48669
12298,25905,11097
12299,98903,41862
12300,13303,5739
12301,57947,24610
12302,29543,12627
12303,38306,16400
12304,91122,38564
12305,61008,25889
12306,128178,54425
12307,69744,29608
12308,2480,1075
12309,55083,23421
12310,83209,35312
12311,96392,40774
12312,54513,23172
12313,122066,51766
12314,67120,28498
12315,40059,17115
12316,18652,8008
12317,88831,37618
12318,93143,39423
12319,12076,5218
12320,118261,50141
12321,9119,3947
12322,22247,9523
12323,68372,29040
12324,45702,19497
12325,77905,33030
12326,106745,45175
12327,33795,14488
12328,8448,3658
12329,11508,4979
12330,87538,37096
12331,14681,6328
12332,54612,23222
12333,28421,12154
12334,96717,40932
12335,108517,45949
12336,79202,33565
12337,119020,50459
12338,6678,2944
12339,63472,26934
12340,64722,27472
12341,1066,441
12342,109326,46298
12343,106497,45068
12344,90396,38242
12345,32014,13713
12346,32972,14133
12347,22723,9720
12348,19165,8209
12349,297,133
12350,22536,9641
12351,10036,4341
12352,104691,44300
12353,77244,32727
12354,100550,42570
12355,59437,25236
12356,129208,54845
12357,40058,17114
12358,80819,34290
12359,127980,54341
12360,11184,4847
12361,102401,43326
12362,106241,44954
12363,36494,15607
12364,66564,28265
12365,26589,11380
12366,85368,36225
12367,14820,6380
12368,35654,15272
12369,9433,4082
12370,30464,13034
12371,25496,10906
12372,75346,31958
12373,36722,15708
12374,330,139
12375,49490,21091
12376,93367,39507
12377,31556,13503
12378,98965,41892
12379,91917,38923
12380,114920,48698
12381,74073,31420
12382,44225,18877
12383,73252,31091
12384,20322,8704
12385,118657,50299
12386,89721,37964
12387,126243,53603
12388,33787,14486
12389,60039,25492
12390,59652,25316
12391,11142,4826
12392,38430,16450
12393,61777,26234
12394,22848,9775
12395,94950,40187
12396,122769,52070
12397,56381,23969
12398,6283,2762
12399,67734,28767
12400,16158,6954
12401,75221,31902
12402,1696,730
12403,48576,20712
12404,83978,35651
12405,39,17
12406,87560,37106
12407,12285,5297
12408,32803,14059
12409,95072,40250
12410,61522,26121
12411,125565,53321
12412,6409,2827
12413,53312,22666
12414,45810,19548
12415,35060,15025
12416,780,333
12417,83106,35263
12418,30708,13133
12419,119865,50824
12420,17337,7445
12421,87518,37088
12422,42056,17959
12423,5078,2227
12424,76782,32541
12425,38052,16291
12426,119708,50757
12427,74526,31623
12428,96171,40681
12429,55492,23594
12430,36959,15813
12431,109558,46390
12432,87094,36920
12433,123997,52633
12434,122696,52030
12435,15417,6638
12436,62755,26644
12437,51093,21764
12438,118665,50304
12439,34453,14754
12440,4342,1900
12441,94800,40127
12442,6071,2657
12443,118641,50292
12444,100515,42552
12445,126056,53514
12446,45739,19514
12447,38873,16611
12448,64079,27203
12449,63694,27033
12450,61806,26251
12451,48014,20450
12452,17803,7651
12453,51619,21993
12454,38284,16393
12455,19991,8565
12456,70375,29883
12457,127898,54303
12458,69436,29475
12459,85923,36470
12460,8142,3533
12461,48342,20608
12462,34419,14740
12463,30954,13247
12464,8314,3598
12465,17580,7559
12466,58355,24788
12467,43345,18511
12468,102838,43506
12469,125115,53119
12470,95028,40225
12471,70291,29846
12472,20618,8842
12473,106768,45189
12474,79127,33533
12475,8224,3565
12476,37738,16153
12477,87573,37112
12478,87035,36899
12479,21709,9303
12480,2119,914
12481,42252,18046
12482,53859,22906
12483,118919,50413
12484,39222,16776
12485,14916,6430
12486,99844,42250
12487,125472,53282
12488,3252,1423
12489,104747,44323
12490,61947,26316
12491,26166,11192
12492,2002,861
12493,78460,33274
12494,101711,43046
12495,118763,50342
12496,128078,54384
12497,109124,46214
12498,118132,50077
12499,76198,32321
12500,90740,38395
12501,98401,41660
12502,40363,17237
12503,63503,26948
12504,52550,22366
12505,52141,22206
12506,76535,32452
12507,17064,7345
12508,77294,32751
12509,27484,11746
12510,76194,32318
12511,118590,50270
12512,94097,39806
12513,83087,35254
12514,18556,7967
12515,124539,52872
12516,6129,2689
12517,109916,46539
12518,61837,26262
12519,20994,9006
12520,86185,36575
12521,110461,46776
12522,94356,39939
12523,43251,18471
12524,36105,15446
12525,35554,15233
12526,23616,10119
12527,4357,1909
12528,45723,19506
12529,130317,55324
12530,104560,44231
12531,30846,13195
12532,31497,13480
12533,24345,10427
12534,33969,14561
12535,2526,1089
12536,58424,24816
12537,117658,49868
12538,13629,5879
12539,8596,3717
12540,74081,31424
12541,31827,13624
12542,33209,14244
12543,26365,11278
12544,17794,7646
12545,44133,18844
12546,101782,43076
12547,36746,15719
12548,30990,13263
12549,59689,25335
12550,116698,49464
12551,118825,50369
12552,123579,52439
12553,46511,19820
12554,113597,48141
12555,85513,36281
12556,56793,24145
12557,80240,34008
12558,31121,13314
12559,28496,12186
12560,20413,8749
12561,108431,45916
12562,7098,3123
12563,76252,32341
12564,56509,24026
12565,31343,13411
12566,51633,21998
12567,105609,44686
12568,42275,18054
12569,47262,20155
12570,52853,22484
12571,498,210
12572,85226,36157
12573,78134,33135
12574,24853,10642
12575,37007,15830
12576,50268,21441
12577,37079,15869
12578,45634,19471
12579,78382,33237
12580,91217,38607
12581,124144,52705
12582,55939,23786
12583,92027,38961
12584,613,256
12585,35452,15182
12586,32163,13793
12587,81344,34506
12588,8814,3805
12589,64704,27464
12590,49077,20915
12591,78084,33111
12592,835,358
12593,104040,44002
12594,58903,25004
12595,10246,4428
12596,62195,26418
12597,20,7
12598,100069,42343
12599,83208,35311
12600,115187,48820
12601,117981,50007
12602,37118,15883
12603,89682,37949
12604,127060,53958
12605,75623,32080
12606,119561,50685
12607,124771,52973
12608,116848,49527
12609,94745,40101
12610,30416,13012
12611,43699,18659
12612,30241,12944
12613,6210,2731
12614,44870,19166
12615,123753,52523
12616,43867,18726
12617,35777,15319
12618,96665,40904
12619,26914,11523
12620,62092,26378
12621,110259,46679
12622,119750,50777
12623,18229,7837
12624,30120,12892
12625,106957,45269
12626,11760,5081
12627,48564,20704
12628,48421,20651
12629,82117,34848
12630,57316,24342
12631,93518,39579
12632,68416,29064
12633,83202,35309
12634,48134,20509
12635,46222,19709
12636,112352,47618
12637,48053,20466
12638,110231,46670
12639,97564,41291
12640,51646,22004
12641,17924,7702
12642,45166,19290
12643,50329,21463
12644,116703,49465
12645,42246,18043
12646,85827,36424
12647,85173,36135
12648,18363,7894
12649,120382,51044
12650,76990,32618
12651,91173,38585
12652,107654,45581
12653,60369,25625
12654,79963,33891
12655,10045,4346
12656,51456,21924
12657,99125,41947
12658,25602,10955
12659,16794,7230
12660,71338,30302
12661,82912,35182
12662,85436,36247
12663,30572,13076
12664,94793,40123
12665,6194,2725
12666,33437,14344
12667,78113,33126
12668,84276,35759
12669,40200,17176
12670,33965,14558
12671,47397,20202
12672,2855,1234
12673,58153,24693
12674,24227,10379
12675,103146,43633
12676,108903,46117
12677,41423,17686
12678,61738,26224
12679,74144,31460
12680,118864,50389
12681,49395,21051
12682,121774,51633
12683,37017,15835
12684,69999,29721
12685,25607,10959
12686,110749,46907
12687,113414,48070
12688,82549,35034
12689,90714,38382
12690,110348,46721
12691,115480,48952
12692,36241,15499
12693,19381,8302
12694,64558,27406
12695,63116,26796
12696,22147,9481
12697,111023,47024
12698,90160,38154
12699,28337,12113
12700,44523,19018
12701,124157,52710
12702,38483,16475
12703,117335,49725
12704,114336,48442
12705,11345,4919
12706,72887,30942
12707,76509,32437
12708,27925,11935
12709,37131,15887
12710,23335,9990
12711,33518,14376
12712,41282,17625
12713,2056,883
12714,62695,26622
12715,43801,18700
12716,64923,27564
12717,91262,38628
12718,22394,9583
12719,119104,50493
12720,52578,22378
12721,9529,4126
12722,56610,24065
12723,109239,46266
12724,25048,10728
12725,98452,41687
12726,114731,48614
12727,103094,43613
12728,109337,46304
12729,31800,13609
12730,108502,45941
12731,124203,52731
12732,29914,12802
12733,67634,28724
12734,32341,13875
12735,78636,33335
12736,1565,676
12737,127666,54211
12738,67805,28803
12739,92127,39013
12740,120397,51050
12741,128852,54698
12742,30973,13254
12743,8952,3870
12744,57944,24608
12745,39346,16824
12746,25601,10954
12747,31910,13663
12748,55043,23406
12749,20813,8930
12750,20025,8575
12751,112288,47589
12752,100999,42753
12753,89960,38066
12754,128708,54646
12755,5963,2619
12756,107766,45623
12757,110235,46672
12758,26805,11474
12759,55468,23583
12760,19292,8266
12761,49444,21072
12762,70804,30066
12763,129209,54846
12764,40504,17289
12765,9198,3977
12766,114973,48728
12767,118112,50068
12768,100275,42442
12769,110413,46750
12770,50253,21430
12771,45956,19600
12772,121098,51345
12773,29568,12637
12774,3938,1729
12775,41523,17730
12776,61671,26193
12777,80444,34108
12778,31368,13426
12779,117599,49843
12780,68620,29160
12781,124577,52891
12782,110281,46688
12783,76914,32594
12784,127490,54128
12785,1026,422
12786,2898,1256
12787,85047,36087
12788,66778,28361
12789,25013,10713
12790,40932,17483
12791,61154,25959
12792,97963,41464
12793,64642,27439
12794,29082,12425
12795,103000,43574
12796,126188,53582
12797,120298,51012
12798,15223,6559
12799,95647,40473
12800,12620,5448
12801,50899,21688
12802,60739,25784
12803,12485,5381
12804,73396,31143
12805,20504,8796
12806,19995,8567
12807,119759,50780
12808,61776,26233
12809,78791,33393
12810,126092,53532
12811,61717,26213
12812,62715,26631
12813,29770,12735
12814,7383,3244
12815,44125,18840
12816,120536,51114
12817,114357,48453
12818,24021,10293
12819,73906,31362
12820,120093,50916
12821,70520,29952
12822,70764,30048
12823,33867,14513
12824,114969,48725
12825,118970,50437
12826,31227,13361
12827,86285,36615
12828,52690,22419
12829,50146,21384
12830,118046,50042
12831,85618,36335
12832,13916,6001
12833,70516,29950
12834,69043,29326
12835,89049,37718
12836,46232,19713
12837,50212,21415
12838,63890,27121
12839,128509,54564
12840,21341,9152
12841,110075,46610
12842,17567,7549
12843,19734,8462
12844,77430,32809
12845,16144,6948
12846,1932,828
12847,78079,33110
12848,121989,51735
12849,123074,52200
12850,99732,42199
12851,45294,19345
12852,43549,18604
12853,62638,26599
12854,71378,30314
12855,117908,49974
12856,100019,42323
12857,129281,54877
12858,115299,48870
12859,3260,1429
12860,78456,33272
12861,2050,880
12862,4691,2053
12863,130156,55240
12864,49010,20891
12865,81985,34793
12866,22604,9665
12867,30722,13141
12868,42585,18196
12869,112524,47698
12870,112197,47543
12871,118817,50366
12872,15880,6836
12873,40246,17191
12874,66003,28021
12875,49204,20976
12876,69605,29549
12877,95250,40318
12878,30456,13029
12879,125028,53084
12880,122219,51834
12881,36923,15798
12882,97651,41326
12883,128897,54720
12884,113616,48151
12885,6922,3053
12886,17089,7356
12887,42287,18060
12888,6440,2843
12889,52727,22432
12890,88973,37680
12891,765,324
12892,45280,19340
12893,30204,12926
12894,21639,9274
12895,115259,48849
12896,116424,49341
12897,73081,31018
12898,104134,44046
12899,22966,9832
12900,59318,25179
12901,88197,37354
12902,31244,13369
12903,41257,17612
12904,67298,28572
12905,16454,7082
12906,22857,9781
12907,64270,27278
12908,71846,30499
12909,27147,11614
12910,76182,32310
12911,82145,34862
12912,99319,42026
12913,83278,35353
12914,33543,14388
12915,1845,789
12916,78199,33162
12917,85400,36237
12918,97403,41218
12919,2573,1110
12920,21326,9147
12921,129767,55081
12922,2598,1121
12923,90498,38287
12924,123697,52495
12925,27645,11812
12926,33085,14189
12927,41965,17923
12928,41544,17743
12929,89971,38072
12930,98724,41798
12931,503,212
12932,34811,14913
12933,53398,22705
12934,78397,33244
12935,115500,48962
12936,8466,3671
12937,11927,5152
12938,75813,32158
12939,1961,840
12940,90784,38414
12941,58844,24985
12942,741,314
12943,78337,33216
12944,79043,33499
12945,80756,34261
12946,106084,44886
12947,31031,13286
12948,63239,26846
12949,36220,15493
12950,125376,53236
12951,91372,38688
12952,78926,33454
12953,42033,17949
12954,48470,20668
12955,18365,7895
12956,65249,27713
12957,101098,42794
12958,76691,32504
12959,107108,45343
12960,52402,22305
12961,46679,19893
12962,87283,36997
12963,10922,4736
12964,58292,24759
12965,125790,53405
12966,106378,45015
12967,101372,42900
12968,112074,47479
12969,95846,40544
12970,27659,11819
12971,49401,21053
12972,44855,19160
12973,113672,48176
12974,128279,54464
12975,84191,35727
12976,47197,20136
12977,64590,27417
12978,98252,41589
12979,80386,34076
12980,39780,17001
12981,24490,10480
12982,11166,4836
12983,6624,2922
12984,5397,2352
12985,36059,15434
12986,6344,2793
12987,79830,33835
12988,20634,8850
12989,74386,31562
12990,79527,33714
12991,42545,18178
12992,95882,40563
12993,84239,35746
12994,63820,27093
12995,48946,20866
12996,106001,44850
12997,3427,1513
12998,59367,25206
12999,84846,36004
13000,8249,3575
13001,70756,30046
13002,31165,13335
13003,8894,3847
13004,117626,49855
13005,38036,16282
13006,22357,9569
13007,126964,53919
13008,33990,14568
13009,41256,17611
13010,113895,48263
13011,81041,34389
13012,123279,52291
13013,78932,33458
13014,80548,34161
13015,99313,42025
13016,25579,10943
13017,73991,31392
13018,10429,4515
13019,45101,19256
13020,83988,35655
13021,113655,48167
13022,123882,52579
13023,90849,38442
13024,38510,16484
13025,117291,49705
13026,105504,44642
13027,56532,24037
13028,25525,10915
13029,46490,19811
13030,29876,12784
13031,4258,1863
13032,121409,51483
13033,120417,51059
13034,77789,32975
13035,10411,4507
13036,46405,19785
13037,18444,7922
13038,51749,22052
13039,84663,35924
13040,94557,40024
13041,82091,34837
13042,124303,52773
13043,125247,53176
13044,111636,47272
13045,58171,24699
13046,81385,34529
13047,37926,16236
13048,42923,18330
13049,105628,44694
13050,5565,2414
13051,89728,37969
13052,29422,12580
13053,89397,37841
13054,120885,51267
13055,3045,1338
13056,51580,21973
13057,127210,54013
13058,69494,29504
13059,36571,15645
13060,9841,4257
13061,67422,28634
13062,28038,11992
13063,26397,11290
13064,64899,27553
13065,125821,53417
13066,39187,16756
13067,20353,8720
13068,64252,27271
13069,16919,7284
13070,51792,22072
13071,95131,40274
13072,51199,21812
13073,6086,2666
13074,114507,48513
13075,45482,19413
13076,102520,43380
13077,122617,51994
13078,84656,35918
13079,50802,21647
13080,115502,48963
13081,44917,19185
13082,53146,22597
13083,14186,6115
13084,42554,18180
13085,96798,40966
13086,72935,30960
13087,78739,33370
13088,1510,651
13089,15309,6600
13090,113554,48125
13091,17112,7367
13092,65336,27747
13093,30992,13265
13094,97617,41312
13095,10500,4542
13096,78664,33346
13097,67806,28804
13098,91714,38837
13099,61825,26257
13100,1875,803
13101,96852,40991
13102,23605,10113
13103,26693,11429
13104,128199,54437
13105,52769,22445
13106,82346,34944
13107,119592,50698
13108,1331,570
13109,102266,43270
13110,14785,6368
13111,124708,52948
13112,24641,10553
13113,118051,50044
13114,121049,51327
13115,67929,28861
13116,89790,38000
13117,4069,1790
13118,12524,5406
13119,22072,9445
13120,28836,12319
13121,52050,22161
13122,31873,13645
13123,34922,14963
13124,370,149
13125,29240,12496
13126,35103,15041
13127,90458,38269
13128,117524,49813
13129,30250,12948
13130,38113,16320
13131,107840,45653
13132,8158,3538
13133,94534,40019
13134,122652,52013
13135,83030,35227
13136,58065,24658
13137,26862,11497
13138,66685,28318
13139,101942,43138
13140,44384,18950
13141,12773,5510
13142,59716,25347
13143,63170,26815
13144,32026,13719
13145,94191,39861
13146,37969,16258
13147,1215,510
13148,79798,33826
13149,14874,6410
13150,60726,25778
13151,123599,52448
13152,118674,50307
13153,37067,15860
13154,92371,39105
13155,99961,42301
13156,97065,41082
13157,125116,53120
13158,106326,44990
13159,1402,599
13160,84871,36015
13161,39913,17059
13162,103572,43819
13163,81995,34797
13164,16893,7271
13165,68424,29067
13166,116806,49506
13167,100856,42705
13168,41342,17647
13169,119167,50522
13170,76060,32254
13171,46454,19798
13172,23588,10104
13173,66165,28087
13174,31636,13541
13175,256,115
13176,59715,25346
13177,95924,40580
13178,36538,15630
13179,126391,53661
13180,41959,17919
13181,21415,9180
13182,80321,34045
13183,81492,34576
13184,1032,426
13185,71287,30281
13186,82021,34809
13187,44657,19077
13188,28711,12265
13189,111732,47318
13190,94047,39779
13191,22056,9438
13192,90724,38387
13193,114565,48535
13194,63718,27045
13195,89914,38044
13196,119423,50624
13197,9764,4222
13198,109296,46289
13199,66997,28449
13200,109459,46349
13201,38464,16465
13202,44993,19213
13203,13421,5783
13204,120314,51017
13205,49305,21010
13206,85380,36231
13207,27414,11718
13208,95956,40593
13209,31439,13453
13210,83693,35525
13211,2289,986
13212,41660,17790
13213,83826,35589
13214,72755,30885
13215,90510,38297
13216,100684,42637
13217,6067,2655
13218,28603,12229
13219,68228,28977
13220,54341,23104
13221,73310,31114
13222,121191,51383
13223,35839,15344
13224,91680,38824
13225,103525,43795
13226,69019,29320
13227,20278,8688
13228,66883,28403
13229,99785,42221
13230,45002,19214
13231,127064,53959
13232,76416,32405
13233,56036,23822
13234,30939,13239
13235,66779,28362
13236,63252,26850
13237,122426,51905
13238,106117,44901
13239,82415,34977
13240,89596,37916
13241,83537,35459
13242,100063,42341
13243,123410,52361
13244,77819,32989
13245,38277,16390
13246,117824,49941
13247,118211,50112
13248,111835,47367
13249,34748,14887
13250,123791,52538
13251,22823,9762
13252,106929,45260
13253,38624,16525
13254,95473,40408
13255,108513,45947
13256,80740,34254
13257,20902,8976
13258,44496,19003
13259,24939,10689
13260,37677,16129
13261,4791,2098
13262,68971,29299
13263,35320,15132
13264,760,320
13265,98956,41887
13266,115097,48777
13267,14470,6235
13268,29887,12788
13269,32387,13890
13270,90014,38092
13271,54179,23040
13272,106473,45058
13273,43860,18723
13274,79359,33634
13275,102321,43296
13276,101026,42766
13277,97273,41166
13278,78370,33231
13279,108954,46141
13280,26122,11176
13281,12904,5559
13282,9235,3995
13283,32456,13919
13284,62360,26487
13285,13659,5895
13286,93217,39446
13287,60350,25617
13288,39758,16990
13289,105893,44811
13290,101391,42913
13291,18321,7871
13292,123522,52412
13293,60807,25814
13294,28854,12325
13295,113965,48290
13296,6355,2798
13297,69240,29399
13298,121216,51395
13299,16134,6944
13300,94172,39846
13301,49346,21028
13302,48300,20590
13303,270,119
13304,129141,54822
13305,118548,50254
13306,20775,8919
13307,68195,28964
13308,117146,49653
13309,111504,47217
13310,10194,4406
13311,81246,34464
13312,105071,44459
13313,18414,7911
13314,59152,25112
13315,19682,8439
13316,51541,21963
13317,23608,10116
13318,98854,41840
13319,63681,27029
13320,95484,40413
13321,62681,26616
13322,52957,22529
13323,4528,1983
13324,50053,21351
13325,130254,55285
13326,59475,25248
13327,121437,51496
13328,81498,34579
13329,49870,21264
13330,24597,10530
13331,105010,44428
13332,11470,4967
13333,53770,22866
13334,109534,46377
13335,119945,50862
13336,15088,6505
13337,43765,18682
13338,5444,2368
13339,46903,20000
13340,72624,30829
13341,58631,24895
13342,25948,11115
13343,104828,44357
13344,48409,20643
13345,106386,45020
13346,55327,23521
13347,41017,17520
13348,55662,23665
13349,91611,38787
13350,120585,51142
13351,53772,22867
13352,12060,5209
13353,8737,3773
13354,109372,46319
13355,44244,18887
13356,119913,50847
13357,22459,9608
13358,12795,5519
13359,90513,38299
13360,26226,11215
13361,91004,38512
13362,33359,14306
13363,40043,17106
13364,51011,21733
13365,111828,47363
13366,16846,7249
13367,63916,27132
13368,71817,30489
13369,122301,51858
13370,63305,26871
13371,38961,16650
13372,83748,35548
13373,19449,8326
13374,60185,25553
13375,67494,28662
13376,119079,50480
13377,32337,13872
13378,56068,23835
13379,76141,32292
13380,59136,25103
13381,125169,53137
13382,75609,32074
13383,118281,50149
13384,91454,38728
13385,74088,31430
13386,54798,23297
13387,46747,19918
13388,93497,39565
13389,127969,54337
13390,9989,4317
13391,58928,25016
13392,96463,40813
13393,16783,7222
13394,12040,5199
13395,96121,40665
13396,64669,27448
13397,87012,36890
13398,68058,28910
13399,17530,7533
13400,27564,11777
13401,32958,14129
13402,122608,51987
13403,38950,16646
13404,40425,17259
13405,65738,27909
13406,125662,53358
13407,383,155
13408,1338,575
13409,121414,51485
13410,54477,23161
13411,28765,12289
13412,85981,36490
13413,17471,7511
13414,60074,25507
13415,23526,10069
13416,127524,54142
13417,48958,20872
13418,83618,35495
13419,123764,52525
13420,15042,6483
13421,12945,5577
13422,77468,32829
13423,48197,20541
13424,79818,33831
13425,19686,8440
13426,123088,52207
13427,45960,19601
13428,11364,4931
13429,127817,54274
13430,98681,41780
13431,106046,44873
13432,74473,31599
13433,42008,17938
13434,123205,52259
13435,52901,22504
13436,4775,2093
13437,20034,8578
13438,112919,47877
13439,125655,53353
13440,117793,49930
13441,94121,39820
13442,125462,53277
13443,40848,17453
13444,47447,20224
13445,21027,9018
13446,5255,2295
13447,83394,35404
13448,59149,25110
13449,56731,24119
13450,127221,54020
13451,29895,12793
13452,34569,14804
13453,10499,4541
13454,5706,2485
13455,67471,28655
13456,56190,23885
13457,2187,937
13458,103051,43592
13459,4522,1980
13460,24560,10511
13461,88911,37653
13462,128581,54601
13463,37112,15882
13464,70432,29910
13465,51984,22138
13466,107683,45593
13467,16288,7003
13468,37433,16023
13469,68985,29305
13470,3034,1331
13471,52123,22196
13472,69485,29500
13473,36803,15740
13474,126009,53493
13475,52834,22476
13476,33477,14364
13477,109917,46540
13478,123861,52570
13479,106762,45187
13480,34285,14677
13481,3501,1541
13482,128514,54567
13483,49344,21026
13484,15555,6697
13485,11678,5042
13486,40746,17402
13487,124470,52837
13488,18621,7991
13489,51839,22088
13490,127211,54014
13491,55197,23467
13492,28925,12356
13493,26897,11513
13494,88615,37521
13495,127716,54237
13496,51400,21900
13497,122282,51851
13498,42295,18066
13499,105590,44678
13500,102762,43479
13501,34823,14918
13502,99248,41998
13503,111387,47167
13504,129102,54800
13505,69230,29396
13506,12472,5373
13507,88896,37648
13508,33772,14481
13509,66271,28131
13510,119002,50449
13511,27420,11721
13512,32290,13848
13513,165,76
13514,55602,23639
13515,24659,10558
13516,20510,8800
13517,42602,18200
13518,11272,4885
13519,115719,49065
13520,40727,17395
13521,62125,26391
13522,111823,47360
13523,59523,25268
13524,26625,11399
13525,124952,53051
13526,16563,7128
13527,126755,53825
13528,97252,41157
13529,51654,22008
13530,92951,39352
13531,54848,23318
13532,6320,2781
13533,80298,34033
13534,105099,44468
13535,47828,20377
13536,110076,46611
13537,44210,18871
13538,80815,34288
13539,127888,54299
13540,101146,42818
13541,49968,21314
13542,66411,28191
13543,2294,987
13544,124679,52931
13545,91128,38567
13546,89313,37811
13547,74097,31436
13548,117661,49870
13549,81610,34626
13550,9682,4192
13551,68520,29112
13552,6842,3013
13553,109149,46227
13554,77974,33062
13555,12297,5304
13556,37370,15996
13557,103400,43734
13558,110907,46970
13559,35574,15245
13560,56942,24202
13561,28507,12190
13562,50068,21357
13563,72780,30898
13564,26322,11257
13565,17575,7556
13566,13102,5651
13567,56337,23947
13568,89083,37729
13569,98729,41800
13570,114331,48440
13571,44449,18982
13572,103918,43954
13573,98702,41788
13574,61432,26087
13575,39557,16906
13576,25246,10804
13577,41931,17904
13578,22628,9678
13579,110840,46942
13580,39779,17000
13581,74662,31667
13582,123682,52488
13583,108156,45789
13584,12681,5473
13585,26431,11303
13586,90119,38138
13587,53538,22771
13588,108907,46119
13589,106738,45173
13590,35870,15361
13591,33954,14552
13592,31587,13518
13593,67402,28624
13594,114467,48495
13595,31880,13649
13596,5696,2481
13597,16242,6982
13598,996,410
13599,74893,31762
13600,30663,13110
13601,16349,7033
13602,23299,9972
13603,61161,25961
13604,87405,37043
13605,76085,32266
13606,92652,39228
13607,33162,14224
13608,20251,8676
13609,90037,38102
13610,18742,8042
13611,94291,39910
13612,17600,7568
13613,51025,21740
13614,30750,13151
13615,50135,21379
13616,8262,3580
13617,4498,1974
13618,129684,55044
13619,34452,14753
13620,24627,10548
13621,122464,51926
13622,13108,5655
13623,114917,48697
13624,44565,19036
13625,99324,42028
13626,20441,8759
13627,62202,26422
13628,109737,46470
13629,127203,54011
13630,64800,27506
13631,34628,14832
13632,18406,7906
13633,29142,12453
13634,42960,18345
13635,103926,43956
13636,120784,51226
13637,76128,32285
13638,120435,51068
13639,68891,29263
13640,117000,49590
13641,6759,2979
13642,9929,4292
13643,64224,27262
13644,19353,8293
13645,14482,6240
13646,12130,5233
13647,89677,37946
13648,109627,46418
13649,112552,47712
13650,127503,54133
13651,72122,30621
13652,129517,54971
13653,45551,19438
13654,66896,28410
13655,58785,24964
13656,102852,43513
13657,103120,43625
13658,90574,38328
13659,1517,654
13660,98296,41609
13661,112518,47695
13662,116232,49265
13663,114589,48550
13664,2693,1163
13665,29181,12470
13666,63759,27065
13667,5051,2215
13668,22542,9644
13669,92188,39036
13670,123031,52178
13671,105038,44443
13672,126365,53648
13673,42986,18358
13674,13506,5826
13675,101596,42989
13676,89888,38034
13677,55186,23463
13678,5185,2268
13679,95598,40455
13680,96142,40673
13681,61166,25963
13682,84778,35976
13683,46726,19911
13684,119647,50728
13685,57354,24354
13686,80048,33926
13687,67987,28880
13688,112048,47468
13689,48477,20671
13690,87582,37117
13691,84152,35710
13692,78254,33186
13693,60310,25597
13694,65419,27777
13695,103640,43841
13696,29618,12660
13697,110895,46965
13698,80358,34067
13699,105654,44706
13700,85539,36294
13701,126163,53571
13702,62658,26609
13703,41833,17863
13704,118902,50405
13705,72523,30786
13706,78467,33278
13707,65150,27670
13708,21657,9281
13709,116123,49212
13710,120729,51203
13711,52167,22214
13712,220,102
13713,69206,29391
13714,32610,13979
13715,47819,20372
13716,94622,40052
13717,12241,5280
13718,12221,5272
13719,84991,36068
13720,34782,14898
13721,67911,28854
13722,102251,43266
13723,36366,15555
13724,103882,43941
13725,29224,12491
13726,8978,3880
13727,75802,32151
13728,18331,7877
13729,2344,1014
13730,59126,25100
13731,66904,28413
13732,71887,30521
13733,81291,34485
13734,76001,32229
13735,23789,10195
13736,5345,2327
13737,28395,12139
13738,103649,43843
13739,37008,15831
13740,105938,44834
13741,14382,6200
13742,120563,51132
13743,120412,51057
13744,80613,34192
13745,32140,13777
13746,102595,43402
13747,3248,1420
13748,4405,1934
13749,55812,23727
13750,5383,2345
13751,23551,10081
13752,98201,41571
13753,34780,14897
13754,19296,8267
13755,64907,27558
13756,6245,2746
13757,105350,44577
13758,14897,6423
13759,102976,43562
13760,25016,10714
13761,67838,28819
13762,98900,41860
13763,70958,30138
13764,96398,40779
13765,43745,18673
13766,104127,44041
13767,107450,45494
13768,11296,4895
13769,64829,27519
13770,8846,3825
13771,57556,24455
13772,41789,17844
13773,127642,54197
13774,36679,15690
13775,19464,8332
13776,98155,41552
13777,129999,55173
13778,52807,22462
13779,109361,46315
13780,109505,46364
13781,71625,30415
13782,35279,15115
13783,426,176
13784,114431,48482
13785,64343,27306
13786,22283,9539
13787,80904,34331
13788,21786,9336
13789,75677,32097
13790,68810,29233
13791,12582,5429
13792,39326,16815
13793,45226,19323
13794,52245,22247
13795,38635,16532
13796,121005,51304
13797,26912,11521
13798,109476,46355
13799,57430,24393
13800,35182,15071
13801,10762,4664
13802,96269,40729
13803,60362,25622
13804,102507,43373
13805,29588,12645
13806,91370,38686
13807,75165,31879
13808,46007,19627
13809,124737,52960
13810,84093,35690
13811,101939,43137
13812,108315,45865
13813,114064,48332
13814,58,23
13815,117922,49980
13816,112873,47856
13817,118043,50041
13818,113453,48085
13819,101152,42821
13820,100595,42600
13821,120741,51208
13822,2574,1111
13823,93716,39660
13824,127096,53972
13825,23626,10124
13826,13301,5738
13827,10992,4768
13828,116507,49381
13829,113297,48021
13830,63897,27125
13831,31423,13445
13832,124549,52879
13833,106356,45001
13834,34154,14621
13835,77653,32915
13836,46965,20028
13837,215,99
13838,72371,30722
13839,92338,39095
13840,100218,42420
13841,82643,35072
13842,62,25
13843,13580,5856
13844,30019,12848
13845,16317,7018
13846,88764,37588
13847,32160,13790
13848,91561,38765
13849,46770,19933
13850,124028,52645
13851,28868,12329
13852,129435,54937
13853,70485,29932
13854,90460,38270
13855,82279,34923
13856,40107,17138
13857,5949,2611
13858,87114,36929
13859,76155,32299
13860,12482,5379
13861,30008,12841
13862,86544,36714
13863,97800,41387
13864,44147,18848
13865,12737,5499
13866,107394,45468
13867,121890,51684
13868,119615,50711
13869,112790,47816
13870,61692,26200
13871,75404,31980
13872,2804,1212
13873,93152,39427
13874,128108,54396
13875,51599,21982
13876,39735,16980
13877,116351,49308
13878,87029,36896
13879,60962,25872
13880,98545,41720
13881,128254,54456
13882,96929,41027
13883,70724,30029
13884,97720,41354
13885,74363,31554
13886,61878,26281
13887,86031,36513
13888,24619,10543
13889,94951,40188
13890,50262,21436
13891,65404,27769
13892,129416,54928
13893,118535,50249
13894,53197,22615
13895,893,379
13896,45528,19431
13897,12682,5474
13898,17509,7528
13899,84032,35673
13900,34129,14615
13901,17455,7504
13902,91868,38894
13903,91968,38939
13904,66,28
13905,64504,27385
13906,95353,40357
13907,77682,32931
13908,74267,31515
13909,29715,12709
13910,104796,44345
13911,37563,16083
13912,68840,29243
13913,63258,26853
13914,8714,3762
13915,14514,6249
13916,81323,34499
13917,68052,28909
13918,98659,41769
13919,63802,27086
13920,38898,16621
13921,59655,25318
13922,44772,19126
13923,102415,43333
13924,13340,5754
13925,112511,47693
13926,115872,49123
13927,74310,31532
13928,51385,21889
13929,76953,32606
13930,17523,7532
13931,102412,43331
13932,32381,13888
13933,70904,30111
13934,110507,46794
13935,91542,38758
13936,9809,4240
13937,80849,34300
13938,118364,50185
13939,97681,41338
13940,36009,15414
13941,87747,37176
13942,110168,46643
13943,57416,24386
13944,105581,44674
13945,57718,24508
13946,113956,48287
13947,123227,52270
13948,6755,2976
13949,107360,45457
13950,51881,22104
13951,103453,43755
13952,52850,22482
13953,39449,16859
13954,13485,5816
13955,100205,42413
13956,47063,20075
13957,33910,14535
13958,42483,18151
13959,43499,18586
13960,39775,16996
13961,52771,22446
13962,112798,47817
13963,99214,41986
13964,61845,26267
13965,86692,36770
13966,78002,33077
13967,49653,21158
13968,59971,25462
13969,10154,4389
13970,72974,30975
13971,69523,29516
13972,99359,42043
13973,70151,29790
13974,28622,12235
13975,20468,8778
13976,91379,38692
13977,572,240
13978,127517,54138
13979,33551,14393
13980,71550,30379
13981,34584,14811
13982,86466,36684
13983,57214,24307
13984,5385,2347
13985,107674,45589
13986,9785,4233
13987,119220,50540
13988,43037,18376
13989,122559,51969
13990,79949,33883
13991,123510,52404
13992,104620,44262
13993,64027,27177
13994,99089,41938
13995,125722,53381
13996,83249,35338
13997,124705,52946
13998,100186,42402
13999,37286,15964
14000,56356,23956
14001,44973,19207
14002,71856,30506
14003,22739,9728
14004,62066,26369
14005,125384,53241
14006,99694,42183
14007,53587,22789
14008,30849,13196
14009,120557,51128
14010,117175,49667
14011,38535,16493
14012,43338,18507
14013,50088,21367
14014,72460,30759
14015,33800,14490
14016,103943,43964
14017,127873,54293
14018,4485,1969
14019,90441,38261
14020,7483,3280
14021,23330,9987
14022,130064,55199
14023,9037,3908
14024,89403,37842
14025,22517,9635
14026,102151,43230
14027,128933,54730
14028,114685,48591
14029,86317,36629
14030,93404,39521
14031,112187,47539
14032,54738,23272
14033,29101,12434
14034,74393,31566
14035,42537,18175
14036,56121,23855
14037,13809,5960
14038,73816,31318
14039,4707,2059
14040,123343,52326
14041,68563,29130
14042,79757,33803
14043,4344,1902
14044,102129,43217
14045,111931,47408
14046,27338,11685
14047,4840,2117
14048,28168,12045
14049,42983,18356
14050,13336,5752
14051,89442,37858
14052,38500,16481
14053,11918,5146
14054,15752,6780
14055,88493,37468
14056,26558,11365
14057,64538,27397
14058,98386,41651
14059,22496,9627
14060,91311,38649
14061,55766,23716
14062,3027,1325
14063,102084,43194
14064,28089,12019
14065,50744,21624
14066,96423,40796
14067,115220,48832
14068,66349,28164
14069,102371,43315
14070,49846,21251
14071,73322,31118
14072,88525,37482
14073,5231,2288
14074,83899,35621
14075,21737,9317
14076,92208,39043
14077,88868,37638
14078,103451,43753
14079,80132,33962
14080,16967,7303
14081,78303,33206
14082,72295,30687
14083,3078,1351
14084,76766,32533
14085,109068,46190
14086,68861,29249
14087,37955,16252
14088,15446,6650
14089,125391,53245
14090,82493,35012
14091,70104,29766
14092,57659,24485
14093,57359,24357
14094,102054,43182
14095,111639,47274
14096,27964,11957
14097,20090,8603
14098,48267,20576
14099,38707,16559
14100,63497,26946
14101,37419,16016
14102,112154,47519
14103,90855,38445
14104,126052,53511
14105,14266,6149
14106,69340,29440
14107,17438,7496
14108,24136,10344
14109,79602,33740
14110,91537,38756
14111,90017,38094
14112,121261,51414
14113,55698,23683
14114,68581,29141
14115,104809,44350
14116,29735,12718
14117,120752,51215
14118,110184,46652
14119,71313,30292
14120,111234,47112
14121,56022,23816
14122,129849,55116
14123,54484,23165
14124,61366,26055
14125,79570,33729
14126,80071,33938
14127,1937,829
14128,113713,48195
14129,3622,1594
14130,79299,33607
14131,14686,6331
14132,2716,1172
14133,121512,51532
14134,82715,35106
14135,24690,10569
14136,91390,38698
14137,40953,17490
14138,73636,31248
14139,65343,27748
14140,28439,12165
14141,3725,1632
14142,130049,55191
14143,57179,24295
14144,62654,26607
14145,5855,2560
14146,109439,46342
14147,46681,19894
14148,110306,46702
14149,122266,51847
14150,103937,43962
14151,84835,36001
14152,62154,26403
14153,99210,41984
14154,111998,47445
14155,90337,38219
14156,94777,40115
14157,47861,20391
14158,113474,48092
14159,110012,46583
14160,111089,47051
14161,4864,2133
14162,110233,46671
14163,77549,32870
14164,24898,10671
14165,9960,4304
14166,9489,4104
14167,38588,16509
14168,93956,39749
14169,42402,18117
14170,42963,18346
14171,51349,21872
14172,253,114
14173,14009,6034
14174,91568,38768
14175,42650,18214
14176,53993,22966
14177,44251,18888
14178,117564,49829
14179,76037,32249
14180,78442,33265
14181,92522,39164
14182,74665,31670
14183,124285,52765
14184,67307,28575
14185,124345,52787
14186,91686,38827
14187,22897,9798
14188,54918,23356
14189,51588,21976
14190,93916,39737
14191,103174,43646
14192,68567,29133
14193,65596,27850
14194,73451,31162
14195,126118,53546
14196,74432,31581
14197,39679,16958
14198,17545,7539
14199,39806,17010
14200,1380,591
14201,64874,27544
14202,78647,33336
14203,122334,51870
14204,55840,23739
14205,48277,20579
14206,46531,19830
14207,79569,33728
14208,65943,27998
14209,41950,17914
14210,18788,8060
14211,124444,52828
14212,122419,51901
14213,34906,14955
14214,69102,29350
14215,34529,14789
14216,112808,47821
14217,76939,32602
14218,61998,26338
14219,118845,50379
14220,70647,30002
14221,11338,4915
14222,30321,12975
14223,89210,37780
14224,7130,3135
14225,19359,8295
14226,31280,13385
14227,63985,27158
14228,18205,7823
14229,105571,44667
14230,121242,51404
14231,25153,10766
14232,95728,40500
14233,89919,38047
14234,38072,16301
14235,116718,49470
14236,66160,28083
14237,1965,844
14238,84471,35847
14239,39100,16713
14240,40018,17099
14241,37482,16046
14242,121134,51361
14243,32536,13952
14244,51366,21878
14245,89818,38011
14246,100082,42349
14247,78260,33189
14248,38704,16557
14249,75740,32122
14250,68288,28998
14251,51427,21912
14252,129677,55038
14253,87731,37171
14254,121852,51670
14255,103413,43740
14256,117339,49728
14257,84557,35882
14258,13008,5606
14259,121883,51682
14260,79875,33859
14261,89675,37945
14262,76862,32572
14263,84432,35831
14264,49358,21032
14265,7238,3181
14266,53343,22680
14267,14219,6128
14268,13655,5893
14269,58527,24856
14270,94387,39955
14271,20154,8629
14272,62526,26549
14273,32589,13970
14274,72489,30771
14275,53415,22712
14276,47932,20417
14277,95213,40306
14278,65384,27761
14279,121622,51572
14280,70283,29844
14281,89692,37956
14282,60957,25869
14283,53576,22785
14284,103464,43764
14285,117796,49931
14286,75512,32029
14287,7051,3108
14288,98260,41591
14289,60543,25703
14290,39450,16860
14291,36098,15444
14292,61936,26312
14293,48863,20826
14294,78299,33203
14295,27915,11932
14296,17082,7353
14297,65625,27862
14298,32723,14024
14299,23906,10245
14300,48540,20695
14301,107607,45561
14302,96521,40839
14303,34920,14961
14304,14469,6234
14305,33349,14301
14306,126524,53706
14307,62157,26405
14308,71180,30232
14309,94677,40072
14310,60313,25599
14311,9009,3894
14312,34572,14806
14313,80641,34205
14314,49607,21142
14315,41022,17523
14316,13045,5620
14317,127895,54302
14318,50198,21406
14319,47734,20341
14320,107116,45347
14321,82850,35153
14322,44536,19023
14323,118821,50368
14324,111850,47374
14325,5072,2223
14326,37524,16067
14327,104651,44280
14328,113781,48218
14329,98826,41833
14330,112815,47825
14331,129750,55075
14332,75827,32163
14333,79659,33765
14334,10338,4473
14335,70376,29884
14336,101444,42937
14337,80592,34180
14338,28786,12299
14339,10004,4322
14340,114604,48555
14341,15835,6816
14342,74197,31487
14343,48338,20605
14344,15302,6596
14345,66270,28130
14346,100939,42735
14347,122278,51849
14348,120331,51023
14349,16154,6953
14350,32374,13886
14351,40698,17379
14352,24765,10609
14353,82199,34889
14354,93317,39485
14355,33469,14358
14356,29211,12484
14357,106009,44854
14358,45007,19217
14359,119610,50709
14360,121182,51379
14361,36300,15526
14362,128626,54617
14363,124931,53042
14364,79437,33671
14365,95816,40533
14366,64437,27356
14367,24904,10674
14368,37795,16178
14369,129869,55122
14370,82722,35107
14371,54117,23010
14372,105978,44844
14373,77463,32827
14374,18547,7963
14375,29626,12666
14376,21781,9334
14377,4171,1822
14378,42748,18261
14379,76123,32282
14380,107080,45326
14381,57787,24539
14382,130275,55297
14383,121509,51530
14384,82010,34803
14385,34398,14729
14386,87925,37238
14387,32013,13712
14388,99272,42006
14389,32125,13771
14390,122700,52031
14391,81511,34584
14392,69250,29404
14393,97317,41187
14394,103532,43800
14395,83810,35581
14396,95365,40364
14397,75117,31861
14398,81983,34791
14399,72513,30781
14400,46234,19714
14401,46981,20033
14402,75722,32114
14403,568,239
14404,83069,35245
14405,10687,4632
14406,33618,14427
14407,8220,3564
14408,95791,40523
14409,86178,36572
14410,125673,53361
14411,38559,16499
14412,3884,1702
14413,6602,2913
14414,35131,15053
14415,118637,50290
14416,10396,4498
14417,16218,6976
14418,122954,52148
14419,41497,17721
14420,4207,1835
14421,126460,53685
14422,59950,25453
14423,126050,53509
14424,44282,18903
14425,21055,9032
14426,50510,21532
14427,93265,39467
14428,83101,35260
14429,94523,40013
14430,36903,15787
14431,63691,27032
14432,62374,26493
14433,11718,5065
14434,74257,31510
14435,112939,47885
14436,61643,26175
14437,101645,43015
14438,60693,25762
14439,19628,8414
14440,24595,10529
14441,76845,32567
14442,121103,51348
14443,81224,34454
14444,67155,28515
14445,6142,2697
14446,37794,16177
14447,82178,34877
14448,105467,44631
14449,62130,26394
14450,32879,14092
14451,93717,39661
14452,47609,20290
14453,48577,20713
14454,44530,19020
14455,79601,33739
14456,121498,51525
14457,117086,49624
14458,64272,27279
14459,2506,1083
14460,103962,43969
14461,109271,46281
14462,55904,23766
14463,111730,47316
14464,106459,45050
14465,34338,14704
14466,4650,2035
14467,969,404
14468,1285,542
14469,116285,49280
14470,128500,54558
14471,83293,35362
14472,121085,51340
14473,65687,27888
14474,40841,17449
14475,90845,38440
14476,44680,19088
14477,10473,4530
14478,84721,35953
14479,104268,44104
14480,40965,17496
14481,44302,18913
14482,23093,9884
14483,58435,24820
14484,90273,38194
14485,50191,21403
14486,50949,21711
14487,85876,36452
14488,91756,38854
14489,41629,17776
14490,16588,7140
14491,88571,37500
14492,23114,9896
14493,86526,36706
14494,586,244
14495,33527,14382
14496,41200,17590
14497,75775,32137
14498,36839,15761
14499,75128,31865
14500,46843,19967
14501,112738,47793
14502,75039,31825
14503,62059,26367
14504,121474,51512
14505,124329,52781
14506,5627,2450
14507,118017,50023
14508,126591,53742
14509,89989,38083
14510,7533,3307
14511,54869,23326
14512,36994,15825
14513,61168,25964
14514,45273,19335
14515,21147,9073
14516,29967,12825
14517,22280,9537
14518,117236,49684
14519,45999,19623
14520,50156,21389
14521,29917,12803
14522,66610,28288
14523,32161,13791
14524,84570,35888
14525,62028,26351
14526,51065,21755
14527,91171,38584
14528,37881,16216
14529,54748,23275
14530,94377,39948
14531,7872,3431
14532,122751,52059
14533,59390,25215
14534,122131,51791
14535,38461,16464
14536,69853,29658
14537,81287,34482
14538,63998,27162
14539,60499,25686
14540,35506,15209
14541,90991,38505
14542,25529,10918
14543,80689,34227
14544,64986,27591
14545,68670,29177
14546,2892,1252
14547,77697,32941
14548,100966,42745
14549,12189,5257
14550,39138,16734
14551,129244,54866
14552,63703,27039
14553,39516,16891
14554,67638,28725
14555,119636,50723
14556,101928,43134
14557,128675,54637
14558,99113,41944
14559,6305,2775
14560,129273,54874
14561,97306,41182
14562,67022,28460
14563,10552,4566
14564,24357,10432
14565,20236,8668
14566,74801,31736
14567,957,400
14568,74223,31497
14569,84494,35855
14570,5201,2274
14571,70136,29783
14572,101971,43152
14573,76169,32305
14574,124602,52903
14575,70782,30056
14576,112304,47596
14577,107890,45678
14578,119003,50450
14579,119494,50652
14580,114616,48563
14581,114712,48604
14582,126703,53800
14583,99686,42180
14584,66045,28034
14585,5457,2375
14586,125842,53427
14587,78355,33223
14588,83072,35247
14589,89727,37968
14590,111925,47403
14591,85541,36295
14592,54909,23351
14593,85338,36212
14594,125395,53248
14595,17627,7577
14596,50283,21446
14597,71101,30206
14598,41600,17764
14599,78862,33422
14600,88164,37340
14601,117422,49766
14602,119929,50852
14603,130426,55372
14604,100766,42664
14605,33841,14500
14606,64185,27245
14607,73874,31344
14608,34204,14642
14609,19804,8490
14610,10737,4651
14611,98337,41631
14612,61081,25929
14613,43541,18601
14614,127966,54335
14615,16128,6942
14616,49663,21164
14617,70229,29823
14618,71511,30363
14619,23049,9869
14620,49913,21285
14621,26609,11390
14622,26807,11476
14623,65847,27954
14624,64095,27209
14625,35869,15360
14626,123654,52477
14627,59647,25312
14628,121698,51602
14629,73195,31067
14630,125445,53268
14631,36931,15802
14632,116489,49370
14633,101343,42889
14634,43535,18598
14635,58179,24703
14636,104013,43990
14637,75983,32220
14638,5357,2332
14639,70914,30118
14640,9356,4044
14641,11673,5041
14642,97432,41229
14643,92492,39150
14644,84235,35745
14645,84313,35776
14646,47252,20150
14647,30425,13014
14648,12397,5344
14649,4570,2002
14650,2308,993
14651,23625,10123
14652,94674,40070
14653,37472,16041
14654,39454,16863
14655,121069,51336
14656,111490,47210
14657,91836,38883
14658,10185,4401
14659,14830,6388
14660,18497,7943
14661,35600,15254
14662,110617,46846
14663,32998,14143
14664,104208,44082
14665,129196,54839
14666,16821,7238
14667,125549,53312
14668,105483,44637
14669,101609,42996
14670,67629,28721
14671,121543,51549
14672,59352,25197
14673,58704,24923
14674,26711,11435
14675,45614,19463
14676,40335,17220
14677,8848,3826
14678,90961,38492
14679,43453,18562
14680,128423,54525
14681,28240,12079
14682,1747,753
14683,7763,3388
14684,84095,35692
14685,10060,4352
14686,111727,47313
14687,30295,12966
14688,96788,40963
14689,42669,18227
14690,65407,27770
14691,103154,43636
14692,105211,44512
14693,90372,38231
14694,123071,52198
14695,123969,52621
14696,25024,10718
14697,114605,48556
14698,38840,16601
14699,16012,6896
14700,102679,43439
14701,12952,5581
14702,65424,27780
14703,112227,47559
14704,66846,28391
14705,27719,11847
14706,115853,49118
14707,108024,45736
14708,119510,50660
14709,75865,32176
14710,6310,2777
14711,4657,2038
14712,36244,15501
14713,45142,19277
14714,55860,23746
14715,23140,9907
14716,11896,5135
14717,83212,35314
14718,43762,18681
14719,37018,15836
14720,9753,4218
14721,35088,15035
14722,68497,29100
14723,48046,20461
14724,659,276
14725,39844,17030
14726,110390,46741
14727,107342,45447
14728,94372,39946
14729,13116,5658
14730,60804,25812
14731,46228,19712
14732,80859,34307
14733,35726,15302
14734,40699,17380
14735,32903,14103
14736,21361,9156
14737,58936,25018
14738,57984,24626
14739,16609,7149
14740,109101,46203
14741,116755,49485
14742,79509,33705
14743,82611,35057
14744,23857,10228
14745,100117,42368
14746,25597,10950
14747,81178,34439
14748,53986,22962
14749,85984,36492
14750,59225,25142
14751,59110,25094
14752,104901,44385
14753,56844,24164
14754,27650,11815
14755,23754,10181
14756,63649,27013
14757,6925,3054
14758,75486,32015
14759,3904,1712
14760,109201,46245
14761,124907,53031
14762,39825,17018
14763,86803,36822
14764,98450,41686
14765,10493,4540
14766,63588,26983
14767,7655,3349
14768,121139,51364
14769,8595,3716
14770,53543,22774
14771,101907,43124
14772,128653,54627
14773,130348,55337
14774,10394,4497
14775,127021,53944
14776,93652,39633
14777,99745,42204
14778,50885,21683
14779,116746,49482
14780,19237,8240
14781,95933,40584
14782,14346,6184
14783,68428,29068
14784,88275,37381
14785,109584,46400
14786,84535,35873
14787,53920,22932
14788,83452,35430
14789,29075,12421
14790,108972,46149
14791,84524,35866
14792,48868,20829
14793,123136,52226
14794,63096,26783
14795,5810,2539
14796,1788,772
14797,4002,1759
14798,12753,5505
14799,79280,33599
14800,47966,20432
14801,101852,43103
14802,120029,50892
14803,48948,20868
14804,114791,48639
14805,102258,43268
14806,70733,30032
14807,51873,22099
14808,125672,53360
14809,44111,18832
14810,35855,15352
14811,31246,13371
14812,62466,26527
14813,83199,35307
14814,70780,30055
14815,127646,54200
14816,91583,38773
14817,82688,35090
14818,23887,10237
14819,30045,12859
14820,29043,12406
14821,26797,11470
14822,33675,14449
14823,545,230
14824,124878,53018
14825,117166,49662
14826,117452,49779
14827,5543,2406
14828,75358,31964
14829,63049,26767
14830,74695,31690
14831,43573,18610
14832,16586,7139
14833,125073,53104
14834,58941,25020
14835,125774,53399
14836,117757,49913
14837,3331,1462
14838,60871,25840
14839,69081,29344
14840,40971,17500
14841,23917,10249
14842,121939,51706
14843,58602,24883
14844,99562,42130
14845,15508,6671
14846,55424,23561
14847,46667,19889
14848,39902,17056
14849,52543,22362
14850,97873,41421
14851,37095,15876
14852,28034,11991
14853,31693,13560
14854,3965,1740
14855,9211,3983
14856,35979,15403
14857,12971,5590
14858,2715,1171
14859,80145,33965
14860,77454,32822
14861,76682,32500
14862,71201,30240
14863,43851,18719
14864,129634,55020
14865,33321,14291
14866,39993,17090
14867,57975,24622
14868,41139,17566
14869,19640,8420
14870,1997,859
14871,88049,37287
14872,9713,4205
14873,93965,39751
14874,24608,10536
14875,51528,21956
14876,37767,16164
14877,13429,5787
14878,109273,46282
14879,6778,2985
14880,83756,35551
14881,128264,54459
14882,73679,31267
14883,125237,53170
14884,67818,28809
14885,58835,24980
14886,60609,25728
14887,73235,31084
14888,73519,31191
14889,58399,24806
14890,17195,7397
14891,96465,40815
14892,35187,15075
14893,23637,10130
14894,45135,19273
14895,71771,30471
14896,57988,24629
14897,90023,38096
14898,88880,37643
14899,24270,10390
14900,18056,7761
14901,10961,4753
14902,13069,5633
14903,67599,28710
14904,84214,35735
14905,67458,28651
14906,28170,12047
14907,116607,49416
14908,41390,17671
14909,58625,24893
14910,59604,25297
14911,533,225
14912,88834,37620
14913,58154,24694
14914,60798,25806
14915,8000,3480
14916,59044,25065
14917,33647,14441
14918,47309,20167
14919,56854,24166
14920,9092,3935
14921,14589,6283
14922,99660,42172
14923,105787,44760
14924,625,261
14925,1474,637
14926,33635,14435
14927,76502,32434
14928,94445,39975
14929,76684,32501
14930,115602,49010
14931,18162,7804
14932,126771,53837
14933,62634,26595
14934,64065,27193
14935,117406,49758
14936,114120,48358
14937,66709,28329
14938,23324,9985
14939,111469,47201
14940,68778,29221
14941,58910,25009
14942,119812,50802
14943,73967,31382
14944,86107,36544
14945,93197,39441
14946,71249,30262
14947,80380,34075
14948,111922,47402
14949,70320,29862
14950,34911,14956
14951,16185,6963
14952,59899,25427
14953,130238,55278
14954,84253,35750
14955,43309,18496
14956,48918,20854
14957,37159,15901
14958,73506,31185
14959,23070,9878
14960,68943,29285
14961,127701,54229
14962,123429,52374
14963,67246,28555
14964,124879,53019
14965,118373,50189
14966,10591,4584
14967,61645,26176
14968,105119,44474
14969,43339,18508
14970,82651,35076
14971,118886,50398
14972,119820,50805
14973,57999,24630
14974,18813,8069
14975,35669,15277
14976,28539,12201
14977,120342,51028
14978,83136,35279
14979,70687,30013
14980,72512,30780
14981,16740,7206
14982,126497,53696
14983,104752,44325
14984,76378,32386
14985,56421,23989
14986,107543,45536
14987,129692,55047
14988,61040,25906
14989,73072,31014
14990,2123,915
14991,2894,1253
14992,96283,40733
14993,24119,10334
14994,113892,48261
14995,65227,27704
14996,95561,40439
14997,43829,18709
14998,88233,37367
14999,51353,21873
15000,6275,2760
15001,35560,15237
15002,102217,43255
15003,46953,20022
15004,69867,29662
15005,25286,10824
15006,107046,45311
15007,59312,25178
15008,29342,12541
15009,27082,11592
15010,62239,26434
15011,40272,17197
15012,26172,11195
15013,5160,2258
15014,15874,6833
15015,61359,26052
15016,93310,39483
15017,109564,46392
15018,11359,4928
15019,95503,40420
15020,89726,37967
15021,9286,4010
15022,121957,51716
15023,82768,35127
15024,16499,7099
15025,72504,30776
15026,108291,45852
15027,46912,20004
15028,94597,40043
15029,23508,10062
15030,93337,39495
15031,54263,23072
15032,94126,39824
15033,49445,21073
15034,4277,1871
15035,88441,37454
15036,18623,7992
15037,33327,14294
15038,58666,24908
15039,128034,54361
15040,67747,28775
15041,70644,30000
15042,85648,36350
15043,93793,39686
15044,30097,12880
15045,88380,37428
15046,57410,24382
15047,10203,4410
15048,59664,25322
15049,70714,30024
15050,81263,34470
15051,40360,17234
15052,127478,54124
15053,5182,2266
15054,101154,42822
15055,65917,27985
15056,96274,40731
15057,18129,7791
15058,76727,32516
15059,107319,45438
15060,129188,54836
15061,106538,45089
15062,67106,28493
15063,89172,37765
15064,2261,976
15065,120735,51205
15066,2790,1207
15067,49742,21203
15068,69711,29597
15069,33620,14429
15070,18501,7944
15071,107486,45512
15072,110454,46774
15073,100199,42409
15074,103461,43761
15075,32555,13957
15076,64016,27170
15077,42915,18328
15078,91510,38747
15079,100483,42535
15080,104536,44221
15081,67851,28823
15082,23567,10089
15083,128507,54563
15084,70047,29745
15085,45583,19448
15086,24519,10494
15087,54408,23129
15088,120119,50930
15089,23270,9957
15090,122786,52076
15091,76025,32243
15092,19526,8361
15093,121201,51387
15094,8033,3494
15095,128837,54694
15096,105771,44752
15097,33157,14220
15098,4712,2061
15099,13557,5846
15100,30523,13053
15101,1513,652
15102,62304,26461
15103,66109,28062
15104,96421,40794
15105,45764,19529
15106,77565,32878
15107,36607,15658
15108,101719,43053
15109,72788,30902
15110,83078,35251
15111,41413,17681
15112,93134,39418
15113,90339,38221
15114,103311,43704
15115,120460,51082
15116,88314,37396
15117,6972,3076
15118,125067,53102
15119,52221,22236
15120,82672,35083
15121,52311,22269
15122,98060,41507
15123,65155,27673
15124,82696,35094
15125,102470,43357
15126,12624,5451
15127,16458,7083
15128,123896,52588
15129,117797,49932
15130,100128,42373
15131,66857,28392
15132,102778,43484
15133,102168,43234
15134,103930,43959
15135,117268,49699
15136,84554,35880
15137,49125,20942
15138,85943,36476
15139,59674,25328
15140,2858,1236
15141,48636,20736
15142,30844,13193
15143,12431,5360
15144,5117,2240
15145,122458,51922
15146,44429,18972
15147,14460,6228
15148,102047,43180
15149,40970,17499
15150,33023,14159
15151,106758,45184
15152,68450,29077
15153,117025,49601
15154,31108,13308
15155,23278,9963
15156,113045,47923
15157,37330,15982
15158,48741,20775
15159,36047,15429
15160,129624,55015
15161,51362,21876
15162,18695,8023
15163,125293,53201
15164,93682,39648
15165,76086,32267
15166,118594,50272
15167,76105,32274
15168,31228,13362
15169,18046,7756
15170,91407,38703
15171,70835,30078
15172,87577,37116
15173,21719,9308
15174,116865,49532
15175,8843,3822
15176,88315,37397
15177,116236,49267
15178,114789,48638
15179,29734,12717
15180,63680,27028
15181,122555,51966
15182,26084,11165
15183,3635,1599
15184,5282,2306
15185,54522,23175
15186,58162,24696
15187,122739,52050
15188,129650,55027
15189,91375,38690
15190,49329,21018
15191,86048,36521
15192,113519,48110
15193,34507,14779
15194,81166,34435
15195,27819,11889
15196,76065,32257
15197,89271,37796
15198,91470,38732
15199,47305,20164
15200,126939,53908
15201,19627,8413
15202,107139,45358
15203,113924,48274
15204,37769,16166
15205,125570,53323
15206,66819,28379
15207,105135,44482
15208,11910,5141
15209,78039,33092
15210,93051,39392
15211,53787,22874
15212,87066,36911
15213,45760,19526
15214,74974,31792
15215,114824,48655
15216,52988,22542
15217,12002,5185
15218,36555,15637
15219,14244,6138
15220,2024,870
15221,37226,15933
15222,19538,8367
15223,83097,35258
15224,123554,52430
15225,114831,48659
15226,3617,1592
15227,45126,19268
15228,51153,21791
15229,41907,17892
15230,119509,50659
15231,91478,38737
15232,59937,25448
15233,106440,45040
15234,40158,17159
15235,94245,39886
15236,128347,54489
15237,109767,46478
15238,47451,20225
15239,113244,48000
15240,32145,13779
15241,38621,16524
15242,72380,30726
15243,50563,21551
15244,44256,18889
15245,111436,47188
15246,83721,35535
15247,51102,21769
15248,85072,36098
15249,82958,35201
15250,69003,29315
15251,82821,35146
15252,105857,44793
15253,120754,51216
15254,115450,48937
15255,37970,16259
15256,98584,41735
15257,46321,19746
15258,60900,25848
15259,81155,34428
15260,41187,17586
15261,101209,42846
15262,24937,10688
15263,4558,1996
15264,57750,24522
15265,25994,11133
15266,64415,27345
15267,3037,1333
15268,26988,11554
15269,87662,37148
15270,55174,23457
15271,119851,50819
15272,20444,8762
15273,33144,14218
15274,67352,28601
15275,49532,21109
15276,82340,34942
15277,69408,29467
15278,8764,3782
15279,30966,13250
15280,19170,8213
15281,11773,5087
15282,89553,37895
15283,30641,13101
15284,76952,32605
15285,62846,26680
15286,96847,40988
15287,93557,39598
15288,43767,18683
15289,83804,35578
15290,84892,36023
15291,124201,52730
15292,54927,23359
15293,78047,33095
15294,33850,14504
15295,109659,46433
15296,52524,22355
15297,108965,46145
15298,120490,51097
15299,52152,22208
15300,11153,4832
15301,99867,42260
15302,69825,29645
15303,72303,30691
15304,119590,50697
15305,109620,46415
15306,118028,50031
15307,51681,22019
15308,75621,32079
15309,120683,51181
15310,102136,43223
15311,54975,23377
15312,49134,20948
15313,105433,44615
15314,72665,30850
15315,96908,41018
15316,56609,24064
15317,120990,51300
15318,52926,22513
15319,64073,27199
15320,6323,2783
15321,112989,47900
15322,71251,30263
15323,57522,24435
15324,56401,23978
15325,90918,38473
15326,23934,10256
15327,94612,40048
15328,3611,1590
15329,13048,5623
15330,28634,12239
15331,113357,48045
15332,121251,51407
15333,68166,28955
15334,5934,2603
15335,65042,27620
15336,48096,20491
15337,46584,19851
15338,88680,37547
15339,117956,49996
15340,24618,10542
15341,46316,19743
15342,47152,20117
15343,35623,15262
15344,100242,42432
15345,102428,43338
15346,8161,3540
15347,92269,39064
15348,100352,42477
15349,78852,33416
15350,95644,40471
15351,91848,38886
15352,45677,19486
15353,54188,23043
15354,122504,51942
15355,15539,6690
15356,85567,36308
15357,37941,16243
15358,86227,36591
15359,103302,43699
15360,63095,26782
15361,86199,36582
15362,43692,18656
15363,117519,49810
15364,77685,32934
15365,93415,39528
15366,39840,17026
15367,28741,12280
15368,76927,32599
15369,28705,12262
15370,1949,833
15371,92780,39278
15372,74177,31477
15373,12294,5302
15374,45461,19401
15375,68618,29158
15376,12532,5411
15377,126563,53729
15378,24467,10470
15379,88558,37492
15380,70115,29774
15381,32182,13803
15382,122701,52032
15383,60297,25594
15384,58091,24674
15385,26295,11246
15386,84515,35862
15387,51507,21946
15388,87677,37153
15389,72128,30624
15390,95440,40396
15391,61204,25984
15392,32824,14066
15393,32420,13906
15394,68583,29142
15395,2763,1193
15396,130253,55284
15397,90904,38464
15398,98610,41749
15399,665,279
15400,60805,25813
15401,22928,9815
15402,47153,20118
15403,70968,30143
15404,66149,28079
15405,15310,6601
15406,36788,15734
15407,22305,9548
15408,53755,22859
15409,26462,11317
15410,44112,18833
15411,13391,5771
15412,26763,11458
15413,83600,35486
15414,115674,49047
15415,54361,23119
15416,65179,27679
15417,118138,50081
15418,51276,21843
15419,93506,39572
15420,35235,15096
15421,35781,15321
15422,49402,21054
15423,119427,50625
15424,52958,22530
15425,98650,41766
15426,42417,18127
15427,22142,9480
15428,91356,38676
15429,123708,52498
15430,91887,38906
15431,49821,21242
15432,84434,35832
15433,102005,43165
15434,57366,24361
15435,60461,25663
15436,45169,19293
15437,26816,11480
15438,112783,47811
15439,24562,10513
15440,104596,44252
15441,58732,24937
15442,88669,37543
15443,56729,24118
15444,26726,11440
15445,90613,38341
15446,90959,38490
15447,89160,37760
15448,125519,53299
15449,72820,30916
15450,124441,52826
15451,94383,39952
15452,27655,11817
15453,94574,40033
15454,72623,30828
15455,37497,16054
15456,100940,42736
15457,59021,25055
15458,80398,34081
15459,128841,54695
15460,75416,31987
15461,15301,6595
15462,107971,45714
15463,110526,46803
15464,63485,26940
15465,3452,1524
15466,77702,32943
15467,50267,21440
15468,126681,53790
15469,42715,18249
15470,36988,15823
15471,112679,47767
15472,24873,10655
15473,113634,48160
15474,46294,19733
15475,106472,45057
15476,30181,12915
15477,129126,54815
15478,94932,40178
15479,8493,3677
15480,35570,15243
15481,47985,20437
15482,14873,6409
15483,1081,447
15484,25661,10990
15485,45754,19522
15486,60514,25692
15487,70629,29994
15488,58267,24748
15489,36464,15594
15490,122031,51751
15491,35289,15118
15492,13676,5903
15493,17214,7404
15494,31942,13680
15495,64958,27580
15496,17596,7565
15497,67699,28750
15498,239,108
15499,10455,4525
15500,70699,30021
15501,64386,27326
15502,70309,29857
15503,105582,44675
15504,56967,24215
15505,115013,48747
15506,43761,18680
15507,84462,35843
15508,66562,28263
15509,83475,35439
15510,85057,36091
15511,32439,13914
15512,104271,44106
15513,48746,20777
15514,116440,49348
15515,35708,15292
15516,56903,24188
15517,68653,29174
15518,129681,55042
15519,69449,29482
15520,104718,44311
15521,99062,41926
15522,61136,25949
15523,70287,29845
15524,75406,31981
15525,66724,28335
15526,36196,15482
15527,24603,10534
15528,110226,46667
15529,43414,18546
15530,24540,10503
15531,90892,38458
15532,85029,36078
15533,44949,19197
15534,7842,3416
15535,102503,43371
15536,2303,990
15537,127496,54130
15538,117941,49987
15539,45185,19303
15540,110406,46748
15541,83356,35385
15542,35467,15190
15543,90501,38290
15544,108967,46146
15545,24386,10441
15546,95013,40219
15547,56114,23851
15548,89695,37958
15549,2991,1303
15550,103256,43680
15551,101211,42848
15552,37490,16052
15553,9281,4007
15554,104058,44007
15555,89837,38019
15556,53719,22843
15557,24464,10467
15558,37198,15919
15559,35848,15348
15560,7299,3205
15561,12277,5293
15562,45159,19288
15563,123125,52223
15564,118024,50029
15565,30519,13051
15566,126236,53599
15567,102868,43519
15568,100089,42352
15569,37651,16120
15570,65433,27786
15571,5713,2488
15572,78283,33197
15573,45129,19270
15574,109403,46330
15575,88994,37689
15576,112244,47568
15577,105640,44700
15578,6186,2720
15579,25871,11079
15580,39255,16788
15581,128830,54690
15582,113792,48221
15583,97519,41268
15584,27678,11831
15585,47649,20308
15586,122893,52119
15587,87234,36978
15588,103793,43898
15589,53210,22621
15590,7721,3375
15591,69132,29364
15592,103435,43746
15593,109416,46337
15594,16855,7256
15595,25894,11090
15596,82858,35158
15597,10481,4535
15598,25526,10916
15599,111467,47199
15600,84134,35704
15601,57680,24492
15602,96489,40825
15603,16959,7298
15604,39347,16825
15605,63337,26881
15606,128249,54453
15607,58188,24706
15608,22383,9579
15609,4589,2011
15610,37852,16203
15611,35523,15216
15612,95689,40486
15613,85068,36095
15614,9026,3903
15615,128028,54358
15616,37272,15960
15617,48320,20599
15618,46688,19897
15619,6327,2785
15620,109408,46333
15621,32408,13901
15622,9247,3999
15623,125369,53232
15624,91957,38935
15625,105656,44707
15626,91015,38519
15627,39882,17047
15628,102383,43320
15629,29541,12625
15630,62048,26360
15631,123875,52577
15632,47665,20314
15633,127776,54259
15634,77705,32944
15635,51918,22113
15636,92175,39030
15637,83657,35512
15638,85614,36333
15639,42020,17943
15640,6670,2940
15641,119472,50643
15642,95034,40230
15643,4825,2109
15644,26142,11185
15645,19854,8513
15646,46919,20006
15647,74747,31712
15648,18292,7857
15649,68026,28896
15650,29559,12633
15651,18641,8003
15652,1881,805
15653,72439,30750
15654,55922,23778
15655,103020,43582
15656,111958,47427
15657,114960,48720
15658,111057,47035
15659,5812,2540
15660,125620,53342
15661,41631,17778
15662,17972,7721
15663,53252,22637
15664,106389,45023
15665,24141,10346
15666,117515,49808
15667,107615,45564
15668,116290,49282
15669,63661,27020
15670,112525,47699
15671,56779,24139
15672,126736,53818
15673,16502,7100
15674,3593,1579
15675,66963,28434
15676,128875,54711
15677,125001,53073
15678,29239,12495
15679,58465,24835
15680,86877,36848
15681,44475,18995
15682,122941,52140
15683,58212,24723
15684,116354,49310
15685,94737,40097
15686,126556,53724
15687,119588,50696
15688,77056,32646
15689,41120,17557
15690,4636,2032
15691,2404,1039
15692,65386,27762
15693,117809,49937
15694,48087,20485
15695,94260,39894
15696,81210,34451
15697,81206,34450
15698,50795,21643
15699,61422,26081
15700,75868,32177
15701,110543,46814
15702,35465,15188
15703,75883,32184
15704,25012,10712
15705,93115,39413
15706,31384,13432
15707,105100,44469
15708,44744,19114
15709,64542,27399
15710,40387,17244
15711,50300,21452
15712,126550,53720
15713,50113,21371
15714,6827,3007
15715,95291,40334
15716,42466,18145
15717,86974,36876
15718,55485,23591
15719,22349,9565
15720,120418,51060
15721,37799,16181
15722,17427,7488
15723,2542,1096
15724,11423,4947
15725,89351,37825
15726,67007,28454
15727,44507,19009
15728,115326,48881
15729,7137,3139
15730,60325,25606
15731,62147,26400
15732,87973,37257
15733,94569,40029
15734,51333,21864
15735,75741,32123
15736,42781,18273
15737,18909,8105
15738,26929,11530
15739,40667,17363
15740,105493,44640
15741,64498,27383
15742,84935,36040
15743,62803,26661
15744,101681,43028
15745,23009,9850
15746,101256,42868
15747,98502,41705
15748,84367,35800
15749,55335,23524
15750,71889,30522
15751,96509,40835
15752,53985,22961
15753,62557,26561
15754,127013,53940
15755,54123,23012
15756,5516,2393
15757,86971,36874
15758,65714,27900
15759,40475,17279
15760,24165,10354
15761,106517,45079
15762,110654,46861
15763,92845,39308
15764,1657,713
15765,69947,29699
15766,42654,18217
15767,66499,28231
15768,70688,30014
15769,16755,7211
15770,100482,42534
15771,105426,44612
15772,97204,41140
15773,68533,29116
15774,59773,25371
15775,17099,7360
15776,75550,32048
15777,8878,3838
15778,58957,25029
15779,93412,39526
15780,6486,2868
15781,122482,51934
15782,57502,24426
15783,91343,38670
15784,47833,20380
15785,97590,41302
15786,92053,38976
15787,1785,769
15788,32540,13953
15789,63609,26996
15790,24723,10586
15791,115204,48827
15792,106646,45131
15793,4233,1848
15794,80899,34328
15795,37974,16262
15796,44336,18931
15797,2951,1279
15798,49624,21147
15799,5188,2270
15800,86457,36680
15801,35727,15303
15802,39685,16961
15803,106077,44883
15804,127762,54251
15805,108021,45734
15806,37971,16260
15807,56198,23889
15808,86603,36735
15809,84764,35972
15810,40271,17196
15811,93853,39708
15812,116397,49329
15813,86289,36617
15814,73850,31337
15815,15513,6674
15816,88328,37405
15817,29582,12643
15818,127000,53936
15819,5164,2259
15820,70438,29914
15821,126374,53653
15822,55135,23435
15823,30258,12950
15824,30632,13096
15825,59997,25476
15826,19499,8349
15827,64078,27202
15828,103549,43808
15829,26924,11526
15830,73577,31218
15831,47707,20330
15832,61244,26004
15833,106242,44955
15834,80954,34354
15835,26692,11428
15836,106610,45116
15837,8145,3535
15838,11323,4908
15839,116139,49218
15840,94676,40071
15841,75051,31831
15842,123399,52356
15843,119874,50828
15844,5418,2359
15845,117153,49657
15846,117813,49938
15847,106148,44917
15848,111624,47266
15849,97783,41377
15850,107773,45626
15851,41612,17768
15852,15134,6521
15853,103386,43731
15854,27150,11616
15855,55158,23447
15856,129285,54880
15857,7360,3234
15858,14987,6458
15859,9913,4284
15860,79139,33540
15861,80575,34173
15862,40982,17507
15863,1705,736
15864,7444,3268
15865,23919,10250
15866,86434,36675
15867,78477,33280
15868,124140,52704
15869,4938,2164
15870,114756,48623
15871,77719,32949
15872,97835,41402
15873,45084,19249
15874,108266,45844
15875,109580,46398
15876,17412,7480
15877,95302,40338
15878,129724,55063
15879,59837,25400
15880,32037,13726
15881,9394,4061
15882,37024,15839
15883,50317,21458
15884,40892,17465
15885,20527,8807
15886,16397,7054
15887,98695,41785
15888,3897,1708
15889,52289,22261
15890,108233,45829
15891,83638,35504
15892,23818,10210
15893,21199,9095
15894,107018,45300
15895,72484,30767
15896,59885,25419
15897,17598,7566
15898,14555,6268
15899,59638,25308
15900,115384,48909
15901,44502,19006
15902,124347,52789
15903,41415,17682
15904,90182,38160
15905,27808,11885
15906,126724,53811
15907,11884,5131
15908,96424,40797
15909,69349,29442
15910,66802,28372
15911,30611,13090
15912,82896,35174
15913,11326,4909
15914,80378,34074
15915,29290,12518
15916,50001,21329
15917,15907,6848
15918,129300,54885
15919,45858,19567
15920,42254,18048
15921,75913,32195
15922,53726,22844
15923,1551,669
15924,70335,29865
15925,63717,27044
15926,22906,9804
15927,36337,15546
15928,22043,9434
15929,14639,6305
15930,56698,24105
15931,28351,12121
15932,101996,43160
15933,32572,13964
15934,53428,22720
15935,110817,46932
15936,46732,19914
15937,121394,51475
15938,56478,24013
15939,83424,35417
15940,115456,48941
15941,113063,47929
15942,10969,4756
15943,7664,3356
15944,89318,37815
15945,87967,37255
15946,13083,5641
15947,110089,46617
15948,94223,39876
15949,33568,14402
15950,6584,2907
15951,106251,44960
15952,124394,52805
15953,63489,26943
15954,128170,54420
15955,109265,46279
15956,115129,48794
15957,33880,14519
15958,67389,28618
15959,94306,39917
15960,91667,38818
15961,16087,6924
15962,41140,17567
15963,33261,14264
15964,96601,40873
15965,54348,23110
15966,24979,10704
15967,59946,25451
15968,122638,52004
15969,62246,26437
15970,107584,45557
15971,70566,29972
15972,22373,9575
15973,29345,12542
15974,72177,30644
15975,108976,46151
15976,122433,51908
15977,56504,24023
15978,47964,20430
15979,44939,19189
15980,46341,19758
15981,46827,19959
15982,1668,719
15983,18158,7803
15984,6530,2889
15985,91911,38918
15986,76514,32440
15987,77061,32648
15988,119948,50863
15989,100234,42427
15990,59004,25049
15991,60469,25669
15992,121966,51720
15993,68170,28957
15994,13140,5667
15995,110647,46857
15996,38629,16529
15997,63134,26804
15998,20648,8856
15999,45913,19583
16000,103440,43749
16001,110088,46616
16002,84098,35693
16003,120625,51157
16004,39870,17042
16005,95539,40434
16006,122358,51881
16007,41203,17592
16008,65480,27808
16009,62587,26573
16010,54762,23279
16011,10024,4334
16012,48820,20804
16013,9853,4262
16014,53686,22828
16015,75428,31993
16016,125179,53142
16017,41295,17631
16018,125703,53374
16019,1312,558
16020,91168,38582
16021,65518,27824
16022,75952,32208
16023,115737,49069
16024,76696,32507
16025,109037,46176
16026,115903,49132
16027,66476,28217
16028,9780,4231
16029,2823,1217
16030,77878,33017
16031,73216,31074
16032,113420,48072
16033,129809,55103
16034,80702,34234
16035,41466,17705
16036,24193,10369
16037,9417,4074
16038,6956,3067
16039,87841,37216
16040,79654,33762
16041,13482,5815
16042,55617,23645
16043,60337,25611
16044,121947,51712
16045,108303,45858
16046,6333,2789
16047,59653,25317
16048,115912,49134
16049,117620,49853
16050,100809,42684
16051,127943,54325
16052,20127,8618
16053,94160,39840
16054,96177,40683
16055,14195,6120
16056,45549,19437
16057,75894,32188
16058,39125,16727
16059,97939,41452
16060,2168,930
16061,111849,47373
16062,75785,32142
16063,35864,15356
16064,462,193
16065,51808,22076
16066,43879,18730
16067,61381,26062
16068,45969,19608
16069,104396,44160
16070,77688,32935
16071,52816,22467
16072,99543,42120
16073,103402,43736
16074,89763,37986
16075,109090,46200
16076,99698,42186
16077,63391,26901
16078,55126,23432
16079,110554,46816
16080,50293,21448
16081,43672,18648
16082,118063,50048
16083,108149,45787
16084,25793,11051
16085,40490,17284
16086,63000,26749
16087,108201,45809
16088,2519,1085
16089,118652,50296
16090,33786,14485
16091,61851,26271
16092,34528,14788
16093,108770,46061
16094,115374,48904
16095,60938,25864
16096,19453,8328
16097,90815,38428
16098,21919,9387
16099,21457,9201
16100,4610,2017
16101,118839,50376
16102,41553,17745
16103,109247,46272
16104,108290,45851
16105,25392,10866
16106,119087,50483
16107,26621,11397
16108,75132,31868
16109,60672,25755
16110,61233,26000
16111,17761,7630
16112,96781,40960
16113,107544,45537
16114,103118,43623
16115,81505,34583
16116,110384,46738
16117,10079,4361
16118,75111,31860
16119,130090,55209
16120,112719,47787
16121,13237,5711
16122,95999,40613
16123,109644,46427
16124,83861,35608
16125,101914,43128
16126,97225,41147
16127,73542,31201
16128,63575,26978
16129,91513,38748
16130,926,391
16131,110305,46701
16132,111544,47231
16133,8671,3740
16134,13858,5982
16135,68293,29002
16136,14941,6438
16137,78191,33159
16138,108865,46097
16139,95355,40359
16140,17534,7534
16141,93094,39405
16142,73208,31072
16143,37962,16254
16144,2124,916
16145,94970,40197
16146,11904,5139
16147,37718,16146
16148,96984,41050
16149,12909,5561
16150,72588,30811
16151,67679,28742
16152,77267,32741
16153,10806,4681
16154,62267,26447
16155,95156,40283
16156,103636,43840
16157,56366,23962
16158,108264,45842
16159,71383,30316
16160,123030,52177
16161,19590,8394
16162,90496,38285
16163,61129,25947
16164,130394,55359
16165,43017,18367
16166,81808,34716
16167,44077,18814
16168,6942,3061
16169,47111,20098
16170,119724,50766
16171,117856,49956
16172,61367,26056
16173,92893,39328
16174,40296,17204
16175,85015,36076
16176,65875,27967
16177,52159,22211
16178,90108,38133
16179,12785,5513
16180,73218,31076
16181,115685,49052
16182,3875,1696
16183,64540,27398
16184,55143,23440
16185,1569,678
16186,91003,38511
16187,60308,25595
16188,1847,790
16189,2085,899
16190,123196,52255
16191,57186,24299
16192,58327,24772
16193,78250,33185
16194,10224,4416
16195,7723,3377
16196,56296,23928
16197,37793,16176
16198,11712,5063
16199,85632,36343
16200,76478,32426
16201,15858,6825
16202,99577,42140
16203,56418,23987
16204,85777,36405
16205,40236,17189
16206,122975,52153
16207,6830,3009
16208,62536,26553
16209,120845,51250
16210,127667,54212
16211,100423,42508
16212,56867,24172
16213,98627,41757
16214,77097,32664
16215,95412,40381
16216,22231,9517
16217,24647,10556
16218,64569,27411
16219,16179,6961
16220,52671,22412
16221,122911,52126
16222,58841,24983
16223,115278,48858
16224,1368,586
16225,16523,7107
16226,82961,35202
16227,13817,5964
16228,82555,35038
16229,27008,11563
16230,107499,45518
16231,97186,41133
16232,102210,43252
16233,39023,16671
16234,34517,14782
16235,84521,35864
16236,87440,37059
16237,2466,1070
16238,14177,6110
16239,129575,54994
16240,30278,12958
16241,68992,29310
16242,49438,21071
16243,70387,29890
16244,110432,46762
16245,67251,28556
16246,115434,48930
16247,106167,44925
16248,39511,16888
16249,51492,21940
16250,6114,2681
16251,53997,22968
16252,126399,53664
16253,65736,27908
16254,50018,21338
16255,56821,24155
16256,125555,53316
16257,110586,46830
16258,63488,26942
16259,124608,52907
16260,5049,2213
16261,119059,50473
16262,72987,30980
16263,48612,20724
16264,104678,44291
16265,63404,26907
16266,41878,17882
16267,52241,22245
16268,95661,40476
16269,44574,19042
16270,98864,41846
16271,101620,43002
16272,2865,1238
16273,35945,15389
16274,85111,36110
16275,82553,35036
16276,46662,19886
16277,70462,29925
16278,75698,32106
16279,41126,17561
16280,63107,26789
16281,19256,8248
16282,43402,18542
16283,120225,50982
16284,14977,6454
16285,73847,31335
16286,40174,17167
16287,102102,43202
16288,49803,21233
16289,30476,13038
16290,109908,46535
16291,88238,37369
16292,70072,29753
16293,56883,24180
16294,84489,35853
16295,16184,6962
16296,129564,54989
16297,3781,1657
16298,41204,17593
16299,22310,9551
16300,104833,44360
16301,88224,37362
16302,25292,10827
16303,94630,40055
16304,70113,29772
16305,37906,16227
16306,111833,47365
16307,97945,41454
16308,45215,19316
16309,76519,32444
16310,46652,19880
16311,92593,39198
16312,9204,3981
16313,63157,26813
16314,61935,26311
16315,7033,3104
16316,97646,41325
16317,1419,609
16318,30503,13044
16319,106442,45042
16320,129394,54916
16321,107999,45724
16322,36234,15495
16323,83572,35477
16324,24135,10343
16325,104174,44063
16326,124082,52670
16327,20147,8626
16328,82218,34900
16329,57621,24473
16330,60428,25648
16331,97312,41184
16332,42078,17972
16333,104875,44375
16334,84317,35779
16335,121076,51337
16336,32210,13818
16337,3428,1514
16338,34586,14813
16339,90517,38302
16340,28017,11983
16341,2725,1176
16342,128422,54524
16343,81822,34720
16344,45842,19562
16345,5768,2514
16346,19597,8398
16347,26440,11307
16348,30669,13113
16349,47930,20415
16350,105402,44599
16351,53259,22640
16352,1882,806
16353,63154,26811
16354,35455,15184
16355,30741,13148
16356,81020,34381
16357,30065,12868
16358,76319,32365
16359,62559,26563
16360,79328,33621
16361,55883,23753
16362,48229,20558
16363,99489,42095
16364,68277,28995
16365,78433,33259
16366,105865,44798
16367,89024,37704
16368,47254,20151
16369,30839,13191
16370,29121,12445
16371,21704,9299
16372,6225,2739
16373,17796,7648
16374,37243,15945
16375,119122,50504
16376,100631,42619
16377,49592,21135
16378,99834,42246
16379,51345,21870
16380,103101,43615
16381,38592,16511
16382,45173,19296
16383,11777,5089
16384,19592,8396
16385,78110,33124
16386,49513,21102
16387,96857,40994
16388,117773,49918
16389,101648,43016
16390,86126,36551
16391,108376,45891
16392,25877,11082
16393,96469,40818
16394,97585,41300
16395,33452,14350
16396,49703,21185
16397,32063,13742
16398,59470,25247
16399,55902,23764
16400,24725,10588
16401,43293,18492
16402,79883,33863
16403,44677,19086
16404,70009,29727
16405,125724,53382
16406,116441,49349
16407,29949,12816
16408,123762,52524
16409,74787,31731
16410,85946,36477
16411,100832,42695
16412,59665,25323
16413,105710,44730
16414,39045,16681
16415,46876,19988
16416,70156,29793
16417,62616,26584
16418,54842,23315
16419,80147,33966
16420,34393,14727
16421,90106,38132
16422,69151,29371
16423,120776,51224
16424,79871,33856
16425,82582,35049
16426,113330,48035
16427,125739,53388
16428,24501,10486
16429,86103,36542
16430,10027,4337
16431,106368,45008
16432,72874,30936
16433,80108,33951
16434,86352,36642
16435,108689,46025
16436,125209,53156
16437,20298,8697
16438,63571,26975
16439,22795,9753
16440,97156,41126
16441,104357,44144
16442,3881,1700
16443,121784,51636
16444,73191,31065
16445,109012,46165
16446,89071,37726
16447,107338,45446
16448,46590,19855
16449,69800,29634
16450,79308,33612
16451,39492,16879
16452,32434,13912
16453,15822,6808
16454,49861,21259
16455,110541,46812
16456,112834,47835
16457,67450,28645
16458,9755,4220
16459,13749,5934
16460,66484,28223
16461,116914,49553
16462,96571,40859
16463,124023,52643
16464,110888,46962
16465,72719,30873
16466,10118,4374
16467,50473,21519
16468,129052,54778
16469,73147,31046
16470,53416,22713
16471,46533,19832
16472,24111,10329
16473,110062,46604
16474,112563,47719
16475,105949,44836
16476,24314,10409
16477,91323,38656
16478,121568,51557
16479,24886,10663
16480,78675,33352
16481,130108,55217
16482,21788,9337
16483,90308,38208
16484,80401,34083
16485,124422,52816
16486,82552,35035
16487,10629,4604
16488,88802,37606
16489,65772,27923
16490,98161,41556
16491,55537,23614
16492,108579,45977
16493,52552,22367
16494,100882,42718
16495,112114,47499
16496,48826,20808
16497,121517,51536
16498,58832,24978
16499,57305,24339
16500,24070,10311
16501,882,375
16502,117442,49772
16503,11357,4926
16504,108350,45882
16505,95488,40414
16506,94914,40171
16507,33001,14145
16508,112701,47779
16509,91268,38634
16510,35173,15067
16511,6735,2966
16512,126836,53865
16513,17884,7684
16514,101773,43072
16515,112006,47448
16516,71244,30259
16517,123878,52578
16518,18817,8071
16519,125520,53300
16520,54784,23290
16521,38687,16548
16522,75630,32083
16523,87607,37129
16524,87783,37190
16525,9415,4073
16526,98280,41601
16527,97094,41095
16528,35488,15200
16529,105246,44532
16530,28632,12238
16531,70734,30033
16532,113214,47988
16533,54802,23299
16534,122989,52159
16535,124098,52680
16536,15360,6618
16537,21390,9170
16538,79742,33798
16539,129222,54854
16540,49642,21151
16541,118912,50411
16542,80472,34122
16543,2609,1128
16544,65848,27955
16545,93141,39421
16546,127997,54348
16547,116404,49334
16548,103129,43629
16549,50446,21506
16550,76254,32343
16551,11350,4923
16552,107387,45465
16553,106680,45146
16554,124438,52824
16555,107423,45484
16556,14657,6314
16557,114452,48490
16558,109112,46207
16559,76449,32416
16560,36441,15584
16561,109022,46169
16562,65509,27820
16563,72494,30772
16564,57818,24554
16565,117939,49986
16566,127765,54254
16567,14625,6295
16568,114375,48458
16569,123931,52604
16570,16713,7192
16571,7382,3243
16572,9949,4298
16573,76215,32330
16574,46930,20012
16575,92322,39088
16576,129500,54962
16577,30546,13062
16578,91250,38622
16579,44926,19187
16580,52965,22533
16581,64832,27520
16582,55334,23523
16583,116005,49167
16584,27873,11912
16585,51320,21856
16586,81304,34491
16587,33050,14173
16588,103780,43893
16589,96389,40773
16590,87637,37138
16591,46184,19694
16592,98617,41753
16593,104186,44069
16594,90417,38255
16595,75957,32211
16596,70839,30081
16597,103221,43667
16598,109228,46261
16599,25868,11077
16600,53958,22949
16601,3345,1470
16602,88016,37276
16603,3728,1634
16604,17349,7449
16605,103383,43728
16606,17317,7436
16607,60547,25707
16608,22210,9508
16609,41893,17887
16610,129248,54868
16611,91624,38795
