role_rank0,csv_row_index0,working_index0
0,28784,12298
1,67616,28716
2,36156,15466
3,65900,27978
4,27519,11765
5,49831,21246
6,88598,37511
7,14293,6163
8,95878,40559
9,11462,4965
10,80786,34279
11,120202,50972
12,117668,49874
13,41222,17601
14,2535,1093
15,93236,39456
16,95431,40389
17,90729,38388
18,9413,4072
19,88421,37444
20,40220,17184
21,123081,52204
22,63617,26999
23,1757,757
24,72751,30884
25,20828,8939
26,12043,5200
27,78772,33381
28,26272,11235
29,86430,36673
30,25871,11079
31,35586,15250
32,32601,13975
33,20096,8606
34,94242,39884
35,56609,24064
36,23300,9973
37,110383,46737
38,19141,8198
39,119447,50633
40,62925,26719
41,111549,47232
42,53041,22560
43,57411,24383
44,116997,49588
45,77340,32770
46,46423,19790
47,12973,5591
48,75234,31909
49,80097,33946
50,93035,39385
51,6437,2841
52,16516,7106
53,97796,41384
54,60442,25653
55,114203,48393
56,36816,15745
57,23392,10014
58,51299,21849
59,28011,11978
60,50887,21685
61,108785,46065
62,2091,900
63,53521,22763
64,101964,43148
65,46066,19648
66,21334,9149
67,65123,27659
68,19979,8562
69,43169,18430
70,119676,50743
71,44956,19200
72,64002,27165
73,55038,23404
74,26442,11308
75,68908,29270
76,44770,19125
77,8192,3556
78,1052,437
79,3980,1748
80,95561,40439
81,74872,31755
82,84095,35692
83,43286,18489
84,31197,13346
85,15160,6533
86,120760,51218
87,66831,28383
88,38507,16483
89,21147,9073
90,104678,44291
91,117403,49755
92,126975,53923
93,42402,18117
94,96612,40878
95,53198,22616
96,33870,14515
97,124525,52865
98,34784,14899
99,67414,28630
100,109333,46301
101,9489,4104
102,3655,1603
103,73670,31264
104,29466,12597
105,105620,44690
106,32299,13852
107,59057,25069
108,70458,29923
109,21365,9160
110,58724,24931
111,46167,19691
112,24535,10501
113,123205,52259
114,42897,18319
115,116404,49334
116,56415,23985
117,129470,54951
118,31267,13382
119,34414,14737
120,66160,28083
121,57239,24318
122,34795,14904
123,65480,27808
124,116422,49339
125,128037,54363
126,21599,9259
127,107248,45406
128,58419,24813
129,108278,45847
130,126828,53862
131,14347,6185
132,46613,19862
133,4354,1907
134,87300,37006
135,120656,51170
136,120555,51126
137,83072,35247
138,79600,33738
139,100074,42344
140,41275,17621
141,9388,4058
142,113683,48181
143,34403,14732
144,12724,5492
145,94177,39850
146,107096,45337
147,35825,15340
148,57220,24309
149,30709,13134
150,75834,32165
151,26860,11496
152,35050,15018
153,125889,53445
154,33162,14224
155,36931,15802
156,75059,31835
157,60031,25489
158,23509,10063
159,10250,4432
160,19049,8156
161,50008,21331
162,26226,11215
163,65933,27993
164,60326,25607
165,21692,9296
166,32924,14113
167,105385,44592
168,1645,705
169,43017,18367
170,8574,3701
171,31567,13509
172,20443,8761
173,85948,36479
174,59112,25095
175,54467,23156
176,32875,14090
177,44716,19100
178,114479,48502
179,26358,11275
180,6562,2900
181,19633,8417
182,86731,36791
183,117857,49957
184,101837,43097
185,103365,43721
186,4438,1949
187,49536,21111
188,67576,28698
189,58970,25034
190,31284,13387
191,66582,28276
192,57365,24360
193,82346,34944
194,18685,8021
195,107049,45313
196,24775,10614
197,130317,55324
198,34575,14807
199,97437,41230
200,6673,2942
201,80161,33971
202,84727,35956
203,23660,10142
204,39120,16724
205,92997,39367
206,64197,27251
207,42654,18217
208,109904,46532
209,91998,38949
210,30953,13246
211,56205,23892
212,123531,52417
213,129343,54897
214,10149,4386
215,106618,45120
216,90960,38491
217,116669,49446
218,108473,45932
219,48294,20587
220,46197,19698
221,92710,39249
222,129665,55033
223,109112,46207
224,97557,41286
225,77606,32894
226,22030,9427
227,41144,17569
228,126386,53657
229,78517,33296
230,40323,17215
231,66088,28054
232,104647,44276
233,102878,43526
234,1177,491
235,94421,39969
236,38338,16415
237,68673,29179
238,25480,10902
239,41747,17829
240,1161,485
241,126050,53509
242,6093,2669
243,44680,19088
244,126356,53643
245,102845,43511
246,125390,53244
247,73261,31097
248,80006,33910
249,47439,20221
250,109340,46305
251,48320,20599
252,91266,38632
253,38704,16557
254,104163,44059
255,88723,37570
256,16931,7286
257,115052,48761
258,88165,37341
259,82349,34946
260,45750,19519
261,104638,44272
262,69714,29599
263,91502,38745
264,97296,41177
265,82153,34865
266,33342,14299
267,51496,21941
268,98359,41639
269,95310,40343
270,78669,33350
271,48900,20845
272,69531,29522
273,112039,47464
274,97939,41452
275,5543,2406
276,17075,7350
277,55064,23414
278,121273,51421
279,96999,41058
280,66543,28256
281,41727,17821
282,61727,26218
283,102425,43336
284,14827,6386
285,78963,33471
286,23010,9851
287,38632,16530
288,115519,48971
289,128859,54702
290,128545,54584
291,88706,37560
292,6219,2736
293,88267,37377
294,19350,8292
295,117551,49826
296,113271,48011
297,69972,29709
298,61835,26261
299,98869,41849
300,88498,37470
301,81657,34649
302,34029,14581
303,11590,5011
304,29240,12496
305,34358,14711
306,120589,51144
307,127082,53966
308,93497,39565
309,5694,2480
310,97903,41434
311,88464,37458
312,54911,23352
313,94982,40203
314,80696,34230
315,111958,47427
316,83680,35521
317,122484,51935
318,14169,6104
319,76597,32476
320,72181,30646
321,118661,50302
322,30840,13192
323,506,214
324,3900,1710
325,105873,44800
326,22907,9805
327,65782,27928
328,128978,54747
329,90106,38132
330,47093,20090
331,82858,35158
332,88992,37687
333,54302,23091
334,50472,21518
335,91179,38588
336,26273,11236
337,26971,11547
338,2036,875
339,103248,43678
340,12585,5431
341,28479,12183
342,32025,13718
343,22935,9819
344,111969,47433
345,103176,43647
346,53649,22812
347,39934,17067
348,22929,9816
349,57794,24541
350,23843,10222
351,6892,3034
352,89517,37883
353,18565,7971
354,94687,40078
355,99899,42278
356,70867,30096
357,80477,34125
358,66331,28154
359,50859,21670
360,104459,44189
361,3739,1639
362,125716,53379
363,52864,22490
364,107412,45477
365,12596,5436
366,41628,17775
367,4970,2180
368,66752,28351
369,42677,18231
370,124465,52836
371,64878,27545
372,70031,29737
373,80075,33939
374,85243,36168
375,115308,48874
376,61218,25991
377,31506,13485
378,21446,9193
379,110735,46901
380,123026,52176
381,52132,22201
382,35649,15271
383,5880,2573
384,5012,2198
385,125519,53299
386,62130,26394
387,21770,9330
388,26807,11476
389,31288,13388
390,117725,49896
391,97497,41260
392,85295,36193
393,101167,42828
394,78319,33209
395,51306,21851
396,26532,11352
397,29876,12784
398,28247,12082
399,53919,22931
400,119087,50483
401,39168,16751
402,85513,36281
403,24105,10327
404,8421,3645
405,54766,23281
406,15446,6650
407,37069,15862
408,27956,11951
409,109666,46436
410,55145,23441
411,77004,32623
412,96392,40774
413,88330,37406
414,117384,49748
415,95048,40235
416,30707,13132
417,88969,37679
418,73638,31249
419,80724,34245
420,96104,40660
421,79403,33656
422,43573,18610
423,126523,53705
424,43592,18615
425,58557,24867
426,36579,15647
427,31765,13591
428,58230,24732
429,49413,21060
430,80732,34248
431,122259,51844
432,100921,42727
433,88195,37353
434,1055,438
435,1964,843
436,109891,46527
437,113829,48233
438,93717,39661
439,12856,5540
440,63941,27146
441,81248,34465
442,93474,39554
443,9951,4299
444,87814,37205
445,102428,43338
446,69976,29710
447,35983,15405
448,20755,8909
449,106609,45115
450,53249,22635
451,104608,44256
452,104086,44022
453,61547,26134
454,68024,28895
455,25037,10722
456,60602,25726
457,108544,45961
458,76145,32293
459,80304,34035
460,18373,7896
461,74502,31610
462,58420,24814
463,32444,13916
464,73866,31342
465,24694,10572
466,92739,39263
467,30579,13078
468,27398,11711
469,10602,4589
470,52347,22289
471,7209,3170
472,117117,49639
473,63999,27163
474,10232,4420
475,689,292
476,93872,39720
477,33189,14233
478,60431,25649
479,75767,32133
480,93756,39675
481,120620,51156
482,97723,41356
483,75823,32161
484,94401,39960
485,102306,43287
486,101380,42908
487,52152,22208
488,27620,11797
489,26149,11187
490,59539,25275
491,6920,3051
492,20345,8715
493,15283,6585
494,93365,39505
495,28984,12381
496,123372,52339
497,21409,9178
498,77188,32701
499,22696,9710
500,65060,27630
501,103201,43657
502,26318,11256
503,49146,20954
504,34939,14971
505,34228,14652
506,39925,17065
507,13499,5824
508,26505,11337
509,50617,21574
510,74866,31752
511,89251,37790
512,3772,1653
513,56675,24093
514,6067,2655
515,116652,49440
516,72739,30878
517,62407,26507
518,61466,26103
519,85803,36417
520,42069,17966
521,2101,906
522,114870,48679
523,4264,1865
524,18781,8056
525,125809,53411
526,88692,37552
527,26032,11148
528,72394,30733
529,102206,43250
530,102413,43332
531,13261,5722
532,21537,9232
533,30427,13016
534,49607,21142
535,1641,703
536,37159,15901
537,6192,2723
538,8374,3625
539,66809,28375
540,104720,44312
541,92594,39199
542,41204,17593
543,2415,1047
544,61722,26216
545,18752,8047
546,112417,47656
547,12563,5421
548,117272,49700
549,84156,35712
550,50358,21475
551,22870,9784
552,113794,48222
553,91244,38619
554,13504,5825
555,100766,42664
556,101689,43033
557,21673,9284
558,15242,6568
559,124063,52665
560,47885,20399
561,65037,27616
562,98250,41587
563,78395,33243
564,22281,9538
565,124107,52683
566,102640,43423
567,65973,28010
568,106235,44952
569,18115,7784
570,17048,7337
571,72880,30940
572,58194,24710
573,110310,46705
574,99040,41915
575,4387,1924
576,125999,53487
577,89878,38032
578,19760,8471
579,25178,10777
580,121326,51441
581,78192,33160
582,102383,43320
583,51716,22035
584,20904,8977
585,76085,32266
586,100269,42439
587,44312,18916
588,6370,2810
589,123361,52334
590,16078,6920
591,12961,5584
592,45067,19243
593,827,355
594,67811,28807
595,28663,12247
596,45666,19481
597,86703,36775
598,102755,43476
599,74066,31417
600,51128,21781
601,42375,18101
602,97888,41427
603,78801,33397
604,35720,15298
605,53842,22897
606,18871,8090
607,33998,14572
608,52314,22270
609,113669,48174
610,21103,9052
611,26478,11323
612,14419,6212
613,117781,49923
614,108515,45948
615,115696,49056
616,19514,8355
617,80784,34277
618,65750,27916
619,10671,4624
620,63571,26975
621,99629,42156
622,37944,16245
623,122957,52149
624,124077,52669
625,29008,12393
626,30617,13092
627,10134,4379
628,1271,533
629,116329,49299
630,47057,20072
631,114127,48361
632,45648,19475
633,19972,8560
634,121167,51374
635,75231,31906
636,78059,33102
637,42489,18154
638,50335,21465
639,127397,54094
640,57926,24597
641,66138,28075
642,78842,33412
643,24951,10692
644,111528,47227
645,464,194
646,124023,52643
647,29626,12666
648,77839,33002
649,37266,15957
650,114476,48499
651,78107,33122
652,112783,47811
653,59059,25071
654,72161,30638
655,50613,21572
656,97626,41317
657,51621,21994
658,19927,8538
659,57286,24329
660,66151,28081
661,27683,11835
662,57816,24553
663,121964,51719
664,77294,32751
665,54429,23142
666,43635,18632
667,66523,28244
668,108024,45736
669,37066,15859
670,73484,31172
671,21544,9234
672,118225,50120
673,55381,23541
674,62189,26414
675,77525,32861
676,91719,38840
677,85512,36280
678,13667,5900
679,1285,542
680,51168,21797
681,49836,21249
682,53010,22550
683,15447,6651
684,12871,5543
685,35788,15325
686,66455,28209
687,102789,43488
688,61407,26075
689,8424,3646
690,23965,10272
691,51189,21807
692,72292,30685
693,21439,9190
694,20454,8770
695,37950,16249
696,61868,26278
697,49833,21248
698,122795,52081
699,43895,18734
700,12881,5549
701,123416,52365
702,12875,5546
703,87631,37134
704,86869,36844
705,99192,41976
706,109517,46370
707,85593,36322
708,33377,14316
709,7952,3461
710,122077,51770
711,55946,23787
712,80565,34170
713,19573,8387
714,100626,42617
715,33204,14241
716,34849,14933
717,85284,36188
718,94133,39828
719,123885,52582
720,62797,26656
721,81262,34469
722,29201,12480
723,91893,38910
724,21729,9311
725,25242,10802
726,121915,51693
727,83989,35656
728,20821,8936
729,37152,15898
730,2438,1057
731,28388,12136
732,91886,38905
733,126041,53504
734,41383,17665
735,21282,9128
736,4232,1847
737,20590,8833
738,115821,49106
739,126311,53627
740,37321,15979
741,116935,49563
742,36457,15588
743,100553,42573
744,57802,24545
745,89953,38062
746,116670,49447
747,9328,4031
748,112123,47504
749,84064,35684
750,124014,52640
751,113390,48063
752,108261,45841
753,41918,17899
754,30720,13140
755,83915,35627
756,106009,44854
757,19680,8438
758,7857,3423
759,44449,18982
760,40176,17168
761,111791,47342
762,93933,39742
763,108611,45993
764,106377,45014
765,73544,31202
766,24952,10693
767,97451,41240
768,7499,3289
769,62834,26676
770,85071,36097
771,28039,11993
772,37111,15881
773,42950,18341
774,62270,26450
775,73887,31352
776,7899,3442
777,69456,29486
778,126754,53824
779,1803,777
780,84893,36024
781,890,378
782,24910,10677
783,62473,26531
784,7276,3195
785,26556,11364
786,76638,32486
787,107556,45542
788,73240,31088
789,87034,36898
790,127264,54034
791,74391,31565
792,53920,22932
793,50818,21655
794,78299,33203
795,73424,31152
796,15744,6776
797,87532,37092
798,77916,33034
799,59558,25282
800,61603,26160
801,112228,47560
802,92950,39351
803,45136,19274
804,98510,41709
805,101863,43107
806,43071,18387
807,16509,7103
808,86051,36522
809,31350,13417
810,22606,9666
811,101759,43068
812,63911,27130
813,90149,38147
814,22695,9709
815,97937,41451
816,104408,44167
817,1671,720
818,36985,15820
819,98742,41806
820,100475,42530
821,77036,32640
822,18326,7873
823,35422,15170
824,46020,19632
825,53904,22923
826,107486,45512
827,10572,4577
828,50349,21473
829,64564,27409
830,92659,39231
831,6427,2836
832,101368,42898
833,103364,43720
834,4465,1961
835,19949,8548
836,50259,21434
837,107202,45384
838,108997,46159
839,16133,6943
840,47853,20386
841,28649,12241
842,5087,2229
843,91659,38814
844,57852,24565
845,104007,43987
846,10005,4323
847,2574,1111
848,103795,43899
849,103462,43762
850,20358,8722
851,105840,44786
852,120501,51101
853,48576,20712
854,45855,19564
855,92501,39154
856,2153,923
857,25435,10881
858,58046,24653
859,61779,26235
860,37003,15828
861,47046,20067
862,20373,8733
863,78069,33106
864,59250,25152
865,25528,10917
866,86746,36798
867,112690,47773
868,21457,9201
869,129333,54894
870,30503,13044
871,100422,42507
872,13532,5836
873,8933,3861
874,75643,32085
875,115332,48883
876,29582,12643
877,118826,50370
878,46302,19739
879,51872,22098
880,107942,45704
881,115357,48897
882,69514,29512
883,10360,4485
884,96984,41050
885,106976,45279
886,58269,24749
887,57598,24463
888,21944,9396
889,79892,33866
890,85419,36240
891,17600,7568
892,44442,18977
893,123616,52456
894,10429,4515
895,39062,16688
896,114014,48310
897,37577,16088
898,125043,53091
899,81932,34770
900,128523,54571
901,102143,43228
902,98611,41750
903,103706,43863
904,108510,45945
905,3762,1647
906,15062,6493
907,47964,20430
908,76169,32305
909,30467,13035
910,56560,24049
911,26914,11523
912,28048,11997
913,84807,35988
914,66248,28119
915,30265,12953
916,38153,16335
917,31532,13496
918,67042,28468
919,118980,50440
920,59910,25433
921,94310,39919
922,61181,25970
923,33402,14329
924,10630,4605
925,92776,39275
926,46323,19747
927,105650,44704
928,51537,21960
929,400,164
930,38341,16417
931,81633,34636
932,79268,33593
933,13079,5639
934,60085,25512
935,109197,46243
936,19300,8269
937,35565,15239
938,6102,2675
939,7887,3437
940,123136,52226
941,35058,15023
942,9091,3934
943,3033,1330
944,64375,27323
945,69277,29416
946,27146,11613
947,22687,9705
948,63660,27019
949,11929,5154
950,48893,20841
951,26550,11361
952,121575,51559
953,92527,39167
954,56396,23976
955,669,282
956,103541,43806
957,14353,6189
958,125181,53144
959,103876,43938
960,79827,33834
961,76533,32451
962,86972,36875
963,47804,20363
964,40766,17410
965,54730,23267
966,85445,36251
967,23114,9896
968,67317,28578
969,116197,49249
970,39866,17039
971,79666,33769
972,67046,28469
973,60718,25775
974,119220,50540
975,49743,21204
976,48531,20690
977,43407,18544
978,99934,42292
979,129207,54844
980,37847,16199
981,21387,9169
982,55568,23627
983,18445,7923
984,11248,4876
985,77141,32687
986,76115,32280
987,40428,17260
988,8960,3873
989,72689,30862
990,8763,3781
991,50816,21653
992,94509,40003
993,55634,23657
994,34697,14865
995,113250,48004
996,7455,3272
997,75141,31871
998,68419,29066
999,49345,21027
1000,80674,34223
1001,74188,31485
1002,113660,48171
1003,60369,25625
1004,60354,25620
1005,17155,7383
1006,112463,47678
1007,115381,48908
1008,84692,35937
1009,90922,38474
1010,126059,53516
1011,69879,29666
1012,110915,46976
1013,122537,51957
1014,5434,2366
1015,63327,26877
1016,51980,22136
1017,94064,39790
1018,78128,33132
1019,25572,10941
1020,93260,39465
1021,116568,49405
1022,37753,16157
1023,28823,12314
1024,114564,48534
1025,3345,1470
1026,123611,52453
1027,45169,19293
1028,63419,26913
1029,61730,26221
1030,47828,20377
1031,105060,44456
1032,25740,11025
1033,55372,23537
1034,30969,13252
1035,17563,7547
1036,118385,50198
1037,99584,42143
1038,120448,51075
1039,85957,36484
1040,117595,49841
1041,122161,51808
1042,8000,3480
1043,2352,1017
1044,39921,17063
1045,72673,30853
1046,99698,42186
1047,30567,13074
1048,69585,29542
1049,20933,8988
1050,45844,19563
1051,126203,53586
1052,11880,5129
1053,28496,12186
1054,110454,46774
1055,102758,43477
1056,1687,727
1057,119502,50656
1058,109961,46558
1059,34012,14575
1060,16197,6967
1061,16184,6962
1062,69254,29408
1063,100344,42473
1064,37940,16242
1065,127894,54301
1066,85149,36126
1067,91311,38649
1068,61810,26252
1069,32112,13763
1070,701,300
1071,121844,51665
1072,124281,52761
1073,71344,30305
1074,1665,718
1075,26414,11295
1076,9908,4280
1077,112880,47860
1078,117886,49967
1079,64540,27398
1080,122637,52003
1081,2065,888
1082,14180,6112
1083,100570,42583
1084,57962,24616
1085,61449,26095
1086,90383,38238
1087,80459,34114
1088,10394,4497
1089,85052,36089
1090,82186,34882
1091,70127,29781
1092,72857,30932
1093,58415,24811
1094,42663,18221
1095,27260,11651
1096,85463,36262
1097,106462,45052
1098,119555,50683
1099,90652,38358
1100,99754,42207
1101,116235,49266
1102,52955,22527
1103,67787,28795
1104,77120,32677
1105,48761,20784
1106,60869,25839
1107,75455,32005
1108,10939,4745
1109,2754,1189
1110,12416,5357
1111,9749,4216
1112,118471,50233
1113,80791,34280
1114,76215,32330
1115,78495,33286
1116,124042,52654
1117,61139,25952
1118,27911,11930
1119,75546,32046
1120,6742,2970
1121,49179,20962
1122,50860,21671
1123,128152,54415
1124,92058,38979
1125,4846,2119
1126,26062,11159
1127,127655,54206
1128,93406,39522
1129,84335,35786
1130,89967,38070
1131,63578,26980
1132,124388,52803
1133,92454,39138
1134,122064,51765
1135,44406,18960
1136,49476,21086
1137,34112,14607
1138,26562,11367
1139,120251,50993
1140,57818,24554
1141,31520,13490
1142,43596,18618
1143,47042,20064
1144,64119,27217
1145,116128,49216
1146,126129,53551
1147,30118,12890
1148,773,330
1149,90905,38465
1150,27380,11702
1151,118811,50362
1152,86793,36816
1153,65070,27635
1154,48914,20853
1155,58633,24896
1156,64076,27201
1157,93321,39487
1158,122883,52113
1159,91326,38657
1160,28930,12359
1161,128170,54420
1162,96141,40672
1163,14792,6371
1164,4599,2015
1165,9216,3987
1166,79683,33779
1167,82127,34852
1168,64461,27369
1169,126683,53791
1170,113539,48119
1171,61202,25982
1172,99637,42160
1173,2629,1136
1174,62484,26535
1175,11563,5003
1176,102235,43261
1177,105683,44720
1178,111993,47443
1179,126912,53898
1180,80781,34275
1181,14564,6273
1182,42141,18000
1183,18229,7837
1184,128110,54398
1185,5919,2594
1186,65672,27880
1187,105949,44836
1188,127293,54044
1189,83200,35308
1190,45820,19553
1191,113809,48227
1192,6071,2657
1193,92901,39333
1194,77256,32732
1195,129906,55133
1196,102876,43524
1197,94638,40059
1198,125724,53382
1199,79173,33555
1200,25488,10905
1201,56489,24016
1202,95717,40497
1203,24534,10500
1204,18829,8074
1205,51722,22041
1206,106339,44995
1207,31484,13474
1208,69777,29625
1209,49736,21200
1210,99043,41917
1211,118026,50030
1212,34161,14624
1213,106818,45212
1214,76647,32492
1215,23614,10117
1216,116765,49490
1217,68964,29295
1218,72842,30926
1219,451,189
1220,8905,3850
1221,122701,52032
1222,41415,17682
1223,42239,18039
1224,31597,13524
1225,35229,15094
1226,99294,42017
1227,72232,30665
1228,48429,20654
1229,118134,50079
1230,37915,16232
1231,89537,37890
1232,85854,36441
1233,31249,13373
1234,99348,42039
1235,98789,41820
1236,75078,31843
1237,77697,32941
1238,528,222
1239,16449,7079
1240,9556,4137
1241,85371,36226
1242,29897,12795
1243,23734,10169
1244,64771,27492
1245,4056,1784
1246,65095,27647
1247,20553,8816
1248,75132,31868
1249,64172,27239
1250,77891,33023
1251,66708,28328
1252,79469,33682
1253,105674,44717
1254,5865,2566
1255,25284,10822
1256,55275,23498
1257,73801,31313
1258,87061,36908
1259,65886,27970
1260,66131,28073
1261,91601,38780
1262,98695,41785
1263,64931,27567
1264,72569,30803
1265,77638,32907
1266,47287,20161
1267,90542,38312
1268,112247,47569
1269,107521,45526
1270,79029,33495
1271,96060,40640
1272,95831,40537
1273,106011,44856
1274,13648,5889
1275,117433,49769
1276,121993,51737
1277,44259,18891
1278,70314,29859
1279,53621,22799
1280,94563,40027
1281,32998,14143
1282,58078,24665
1283,106826,45215
1284,30311,12971
1285,98303,41613
1286,86367,36649
1287,99020,41908
1288,41606,17765
1289,48374,20625
1290,117864,49961
1291,59310,25177
1292,53643,22809
1293,65273,27720
1294,33885,14522
1295,73983,31388
1296,24457,10464
1297,86364,36647
1298,38349,16419
1299,59433,25232
1300,58857,24990
1301,26962,11543
1302,124293,52768
1303,74650,31662
1304,29818,12759
1305,79280,33599
1306,75236,31910
1307,82070,34828
1308,34685,14859
1309,57884,24580
1310,35463,15187
1311,101790,43078
1312,8931,3859
1313,15047,6486
1314,60207,25561
1315,100483,42535
1316,70633,29997
1317,52888,22499
1318,46034,19638
1319,72664,30849
1320,21676,9285
1321,40246,17191
1322,100945,42739
1323,119413,50622
1324,9257,4001
1325,73492,31175
1326,97711,41350
1327,109058,46185
1328,62382,26495
1329,11290,4892
1330,108641,46002
1331,127258,54029
1332,67031,28464
1333,43325,18500
1334,65636,27867
1335,56610,24065
1336,65309,27734
1337,71940,30549
1338,80036,33922
1339,129074,54788
1340,9498,4108
1341,75603,32071
1342,36335,15545
1343,18149,7801
1344,25445,10887
1345,65459,27798
1346,57914,24593
1347,48608,20721
1348,36155,15465
1349,32687,14009
1350,47810,20367
1351,94560,40025
1352,98992,41902
1353,60349,25616
1354,41425,17688
1355,29616,12659
1356,123921,52599
1357,99413,42069
1358,94977,40201
1359,96211,40699
1360,58435,24820
1361,9339,4036
1362,47770,20350
1363,4006,1761
1364,12184,5255
1365,124850,53006
1366,114331,48440
1367,98716,41795
1368,80110,33952
1369,84483,35851
1370,27993,11969
1371,80448,34110
1372,106369,45009
1373,31910,13663
1374,113036,47919
1375,13705,5916
1376,50553,21546
1377,91137,38572
1378,20825,8938
1379,108363,45886
1380,65542,27832
1381,58735,24939
1382,1133,471
1383,109978,46569
1384,30410,13008
1385,56190,23885
1386,85579,36314
1387,114752,48621
1388,88713,37563
1389,572,240
1390,35088,15035
1391,84161,35713
1392,113325,48033
1393,9045,3912
1394,79265,33592
1395,112641,47753
1396,10016,4328
1397,123926,52601
1398,51269,21840
1399,31064,13297
1400,56726,24115
1401,26244,11222
1402,24888,10665
1403,61587,26151
1404,79774,33813
1405,18331,7877
1406,114183,48383
1407,40942,17486
1408,96586,40865
1409,6635,2925
1410,75495,32019
1411,77813,32986
1412,51248,21829
1413,46659,19885
1414,18754,8048
1415,107478,45508
1416,4729,2072
1417,70087,29757
1418,76060,32254
1419,20304,8700
1420,42175,18014
1421,115756,49081
1422,9699,4201
1423,98144,41548
1424,65549,27836
1425,87439,37058
1426,85565,36306
1427,113977,48296
1428,43260,18475
1429,104009,43988
1430,84100,35695
1431,26730,11443
1432,42298,18069
1433,123983,52627
1434,78861,33421
1435,47174,20126
1436,20497,8794
1437,121909,51690
1438,52776,22448
1439,9579,4148
1440,50682,21600
1441,18790,8061
1442,67554,28688
1443,125821,53417
1444,23052,9872
1445,15364,6619
1446,598,248
1447,39650,16943
1448,33967,14559
1449,5600,2435
1450,82190,34885
1451,7003,3093
1452,56478,24013
1453,35781,15321
1454,66340,28159
1455,57514,24430
1456,38912,16628
1457,42517,18167
1458,90636,38351
1459,40093,17129
1460,80339,34056
1461,49299,21008
1462,49284,21005
1463,49716,21192
1464,37379,15998
1465,58339,24777
1466,109817,46494
1467,28923,12355
1468,36868,15774
1469,111934,47411
1470,73476,31169
1471,98267,41595
1472,82812,35145
1473,58765,24953
1474,22548,9647
1475,58044,24652
1476,128479,54549
1477,23786,10193
1478,75305,31941
1479,48278,20580
1480,75575,32061
1481,118645,50293
1482,40056,17112
1483,31740,13580
1484,105027,44439
1485,128752,54658
1486,90413,38252
1487,45357,19366
1488,89502,37879
1489,11803,5104
1490,37646,16118
1491,3784,1659
1492,9134,3957
1493,101711,43046
1494,22806,9759
1495,120225,50982
1496,30182,12916
1497,99210,41984
1498,77544,32869
1499,105822,44779
1500,116365,49314
1501,63627,27002
1502,91939,38929
1503,121512,51532
1504,95874,40556
1505,33229,14253
1506,77981,33066
1507,45427,19390
1508,65425,27781
1509,19359,8295
1510,95910,40574
1511,48110,20499
1512,2947,1277
1513,46084,19655
1514,47763,20347
1515,44968,19204
1516,113717,48196
1517,115666,49042
1518,110415,46751
1519,54071,22993
1520,79205,33566
1521,69628,29560
1522,50930,21700
1523,93658,39636
1524,58966,25033
1525,69412,29469
1526,36479,15602
1527,21420,9183
1528,29936,12810
1529,36268,15512
1530,30092,12877
1531,102104,43203
1532,16148,6950
1533,128199,54437
1534,111541,47230
1535,34248,14662
1536,47638,20303
1537,71665,30430
1538,442,184
1539,21138,9067
1540,50018,21338
1541,11719,5066
1542,125890,53446
1543,94604,40045
1544,4980,2186
1545,64665,27447
1546,79384,33646
1547,23265,9955
1548,16609,7149
1549,38685,16547
1550,100451,42519
1551,84531,35870
1552,67454,28648
1553,38939,16641
1554,14012,6036
1555,2826,1219
1556,116588,49411
1557,10411,4507
1558,31707,13566
1559,92650,39226
1560,57530,24440
1561,117073,49619
1562,107616,45565
1563,39127,16729
1564,42174,18013
1565,87304,37007
1566,97252,41157
1567,86694,36771
1568,28802,12307
1569,64852,27528
1570,82202,34891
1571,66662,28307
1572,51220,21819
1573,109647,46428
1574,120023,50889
1575,74469,31597
1576,43503,18587
1577,20496,8793
1578,110314,46707
1579,3677,1613
1580,9764,4222
1581,57621,24473
1582,108841,46086
1583,72376,30724
1584,12198,5261
1585,1042,433
1586,91496,38742
1587,38772,16580
1588,75364,31968
1589,97815,41395
1590,57414,24385
1591,101442,42935
1592,90423,38256
1593,92227,39049
1594,35059,15024
1595,42296,18067
1596,95332,40350
1597,10129,4377
1598,79947,33881
1599,114160,48373
1600,86133,36553
1601,109734,46469
1602,99260,42003
1603,120133,50937
1604,62507,26542
1605,113367,48052
1606,28748,12283
1607,118364,50185
1608,72312,30695
1609,46205,19702
1610,56282,23923
1611,115333,48884
1612,121436,51495
1613,14889,6420
1614,86252,36600
1615,27171,11621
1616,102194,43244
1617,16956,7297
1618,30966,13250
1619,63886,27118
1620,119353,50596
1621,106838,45223
1622,128411,54520
1623,72219,30656
1624,103606,43828
1625,56299,23930
1626,116354,49310
1627,114655,48574
1628,112294,47591
1629,120549,51122
1630,74096,31435
1631,108089,45759
1632,91220,38609
1633,17485,7516
1634,95239,40313
1635,5681,2473
1636,123579,52439
1637,76567,32463
1638,96791,40964
1639,74402,31570
1640,1292,547
1641,17482,7514
1642,111483,47206
1643,89561,37898
1644,65048,27623
1645,60098,25521
1646,46817,19954
1647,99732,42199
1648,40060,17116
1649,25345,10849
1650,98380,41650
1651,32948,14124
1652,39159,16749
1653,125614,53340
1654,61358,26051
1655,93609,39617
1656,7123,3131
1657,95592,40453
1658,66519,28241
1659,82179,34878
1660,1657,713
1661,119301,50571
1662,125239,53172
1663,16402,7056
1664,44598,19051
1665,31617,13531
1666,23099,9887
1667,74941,31781
1668,69381,29453
1669,2442,1060
1670,90396,38242
1671,33391,14322
1672,44742,19113
1673,37845,16197
1674,118576,50267
1675,79763,33806
1676,90985,38501
1677,38487,16477
1678,25896,11091
1679,65860,27961
1680,120565,51134
1681,29331,12536
1682,30034,12851
1683,121534,51547
1684,14701,6338
1685,31108,13308
1686,45800,19543
1687,88582,37505
1688,121423,51490
1689,37707,16142
1690,107787,45630
1691,128813,54683
1692,123500,52399
1693,26293,11244
1694,121977,51725
1695,82786,35137
1696,72714,30872
1697,28601,12228
1698,85851,36440
1699,12924,5568
1700,104814,44352
1701,24586,10523
1702,49013,20893
1703,106883,45239
1704,86351,36641
1705,54869,23326
1706,48613,20725
1707,37437,16026
1708,24745,10597
1709,81719,34681
1710,123100,52210
1711,17351,7450
1712,1912,819
1713,121430,51492
1714,36585,15649
1715,83040,35232
1716,7130,3135
1717,59597,25296
1718,86819,36827
1719,94843,40141
1720,90375,38233
1721,113333,48037
1722,66281,28136
1723,113065,47930
1724,98205,41572
1725,55576,23630
1726,54427,23141
1727,56641,24076
1728,125466,53279
1729,6405,2826
1730,44416,18965
1731,32509,13940
1732,4644,2033
1733,106714,45164
1734,70300,29853
1735,68022,28893
1736,30174,12911
1737,40544,17308
1738,1562,673
1739,90953,38488
1740,26079,11164
1741,6773,2983
1742,679,289
1743,116742,49481
1744,42363,18095
1745,35765,15315
1746,122056,51761
1747,36925,15799
1748,75412,31983
1749,105930,44829
1750,58307,24765
1751,99412,42068
1752,116566,49404
1753,78331,33213
1754,59062,25073
1755,83768,35557
1756,90461,38271
1757,3544,1563
1758,65272,27719
1759,100162,42394
1760,44569,19040
1761,116760,49488
1762,54389,23122
1763,84317,35779
1764,80546,34160
1765,86749,36800
1766,118068,50049
1767,4705,2058
1768,104129,44042
1769,42417,18127
1770,55674,23669
1771,112499,47689
1772,57300,24334
1773,80836,34296
1774,3212,1405
1775,58471,24836
1776,12104,5224
1777,109119,46213
1778,74682,31680
1779,43338,18507
1780,117788,49927
1781,7879,3434
1782,111544,47231
1783,106695,45153
1784,114240,48408
1785,101809,43086
1786,130306,55318
1787,85880,36455
1788,126376,53654
1789,35196,15082
1790,56887,24181
1791,62558,26562
1792,115385,48910
1793,62659,26610
1794,15560,6701
1795,108587,45980
1796,13177,5681
1797,4603,2016
1798,103461,43761
1799,64169,27237
1800,106969,45274
1801,103717,43869
1802,14204,6124
1803,31424,13446
1804,31434,13450
1805,87290,37002
1806,72371,30722
1807,123965,52619
1808,89823,38014
1809,105180,44501
1810,11392,4940
1811,51955,22128
1812,129193,54838
1813,57638,24478
1814,98729,41800
1815,58928,25016
1816,76875,32579
1817,81713,34679
1818,57009,24226
1819,6856,3021
1820,81045,34392
1821,33818,14495
1822,75930,32200
1823,28085,12016
1824,102304,43286
1825,70567,29973
1826,129427,54933
1827,88139,37330
1828,32468,13923
1829,4554,1993
1830,98687,41782
1831,111380,47165
1832,25330,10840
1833,0,0
1834,4491,1971
1835,49444,21072
1836,84489,35853
1837,83366,35392
1838,11231,4868
1839,4918,2156
1840,116085,49199
1841,117482,49793
1842,59425,25229
1843,114104,48350
1844,73283,31102
1845,128753,54659
1846,52254,22249
1847,105476,44635
1848,10989,4766
1849,61080,25928
1850,127251,54027
1851,61678,26196
1852,81271,34474
1853,65068,27634
1854,116920,49558
1855,90144,38145
1856,108075,45755
1857,101905,43123
1858,34859,14936
1859,47600,20286
1860,72111,30618
1861,102525,43382
1862,66868,28398
1863,122609,51988
1864,22459,9608
1865,36800,15738
1866,49343,21025
1867,102101,43201
1868,126836,53865
1869,42567,18188
1870,123280,52292
1871,8641,3733
1872,10022,4333
1873,116515,49384
1874,110154,46636
1875,117343,49729
1876,41874,17880
1877,65925,27989
1878,94700,40082
1879,28446,12169
1880,26528,11349
1881,58282,24754
1882,78261,33190
1883,128595,54609
1884,82324,34937
1885,101045,42773
1886,81206,34450
1887,36491,15605
1888,99226,41990
1889,121115,51351
1890,29596,12650
1891,59094,25085
1892,119348,50594
1893,2523,1087
1894,125672,53360
1895,48297,20588
1896,77450,32820
1897,29821,12761
1898,66977,28439
1899,72694,30865
1900,62081,26376
1901,125014,53077
1902,88328,37405
1903,114906,48694
1904,123076,52201
1905,80067,33936
1906,12186,5256
1907,106940,45263
1908,88350,37415
1909,7730,3379
1910,72239,30670
1911,35536,15225
1912,6869,3024
1913,10593,4585
1914,11609,5016
1915,129712,55053
1916,88826,37616
1917,58255,24743
1918,80020,33916
1919,116398,49330
1920,27908,11927
1921,22498,9628
1922,44291,18908
1923,45372,19371
1924,29639,12673
1925,13859,5983
1926,22379,9578
1927,26051,11156
1928,33961,14556
1929,38306,16400
1930,28441,12167
1931,105623,44692
1932,113720,48197
1933,25463,10896
1934,60252,25579
1935,71041,30175
1936,117181,49669
1937,43974,18769
1938,86256,36602
1939,17108,7365
1940,72303,30691
1941,56732,24120
1942,72641,30837
1943,74216,31494
1944,12860,5541
1945,77997,33075
1946,19342,8289
1947,71951,30552
1948,96119,40664
1949,97186,41133
1950,125913,53455
1951,9773,4227
1952,112186,47538
1953,43072,18388
1954,86688,36768
1955,33010,14150
1956,90055,38111
1957,68062,28912
1958,8752,3778
1959,59736,25354
1960,16714,7193
1961,83990,35657
1962,44317,18920
1963,38904,16625
1964,128626,54617
1965,9501,4110
1966,51445,21918
1967,97490,41256
1968,12090,5221
1969,83243,35335
1970,100731,42656
1971,10246,4428
1972,53923,22934
1973,84162,35714
1974,49922,21293
1975,8040,3496
1976,108126,45775
1977,12146,5239
1978,23775,10188
1979,79634,33754
1980,124302,52772
1981,74696,31691
1982,40356,17232
1983,10527,4550
1984,75617,32077
1985,24511,10491
1986,9461,4094
1987,20861,8956
1988,116696,49463
1989,96367,40767
1990,779,332
1991,57110,24262
1992,65374,27759
1993,99554,42124
1994,55707,23685
1995,19174,8216
1996,485,204
1997,76828,32559
1998,56366,23962
1999,37496,16053
2000,115554,48987
2001,43933,18750
2002,16712,7191
2003,105073,44460
2004,5777,2519
2005,111704,47303
2006,53437,22726
2007,52718,22429
2008,23705,10160
2009,95321,40346
2010,5948,2610
2011,37768,16165
2012,73468,31167
2013,79860,33851
2014,23065,9876
2015,128501,54559
2016,83191,35302
2017,78237,33181
2018,29129,12448
2019,69440,29478
2020,118276,50147
2021,35960,15395
2022,19913,8531
2023,45058,19240
2024,24767,10611
2025,102784,43486
2026,5615,2443
2027,101194,42840
2028,20063,8589
2029,32474,13927
2030,114565,48535
2031,87866,37221
2032,51040,21745
2033,106909,45250
2034,52353,22291
2035,98252,41589
2036,40653,17355
2037,35901,15372
2038,110861,46950
2039,63325,26876
2040,83209,35312
2041,87075,36913
2042,40989,17509
2043,30660,13108
2044,67318,28579
2045,35745,15309
2046,71678,30436
2047,66123,28067
2048,35224,15093
2049,102456,43348
2050,38479,16472
2051,120026,50890
2052,39391,16837
2053,70161,29795
2054,28205,12065
2055,1036,429
2056,29672,12685
2057,52062,22166
2058,89982,38079
2059,67834,28817
2060,93476,39556
2061,7357,3232
2062,88829,37617
2063,97022,41065
2064,30862,13204
2065,14188,6116
2066,7100,3124
2067,104161,44058
2068,83239,35333
2069,25855,11071
2070,121687,51597
2071,15240,6566
2072,127671,54214
2073,112135,47509
2074,89914,38044
2075,104718,44311
2076,113132,47960
2077,35819,15338
2078,119806,50799
2079,125379,53237
2080,9450,4087
2081,18077,7771
2082,33985,14567
2083,53769,22865
2084,104385,44155
2085,56601,24061
2086,8494,3678
2087,76557,32459
2088,116638,49436
2089,70119,29777
2090,6479,2863
2091,112312,47600
2092,68511,29105
2093,21142,9070
2094,20567,8823
2095,69853,29658
2096,25765,11036
2097,107507,45522
2098,76355,32375
2099,28232,12075
2100,66187,28094
2101,102699,43445
2102,9607,4157
2103,44115,18836
2104,47402,20204
2105,73577,31218
2106,105447,44621
2107,129498,54960
2108,32612,13980
2109,72637,30834
2110,40424,17258
2111,61888,26285
2112,32160,13790
2113,118347,50177
2114,71486,30354
2115,22172,9493
2116,25636,10973
2117,121520,51539
2118,60681,25757
2119,55167,23452
2120,123831,52562
2121,65061,27631
2122,6588,2909
2123,13970,6018
2124,107662,45585
2125,28420,12153
2126,59166,25120
2127,42580,18193
2128,13816,5963
2129,21707,9301
2130,109620,46415
2131,13604,5866
2132,83727,35539
2133,70987,30152
2134,60547,25707
2135,74103,31440
2136,19011,8143
2137,88561,37494
2138,32949,14125
2139,100095,42355
2140,59435,25234
2141,17056,7342
2142,57515,24431
2143,111019,47021
2144,62312,26464
2145,434,180
2146,14039,6048
2147,41350,17652
2148,123958,52616
2149,126103,53538
2150,24720,10585
2151,107039,45309
2152,5961,2618
2153,17033,7331
2154,114433,48483
2155,99248,41998
2156,17099,7360
2157,48339,20606
2158,52751,22438
2159,123023,52173
2160,52501,22344
2161,77324,32765
2162,24736,10592
2163,69608,29551
2164,129685,55045
2165,52159,22211
2166,59319,25180
2167,10960,4752
2168,71850,30501
2169,12577,5427
2170,73442,31158
2171,102485,43365
2172,26609,11390
2173,73300,31108
2174,127446,54114
2175,109906,46533
2176,93103,39408
2177,121387,51472
2178,113008,47908
2179,56068,23835
2180,107911,45688
2181,10607,4593
2182,58910,25009
2183,100650,42626
2184,26721,11438
2185,99642,42164
2186,2960,1286
2187,47956,20427
2188,73858,31339
2189,111733,47319
2190,5997,2628
2191,94312,39921
2192,99846,42252
2193,55651,23662
2194,115078,48769
2195,3400,1498
2196,96556,40853
2197,87961,37252
2198,104656,44282
2199,98865,41847
2200,80476,34124
2201,12475,5374
2202,13100,5650
2203,7165,3149
2204,30055,12864
2205,99926,42288
2206,2080,895
2207,95425,40386
2208,89492,37875
2209,130076,55205
2210,86039,36517
2211,61172,25967
2212,87829,37209
2213,117882,49965
2214,107624,45569
2215,95292,40335
2216,24481,10477
2217,43402,18542
2218,20898,8974
2219,124702,52943
2220,92336,39093
2221,28032,11989
2222,13140,5667
2223,24927,10684
2224,111614,47262
2225,31141,13324
2226,123697,52495
2227,43979,18772
2228,96130,40667
2229,130092,55210
2230,10296,4455
2231,112037,47462
2232,125645,53348
2233,2070,890
2234,89942,38053
2235,13059,5629
2236,49291,21007
2237,117779,49922
2238,53167,22605
2239,94832,40138
2240,128146,54411
2241,119405,50617
2242,102973,43560
2243,3376,1484
2244,23200,9934
2245,106612,45118
2246,28719,12268
2247,2403,1038
2248,56287,23925
2249,64063,27191
2250,71995,30568
2251,112356,47622
2252,116958,49573
2253,64690,27458
2254,99555,42125
2255,120167,50955
2256,48178,20530
2257,15261,6578
2258,112947,47887
2259,104100,44029
2260,121148,51368
2261,120684,51182
2262,14555,6268
2263,99082,41934
2264,102985,43568
2265,127014,53941
2266,49077,20915
2267,55028,23399
2268,39557,16906
2269,103608,43829
2270,20883,8968
2271,63483,26939
2272,116437,49346
2273,107712,45604
2274,6851,3019
2275,106696,45154
2276,13301,5738
2277,65792,27933
2278,121131,51359
2279,23950,10264
2280,25077,10742
2281,97932,41449
2282,11634,5027
2283,35438,15177
2284,68715,29195
2285,110422,46757
2286,96778,40959
2287,91528,38753
2288,2912,1263
2289,88989,37686
2290,81930,34768
2291,28402,12143
2292,83756,35551
2293,40091,17128
2294,10353,4480
2295,49853,21255
2296,124044,52656
2297,5507,2389
2298,93106,39410
2299,95271,40327
2300,42148,18002
2301,106963,45270
2302,70632,29996
2303,125663,53359
2304,21709,9303
2305,54326,23101
2306,67844,28821
2307,105020,44434
2308,114604,48555
2309,77668,32925
2310,50919,21695
2311,84663,35924
2312,101553,42973
2313,101206,42845
2314,38400,16435
2315,75447,32001
2316,51195,21811
2317,11702,5058
2318,26951,11541
2319,72924,30957
2320,105884,44807
2321,106251,44960
2322,17005,7320
2323,79546,33720
2324,15921,6855
2325,20270,8683
2326,9555,4136
2327,3078,1351
2328,93343,39498
2329,66954,28430
2330,124579,52893
2331,71488,30355
2332,82463,34997
2333,104865,44370
2334,21390,9170
2335,84736,35960
2336,37877,16214
2337,49653,21158
2338,65075,27638
2339,128059,54372
2340,106130,44906
2341,34858,14935
2342,96117,40663
2343,100167,42396
2344,81892,34754
2345,95405,40380
2346,48437,20659
2347,5031,2206
2348,78343,33219
2349,47053,20070
2350,5925,2597
2351,71470,30346
2352,42690,18236
2353,26455,11312
2354,127951,54327
2355,130241,55279
2356,70293,29848
2357,112242,47567
2358,25797,11052
2359,81491,34575
2360,91167,38581
2361,17218,7406
2362,115620,49021
2363,5539,2405
2364,53479,22741
2365,63458,26926
2366,84341,35789
2367,73624,31242
2368,798,341
2369,120575,51140
2370,99439,42079
2371,58169,24698
2372,115863,49122
2373,4628,2028
2374,26390,11288
2375,2744,1185
2376,9770,4225
2377,108448,45922
2378,25691,11005
2379,84258,35751
2380,26445,11310
2381,50255,21432
2382,64894,27550
2383,122613,51991
2384,41189,17588
2385,28235,12077
2386,96304,40740
2387,119294,50567
2388,120606,51151
2389,99631,42157
2390,81156,34429
2391,96202,40695
2392,3569,1569
2393,115278,48858
2394,89657,37936
2395,81110,34412
2396,10656,4617
2397,56089,23842
2398,53981,22959
2399,32036,13725
2400,58464,24834
2401,41569,17753
2402,14960,6447
2403,66622,28292
2404,108014,45729
2405,56104,23846
2406,113214,47988
2407,34013,14576
2408,119496,50654
2409,98156,41553
2410,45147,19282
2411,20393,8740
2412,13185,5687
2413,83271,35348
2414,16261,6989
2415,4079,1794
2416,31357,13421
2417,51749,22052
2418,104396,44160
2419,121800,51643
2420,52919,22510
2421,69986,29716
2422,2423,1052
2423,77850,33006
2424,11349,4922
2425,41413,17681
2426,36603,15656
2427,102883,43530
2428,56041,23825
2429,126698,53798
2430,14537,6259
2431,32207,13816
2432,2753,1188
2433,81486,34572
2434,112560,47717
2435,56126,23858
2436,14065,6059
2437,113856,48244
2438,33701,14456
2439,22334,9560
2440,25331,10841
2441,48108,20498
2442,103342,43714
2443,2353,1018
2444,112616,47744
2445,62479,26533
2446,50486,21525
2447,94649,40063
2448,127691,54223
2449,108989,46156
2450,33943,14548
2451,43309,18496
2452,86366,36648
2453,64419,27348
2454,32646,13996
2455,95099,40261
2456,17835,7665
2457,107199,45383
2458,130236,55276
2459,5933,2602
2460,2032,874
2461,122944,52141
2462,80828,34293
2463,68820,29238
2464,7609,3329
2465,114731,48614
2466,114521,48519
2467,81342,34505
2468,14503,6245
2469,7278,3197
2470,118608,50280
2471,41673,17794
2472,68909,29271
2473,117804,49934
2474,18896,8098
2475,17612,7571
2476,1313,559
2477,110062,46604
2478,124701,52942
2479,44638,19068
2480,95523,40427
2481,95938,40587
2482,88197,37354
2483,120357,51033
2484,62020,26346
2485,108114,45770
2486,105878,44804
2487,45832,19558
2488,87131,36937
2489,52214,22232
2490,85428,36244
2491,25605,10957
2492,24120,10335
2493,103412,43739
2494,51032,21742
2495,83047,35234
2496,71378,30314
2497,87996,37268
2498,112534,47704
2499,13557,5846
2500,130415,55367
2501,33334,14297
2502,73238,31086
2503,58024,24640
2504,45383,19377
2505,101585,42986
2506,61998,26338
2507,121701,51604
2508,103213,43663
2509,26400,11292
2510,62269,26449
2511,117831,49945
2512,120953,51291
2513,60320,25603
2514,86476,36689
2515,94777,40115
2516,69657,29574
2517,34075,14594
2518,37157,15900
2519,14627,6297
2520,17066,7347
2521,34196,14639
2522,39312,16808
2523,113842,48240
2524,66550,28259
2525,20365,8727
2526,4033,1771
2527,46301,19738
2528,47585,20279
2529,42523,18169
2530,126226,53593
2531,78679,33354
2532,32907,14105
2533,111182,47091
2534,112391,47643
2535,109201,46245
2536,110942,46988
2537,121182,51379
2538,100443,42518
2539,26204,11207
2540,121243,51405
2541,6187,2721
2542,78108,33123
2543,31333,13406
2544,29694,12697
2545,126308,53626
2546,112596,47736
2547,78401,33246
2548,104209,44083
2549,79423,33665
2550,10287,4450
2551,67009,28456
2552,13977,6020
2553,130293,55309
2554,24618,10542
2555,115434,48930
2556,94852,40143
2557,94705,40084
2558,119458,50637
2559,46998,20043
2560,79570,33729
2561,9848,4261
2562,59360,25202
2563,49988,21323
2564,95540,40435
2565,56787,24143
2566,3319,1455
2567,15762,6784
2568,127023,53945
2569,112986,47898
2570,58527,24856
2571,52164,22213
2572,16075,6918
2573,48867,20828
2574,104288,44115
2575,31640,13542
2576,3251,1422
2577,117957,49997
2578,96156,40677
2579,52853,22484
2580,88639,37530
2581,77734,32957
2582,108312,45863
2583,118430,50216
2584,92246,39058
2585,121464,51505
2586,44551,19032
2587,50858,21669
2588,44873,19169
2589,96302,40739
2590,116865,49532
2591,79245,33583
2592,31710,13568
2593,2693,1163
2594,125584,53327
2595,100631,42619
2596,93648,39631
2597,114300,48430
2598,43461,18566
2599,70870,30098
2600,27218,11634
2601,17328,7441
2602,26140,11184
2603,39384,16835
2604,46747,19918
2605,89583,37908
2606,12076,5218
2607,23629,10125
2608,83316,35369
2609,24696,10574
2610,55322,23519
2611,7128,3134
2612,24090,10319
2613,12538,5413
2614,85732,36382
2615,105287,44555
2616,15973,6875
2617,66526,28247
2618,125194,53149
2619,54822,23307
2620,16626,7156
2621,81863,34739
2622,13107,5654
2623,63771,27075
2624,8981,3881
2625,80166,33974
2626,67194,28532
2627,117993,50011
2628,125072,53103
2629,12624,5451
2630,23719,10162
2631,41771,17836
2632,118486,50235
2633,16200,6969
2634,60132,25533
2635,106227,44951
2636,1098,457
2637,40635,17348
2638,36803,15740
2639,90513,38299
2640,51349,21872
2641,37938,16240
2642,52006,22144
2643,87682,37155
2644,1314,560
2645,125380,53238
2646,53057,22564
2647,106550,45094
2648,126666,53780
2649,105012,44429
2650,106341,44996
2651,4317,1885
2652,4209,1836
2653,31912,13665
2654,90002,38089
2655,27007,11562
2656,65073,27637
2657,58019,24637
2658,114759,48625
2659,116028,49175
2660,31233,13365
2661,69658,29575
2662,89641,37929
2663,32939,14120
2664,54888,23340
2665,18263,7845
2666,54899,23344
2667,21234,9110
2668,111025,47025
2669,79911,33874
2670,60890,25846
2671,33031,14162
2672,7504,3292
2673,41934,17906
2674,6472,2860
2675,68932,29281
2676,112340,47611
2677,10349,4478
2678,11724,5069
2679,21935,9392
2680,54848,23318
2681,60251,25578
2682,87803,37199
2683,25812,11059
2684,90151,38148
2685,61115,25943
2686,68153,28949
2687,125367,53231
2688,65103,27652
2689,6904,3043
2690,71944,30550
2691,81449,34556
2692,123720,52505
2693,92530,39168
2694,37233,15937
2695,73519,31191
2696,76158,32300
2697,18170,7807
2698,61986,26334
2699,33271,14266
2700,118149,50090
2701,35393,15158
2702,67728,28764
2703,87319,37010
2704,126188,53582
2705,22536,9641
2706,100039,42329
2707,46735,19915
2708,93817,39696
2709,42715,18249
2710,19102,8183
2711,46120,19674
2712,15013,6469
2713,92072,38985
2714,2898,1256
2715,110380,46735
2716,53913,22928
2717,113218,47989
2718,86985,36881
2719,25552,10931
2720,16887,7269
2721,58646,24902
2722,94180,39853
2723,80764,34266
2724,31655,13545
2725,23564,10087
2726,39996,17092
2727,17792,7645
2728,51610,21989
2729,54227,23060
2730,72211,30653
2731,23264,9954
2732,103055,43594
2733,27339,11686
2734,78229,33178
2735,98912,41868
2736,126365,53648
2737,109963,46560
2738,22477,9618
2739,80049,33927
2740,42046,17954
2741,12910,5562
2742,59206,25134
2743,86229,36593
2744,82013,34805
2745,98919,41871
2746,12342,5317
2747,123270,52285
2748,76521,32446
2749,12706,5484
2750,99528,42113
2751,105901,44814
2752,124115,52689
2753,13639,5884
2754,96983,41049
2755,80518,34146
2756,111361,47155
2757,53221,22627
2758,45398,19382
2759,74046,31412
2760,26817,11481
2761,101000,42754
2762,9321,4028
2763,28411,12147
2764,56913,24191
2765,12346,5319
2766,125361,53230
2767,107088,45331
2768,80832,34294
2769,13513,5828
2770,73310,31114
2771,60151,25539
2772,127395,54093
2773,15832,6814
2774,59026,25058
2775,11437,4953
2776,64688,27457
2777,11684,5047
2778,71455,30339
2779,51514,21950
2780,69351,29444
2781,129501,54963
2782,53472,22737
2783,71886,30520
2784,19242,8242
2785,103070,43602
2786,101081,42789
2787,67523,28674
2788,110768,46915
2789,117569,49831
2790,32982,14136
2791,127831,54276
2792,113869,48249
2793,36200,15484
2794,30999,13269
2795,17076,7351
2796,123652,52475
2797,120897,51274
2798,120720,51200
2799,108715,46037
2800,6966,3073
2801,34371,14715
2802,15732,6774
2803,25547,10928
2804,27636,11807
2805,49422,21065
2806,92164,39026
2807,80150,33967
2808,1145,476
2809,71827,30492
2810,72870,30935
2811,110656,46863
2812,127320,54055
2813,9616,4161
2814,4329,1890
2815,50306,21454
2816,115522,48973
2817,61833,26260
2818,90472,38276
2819,47791,20360
2820,119513,50662
2821,103026,43585
2822,59300,25170
2823,95439,40395
2824,49493,21092
2825,53330,22674
2826,37536,16072
2827,57116,24264
2828,116064,49190
2829,11184,4847
2830,21288,9131
2831,122820,52089
2832,28469,12177
2833,45946,19594
2834,120229,50984
2835,117533,49819
2836,65674,27882
2837,99572,42136
2838,116058,49186
2839,81407,34538
2840,127123,53984
2841,17722,7608
2842,21168,9082
2843,51120,21777
2844,110288,46693
2845,67649,28729
2846,92673,39236
2847,80202,33989
2848,45969,19608
2849,248,112
2850,105446,44620
2851,127217,54016
2852,27505,11756
2853,32752,14036
2854,72339,30709
2855,81646,34642
2856,129110,54805
2857,81387,34530
2858,66227,28108
2859,75340,31954
2860,36786,15733
2861,68517,29109
2862,113873,48252
2863,41768,17835
2864,109639,46426
2865,16739,7205
2866,114033,48321
2867,95019,40221
2868,5505,2388
2869,78428,33258
2870,104756,44326
2871,86083,36532
2872,22305,9548
2873,104269,44105
2874,130172,55247
2875,26487,11328
2876,85610,36331
2877,51023,21738
2878,1590,688
2879,22036,9432
2880,34244,14660
2881,110352,46723
2882,81288,34483
2883,59092,25083
2884,28361,12125
2885,33061,14180
2886,1173,489
2887,95308,40341
2888,118444,50223
2889,130141,55230
2890,113012,47910
2891,39363,16828
2892,101535,42964
2893,129868,55121
2894,86570,36724
2895,49902,21279
2896,43536,18599
2897,105563,44663
2898,104136,44047
2899,14747,6355
2900,84423,35825
2901,40746,17402
2902,68288,28998
2903,100100,42359
2904,87650,37142
2905,8839,3819
2906,103660,43847
2907,77458,32824
2908,55761,23713
2909,36154,15464
2910,17157,7384
2911,2308,993
2912,114278,48422
2913,65709,27899
2914,112226,47558
2915,16584,7138
2916,21799,9343
2917,96887,41011
2918,94870,40148
2919,111371,47159
2920,8269,3583
2921,94486,39996
2922,98681,41780
2923,59842,25402
2924,94035,39776
2925,63604,26991
2926,114732,48615
2927,99459,42086
2928,85450,36255
2929,67843,28820
2930,108332,45874
2931,34843,14929
2932,109409,46334
2933,1025,421
2934,119334,50583
2935,46916,20005
2936,119956,50864
2937,50234,21421
2938,14495,6243
2939,64823,27517
2940,79877,33860
2941,66628,28294
2942,11034,4786
2943,93044,39388
2944,113871,48251
2945,106300,44980
2946,59325,25184
2947,95934,40585
2948,110976,47002
2949,19933,8542
2950,53040,22559
2951,112874,47857
2952,54986,23382
2953,83165,35292
2954,90933,38477
2955,79779,33817
2956,1460,631
2957,37142,15893
2958,93641,39629
2959,39177,16755
2960,59732,25352
2961,62932,26722
2962,88933,37661
2963,39036,16676
2964,96761,40951
2965,14378,6198
2966,78365,33229
2967,63212,26836
2968,35416,15166
2969,5273,2302
2970,46331,19752
2971,73678,31266
2972,76697,32508
2973,111639,47274
2974,71559,30383
2975,83695,35527
2976,27356,11694
2977,118939,50421
2978,77259,32733
2979,27125,11605
2980,90866,38450
2981,82177,34876
2982,88314,37396
2983,4260,1864
2984,112384,47640
2985,66322,28149
2986,125201,53151
2987,123723,52507
2988,125925,53462
2989,87528,37091
2990,117167,49663
2991,5308,2313
2992,45995,19621
2993,10994,4770
2994,108169,45795
2995,103312,43705
2996,7557,3316
2997,18579,7973
2998,72816,30915
2999,115409,48921
3000,90659,38360
3001,79974,33897
3002,91712,38836
3003,36297,15524
3004,54528,23178
3005,39527,16894
3006,27710,11843
3007,94862,40145
3008,23846,10224
3009,66096,28060
3010,75926,32198
3011,14472,6236
3012,32317,13860
3013,116270,49275
3014,63111,26792
3015,96516,40836
3016,22402,9585
3017,104847,44364
3018,4214,1839
3019,120459,51081
3020,83948,35641
3021,28244,12081
3022,98608,41748
3023,74573,31643
3024,13065,5631
3025,82312,34933
3026,114483,48503
3027,27325,11680
3028,28021,11984
3029,7900,3443
3030,70185,29805
3031,26152,11189
3032,57092,24259
3033,129018,54762
3034,97779,41376
3035,65638,27868
3036,96787,40962
3037,79365,33638
3038,92567,39185
3039,118635,50289
3040,124282,52762
3041,30303,12969
3042,12420,5358
3043,81778,34700
3044,129100,54799
3045,20705,8886
3046,127323,54056
3047,57854,24567
3048,50941,21707
3049,61008,25889
3050,21418,9182
3051,45865,19570
3052,110292,46696
3053,19418,8314
3054,104518,44216
3055,30110,12888
3056,82637,35068
3057,54771,23285
3058,69043,29326
3059,106859,45227
3060,83379,35395
3061,26185,11200
3062,60550,25708
3063,53850,22901
3064,60011,25481
3065,103702,43860
3066,108191,45804
3067,107293,45428
3068,127566,54157
3069,9415,4073
3070,55675,23670
3071,46994,20040
3072,113703,48191
3073,6964,3072
3074,64078,27202
3075,109519,46371
3076,115792,49094
3077,20697,8883
3078,2748,1186
3079,106274,44968
3080,3579,1574
3081,127766,54255
3082,84713,35949
3083,129290,54883
3084,67337,28590
3085,114269,48418
3086,70294,29849
3087,25996,11134
3088,79954,33885
3089,24740,10595
3090,8197,3557
3091,90446,38264
3092,87064,36909
3093,104357,44144
3094,86020,36507
3095,10849,4701
3096,368,148
3097,114971,48727
3098,50087,21366
3099,19169,8212
3100,20642,8854
3101,118846,50380
3102,8242,3572
3103,104816,44353
3104,77301,32755
3105,123839,52565
3106,52768,22444
3107,26285,11239
3108,72804,30910
3109,105423,44609
3110,58210,24721
3111,82129,34853
3112,43109,18405
3113,21324,9146
3114,55991,23803
3115,50764,21635
3116,9734,4208
3117,18872,8091
3118,83083,35253
3119,108385,45897
3120,64192,27248
3121,126277,53611
3122,112163,47522
3123,71921,30535
3124,21828,9355
3125,32340,13874
3126,101631,43009
3127,94239,39883
3128,68636,29169
3129,128803,54678
3130,62370,26489
3131,24384,10439
3132,13437,5791
3133,69216,29394
3134,63360,26890
3135,22643,9686
3136,90087,38123
3137,25872,11080
3138,99508,42103
3139,33576,14406
3140,127554,54153
3141,43624,18626
3142,32546,13954
3143,18049,7757
3144,21548,9237
3145,10816,4685
3146,95826,40535
3147,40604,17330
3148,60711,25772
3149,95017,40220
3150,104891,44381
3151,43687,18654
3152,85621,36337
3153,80599,34182
3154,89871,38030
3155,49892,21275
3156,8345,3614
3157,119643,50726
3158,97302,41180
3159,3861,1688
3160,28257,12087
3161,6001,2631
3162,82628,35062
3163,43791,18693
3164,15416,6637
3165,43205,18448
3166,83405,35409
3167,102704,43448
3168,16004,6892
3169,46911,20003
3170,107336,45444
3171,43497,18584
3172,79111,33525
3173,76204,32326
3174,102709,43451
3175,21860,9373
3176,113880,48254
3177,11992,5181
3178,18465,7930
3179,122198,51824
3180,15418,6639
3181,32324,13864
3182,120665,51174
3183,112108,47496
3184,1664,717
3185,1486,643
3186,30415,13011
3187,109505,46364
3188,3849,1684
3189,114992,48738
3190,57522,24435
3191,100442,42517
3192,50419,21496
3193,4228,1844
3194,81354,34511
3195,53957,22948
3196,126466,53687
3197,10540,4557
3198,73157,31050
3199,85791,36411
3200,74023,31404
3201,24525,10497
3202,23928,10254
3203,93613,39618
3204,8007,3484
3205,119399,50614
3206,74779,31726
3207,90798,38419
3208,110710,46890
3209,90799,38420
3210,12295,5303
3211,2925,1269
3212,9550,4134
3213,20450,8767
3214,80762,34264
3215,67830,28815
3216,55451,23576
3217,129677,55038
3218,105252,44536
3219,75352,31962
3220,13397,5775
3221,124615,52909
3222,116048,49182
3223,27874,11913
3224,90766,38407
3225,14578,6278
3226,83495,35445
3227,56365,23961
3228,10771,4666
3229,67253,28557
3230,104620,44262
3231,1765,760
3232,8528,3688
3233,58971,25035
3234,61186,25973
3235,82409,34974
3236,14569,6275
3237,42396,18113
3238,24072,10312
3239,49701,21184
3240,28963,12376
3241,54905,23348
3242,44166,18857
3243,91146,38574
3244,96774,40956
3245,63682,27030
3246,117162,49660
3247,99313,42025
3248,18814,8070
3249,22217,9512
3250,118010,50019
3251,61381,26062
3252,3195,1397
3253,68746,29208
3254,118087,50057
3255,15066,6495
3256,120694,51186
3257,63676,27026
3258,100469,42527
3259,54700,23256
3260,108100,45766
3261,107420,45481
3262,34320,14696
3263,34382,14721
3264,5368,2338
3265,67458,28651
3266,64363,27316
3267,115887,49127
3268,120596,51146
3269,24313,10408
3270,83001,35217
3271,44645,19071
3272,19627,8413
3273,47144,20113
3274,39492,16879
3275,94762,40108
3276,127474,54122
3277,28224,12071
3278,75825,32162
3279,106537,45088
3280,81707,34675
3281,113697,48187
3282,118168,50097
3283,17551,7541
3284,99840,42249
3285,120442,51071
3286,130300,55315
3287,114631,48566
3288,27994,11970
3289,13171,5679
3290,118441,50221
3291,99079,41933
3292,85783,36408
3293,121628,51574
3294,89727,37968
3295,7917,3446
3296,72614,30824
3297,51904,22111
3298,64638,27438
3299,115150,48807
3300,102513,43376
3301,73243,31090
3302,128491,54554
3303,113053,47924
3304,45577,19446
3305,72659,30847
3306,20227,8662
3307,50068,21357
3308,97885,41425
3309,90569,38325
3310,43156,18421
3311,123779,52533
3312,23818,10210
3313,71032,30173
3314,97119,41107
3315,55285,23503
3316,126467,53688
3317,95473,40408
3318,104108,44031
3319,33588,14414
3320,63081,26775
3321,101142,42814
3322,20084,8600
3323,128041,54365
3324,33291,14278
3325,101682,43029
3326,48721,20768
3327,121983,51731
3328,8878,3838
3329,83161,35289
3330,58786,24965
3331,23940,10258
3332,6900,3039
3333,35853,15351
3334,42618,18205
3335,29811,12755
3336,92087,38993
3337,15246,6572
3338,124554,52881
3339,104389,44157
3340,11908,5140
3341,110634,46851
3342,76742,32522
3343,32572,13964
3344,56553,24045
3345,85213,36151
3346,85630,36341
3347,40475,17279
3348,115187,48820
3349,38076,16302
3350,63628,27003
3351,51597,21980
3352,38167,16342
3353,39213,16772
3354,89520,37885
3355,75894,32188
3356,11323,4908
3357,82224,34902
3358,79350,33630
3359,56858,24169
3360,126942,53911
3361,44423,18968
3362,7756,3385
3363,81847,34735
3364,68403,29058
3365,54313,23095
3366,82159,34868
3367,4833,2114
3368,78656,33341
3369,86728,36788
3370,126849,53872
3371,127465,54119
3372,67324,28581
3373,125961,53473
3374,60337,25611
3375,81246,34464
3376,117961,49999
3377,2232,959
3378,21883,9376
3379,106983,45285
3380,123259,52281
3381,28187,12053
3382,20386,8737
3383,82757,35122
3384,124,55
3385,99688,42181
3386,38000,16269
3387,16604,7147
3388,9288,4011
3389,113751,48210
3390,33638,14437
3391,127297,54045
3392,103780,43893
3393,17453,7503
3394,26909,11520
3395,48354,20613
3396,68880,29259
3397,102646,43425
3398,17783,7640
3399,83105,35262
3400,33047,14171
3401,25745,11026
3402,28998,12389
3403,73174,31058
3404,82076,34831
3405,82768,35127
3406,83245,35336
3407,129281,54877
3408,94737,40097
3409,82406,34972
3410,70523,29954
3411,102609,43408
3412,27974,11962
3413,64411,27342
3414,96378,40769
3415,51920,22114
3416,40606,17332
3417,49699,21183
3418,62967,26734
3419,24577,10520
3420,57726,24511
3421,46140,19683
3422,3341,1468
3423,38982,16658
3424,88604,37514
3425,43746,18674
3426,18167,7806
3427,54208,23052
3428,40769,17413
3429,4633,2030
3430,15118,6516
3431,129875,55124
3432,73255,31094
3433,125820,53416
3434,86185,36575
3435,56257,23914
3436,118306,50159
3437,8255,3579
3438,11980,5176
3439,79427,33667
3440,20505,8797
3441,96832,40980
3442,19450,8327
3443,68092,28924
3444,39192,16760
3445,89016,37699
3446,4057,1785
3447,36693,15695
3448,23808,10202
3449,90479,38279
3450,109060,46186
3451,43206,18449
3452,120843,51248
3453,104556,44229
3454,49031,20901
3455,84822,35995
3456,33575,14405
3457,28395,12139
3458,22193,9499
3459,9030,3905
3460,94548,40021
3461,11766,5085
3462,108226,45823
3463,110706,46889
3464,124185,52722
3465,51226,21820
3466,50587,21561
3467,68804,29230
3468,8991,3886
3469,126063,53520
3470,31999,13705
3471,53210,22621
3472,19493,8348
3473,104769,44331
3474,36857,15767
3475,91356,38676
3476,90781,38413
3477,32337,13872
3478,45522,19428
3479,52045,22159
3480,116170,49234
3481,55073,23417
3482,109731,46468
3483,86608,36738
3484,56226,23899
3485,127854,54283
3486,53085,22574
3487,73561,31211
3488,87440,37059
3489,7333,3221
3490,67392,28620
3491,97,42
3492,77732,32956
3493,71856,30506
3494,23581,10098
3495,58220,24727
3496,126637,53764
3497,85350,36217
3498,56096,23844
3499,126772,53838
3500,68573,29136
3501,56648,24080
3502,96686,40915
3503,14058,6055
3504,24323,10415
3505,71264,30270
3506,30510,13047
3507,95571,40446
3508,106193,44936
3509,73554,31206
3510,13449,5798
3511,16468,7086
3512,1138,475
3513,126733,53816
3514,11014,4779
3515,91131,38569
3516,77381,32787
3517,49125,20942
3518,100139,42378
3519,26552,11362
3520,14315,6173
3521,118785,50351
3522,99460,42087
3523,34291,14682
3524,32420,13906
3525,81320,34498
3526,87173,36952
3527,104902,44386
3528,125849,53428
3529,101255,42867
3530,119475,50646
3531,86282,36613
3532,7145,3141
3533,127492,54129
3534,13525,5833
3535,34152,14620
3536,76030,32246
3537,127865,54289
3538,8328,3604
3539,76077,32263
3540,25964,11124
3541,15214,6555
3542,15044,6485
3543,82945,35194
3544,66859,28393
3545,69072,29338
3546,78105,33121
3547,5703,2483
3548,109524,46374
3549,85045,36086
3550,33224,14250
3551,27254,11647
3552,83603,35489
3553,97863,41414
3554,118031,50034
3555,7279,3198
3556,43266,18481
3557,85984,36492
3558,25668,10994
3559,120299,51013
3560,28421,12154
3561,102984,43567
3562,63818,27092
3563,98367,41644
3564,28902,12343
3565,114200,48391
3566,107054,45315
3567,83854,35602
3568,119441,50630
3569,105857,44793
3570,35068,15029
3571,126346,53641
3572,7511,3296
3573,32043,13730
3574,53530,22767
3575,128536,54579
3576,102027,43174
3577,104174,44063
3578,29319,12530
3579,36917,15794
3580,119582,50694
3581,93829,39702
3582,96601,40873
3583,12517,5401
3584,89963,38068
3585,31480,13472
3586,60182,25551
3587,19353,8293
3588,10967,4754
3589,68891,29263
3590,129057,54780
3591,80,35
3592,11425,4949
3593,34252,14665
3594,30535,13059
3595,35727,15303
3596,76756,32530
3597,94709,40086
3598,85617,36334
3599,38182,16350
3600,1526,659
3601,6671,2941
3602,94244,39885
3603,85514,36282
3604,69985,29715
3605,71589,30398
3606,120807,51233
3607,40664,17362
3608,96393,40775
3609,16473,7089
3610,68743,29206
3611,65681,27884
3612,114532,48524
3613,28953,12372
3614,114757,48624
3615,31502,13482
3616,26326,11260
3617,107506,45521
3618,119760,50781
3619,112702,47780
3620,46028,19636
3621,119565,50689
3622,28110,12025
3623,42095,17981
3624,54513,23172
3625,20442,8760
3626,119680,50745
3627,41836,17865
3628,89406,37844
3629,57986,24628
3630,104387,44156
3631,120238,50988
3632,75958,32212
3633,7424,3259
3634,120135,50939
3635,83504,35448
3636,48847,20816
3637,96338,40756
3638,15692,6755
3639,84098,35693
3640,68793,29227
3641,78592,33321
3642,110994,47011
3643,655,273
3644,126724,53811
3645,118920,50414
3646,122514,51947
3647,23159,9915
3648,57479,24416
3649,21363,9158
3650,43027,18372
3651,52558,22371
3652,51308,21853
3653,1622,697
3654,87239,36982
3655,10679,4629
3656,103289,43693
3657,78425,33255
3658,29483,12604
3659,25511,10911
3660,86149,36560
3661,17776,7636
3662,33560,14397
3663,65773,27924
3664,127906,54307
3665,15243,6569
3666,116334,49301
3667,95775,40516
3668,30425,13014
3669,109596,46408
3670,36669,15685
3671,115609,49016
3672,70566,29972
3673,72889,30943
3674,68592,29145
3675,33175,14229
3676,38691,16550
3677,42437,18135
3678,7198,3166
3679,12649,5465
3680,88487,37464
3681,112826,47831
3682,40627,17344
3683,49804,21234
3684,22723,9720
3685,91892,38909
3686,9755,4220
3687,106468,45054
3688,28377,12133
3689,110231,46670
3690,49318,21014
3691,104268,44104
3692,29325,12533
3693,51771,22063
3694,37165,15904
3695,6124,2685
3696,63001,26750
3697,2339,1009
3698,77098,32665
3699,13672,5901
3700,25379,10859
3701,84856,36007
3702,86070,36526
3703,160,74
3704,30520,13052
3705,10155,4390
3706,26295,11246
3707,43693,18657
3708,81124,34414
3709,76514,32440
3710,5728,2496
3711,32018,13716
3712,108276,45845
3713,7774,3391
3714,22239,9522
3715,30045,12859
3716,10356,4481
3717,5562,2412
3718,22405,9588
3719,41808,17853
3720,109031,46173
3721,80298,34033
3722,124341,52785
3723,79307,33611
3724,9830,4254
3725,1906,817
3726,99866,42259
3727,25698,11011
3728,42281,18056
3729,32145,13779
3730,81706,34674
3731,42295,18066
3732,79967,33893
3733,64863,27535
3734,84594,35900
3735,19027,8148
3736,24619,10543
3737,76400,32395
3738,40747,17403
3739,123785,52535
3740,103587,43821
3741,31128,13316
3742,103497,43777
3743,124041,52653
3744,71419,30328
3745,40374,17240
3746,116060,49187
3747,108948,46139
3748,15093,6506
3749,59858,25407
3750,44993,19213
3751,107999,45724
3752,78901,33440
3753,52120,22193
3754,42902,18323
3755,118212,50113
3756,101764,43070
3757,123328,52315
3758,62240,26435
3759,63768,27072
3760,31694,13561
3761,83370,35394
3762,40810,17430
3763,16365,7036
3764,603,252
3765,89479,37870
3766,16631,7157
3767,124474,52840
3768,114185,48384
3769,37391,16005
3770,31921,13669
3771,65325,27739
3772,83911,35626
3773,56258,23915
3774,129932,55144
3775,109361,46315
3776,55346,23527
3777,104245,44097
3778,2583,1116
3779,124201,52730
3780,53531,22768
3781,118197,50108
3782,79569,33728
3783,47466,20231
3784,56920,24194
3785,102574,43396
3786,117789,49928
3787,106910,45251
3788,94160,39840
3789,48885,20837
3790,40095,17131
3791,75693,32103
3792,119849,50817
3793,64065,27193
3794,113338,48038
3795,19029,8149
3796,72806,30912
3797,96033,40627
3798,119595,50701
3799,82136,34856
3800,97306,41182
3801,59156,25115
3802,101431,42930
3803,90741,38396
3804,69825,29645
3805,78727,33364
3806,100649,42625
3807,15980,6880
3808,63186,26821
3809,60034,25491
3810,118132,50077
3811,83919,35628
3812,92255,39061
3813,63812,27090
3814,75588,32065
3815,10945,4747
3816,113557,48127
3817,127748,54245
3818,102813,43498
3819,94971,40198
3820,97473,41246
3821,86737,36795
3822,52817,22468
3823,37182,15912
3824,21958,9399
3825,9466,4096
3826,121815,51650
3827,114351,48450
3828,98078,41518
3829,22927,9814
3830,107301,45430
3831,109156,46229
3832,86094,36538
3833,8988,3883
3834,1867,800
3835,25112,10755
3836,47405,20206
3837,42257,18050
3838,34536,14794
3839,62061,26368
3840,107761,45621
3841,74921,31770
3842,24122,10337
3843,82498,35014
3844,56695,24104
3845,108096,45764
3846,36534,15627
3847,11680,5044
3848,35308,15124
3849,39124,16726
3850,10269,4440
3851,56727,24116
3852,78255,33187
3853,9432,4081
3854,104507,44214
3855,82350,34947
3856,84180,35723
3857,92023,38958
3858,37947,16247
3859,70111,29770
3860,10258,4435
3861,22233,9518
3862,42428,18132
3863,24190,10368
3864,78884,33433
3865,41544,17743
3866,69444,29480
3867,87085,36917
3868,124477,52841
3869,66162,28085
3870,6483,2865
3871,84866,36012
3872,41438,17694
3873,56584,24057
3874,34912,14957
3875,59979,25466
3876,113506,48102
3877,17000,7318
3878,33303,14284
3879,28681,12254
3880,106046,44873
3881,67772,28791
3882,104791,44342
3883,73033,30995
3884,42563,18186
3885,84333,35785
3886,87399,37040
3887,14391,6203
3888,63390,26900
3889,110539,46810
3890,87521,37089
3891,16586,7139
3892,7644,3341
3893,95174,40292
3894,92523,39165
3895,126298,53620
3896,31732,13577
3897,121820,51653
3898,38934,16639
3899,29181,12470
3900,49520,21105
3901,96699,40923
3902,15302,6596
3903,121085,51340
3904,60459,25661
3905,92252,39059
3906,50454,21509
3907,125229,53167
3908,107878,45672
3909,69123,29358
3910,79490,33693
3911,61279,26018
3912,60225,25569
3913,66568,28268
3914,30839,13191
3915,16046,6907
3916,118495,50238
3917,88494,37469
3918,47881,20398
3919,87701,37159
3920,11317,4904
3921,84083,35688
3922,1275,536
3923,40000,17094
3924,36560,15640
3925,3294,1446
3926,51153,21791
3927,107070,45321
3928,60689,25760
3929,128171,54421
3930,6147,2699
3931,122134,51793
3932,3701,1624
3933,107365,45461
3934,126177,53578
3935,46807,19951
3936,42367,18098
3937,31353,13419
3938,103297,43697
3939,109291,46286
3940,19167,8210
3941,104759,44328
3942,112491,47687
3943,69751,29611
3944,58312,24767
3945,10181,4399
3946,12338,5316
3947,3738,1638
3948,98290,41605
3949,23245,9948
3950,8456,3665
3951,78330,33212
3952,122704,52034
3953,53997,22968
3954,40149,17153
3955,48128,20508
3956,36953,15811
3957,77814,32987
3958,80284,34027
3959,15559,6700
3960,89685,37951
3961,119848,50816
3962,11210,4859
3963,29680,12689
3964,22876,9786
3965,43452,18561
3966,54918,23356
3967,42385,18106
3968,49626,21148
3969,10608,4594
3970,115170,48814
3971,129961,55159
3972,73235,31084
3973,10952,4750
3974,128514,54567
3975,97183,41132
3976,85558,36302
3977,83253,35340
3978,112851,47842
3979,40834,17446
3980,83034,35230
3981,74635,31659
3982,89104,37736
3983,42262,18051
3984,33042,14168
3985,43542,18602
3986,53302,22660
3987,5672,2469
3988,117880,49964
3989,103831,43918
3990,4589,2011
3991,43483,18579
3992,41452,17697
3993,31541,13499
3994,59021,25055
3995,30595,13084
3996,39845,17031
3997,122934,52136
3998,8536,3691
3999,45829,19557
4000,36686,15691
4001,20279,8689
4002,103229,43671
4003,2466,1070
4004,98221,41578
4005,92392,39113
4006,104292,44118
4007,126732,53815
4008,75929,32199
4009,6735,2966
4010,16165,6956
4011,111098,47055
4012,115587,49002
4013,34946,14975
4014,44147,18848
4015,21226,9106
4016,10253,4433
4017,128852,54698
4018,102762,43479
4019,53847,22898
4020,126114,53544
4021,48883,20836
4022,79625,33751
4023,98311,41619
4024,23210,9936
4025,109812,46492
4026,21093,9048
4027,90504,38293
4028,80396,34080
4029,102484,43364
4030,47686,20322
4031,34045,14584
4032,56721,24113
4033,26531,11351
4034,25764,11035
4035,14382,6200
4036,111171,47085
4037,10524,4548
4038,23174,9926
4039,107906,45686
4040,2197,941
4041,27661,11821
4042,101113,42803
4043,92448,39136
4044,86036,36515
4045,80542,34157
4046,99764,42209
4047,21285,9129
4048,145,65
4049,86659,36757
4050,112326,47605
4051,46238,19718
4052,63487,26941
4053,74919,31769
4054,80942,34346
4055,87508,37081
4056,13777,5945
4057,69933,29691
4058,126302,53624
4059,62347,26483
4060,23417,10023
4061,90308,38208
4062,102663,43432
4063,58212,24723
4064,121155,51371
4065,103890,43944
4066,107127,45352
4067,79893,33867
4068,61864,26277
4069,72942,30963
4070,68535,29118
4071,113103,47946
4072,100190,42404
4073,64956,27579
4074,15691,6754
4075,2679,1157
4076,51528,21956
4077,44096,18822
4078,116636,49434
4079,22941,9821
4080,81686,34665
4081,97842,41407
4082,89460,37864
4083,6396,2824
4084,105704,44728
4085,102707,43450
4086,92114,39008
4087,29338,12540
4088,807,346
4089,68929,29279
4090,119471,50642
4091,113131,47959
4092,19361,8296
4093,64626,27433
4094,93274,39472
4095,25622,10966
4096,75130,31866
4097,77487,32837
4098,121761,51628
4099,65620,27859
4100,16841,7247
4101,59163,25118
4102,61310,26028
4103,40495,17286
4104,95781,40519
4105,113364,48049
4106,10448,4521
4107,28990,12385
4108,3833,1680
4109,117631,49858
4110,25273,10818
4111,81102,34408
4112,128690,54640
4113,122594,51981
4114,127164,53999
4115,95920,40578
4116,20887,8970
4117,109845,46509
4118,82553,35036
4119,73349,31128
4120,62801,26660
4121,105451,44624
4122,57892,24585
4123,89628,37925
4124,52934,22518
4125,70208,29815
4126,63946,27148
4127,111684,47298
4128,53184,22611
4129,79082,33514
4130,8093,3514
4131,98588,41736
4132,5834,2552
4133,84339,35788
4134,73725,31287
4135,84145,35708
4136,27210,11631
4137,27901,11925
4138,123514,52406
4139,31656,13546
4140,56422,23990
4141,54526,23176
4142,125295,53203
4143,74961,31788
4144,84001,35662
4145,7444,3268
4146,127124,53985
4147,21798,9342
4148,9771,4226
4149,75074,31841
4150,95085,40255
4151,69415,29470
4152,61463,26100
4153,8891,3845
4154,54840,23314
4155,108028,45739
4156,87382,37033
4157,89789,37999
4158,90040,38105
4159,1251,525
4160,117923,49981
4161,34647,14841
4162,102978,43563
4163,45276,19337
4164,117148,49655
4165,19476,8337
4166,111878,47380
4167,39058,16685
4168,119944,50861
4169,23679,10153
4170,7529,3305
4171,108039,45744
4172,65887,27971
4173,94754,40106
4174,118759,50340
4175,23454,10040
4176,92734,39261
4177,3940,1730
4178,97945,41454
4179,95003,40213
4180,2169,931
4181,22909,9806
4182,33372,14314
4183,37140,15891
4184,48218,20553
4185,57090,24257
4186,44924,19186
4187,49984,21321
4188,14625,6295
4189,103074,43605
4190,89960,38066
4191,71904,30532
4192,95539,40434
4193,77049,32644
4194,108927,46127
4195,109322,46297
4196,32806,14061
4197,54366,23121
4198,83055,35238
4199,126881,53884
4200,123941,52607
4201,93813,39694
4202,129644,55026
4203,68203,28967
4204,97309,41183
4205,60710,25771
4206,106792,45203
4207,72820,30916
4208,117457,49782
4209,34982,14989
4210,107395,45469
4211,92426,39126
4212,50462,21514
4213,33853,14506
4214,3664,1608
4215,50756,21632
4216,31713,13569
4217,130000,55174
4218,115742,49071
4219,27969,11960
4220,96599,40872
4221,48668,20748
4222,28959,12374
4223,3695,1620
4224,108536,45956
4225,49231,20989
4226,62470,26528
4227,89039,37713
4228,77727,32955
4229,63936,27143
4230,126628,53761
4231,60616,25730
4232,28198,12061
4233,86948,36868
4234,4768,2089
4235,97080,41089
4236,119282,50562
4237,29242,12498
4238,119653,50732
4239,29449,12590
4240,46080,19653
4241,83044,35233
4242,91876,38900
4243,112153,47518
4244,50501,21527
4245,45329,19356
4246,79320,33618
4247,44289,18906
4248,120797,51230
4249,8823,3812
4250,84690,35936
4251,85601,36326
4252,12589,5433
4253,32202,13813
4254,22455,9606
4255,21511,9221
4256,26178,11198
4257,1428,615
4258,79999,33908
4259,78822,33407
4260,44403,18958
4261,130276,55298
4262,69470,29494
4263,122599,51983
4264,69834,29648
4265,9454,4090
4266,77454,32822
4267,106337,44994
4268,78446,33268
4269,56363,23959
4270,79976,33899
4271,71612,30409
4272,65019,27609
4273,109652,46430
4274,7491,3285
4275,24181,10364
4276,58673,24912
4277,2989,1301
4278,94396,39958
4279,54529,23179
4280,27219,11635
4281,2085,899
4282,92382,39110
4283,53922,22933
4284,104713,44309
4285,74310,31532
4286,105662,44709
4287,25274,10819
4288,34841,14927
4289,96959,41040
4290,27597,11791
4291,2250,972
4292,79252,33586
4293,129929,55142
4294,122953,52147
4295,19054,8160
4296,3248,1420
4297,66243,28117
4298,89824,38015
4299,39606,16927
4300,13771,5943
4301,20360,8723
4302,84698,35940
4303,103270,43684
4304,73327,31122
4305,22413,9590
4306,116956,49572
4307,75391,31975
4308,104310,44124
4309,28126,12031
4310,92824,39301
4311,21504,9217
4312,92021,38957
4313,32031,13722
4314,27538,11767
4315,88715,37565
4316,19723,8457
4317,70462,29925
4318,44614,19058
4319,83947,35640
4320,32061,13740
4321,101568,42980
4322,5174,2263
4323,61850,26270
4324,2846,1228
4325,85011,36073
4326,99425,42072
4327,8635,3730
4328,63695,27034
4329,46295,19734
4330,34780,14897
4331,101601,42991
4332,111338,47149
4333,31241,13368
4334,63503,26948
4335,1675,722
4336,115065,48765
4337,95301,40337
4338,109997,46573
4339,1699,732
4340,114680,48586
4341,62520,26546
4342,67915,28856
4343,55648,23661
4344,89944,38055
4345,26122,11176
4346,21913,9384
4347,5018,2200
4348,80173,33980
4349,114701,48598
4350,82683,35088
4351,68603,29149
4352,51511,21948
4353,101636,43012
4354,70615,29989
4355,31081,13302
4356,20486,8788
4357,93267,39468
4358,20292,8694
4359,76779,32539
4360,116141,49220
4361,32937,14119
4362,3501,1541
4363,64395,27333
4364,85096,36104
4365,54735,23270
4366,14452,6226
4367,22463,9612
4368,107410,45476
4369,53582,22786
4370,93754,39674
4371,106929,45260
4372,86837,36832
4373,123682,52488
4374,11058,4801
4375,90902,38463
4376,97444,41234
4377,97188,41135
4378,102689,43443
4379,38036,16282
4380,84121,35698
4381,61136,25949
4382,15183,6541
4383,76696,32507
4384,67530,28678
4385,90711,38379
4386,98387,41652
4387,107803,45639
4388,91206,38600
4389,52443,22322
4390,56844,24164
4391,17738,7617
4392,77892,33024
4393,20519,8802
4394,105058,44455
4395,124735,52959
4396,118803,50359
4397,55777,23721
4398,23438,10032
4399,3401,1499
4400,20250,8675
4401,46974,20030
4402,57057,24250
4403,123233,52272
4404,91664,38817
4405,84792,35982
4406,10893,4722
4407,29669,12683
4408,58957,25029
4409,82598,35054
4410,10443,4519
4411,2207,948
4412,119716,50761
4413,10587,4583
4414,104234,44094
4415,63603,26990
4416,80485,34127
4417,102664,43433
4418,32825,14067
4419,56263,23917
4420,120497,51099
4421,17829,7663
4422,61346,26045
4423,35241,15098
4424,128443,54535
4425,41745,17828
4426,4764,2086
4427,102577,43397
4428,23550,10080
4429,38464,16465
4430,116073,49193
4431,103741,43876
4432,119442,50631
4433,62329,26473
4434,21626,9268
4435,75906,32192
4436,77909,33031
4437,81225,34455
4438,1157,482
4439,81705,34673
4440,63718,27045
4441,8747,3776
4442,11984,5178
4443,40505,17290
4444,94399,39959
4445,104493,44210
4446,99559,42128
4447,63364,26892
4448,103504,43781
4449,111771,47335
4450,7479,3279
4451,34413,14736
4452,98550,41723
4453,19172,8214
4454,111434,47186
4455,98794,41823
4456,38275,16388
4457,87955,37249
4458,100420,42506
4459,61280,26019
4460,84233,35744
4461,28458,12175
4462,10751,4656
4463,120896,51273
4464,52589,22380
4465,100205,42413
4466,76867,32574
4467,97624,41315
4468,123517,52409
4469,105812,44775
4470,89949,38059
4471,30845,13194
4472,58109,24679
4473,44604,19053
4474,48467,20667
4475,107477,45507
4476,54114,23009
4477,86702,36774
4478,111794,47345
4479,18162,7804
4480,12028,5195
4481,56669,24091
4482,104760,44329
4483,2123,915
4484,82033,34816
4485,66687,28319
4486,2738,1182
4487,35086,15034
4488,2880,1243
4489,77656,32917
4490,37074,15865
4491,66680,28315
4492,48825,20807
4493,39540,16900
4494,12528,5408
4495,96177,40683
4496,87267,36991
4497,98955,41886
4498,107110,45345
4499,56038,23824
4500,80609,34188
4501,47365,20188
4502,84913,36029
4503,49671,21170
4504,17187,7394
4505,613,256
4506,41792,17845
4507,30295,12966
4508,126608,53751
4509,59721,25349
4510,110157,46639
4511,88821,37614
4512,114717,48606
4513,88016,37276
4514,34864,14938
4515,20637,8852
4516,69372,29451
4517,86993,36885
4518,86273,36610
4519,58753,24948
4520,128452,54540
4521,24316,10410
4522,120850,51254
4523,25726,11022
4524,121251,51407
4525,23095,9885
4526,33034,14164
4527,113379,48058
4528,124950,53049
4529,6901,3040
4530,117622,49854
4531,86339,36637
4532,32193,13809
4533,37541,16074
4534,119770,50786
4535,123773,52529
4536,7497,3288
4537,105474,44634
4538,21031,9021
4539,33541,14387
4540,97448,41237
4541,62678,26615
4542,123502,52400
4543,109157,46230
4544,126161,53570
4545,58201,24716
4546,113839,48238
4547,67412,28629
4548,114037,48324
4549,31125,13315
4550,112807,47820
4551,78074,33107
4552,91299,38643
4553,124820,52991
4554,31647,13543
4555,23562,10086
4556,89557,37897
4557,114148,48370
4558,97970,41468
4559,15505,6670
4560,45645,19474
4561,103908,43949
4562,26464,11318
4563,126334,53635
4564,128493,54555
4565,65312,27735
4566,38106,16317
4567,55610,23641
4568,125276,53191
4569,19066,8163
4570,126404,53667
4571,8380,3629
4572,35777,15319
4573,82460,34995
4574,10525,4549
4575,117361,49739
4576,29360,12550
4577,114890,48687
4578,94787,40118
4579,112605,47739
4580,68812,29234
4581,125855,53433
4582,20460,8774
4583,78161,33146
4584,25542,10925
4585,33580,14408
4586,72866,30934
4587,98462,41691
4588,118131,50076
4589,78385,33239
4590,60540,25702
4591,120502,51102
4592,52495,22340
4593,26692,11428
4594,78067,33105
4595,96421,40794
4596,81744,34686
4597,95414,40382
4598,106452,45046
4599,68460,29081
4600,28128,12033
4601,111826,47362
4602,111719,47310
4603,31234,13366
4604,79662,33768
4605,96406,40784
4606,86353,36643
4607,111793,47344
4608,58666,24908
4609,120571,51138
4610,93594,39610
4611,15718,6765
4612,72690,30863
4613,101900,43120
4614,75871,32180
4615,59451,25244
4616,110665,46868
4617,20616,8841
4618,97328,41192
4619,58617,24891
4620,101366,42896
4621,22435,9598
4622,103246,43677
4623,25056,10732
4624,60769,25794
4625,92435,39131
4626,107733,45611
4627,105337,44572
4628,99219,41987
4629,28252,12084
4630,6769,2981
4631,18717,8031
4632,111058,47036
4633,70174,29801
4634,14554,6267
4635,40639,17351
4636,89442,37858
4637,53778,22871
4638,112881,47861
4639,102923,43546
4640,71892,30523
4641,21319,9145
4642,9642,4173
4643,96205,40696
4644,37787,16174
4645,69993,29717
4646,129913,55134
4647,89585,37910
4648,8354,3619
4649,81838,34729
4650,8583,3709
4651,66665,28310
4652,57328,24346
4653,34645,14839
4654,986,407
4655,87931,37240
4656,4439,1950
4657,84973,36058
4658,41287,17628
4659,104440,44182
4660,88993,37688
4661,129952,55153
4662,113999,48306
4663,15052,6490
4664,85182,36139
4665,90437,38259
4666,69659,29576
4667,119658,50734
4668,106563,45100
4669,107125,45351
4670,45596,19454
4671,112642,47754
4672,60944,25865
4673,126893,53889
4674,104977,44416
4675,15369,6622
4676,54518,23173
4677,61353,26049
4678,6846,3017
4679,102621,43416
4680,18320,7870
4681,44346,18936
4682,74974,31792
4683,43981,18773
4684,29761,12731
4685,3603,1585
4686,41695,17805
4687,122055,51760
4688,38477,16470
4689,4776,2094
4690,73662,31258
4691,130267,55292
4692,633,264
4693,102107,43206
4694,48876,20831
4695,35420,15169
4696,112512,47694
4697,57458,24407
4698,70435,29913
4699,78560,33310
4700,127535,54147
4701,82418,34978
4702,26678,11422
4703,76346,32371
4704,83229,35324
4705,101150,42820
4706,130427,55373
4707,113315,48029
4708,106141,44914
4709,17303,7428
4710,41274,17620
4711,9112,3942
4712,114446,48489
4713,19602,8400
4714,83309,35367
4715,64079,27203
4716,72488,30770
4717,60119,25528
4718,128408,54518
4719,23153,9912
4720,17300,7427
4721,81688,34667
4722,79026,33494
4723,60946,25866
4724,116967,49576
4725,81592,34621
4726,58342,24779
4727,86719,36782
4728,19281,8261
4729,88666,37542
4730,61398,26070
4731,72853,30929
4732,90500,38289
4733,18158,7803
4734,16719,7196
4735,105194,44506
4736,16858,7258
4737,118421,50212
4738,115475,48950
4739,64222,27261
4740,78856,33417
4741,11846,5119
4742,130025,55183
4743,51126,21780
4744,85771,36402
4745,74389,31563
4746,108770,46061
4747,108790,46068
4748,73486,31173
4749,20361,8724
4750,14129,6089
4751,44318,18921
4752,37981,16264
4753,71231,30252
4754,111245,47118
4755,21815,9350
4756,92915,39341
4757,47368,20190
4758,65632,27865
4759,26366,11279
4760,17231,7411
4761,10188,4403
4762,15084,6502
4763,92054,38977
4764,78807,33399
4765,44349,18938
4766,122678,52021
4767,88527,37484
4768,110034,46593
4769,2459,1069
4770,25235,10797
4771,125073,53104
4772,122851,52097
4773,121837,51660
4774,84239,35746
4775,44405,18959
4776,76447,32415
4777,61636,26172
4778,43174,18432
4779,2938,1273
4780,122560,51970
4781,126549,53719
4782,57358,24356
4783,11198,4854
4784,47408,20207
4785,68012,28888
4786,71320,30295
4787,94475,39989
4788,114342,48445
4789,46221,19708
4790,19204,8229
4791,23214,9940
4792,22335,9561
4793,54702,23257
4794,83392,35402
4795,37093,15874
4796,117350,49735
4797,27008,11563
4798,97914,41440
4799,25955,11119
4800,113071,47933
4801,31261,13377
4802,43349,18514
4803,127402,54098
4804,70527,29955
4805,126508,53699
4806,54686,23248
4807,107829,45648
4808,86872,36846
4809,6240,2743
4810,70244,29829
4811,56265,23918
4812,80543,34158
4813,3207,1402
4814,79445,33672
4815,88365,37421
4816,9362,4048
4817,104341,44136
4818,129603,55006
4819,59345,25193
4820,27426,11723
4821,105893,44811
4822,88281,37383
4823,117338,49727
4824,497,209
4825,111223,47109
4826,98062,41508
4827,80152,33968
4828,101146,42818
4829,9965,4307
4830,31666,13548
4831,54716,23262
4832,90154,38150
4833,71175,30230
4834,82806,35142
4835,66843,28389
4836,16013,6897
4837,36009,15414
4838,110719,46895
4839,27865,11909
4840,63120,26797
4841,113253,48005
4842,83220,35317
4843,64874,27544
4844,20678,8874
4845,7664,3356
4846,116533,49393
4847,85179,36138
4848,74231,31500
4849,96651,40895
4850,101696,43038
4851,44471,18993
4852,106806,45206
4853,67988,28881
4854,22717,9717
4855,70514,29949
4856,33114,14201
4857,45261,19330
4858,1668,719
4859,42238,18038
4860,58503,24847
4861,75046,31829
4862,70780,30055
4863,116483,49367
4864,36530,15624
4865,59503,25260
4866,98581,41733
4867,99345,42037
4868,42056,17959
4869,2247,969
4870,62262,26443
4871,92711,39250
4872,86410,36667
4873,97419,41224
4874,102702,43446
4875,100614,42610
4876,3442,1520
4877,87846,37218
4878,24761,10606
4879,51206,21815
4880,58225,24729
4881,37414,16015
4882,32616,13982
4883,33903,14532
4884,57179,24295
4885,14379,6199
4886,74994,31804
4887,97819,41398
4888,97505,41263
4889,85375,36228
4890,26693,11429
4891,117199,49674
4892,80803,34284
4893,6827,3007
4894,20073,8595
4895,69485,29500
4896,119524,50666
4897,23788,10194
4898,10982,4762
4899,94470,39986
4900,88719,37567
4901,31574,13513
4902,103754,43882
4903,105104,44471
4904,46091,19660
4905,63730,27053
4906,60732,25782
4907,69874,29664
4908,9184,3969
4909,28668,12249
4910,73769,31300
4911,68608,29153
4912,45738,19513
4913,107416,45479
4914,129949,55152
4915,48973,20878
4916,55517,23604
4917,25801,11054
4918,18254,7841
4919,15138,6523
4920,113081,47939
4921,44426,18970
4922,98887,41857
4923,29983,12833
4924,125397,53250
4925,55710,23688
4926,62935,26724
4927,18909,8105
4928,8465,3670
4929,44819,19148
4930,61714,26212
4931,117078,49622
4932,106512,45077
4933,100530,42559
4934,29803,12751
4935,7871,3430
4936,66787,28366
4937,94769,40112
4938,117909,49975
4939,6873,3026
4940,82645,35073
4941,100596,42601
4942,78948,33465
4943,80962,34358
4944,96265,40726
4945,100439,42514
4946,54287,23085
4947,102738,43465
4948,22173,9494
4949,118318,50165
4950,94092,39803
4951,51146,21788
4952,25748,11027
4953,127712,54234
4954,13641,5885
4955,79409,33660
4956,31407,13440
4957,124135,52699
4958,44610,19057
4959,94192,39862
4960,106134,44909
4961,90129,38140
4962,103824,43914
4963,63572,26976
4964,29845,12769
4965,7895,3441
4966,52694,22421
4967,36418,15575
4968,28370,12129
4969,95566,40442
4970,32170,13798
4971,124021,52642
4972,120939,51287
4973,32254,13837
4974,117424,49767
4975,112960,47891
4976,10399,4500
4977,128451,54539
4978,129787,55093
4979,17673,7593
4980,81873,34745
4981,94358,39941
4982,33491,14368
4983,99443,42081
4984,11431,4950
4985,42027,17946
4986,16686,7179
4987,2721,1174
4988,121757,51626
4989,3794,1664
4990,59648,25313
4991,5989,2625
4992,36860,15770
4993,98690,41783
4994,27624,11800
4995,91540,38757
4996,1578,683
4997,6714,2957
4998,3899,1709
4999,36559,15639
5000,65714,27900
5001,58564,24872
5002,101934,43136
5003,20424,8753
5004,89316,37814
5005,79497,33696
5006,49830,21245
5007,72665,30850
5008,8349,3616
5009,84170,35717
5010,82195,34888
5011,116476,49365
5012,3965,1740
5013,54723,23265
5014,42435,18134
5015,118019,50025
5016,13388,5769
5017,113245,48001
5018,116889,49542
5019,85195,36146
5020,46770,19933
5021,91466,38730
5022,1003,415
5023,61051,25913
5024,100866,42711
5025,82747,35116
5026,32726,14025
5027,23444,10033
5028,105033,44441
5029,92373,39106
5030,107596,45559
5031,36641,15676
5032,122862,52100
5033,44361,18941
5034,51353,21873
5035,125438,53264
5036,63284,26862
5037,68444,29074
5038,121076,51337
5039,3328,1461
5040,126344,53640
5041,30724,13143
5042,72277,30683
5043,116255,49271
5044,105176,44500
5045,123598,52447
5046,88189,37351
5047,4745,2079
5048,127936,54320
5049,96405,40783
5050,47704,20328
5051,55903,23765
5052,107189,45380
5053,92019,38955
5054,91,39
5055,32426,13910
5056,70723,30028
5057,44571,19041
5058,41035,17529
5059,106567,45101
5060,3799,1667
5061,75274,31925
5062,65024,27611
5063,81260,34468
5064,12582,5429
5065,55966,23794
5066,53328,22672
5067,49260,20999
5068,52136,22203
5069,11884,5131
5070,74173,31476
5071,118231,50122
5072,28471,12178
5073,112148,47516
5074,21199,9095
5075,96896,41016
5076,58955,25027
5077,10753,4658
5078,3320,1456
5079,43396,18537
5080,94209,39869
5081,63563,26969
5082,67673,28740
5083,37060,15856
5084,55109,23428
5085,119901,50842
5086,86567,36723
5087,114077,48339
5088,57125,24266
5089,38136,16326
5090,25038,10723
5091,38692,16551
5092,19022,8146
5093,104594,44251
5094,41368,17658
5095,81520,34591
5096,11167,4837
5097,105787,44760
5098,39651,16944
5099,39,17
5100,63183,26819
5101,99986,42309
5102,64838,27524
5103,17304,7429
5104,61495,26113
5105,41410,17679
5106,76423,32407
5107,88440,37453
5108,24614,10540
5109,2336,1007
5110,21085,9043
5111,128910,54726
5112,18144,7799
5113,39616,16934
5114,99352,42040
5115,23811,10205
5116,4665,2040
5117,20077,8597
5118,123713,52501
5119,19096,8178
5120,59478,25250
5121,53007,22548
5122,46663,19887
5123,99302,42020
5124,63862,27108
5125,89129,37744
5126,29618,12660
5127,2042,876
5128,53416,22713
5129,87574,37113
5130,62715,26631
5131,77019,32631
5132,4011,1762
5133,92533,39169
5134,71511,30363
5135,22201,9505
5136,27130,11608
5137,2927,1270
5138,89154,37756
5139,49448,21074
5140,3269,1433
5141,116149,49226
5142,129576,54995
5143,36246,15503
5144,53147,22598
5145,38295,16397
5146,12010,5189
5147,125457,53274
5148,37176,15910
5149,4594,2013
5150,49391,21049
5151,35540,15227
5152,89659,37938
5153,41516,17728
5154,96091,40653
5155,97314,41185
5156,41568,17752
5157,86370,36651
5158,52833,22475
5159,90959,38490
5160,103531,43799
5161,119590,50697
5162,123330,52317
5163,86503,36699
5164,46526,19827
5165,44815,19146
5166,97254,41158
5167,18602,7980
5168,67735,28768
5169,43153,18420
5170,99583,42142
5171,120446,51073
5172,30162,12905
5173,76862,32572
5174,43400,18541
5175,51559,21968
5176,44627,19063
5177,124487,52846
5178,46818,19955
5179,119865,50824
5180,73101,31026
5181,68016,28889
5182,35353,15144
5183,49378,21045
5184,112140,47513
5185,36367,15556
5186,89687,37952
5187,5418,2359
5188,80775,34273
5189,28527,12195
5190,15572,6704
5191,72914,30954
5192,104981,44417
5193,36243,15500
5194,106461,45051
5195,67851,28823
5196,18007,7736
5197,8858,3833
5198,129638,55022
5199,59992,25473
5200,16278,6997
5201,104810,44351
5202,40848,17453
5203,87452,37065
5204,80933,34342
5205,65996,28016
5206,115603,49011
5207,45243,19329
5208,81663,34654
5209,72982,30979
5210,100182,42401
5211,94183,39855
5212,108421,45912
5213,31224,13359
5214,51063,21754
5215,16593,7143
5216,6994,3088
5217,77942,33047
5218,17942,7710
5219,66231,28111
5220,124793,52980
5221,37550,16077
5222,54606,23219
5223,21151,9075
5224,60160,25543
5225,41679,17797
5226,43451,18560
5227,32351,13877
5228,93142,39422
5229,92135,39014
5230,96722,40935
5231,7505,3293
5232,118285,50151
5233,70103,29765
5234,12413,5356
5235,108910,46121
5236,114380,48460
5237,59405,25221
5238,100107,42364
5239,72773,30893
5240,96545,40848
5241,114988,48736
5242,114994,48739
5243,60469,25669
5244,78422,33252
5245,62693,26621
5246,63701,27037
5247,122782,52073
5248,15515,6675
5249,86752,36801
5250,92463,39140
5251,16474,7090
5252,15891,6842
5253,79330,33622
5254,57690,24496
5255,33640,14438
5256,65990,28013
5257,2471,1074
5258,69367,29449
5259,96370,40768
5260,56120,23854
5261,25466,10898
5262,23397,10015
5263,79738,33796
5264,57404,24380
5265,120216,50977
5266,5429,2365
5267,31485,13475
5268,84189,35725
5269,91542,38758
5270,106816,45211
5271,25891,11089
5272,105859,44794
5273,46336,19755
5274,123030,52177
5275,19628,8414
5276,43283,18487
5277,33278,14271
5278,85738,36386
5279,77322,32764
5280,23343,9994
5281,104232,44093
5282,83367,35393
5283,30826,13180
5284,29414,12575
5285,113891,48260
5286,67928,28860
5287,62282,26453
5288,3014,1318
5289,86418,36670
5290,66408,28188
5291,44534,19021
5292,7667,3358
5293,80494,34133
5294,10421,4513
5295,129959,55157
5296,75316,31948
5297,76953,32606
5298,72608,30820
5299,95060,40243
5300,75738,32121
5301,80639,34204
5302,120907,51275
5303,15657,6741
5304,24470,10471
5305,12689,5476
5306,123363,52335
5307,42664,18222
5308,88374,37425
5309,31588,13519
5310,114948,48709
5311,4885,2143
5312,20402,8745
5313,74652,31663
5314,43646,18639
5315,128941,54734
5316,105574,44669
5317,1634,701
5318,130124,55227
5319,110649,46858
5320,89972,38073
5321,24392,10443
5322,49225,20986
5323,117469,49787
5324,29595,12649
5325,60060,25497
5326,16741,7207
5327,14266,6149
5328,31810,13615
5329,104843,44363
5330,36183,15476
5331,64478,27375
5332,35173,15067
5333,77199,32708
5334,61483,26109
5335,125543,53310
5336,112778,47809
5337,11438,4954
5338,111313,47140
5339,11333,4914
5340,21035,9024
5341,12159,5246
5342,110395,46743
5343,6254,2749
5344,73817,31319
5345,68017,28890
5346,7118,3130
5347,6591,2911
5348,48033,20457
5349,68632,29165
5350,95077,40251
5351,105734,44739
5352,52672,22413
5353,59077,25079
5354,21262,9123
5355,20298,8697
5356,39134,16732
5357,1409,602
5358,125641,53346
5359,51440,21915
5360,86251,36599
5361,44835,19153
5362,109806,46489
5363,13891,5993
5364,57089,24256
5365,96331,40750
5366,110340,46718
5367,10699,4638
5368,115293,48866
5369,17907,7698
5370,76483,32430
5371,54240,23063
5372,59929,25442
5373,58767,24955
5374,76824,32557
5375,130394,55359
5376,26429,11302
5377,85500,36274
5378,81748,34687
5379,37718,16146
5380,17120,7371
5381,124626,52915
5382,7860,3424
5383,9787,4234
5384,72047,30587
5385,67201,28535
5386,19635,8418
5387,22905,9803
5388,19336,8284
5389,120845,51250
5390,119720,50763
5391,122916,52128
5392,64373,27322
5393,99410,42067
5394,66261,28123
5395,94170,39844
5396,70803,30065
5397,79903,33871
5398,128527,54574
5399,59259,25156
5400,116022,49173
5401,99515,42107
5402,129841,55113
5403,35623,15262
5404,84424,35826
5405,123491,52395
5406,78838,33411
5407,86300,36621
5408,55364,23534
5409,59266,25159
5410,20236,8668
5411,33526,14381
5412,45197,19309
5413,40515,17295
5414,104877,44377
5415,81877,34746
5416,96121,40665
5417,69716,29600
5418,29101,12434
5419,68208,28970
5420,129138,54820
5421,96783,40961
5422,28003,11975
5423,51252,21832
5424,122310,51860
5425,88293,37386
5426,46280,19729
5427,23755,10182
5428,87840,37215
5429,47307,20166
5430,5566,2415
5431,66892,28407
5432,67598,28709
5433,81659,34651
5434,46514,19823
5435,65348,27750
5436,4660,2039
5437,46305,19740
5438,41654,17786
5439,51443,21916
5440,116761,49489
5441,45183,19301
5442,77555,32872
5443,42652,18216
5444,34708,14871
5445,85331,36208
5446,127610,54179
5447,85845,36436
5448,29391,12562
5449,122652,52013
5450,95761,40510
5451,25584,10945
5452,110899,46968
5453,14244,6138
5454,26208,11208
5455,100763,42663
5456,67791,28796
5457,93412,39526
5458,47309,20167
5459,18314,7868
5460,19538,8367
5461,127516,54137
5462,71310,30291
5463,104358,44145
5464,117980,50006
5465,46947,20019
5466,40315,17212
5467,50570,21554
5468,106691,45150
5469,14727,6345
5470,121313,51435
5471,31543,13500
5472,56989,24218
5473,58608,24886
5474,25864,11075
5475,40065,17118
5476,23582,10099
5477,7675,3359
5478,94147,39833
5479,40067,17119
5480,69503,29507
5481,115206,48828
5482,102009,43168
5483,114958,48718
5484,23697,10158
5485,70733,30032
5486,117547,49825
5487,102401,43326
5488,112529,47701
5489,121123,51354
5490,90880,38455
5491,89268,37795
5492,39346,16824
5493,1862,798
5494,17413,7481
5495,101529,42960
5496,14672,6320
5497,29805,12752
5498,4719,2066
5499,126005,53492
5500,108179,45800
5501,14756,6359
5502,59792,25381
5503,105067,44458
5504,36999,15827
5505,82666,35081
5506,35763,15314
5507,124061,52663
5508,110208,46659
5509,42419,18128
5510,31280,13385
5511,116689,49458
5512,64218,27258
5513,39825,17018
5514,92171,39028
5515,53853,22902
5516,113054,47925
5517,9946,4296
5518,117716,49894
5519,37227,15934
5520,93885,39723
5521,125426,53259
5522,107435,45488
5523,122018,51748
5524,74891,31760
5525,102797,43492
5526,122911,52126
5527,74158,31469
5528,40703,17383
5529,20062,8588
5530,98838,41838
5531,102116,43211
5532,52995,22545
5533,12995,5599
5534,17896,7691
5535,69635,29564
5536,119882,50832
5537,107464,45501
5538,74762,31717
5539,100951,42742
5540,9834,4255
5541,6758,2978
5542,112233,47563
5543,114843,48663
5544,27017,11566
5545,49881,21269
5546,29846,12770
5547,77394,32793
5548,108410,45908
5549,72795,30905
5550,84351,35792
5551,23957,10268
5552,129536,54977
5553,115172,48816
5554,9736,4209
5555,19937,8544
5556,96254,40720
5557,40216,17183
5558,121087,51341
5559,51345,21870
5560,89060,37723
5561,36805,15741
5562,104901,44385
5563,49335,21021
5564,8902,3849
5565,1785,769
5566,95156,40283
5567,98016,41488
5568,61425,26083
5569,70949,30132
5570,10075,4359
5571,41777,17838
5572,64284,27282
5573,115713,49064
5574,124999,53072
5575,92876,39322
5576,106880,45237
5577,43522,18592
5578,109457,46348
5579,128717,54647
5580,22063,9442
5581,113813,48230
5582,66271,28131
5583,83221,35318
5584,109842,46506
5585,58043,24651
5586,11780,5091
5587,28833,12316
5588,100057,42336
5589,119234,50545
5590,44986,19211
5591,16415,7062
5592,41629,17776
5593,79014,33489
5594,92481,39146
5595,112106,47494
5596,92574,39189
5597,21718,9307
5598,64569,27411
5599,95370,40365
5600,106632,45125
5601,120748,51211
5602,22069,9444
5603,105211,44512
5604,41202,17591
5605,28407,12145
5606,5696,2481
5607,544,229
5608,68557,29127
5609,112567,47722
5610,91128,38567
5611,102972,43559
5612,109118,46212
5613,91259,38626
5614,97913,41439
5615,123178,52245
5616,31505,13484
5617,31679,13554
5618,65936,27994
5619,89981,38078
5620,79688,33781
5621,129680,55041
5622,48301,20591
5623,92702,39244
5624,72401,30734
5625,29473,12600
5626,51556,21966
5627,5453,2374
5628,288,128
5629,17627,7577
5630,108694,46027
5631,48979,20881
5632,91164,38580
5633,101109,42801
5634,20735,8895
5635,50645,21583
5636,99121,41946
5637,61277,26017
5638,47827,20376
5639,89169,37764
5640,44352,18939
5641,130097,55212
5642,79374,33641
5643,4265,1866
5644,22845,9774
5645,6379,2814
5646,109268,46280
5647,84726,35955
5648,3238,1416
5649,76203,32325
5650,61538,26128
5651,44093,18820
5652,121814,51649
5653,37821,16188
5654,117742,49906
5655,9712,4204
5656,115776,49085
5657,129323,54892
5658,67407,28626
5659,58449,24825
5660,125324,53214
5661,130199,55258
5662,178,83
5663,52141,22206
5664,38453,16461
5665,6784,2988
5666,49469,21084
5667,76047,32252
5668,2598,1121
5669,109244,46269
5670,65284,27724
5671,105972,44842
5672,61789,26243
5673,130337,55332
5674,94124,39822
5675,98085,41522
5676,97654,41328
5677,121150,51370
5678,91887,38906
5679,103801,43903
5680,27328,11681
5681,84968,36054
5682,57363,24358
5683,99870,42261
5684,87738,37173
5685,82267,34920
5686,101069,42784
5687,127763,54252
5688,129520,54972
5689,121753,51623
5690,10834,4694
5691,2796,1209
5692,4514,1978
5693,10359,4484
5694,72329,30704
5695,66736,28342
5696,5078,2227
5697,69192,29386
5698,107570,45548
5699,37396,16007
5700,40850,17454
5701,25657,10988
5702,10850,4702
5703,84571,35889
5704,88867,37637
5705,127527,54143
5706,118511,50241
5707,103173,43645
5708,11610,5017
5709,47384,20196
5710,47416,20209
5711,7454,3271
5712,111565,47239
5713,85876,36452
5714,90296,38203
5715,29467,12598
5716,50733,21616
5717,88389,37431
5718,52328,22278
5719,36495,15608
5720,46713,19906
5721,7536,3308
5722,15020,6474
5723,51382,21888
5724,76802,32548
5725,28440,12166
5726,56438,23994
5727,93989,39759
5728,6481,2864
5729,69581,29539
5730,36908,15790
5731,59987,25471
5732,87707,37161
5733,48941,20864
5734,110170,46644
5735,93736,39668
5736,107974,45717
5737,50622,21576
5738,39501,16882
5739,127618,54185
5740,122239,51839
5741,128346,54488
5742,98485,41698
5743,8307,3596
5744,51567,21970
5745,22322,9557
5746,15543,6692
5747,122140,51797
5748,14741,6351
5749,14484,6241
5750,61207,25986
5751,115255,48847
5752,657,274
5753,70378,29886
5754,111010,47018
5755,126184,53580
5756,5470,2380
5757,25307,10834
5758,64604,27424
5759,103460,43760
5760,115267,48853
5761,24498,10483
5762,87045,36903
5763,71436,30335
5764,53592,22793
5765,37611,16102
5766,122266,51847
5767,18232,7838
5768,84040,35677
5769,67041,28467
5770,97864,41415
5771,14385,6201
5772,13470,5809
5773,130071,55202
5774,83051,35236
5775,91370,38686
5776,41435,17691
5777,88416,37442
5778,62969,26735
5779,96577,40861
5780,127790,54265
5781,28204,12064
5782,105166,44495
5783,115149,48806
5784,30044,12858
5785,26186,11201
5786,76084,32265
5787,36566,15643
5788,8870,3835
5789,95451,40400
5790,47762,20346
5791,73389,31140
5792,31303,13392
5793,78575,33314
5794,91427,38716
5795,49248,20997
5796,84800,35985
5797,39796,17007
5798,93626,39622
5799,77935,33044
5800,45037,19230
5801,85470,36264
5802,64503,27384
5803,13154,5673
5804,44223,18876
5805,51502,21943
5806,53215,22623
5807,77158,32693
5808,63921,27136
5809,77957,33054
5810,106852,45225
5811,30517,13050
5812,79963,33891
5813,20747,8904
5814,35675,15280
5815,15906,6847
5816,15324,6606
5817,57316,24342
5818,13116,5658
5819,88051,37289
5820,122600,51984
5821,29200,12479
5822,18178,7813
5823,126004,53491
5824,47344,20179
5825,36914,15792
5826,71362,30310
5827,1332,571
5828,73358,31130
5829,126104,53539
5830,57354,24354
5831,761,321
5832,127165,54000
5833,114552,48529
5834,36384,15561
5835,2029,872
5836,60162,25545
5837,66392,28182
5838,90562,38322
5839,93447,39542
5840,90586,38334
5841,129008,54757
5842,30989,13262
5843,19309,8272
5844,38048,16290
5845,129098,54798
5846,54545,23188
5847,82011,34804
5848,20620,8843
5849,65404,27769
5850,58734,24938
5851,53640,22807
5852,57848,24563
5853,130278,55300
5854,38044,16286
5855,59551,25281
5856,3314,1454
5857,71906,30533
5858,109554,46389
5859,29810,12754
5860,77092,32662
5861,106868,45232
5862,4201,1833
5863,14992,6461
5864,104025,43997
5865,119621,50715
5866,90068,38118
5867,108545,45962
5868,57668,24487
5869,108706,46033
5870,79351,33631
5871,99366,42047
5872,79139,33540
5873,22650,9690
5874,117634,49860
5875,3748,1642
5876,25854,11070
5877,120427,51064
5878,22719,9718
5879,63889,27120
5880,75404,31980
5881,39339,16821
5882,68626,29163
5883,102889,43533
5884,29685,12692
5885,14820,6380
5886,121604,51566
5887,80292,34031
5888,113690,48186
5889,49666,21167
5890,112996,47904
5891,82869,35164
5892,7385,3245
5893,89719,37963
5894,34778,14896
5895,115452,48938
5896,130212,55262
5897,62435,26517
5898,8059,3505
5899,16661,7168
5900,39762,16991
5901,56557,24047
5902,52741,22436
5903,35589,15251
5904,19843,8508
5905,14177,6110
5906,6352,2796
5907,72382,30727
5908,129419,54930
5909,124802,52984
5910,40699,17380
5911,111737,47321
5912,62067,26370
5913,23995,10281
5914,28507,12190
5915,37327,15981
5916,50583,21559
5917,90736,38393
5918,26992,11555
5919,6985,3085
5920,9738,4211
5921,36201,15485
5922,75883,32184
5923,120885,51267
5924,30836,13188
5925,22887,9792
5926,123407,52359
5927,58173,24701
5928,108116,45771
5929,36101,15445
5930,127067,53960
5931,25822,11062
5932,43928,18749
5933,62080,26375
5934,97788,41382
5935,36859,15769
5936,10384,4492
5937,123900,52591
5938,120919,51280
5939,58844,24985
5940,27028,11568
5941,67870,28835
5942,90700,38376
5943,65474,27806
5944,71091,30201
5945,77462,32826
5946,58450,24826
5947,37794,16177
5948,123738,52515
5949,45099,19254
5950,112568,47723
5951,104699,44304
5952,24574,10519
5953,40566,17317
5954,16342,7030
5955,85151,36128
5956,90095,38127
5957,123902,52592
5958,27804,11882
5959,70347,29870
5960,103318,43706
5961,126996,53933
5962,14776,6364
5963,105435,44616
5964,60344,25614
5965,44883,19174
5966,34178,14630
5967,79183,33559
5968,40963,17495
5969,22215,9511
5970,115602,49010
5971,48924,20856
5972,58631,24895
5973,40328,17217
5974,44267,18896
5975,28854,12325
5976,37239,15942
5977,11614,5019
5978,58202,24717
5979,11204,4857
5980,126581,53738
5981,118763,50342
5982,8727,3770
5983,111321,47143
5984,80719,34242
5985,123195,52254
5986,80078,33941
5987,81300,34490
5988,69471,29495
5989,93603,39614
5990,18195,7819
5991,52857,22488
5992,51718,22037
5993,63252,26850
5994,120662,51173
5995,22855,9779
5996,105255,44539
5997,47944,20421
5998,6613,2918
5999,42405,18118
6000,121162,51373
6001,9631,4168
6002,17281,7425
6003,82734,35112
6004,77566,32879
6005,35747,15310
6006,25713,11016
6007,23261,9952
6008,92850,39311
6009,112139,47512
6010,35595,15253
6011,78860,33420
6012,110668,46870
6013,1663,716
6014,1944,831
6015,11338,4915
6016,47468,20232
6017,38575,16506
6018,1572,680
6019,55408,23556
6020,20718,8889
6021,22634,9681
6022,124488,52847
6023,53478,22740
6024,32484,13933
6025,37013,15834
6026,130235,55275
6027,55553,23620
6028,7501,3291
6029,117866,49962
6030,46353,19762
6031,124400,52809
6032,71751,30465
6033,67128,28503
6034,44910,19181
6035,883,376
6036,18037,7751
6037,39147,16741
6038,113324,48032
6039,106720,45167
6040,44519,19017
6041,55196,23466
6042,7663,3355
6043,26333,11262
6044,38168,16343
6045,101939,43137
6046,26355,11272
6047,14192,6118
6048,68808,29232
6049,60197,25556
6050,46753,19921
6051,40749,17404
6052,117420,49764
6053,70799,30063
6054,29412,12574
6055,60250,25577
6056,17876,7679
6057,36483,15603
6058,18064,7765
6059,111494,47212
6060,27673,11829
6061,20229,8664
6062,77755,32963
6063,62261,26442
6064,18862,8086
6065,94833,40139
6066,125517,53298
6067,114031,48319
6068,53151,22601
6069,101976,43154
6070,25853,11069
6071,26213,11211
6072,107315,45435
6073,81799,34711
6074,129554,54985
6075,4160,1820
6076,29734,12717
6077,121939,51706
6078,70612,29987
6079,17750,7624
6080,99697,42185
6081,36832,15757
6082,65333,27744
6083,111646,47278
6084,65302,27733
6085,28362,12126
6086,38277,16390
6087,59124,25099
6088,100017,42322
6089,9812,4242
6090,113475,48093
6091,111302,47137
6092,32062,13741
6093,31750,13585
6094,68009,28886
6095,128830,54690
6096,62117,26387
6097,78053,33099
6098,95668,40480
6099,37037,15843
6100,92634,39221
6101,89026,37706
6102,39078,16699
6103,80463,34116
6104,47077,20085
6105,92627,39216
6106,100494,42540
6107,27743,11858
6108,94252,39890
6109,30756,13154
6110,113881,48255
6111,113512,48104
6112,113906,48268
6113,98265,41594
6114,20102,8608
6115,80127,33959
6116,24709,10581
6117,47971,20433
6118,60131,25532
6119,118572,50264
6120,8212,3562
6121,92949,39350
6122,17957,7715
6123,87251,36985
6124,30228,12937
6125,107424,45485
6126,105685,44721
6127,108767,46060
6128,113045,47923
6129,59330,25186
6130,14037,6047
6131,21099,9050
6132,109862,46516
6133,2990,1302
6134,70772,30050
6135,70815,30069
6136,37118,15883
6137,41903,17891
6138,93965,39751
6139,126929,53904
6140,124116,52690
6141,115539,48981
6142,14790,6370
6143,25446,10888
6144,34236,14656
6145,40387,17244
6146,115862,49121
6147,101170,42829
6148,114831,48659
6149,49382,21046
6150,39776,16997
6151,14573,6277
6152,55155,23445
6153,46870,19983
6154,123131,52225
6155,65334,27745
6156,19182,8220
6157,37815,16186
6158,103969,43972
6159,11934,5157
6160,120246,50992
6161,105672,44715
6162,17574,7555
6163,46662,19886
6164,59004,25049
6165,117566,49830
6166,102223,43257
6167,115010,48745
6168,65588,27847
6169,94498,39999
6170,124921,53039
6171,57314,24341
6172,78917,33451
6173,93163,39429
6174,18601,7979
6175,126372,53652
6176,62048,26360
6177,52013,22146
6178,8817,3807
6179,34399,14730
6180,72387,30730
6181,126358,53644
6182,40379,17241
6183,61261,26011
6184,33655,14443
6185,6127,2687
6186,7219,3172
6187,115227,48837
6188,41523,17730
6189,69250,29404
6190,111285,47131
6191,57797,24542
6192,101567,42979
6193,6888,3032
6194,117635,49861
6195,95621,40463
6196,40094,17130
6197,121978,51726
6198,64221,27260
6199,100488,42537
6200,32425,13909
6201,78573,33313
6202,74319,31534
6203,4725,2069
6204,130269,55293
6205,55011,23395
6206,4886,2144
6207,12824,5529
6208,62344,26481
6209,18951,8123
6210,16508,7102
6211,59093,25084
6212,49471,21085
6213,12703,5482
6214,3432,1516
6215,101562,42977
6216,74076,31421
6217,116079,49197
6218,69919,29683
6219,60090,25515
6220,46844,19968
6221,105253,44537
6222,97858,41411
6223,33220,14249
6224,10259,4436
6225,90447,38265
6226,16343,7031
6227,52288,22260
6228,33001,14145
6229,3766,1649
6230,120698,51188
6231,35116,15044
6232,113542,48121
6233,49346,21028
6234,40419,17256
6235,121747,51620
6236,110265,46680
6237,48667,20747
6238,52641,22401
6239,53364,22690
6240,12566,5422
6241,75051,31831
6242,87641,37141
6243,120473,51090
6244,43340,18509
6245,85541,36295
6246,64510,27387
6247,2643,1144
6248,1474,637
6249,93750,39673
6250,106266,44965
6251,17132,7374
6252,43988,18778
6253,49723,21194
6254,50283,21446
6255,118017,50023
6256,81888,34752
6257,112884,47862
6258,75593,32069
6259,73799,31311
6260,34106,14604
6261,60210,25562
6262,31795,13606
6263,107344,45448
6264,95589,40452
6265,39503,16883
6266,26010,11139
6267,63241,26847
6268,100141,42380
6269,78364,33228
6270,110671,46872
6271,34927,14966
6272,50832,21659
6273,41613,17769
6274,11222,4864
6275,123084,52206
6276,82078,34832
6277,2457,1068
6278,124091,52676
6279,16724,7201
6280,39666,16952
6281,127997,54348
6282,41878,17882
6283,56469,24007
6284,67599,28710
6285,123088,52207
6286,19591,8395
6287,53125,22590
6288,45280,19340
6289,112916,47876
6290,106431,45038
6291,104488,44206
6292,98316,41621
6293,41617,17771
6294,119102,50491
6295,40658,17359
6296,74781,31727
6297,59005,25050
6298,47836,20382
6299,2633,1138
6300,10094,4367
6301,74085,31428
6302,113009,47909
6303,49083,20920
6304,49405,21056
6305,71301,30288
6306,112343,47614
6307,52112,22188
6308,11033,4785
6309,27512,11761
6310,42732,18257
6311,34261,14669
6312,16377,7043
6313,93280,39474
6314,18650,8006
6315,119064,50476
6316,16134,6944
6317,48117,20503
6318,90733,38391
6319,4111,1808
6320,116925,49561
6321,126454,53682
6322,42855,18298
6323,63100,26785
6324,119587,50695
6325,71997,30569
6326,25045,10726
6327,83171,35293
6328,91407,38703
6329,88018,37278
6330,41782,17840
6331,33795,14488
6332,36458,15589
6333,72316,30697
6334,36618,15663
6335,23273,9960
6336,58926,25015
6337,92731,39259
6338,107816,45643
6339,35709,15293
6340,52432,22320
6341,84498,35857
6342,53785,22872
6343,82694,35092
6344,68896,29265
6345,55208,23470
6346,23479,10054
6347,113834,48235
6348,127279,54040
6349,93980,39754
6350,83584,35481
6351,111259,47124
6352,113406,48067
6353,69627,29559
6354,32957,14128
6355,130164,55243
6356,74357,31552
6357,72383,30728
6358,112929,47879
6359,45385,19378
6360,40663,17361
6361,13934,6010
6362,991,409
6363,23685,10155
6364,12531,5410
6365,86389,36660
6366,9927,4291
6367,104384,44154
6368,113885,48258
6369,28558,12207
6370,89682,37949
6371,80846,34298
6372,89069,37725
6373,28836,12319
6374,65500,27816
6375,56160,23872
6376,3220,1408
6377,56706,24107
6378,35537,15226
6379,69634,29563
6380,116169,49233
6381,123737,52514
6382,9592,4151
6383,103685,43855
6384,108149,45787
6385,34529,14789
6386,100390,42495
6387,85362,36223
6388,116177,49236
6389,81794,34707
6390,127937,54321
6391,115274,48857
6392,8562,3698
6393,78134,33135
6394,106423,45035
6395,94079,39796
6396,111842,47370
6397,81467,34561
6398,5053,2216
6399,96472,40820
6400,2690,1161
6401,110817,46932
6402,64485,27377
6403,90807,38425
6404,118233,50124
6405,78367,33230
6406,103279,43686
6407,55108,23427
6408,55284,23502
6409,3046,1339
6410,103351,43715
6411,121740,51619
6412,110229,46669
6413,799,342
6414,66175,28090
6415,15839,6817
6416,125346,53223
6417,65625,27862
6418,45008,19218
6419,61878,26281
6420,122193,51822
6421,76021,32241
6422,64999,27598
6423,84788,35979
6424,34700,14867
6425,51210,21817
6426,44266,18895
6427,121600,51565
6428,75171,31882
6429,116978,49582
6430,19419,8315
6431,5901,2584
6432,69321,29434
6433,74251,31506
6434,129439,54940
6435,73899,31356
6436,60258,25582
6437,86999,36888
6438,97210,41142
6439,21812,9348
6440,26431,11303
6441,83618,35495
6442,10883,4717
6443,27038,11572
6444,10597,4586
6445,47787,20359
6446,12571,5424
6447,12843,5534
6448,54161,23027
6449,25702,11013
6450,92489,39149
6451,6452,2848
6452,78902,33441
6453,99275,42007
6454,128385,54505
6455,36744,15718
6456,72508,30777
6457,66880,28402
6458,93894,39728
6459,119572,50691
6460,124411,52813
6461,786,336
6462,107432,45487
6463,109135,46219
6464,68018,28891
6465,59973,25463
6466,37749,16156
6467,105978,44844
6468,44756,19120
6469,118316,50164
6470,1417,607
6471,37357,15991
6472,130364,55343
6473,15627,6733
6474,103,46
6475,115824,49107
6476,56304,23934
6477,96341,40758
6478,127922,54317
6479,127166,54001
6480,104179,44064
6481,127214,54015
6482,24111,10329
6483,14064,6058
6484,73175,31059
6485,8174,3546
6486,120524,51110
6487,57750,24522
6488,57543,24448
6489,129716,55057
6490,40161,17161
6491,42708,18243
6492,8323,3602
6493,94452,39979
6494,115820,49105
6495,29442,12587
6496,106058,44879
6497,18633,7997
6498,82957,35200
6499,51393,21894
6500,64228,27263
6501,30702,13127
6502,21081,9041
6503,103749,43879
6504,53937,22938
6505,119724,50766
6506,75175,31885
6507,28551,12205
6508,61544,26132
6509,95166,40289
6510,103086,43610
6511,79818,33831
6512,76518,32443
6513,97270,41164
6514,92825,39302
6515,13661,5897
6516,128592,54607
6517,41845,17869
6518,32279,13846
6519,47071,20081
6520,98661,41771
6521,42322,18079
6522,92278,39068
6523,34748,14887
6524,111840,47369
6525,64336,27302
6526,3089,1356
6527,95541,40436
6528,10530,4551
6529,111065,47040
6530,56337,23947
6531,114828,48658
6532,40980,17505
6533,60003,25479
6534,100495,42541
6535,107251,45408
6536,82971,35207
6537,101669,43023
6538,97986,41475
6539,114658,48576
6540,51744,22049
6541,115627,49026
6542,97513,41265
6543,56892,24183
6544,51314,21855
6545,128159,54417
6546,49011,20892
6547,121359,51458
6548,83454,35431
6549,48686,20755
6550,80492,34131
6551,54549,23191
6552,36829,15756
6553,122743,52052
6554,38651,16539
6555,48533,20691
6556,67621,28718
6557,91935,38926
6558,125689,53367
6559,18236,7839
6560,29559,12633
6561,36098,15444
6562,88375,37426
6563,69693,29589
6564,13595,5859
6565,2051,881
6566,11869,5124
6567,34845,14931
6568,122449,51918
6569,92849,39310
6570,111236,47113
6571,70833,30077
6572,102730,43462
6573,106257,44962
6574,106776,45194
6575,29374,12556
6576,107620,45568
6577,39883,17048
6578,76020,32240
6579,40296,17204
6580,76200,32322
6581,53819,22883
6582,108864,46096
6583,6156,2704
6584,104490,44208
6585,79845,33843
6586,75683,32100
6587,43399,18540
6588,121361,51460
6589,84460,35842
6590,9335,4035
6591,35568,15242
6592,119144,50515
6593,43633,18630
6594,115628,49027
6595,32867,14088
6596,116894,49543
6597,44641,19069
6598,12206,5264
6599,116848,49527
6600,78188,33157
6601,62398,26504
6602,127868,54290
6603,43911,18741
6604,48083,20482
6605,47560,20271
6606,39582,16916
6607,76182,32310
6608,34204,14642
6609,119190,50532
6610,31621,13532
6611,115142,48803
6612,89776,37992
6613,113556,48126
6614,34506,14778
6615,12501,5392
6616,50476,21521
6617,67744,28772
6618,77999,33076
6619,23285,9965
6620,85642,36348
6621,17688,7597
6622,104290,44117
6623,57625,24474
6624,30377,12995
6625,86587,36730
6626,119116,50501
6627,127983,54343
6628,67585,28702
6629,104916,44390
6630,119708,50757
6631,68026,28896
6632,60931,25860
6633,11752,5077
6634,42092,17980
6635,4929,2161
6636,61646,26177
6637,103593,43823
6638,51392,21893
6639,24276,10392
6640,128017,54355
6641,80354,34065
6642,49431,21069
6643,79657,33764
6644,59252,25153
6645,6724,2962
6646,65691,27890
6647,943,394
6648,118706,50322
6649,27082,11592
6650,129208,54845
6651,78260,33189
6652,35682,15284
6653,79271,33596
6654,63954,27151
6655,82442,34986
6656,42739,18259
6657,82638,35069
6658,11575,5007
6659,79434,33669
6660,84376,35805
6661,37790,16175
6662,26005,11137
6663,113372,48055
6664,22199,9503
6665,753,317
6666,85544,36296
6667,38150,16333
6668,53763,22863
6669,22515,9634
6670,32354,13878
6671,85147,36124
6672,1320,563
6673,58387,24802
6674,107583,45556
6675,12763,5507
6676,64515,27390
6677,3034,1331
6678,72794,30904
6679,4233,1848
6680,44290,18907
6681,75952,32208
6682,112785,47812
6683,55628,23652
6684,37235,15939
6685,40196,17174
6686,80996,34370
6687,104445,44184
6688,44810,19145
6689,106006,44853
6690,16717,7195
6691,37887,16220
6692,51209,21816
6693,71668,30431
6694,44682,19089
6695,52069,22169
6696,52260,22250
6697,116726,49475
6698,121556,51553
6699,36186,15479
6700,61138,25951
6701,17272,7422
6702,22142,9480
6703,90171,38156
6704,113429,48076
6705,113236,47994
6706,99768,42210
6707,128363,54497
6708,19569,8385
6709,119032,50463
6710,4991,2190
6711,59939,25449
6712,53858,22905
6713,32461,13920
6714,63794,27082
6715,34000,14573
6716,30805,13174
6717,51078,21761
6718,125982,53481
6719,78589,33320
6720,121290,51425
6721,1945,832
6722,44387,18951
6723,26579,11376
6724,126721,53809
6725,21291,9134
6726,95226,40309
6727,125022,53079
6728,107957,45709
6729,77204,32711
6730,125445,53268
6731,5313,2315
6732,119642,50725
6733,91641,38805
6734,80600,34183
6735,1200,503
6736,32994,14142
6737,123896,52588
6738,38065,16297
6739,60239,25574
6740,772,329
6741,124342,52786
6742,7061,3110
6743,43671,18647
6744,129771,55083
6745,93653,39634
6746,124878,53018
6747,4178,1826
6748,108614,45994
6749,35852,15350
6750,112719,47787
6751,5058,2219
6752,77751,32961
6753,95259,40324
6754,40158,17159
6755,93673,39644
6756,80278,34024
6757,120460,51082
6758,91147,38575
6759,122254,51842
6760,20713,8887
6761,128651,54625
6762,58234,24733
6763,123608,52451
6764,102458,43350
6765,105254,44538
6766,78886,33434
6767,99834,42246
6768,70997,30157
6769,7406,3251
6770,11606,5014
6771,118013,50021
6772,53584,22787
6773,44042,18800
6774,60235,25572
6775,127020,53943
6776,123432,52375
6777,11662,5038
6778,6972,3076
6779,76516,32442
6780,22164,9489
6781,22953,9825
6782,52427,22319
6783,27757,11864
6784,11735,5072
6785,126645,53769
6786,124330,52782
6787,64413,27343
6788,32820,14064
6789,37438,16027
6790,8834,3817
6791,68154,28950
6792,90412,38251
6793,98576,41732
6794,89861,38026
6795,19654,8426
6796,45053,19236
6797,112981,47896
6798,97621,41314
6799,43867,18726
6800,101089,42792
6801,102800,43494
6802,17549,7540
6803,65033,27614
6804,7622,3332
6805,127963,54332
6806,15105,6511
6807,8453,3663
6808,49445,21073
6809,119872,50827
6810,56129,23859
6811,29090,12429
6812,82206,34895
6813,51815,22081
6814,109589,46405
6815,70191,29807
6816,98111,41534
6817,97999,41481
6818,1290,545
6819,51591,21977
6820,51009,21732
6821,30538,13060
6822,106923,45257
6823,92887,39324
6824,39726,16977
6825,20300,8699
6826,125298,53204
6827,72125,30622
6828,124190,52724
6829,52297,22263
6830,106788,45201
6831,63576,26979
6832,79175,33556
6833,22802,9756
6834,1781,768
6835,74171,31475
6836,69918,29682
6837,14598,6286
6838,122182,51816
6839,113897,48264
6840,69534,29524
6841,3081,1352
6842,33118,14203
6843,129346,54899
6844,407,168
6845,83347,35381
6846,6461,2853
6847,103215,43664
6848,67770,28789
6849,113515,48106
6850,69928,29688
6851,81803,34713
6852,16872,7263
6853,29132,12451
6854,48748,20778
6855,34798,14906
6856,114978,48732
6857,83550,35464
6858,107770,45624
6859,29963,12822
6860,46531,19830
6861,63193,26825
6862,120628,51159
6863,51279,21844
6864,10820,4688
6865,95982,40604
6866,89805,38009
6867,35975,15400
6868,82568,35044
6869,120113,50926
6870,54573,23204
6871,118357,50181
6872,82559,35040
6873,129210,54847
6874,38706,16558
6875,102190,43242
6876,81400,34534
6877,52121,22194
6878,126230,53595
6879,99156,41960
6880,119393,50611
6881,6055,2652
6882,109677,46441
6883,16017,6899
6884,74935,31779
6885,70197,29808
6886,83213,35315
6887,16217,6975
6888,86871,36845
6889,34602,14820
6890,122744,52053
6891,128603,54612
6892,19829,8503
6893,79317,33616
6894,98810,41827
6895,111948,47419
6896,45762,19528
6897,64809,27510
6898,52167,22214
6899,38063,16296
6900,31939,13678
6901,16290,7004
6902,15228,6561
6903,68277,28995
6904,46050,19644
6905,66893,28408
6906,40918,17475
6907,127873,54293
6908,25188,10782
6909,7712,3373
6910,84991,36068
6911,65721,27902
6912,79616,33746
6913,116499,49377
6914,75131,31867
6915,45764,19529
6916,57007,24224
6917,38007,16271
6918,29174,12468
6919,125355,53227
6920,64905,27556
6921,105860,44795
6922,79997,33906
6923,32332,13870
6924,77856,33010
6925,15257,6575
6926,40064,17117
6927,18308,7864
6928,128447,54538
6929,88975,37681
6930,72074,30600
6931,100126,42372
6932,51307,21852
6933,13451,5799
6934,27158,11619
6935,3111,1366
6936,107884,45674
6937,85110,36109
6938,71581,30393
6939,53568,22781
6940,38639,16533
6941,62289,26456
6942,2673,1154
6943,14093,6073
6944,1422,611
6945,20782,8921
6946,55371,23536
6947,22647,9689
6948,39461,16867
6949,46864,19979
6950,4192,1830
6951,104501,44212
6952,24106,10328
6953,96912,41022
6954,9888,4274
6955,6845,3016
6956,124848,53005
6957,32732,14028
6958,68230,28978
6959,34860,14937
6960,6911,3049
6961,84831,35999
6962,88741,37580
6963,67482,28659
6964,5444,2368
6965,85481,36268
6966,29732,12716
6967,58768,24956
6968,35525,15218
6969,33059,14179
6970,25012,10712
6971,113965,48290
6972,63875,27113
6973,60841,25829
6974,36692,15694
6975,85127,36115
6976,64730,27477
6977,58261,24745
6978,74933,31778
6979,40473,17278
6980,66226,28107
6981,20635,8851
6982,27560,11775
6983,59276,25163
6984,28596,12226
6985,70155,29792
6986,64563,27408
6987,84650,35917
6988,28138,12038
6989,14172,6106
6990,125391,53245
6991,124205,52732
6992,39995,17091
6993,109382,46321
6994,4568,2001
6995,39586,16917
6996,78119,33130
6997,69476,29496
6998,116827,49518
6999,122611,51990
7000,71420,30329
7001,68515,29108
7002,53655,22813
7003,112942,47886
7004,22893,9796
7005,22952,9824
7006,96584,40863
7007,36399,15567
7008,56029,23821
7009,120841,51247
7010,15959,6870
7011,109437,46340
7012,114541,48526
7013,92273,39066
7014,116401,49332
7015,16242,6982
7016,110218,46663
7017,32731,14027
7018,71185,30235
7019,126363,53647
7020,114134,48364
7021,101627,43007
7022,55684,23677
7023,61338,26040
7024,48877,20832
7025,100628,42618
7026,61824,26256
7027,75654,32088
7028,72241,30671
7029,24873,10655
7030,90142,38143
7031,70520,29952
7032,61408,26076
7033,44151,18849
7034,52139,22204
7035,27977,11963
7036,124800,52982
7037,10857,4705
7038,82689,35091
7039,117656,49867
7040,91962,38936
7041,31599,13525
7042,74664,31669
7043,53861,22907
7044,5968,2622
7045,102545,43388
7046,61344,26043
7047,73695,31274
7048,30796,13169
7049,102409,43328
7050,102703,43447
7051,92034,38967
7052,117667,49873
7053,7863,3425
7054,128770,54665
7055,42689,18235
7056,12345,5318
7057,85983,36491
7058,45167,19291
7059,125053,53095
7060,68180,28961
7061,95290,40333
7062,47258,20153
7063,27825,11891
7064,112532,47703
7065,58292,24759
7066,86945,36867
7067,70267,29836
7068,28027,11986
7069,102610,43409
7070,84271,35757
7071,7154,3145
7072,37487,16050
7073,36465,15595
7074,30514,13049
7075,70752,30043
7076,20998,9007
7077,110932,46983
7078,4778,2095
7079,74667,31671
7080,16829,7244
7081,4816,2105
7082,128812,54682
7083,101077,42787
7084,73635,31247
7085,117808,49936
7086,106408,45028
7087,120340,51027
7088,52243,22246
7089,78034,33088
7090,103501,43779
7091,67181,28527
7092,36270,15513
7093,49079,20917
7094,73097,31025
7095,62922,26718
7096,25652,10985
7097,12891,5553
7098,96340,40757
7099,10559,4571
7100,119362,50600
7101,18669,8016
7102,67246,28555
7103,19277,8258
7104,105264,44544
7105,49726,21196
7106,127181,54006
7107,75406,31981
7108,126080,53528
7109,22834,9769
7110,15468,6660
7111,82859,35159
7112,31854,13636
7113,25306,10833
7114,33881,14520
7115,52600,22385
7116,64671,27450
7117,28752,12284
7118,24087,10318
7119,82997,35215
7120,31065,13298
7121,4842,2118
7122,70168,29800
7123,54403,23126
7124,43337,18506
7125,117037,49607
7126,102615,43412
7127,38319,16405
7128,64504,27385
7129,32803,14059
7130,57437,24394
7131,84714,35950
7132,18486,7940
7133,115446,48935
7134,33841,14500
7135,124572,52889
7136,69850,29656
7137,118437,50220
7138,114061,48331
7139,54247,23065
7140,124911,53034
7141,79675,33773
7142,11535,4990
7143,13405,5777
7144,57039,24240
7145,110959,46997
7146,51109,21773
7147,8765,3783
7148,60161,25544
7149,42988,18359
7150,38356,16421
7151,99783,42219
7152,23934,10256
7153,39594,16922
7154,29679,12688
7155,62833,26675
7156,33479,14365
7157,48195,20539
7158,37906,16227
7159,2407,1042
7160,124019,52641
7161,67997,28884
7162,125692,53369
7163,35782,15322
7164,62495,26537
7165,25671,10997
7166,116687,49456
7167,74674,31675
7168,56753,24131
7169,96493,40826
7170,106262,44964
7171,46900,19999
7172,42506,18162
7173,107863,45665
7174,58182,24704
7175,6420,2831
7176,115671,49044
7177,5745,2505
7178,22966,9832
7179,2980,1294
7180,67129,28504
7181,84226,35740
7182,48755,20781
7183,94369,39945
7184,69459,29489
7185,23646,10134
7186,96862,40997
7187,10112,4372
7188,14461,6229
7189,128456,54542
7190,38750,16568
7191,82872,35165
7192,44630,19064
7193,31470,13468
7194,22661,9693
7195,38997,16663
7196,103679,43852
7197,129315,54891
7198,108741,46047
7199,15591,6713
7200,93448,39543
7201,64335,27301
7202,125605,53334
7203,33990,14568
7204,71459,30342
7205,27749,11862
7206,58852,24989
7207,48097,20492
7208,117481,49792
7209,74695,31690
7210,69015,29318
7211,24832,10633
7212,129724,55063
7213,76058,32253
7214,7496,3287
7215,19894,8523
7216,122866,52102
7217,47932,20417
7218,91283,38638
7219,103306,43701
7220,98930,41874
7221,99228,41991
7222,85217,36154
7223,61871,26279
7224,49228,20987
7225,95835,40539
7226,82456,34993
7227,106952,45267
7228,47447,20224
7229,610,255
7230,5847,2556
7231,4874,2137
7232,5907,2588
7233,85133,36119
7234,69128,29362
7235,97128,41111
7236,124759,52968
7237,15537,6688
7238,108908,46120
7239,7288,3202
7240,96571,40859
7241,74390,31564
7242,127044,53952
7243,76506,32436
7244,26852,11492
7245,31674,13552
7246,84235,35745
7247,59693,25338
7248,111093,47054
7249,72000,30571
7250,5852,2559
7251,30650,13106
7252,80949,34352
7253,3216,1407
7254,38602,16517
7255,73366,31134
7256,55256,23490
7257,46559,19842
7258,91795,38868
7259,63305,26871
7260,40739,17399
7261,72164,30639
7262,122874,52108
7263,89397,37841
7264,3594,1580
7265,95052,40237
7266,39099,16712
7267,108827,46081
7268,92313,39083
7269,100539,42565
7270,104564,44234
7271,72744,30881
7272,115239,48843
7273,111721,47311
7274,8592,3714
7275,108689,46025
7276,55345,23526
7277,105995,44848
7278,71299,30287
7279,27258,11650
7280,121511,51531
7281,103115,43621
7282,11009,4776
7283,25217,10789
7284,43956,18760
7285,101121,42807
7286,42177,18016
7287,50797,21645
7288,36196,15482
7289,129988,55167
7290,32786,14047
7291,6932,3056
7292,50363,21476
7293,67911,28854
7294,94107,39813
7295,11116,4818
7296,9674,4187
7297,90267,38192
7298,16258,6987
7299,81864,34740
7300,74151,31465
7301,125831,53420
7302,43066,18384
7303,112573,47725
7304,59989,25472
7305,110686,46880
7306,12267,5288
7307,110815,46931
7308,109580,46398
7309,129048,54776
7310,95749,40507
7311,59030,25060
7312,79254,33587
7313,128255,54457
7314,50537,21541
7315,87283,36997
7316,117981,50007
7317,35885,15365
7318,83134,35278
7319,898,383
7320,129730,55064
7321,55029,23400
7322,76675,32498
7323,64265,27275
7324,50670,21595
7325,78456,33272
7326,39850,17035
7327,25666,10993
7328,66337,28157
7329,112371,47633
7330,97862,41413
7331,65804,27937
7332,120371,51037
7333,23963,10271
7334,62235,26432
7335,22394,9583
7336,31165,13335
7337,32165,13795
7338,92577,39191
7339,80621,34196
7340,27719,11847
7341,122617,51994
7342,114964,48722
7343,54903,23347
7344,124860,53010
7345,128224,54446
7346,6594,2912
7347,108750,46051
7348,17324,7439
7349,545,230
7350,58142,24690
7351,105619,44689
7352,125312,53210
7353,121528,51544
7354,41325,17641
7355,3351,1474
7356,86900,36854
7357,59680,25331
7358,88912,37654
7359,29099,12433
7360,32886,14095
7361,26009,11138
7362,128548,54585
7363,6429,2837
7364,48640,20739
7365,75245,31912
7366,53133,22591
7367,68216,28973
7368,11114,4817
7369,109648,46429
7370,121691,51598
7371,87477,37069
7372,123080,52203
7373,478,201
7374,8596,3717
7375,100117,42368
7376,9912,4283
7377,64080,27204
7378,79739,33797
7379,17027,7329
7380,21455,9199
7381,31451,13459
7382,117885,49966
7383,120444,51072
7384,125680,53363
7385,122490,51938
7386,24080,10314
7387,63116,26796
7388,27274,11658
7389,79609,33742
7390,111031,47027
7391,21507,9218
7392,126096,53534
7393,20053,8583
7394,95693,40489
7395,76081,32264
7396,62891,26702
7397,108564,45970
7398,53541,22773
7399,29349,12543
7400,64220,27259
7401,118112,50068
7402,30780,13161
7403,32041,13728
7404,19311,8274
7405,93886,39724
7406,41854,17873
7407,14705,6339
7408,60409,25641
7409,2882,1244
7410,51250,21830
7411,107087,45330
7412,47902,20404
7413,46779,19939
7414,105729,44736
7415,103872,43937
7416,67878,28840
7417,72456,30757
7418,6530,2889
7419,97835,41402
7420,59793,25382
7421,40991,17511
7422,101470,42947
7423,115038,48757
7424,18022,7742
7425,80917,34334
7426,67334,28588
7427,45947,19595
7428,88693,37553
7429,82401,34968
7430,27873,11912
7431,122033,51752
7432,124534,52869
7433,82958,35201
7434,53465,22734
7435,2201,944
7436,64966,27583
7437,59323,25182
7438,109835,46503
7439,6115,2682
7440,63235,26843
7441,36392,15564
7442,116961,49574
7443,7500,3290
7444,83846,35597
7445,106472,45057
7446,88655,37538
7447,100966,42745
7448,88843,37623
7449,2449,1063
7450,106199,44938
7451,12495,5388
7452,121471,51509
7453,77260,32734
7454,55119,23430
7455,88868,37638
7456,4334,1894
7457,115139,48801
7458,46585,19852
7459,69312,29431
7460,124121,52693
7461,96256,40721
7462,85358,36221
7463,74574,31644
7464,65227,27704
7465,28583,12219
7466,73598,31225
7467,788,337
7468,92598,39201
7469,116498,49376
7470,15392,6631
7471,9470,4099
7472,56745,24126
7473,87115,36930
7474,18389,7904
7475,35455,15184
7476,127683,54219
7477,41775,17837
7478,87212,36971
7479,18870,8089
7480,26568,11369
7481,25413,10875
7482,76441,32413
7483,52951,22524
7484,94827,40135
7485,22311,9552
7486,5246,2293
7487,44720,19102
7488,81362,34516
7489,7085,3117
7490,111931,47408
7491,62880,26697
7492,57886,24581
7493,84191,35727
7494,81277,34477
7495,95162,40286
7496,52004,22143
7497,120303,51015
7498,59528,25271
7499,4076,1792
7500,64241,27269
7501,30275,12956
7502,70714,30024
7503,11092,4811
7504,114657,48575
7505,85532,36290
7506,60309,25596
7507,100251,42435
7508,71273,30276
7509,107861,45664
7510,46798,19948
7511,88633,37526
7512,128887,54715
7513,61500,26115
7514,62057,26365
7515,47579,20276
7516,100845,42702
7517,27829,11895
7518,108220,45820
7519,117813,49938
7520,99749,42206
7521,17317,7436
7522,128580,54600
7523,103272,43685
7524,17541,7537
7525,81149,34425
7526,73820,31320
7527,74451,31587
7528,113945,48282
7529,27775,11871
7530,97238,41152
7531,12044,5201
7532,44194,18865
7533,66949,28427
7534,10740,4653
7535,104277,44109
7536,57552,24451
7537,5147,2255
7538,72128,30624
7539,2237,963
7540,21032,9022
7541,77840,33003
7542,86997,36886
7543,33805,14491
7544,102852,43513
7545,87577,37116
7546,4830,2112
7547,66246,28118
7548,99787,42223
7549,37279,15962
7550,65448,27793
7551,93370,39508
7552,40944,17487
7553,54970,23374
7554,78094,33115
7555,15375,6624
7556,25886,11087
7557,30399,13004
7558,81347,34508
7559,48120,20504
7560,38374,16426
7561,97464,41242
7562,82386,34963
7563,8534,3690
7564,75629,32082
7565,39190,16758
7566,49557,21122
7567,111748,47325
7568,26166,11192
7569,93831,39703
7570,19778,8477
7571,81918,34764
7572,79314,33615
7573,62154,26403
7574,77688,32935
7575,91421,38711
7576,53150,22600
7577,91373,38689
7578,96464,40814
7579,79034,33497
7580,76288,32351
7581,5743,2504
7582,46365,19769
7583,39896,17054
7584,51366,21878
7585,102828,43503
7586,56115,23852
7587,1412,605
7588,100889,42720
7589,115288,48864
7590,89284,37801
7591,90148,38146
7592,42297,18068
7593,4353,1906
7594,76643,32490
7595,67531,28679
7596,38979,16657
7597,98668,41774
7598,52373,22297
7599,35737,15307
7600,52446,22323
7601,129173,54834
7602,1800,776
7603,28716,12266
7604,3250,1421
7605,24458,10465
7606,69264,29412
7607,45541,19433
7608,3427,1513
7609,43665,18645
7610,8990,3885
7611,33622,14430
7612,61530,26124
7613,106554,45096
7614,31578,13514
7615,50482,21524
7616,5295,2309
7617,78086,33113
7618,58996,25044
7619,13754,5938
7620,65736,27908
7621,75737,32120
7622,9323,4029
7623,99406,42064
7624,122195,51823
7625,122014,51746
7626,98424,41675
7627,122163,51809
7628,44766,19123
7629,23584,10101
7630,84358,35795
7631,7098,3123
7632,23,10
7633,50305,21453
7634,68497,29100
7635,86544,36714
7636,40417,17255
7637,109956,46555
7638,122687,52025
7639,76979,32616
7640,46330,19751
7641,87657,37146
7642,129866,55120
7643,104465,44194
7644,7559,3317
7645,89818,38011
7646,92648,39225
7647,35234,15095
7648,119959,50865
7649,5209,2279
7650,648,269
7651,40003,17095
7652,70954,30135
7653,35681,15283
7654,63602,26989
7655,80785,34278
7656,44297,18911
7657,12450,5368
7658,88738,37578
7659,1056,439
7660,14059,6056
7661,125871,53439
7662,21994,9411
7663,112830,47833
7664,79217,33573
7665,47907,20406
7666,7922,3449
7667,39898,17055
7668,54012,22973
7669,81511,34584
7670,108972,46149
7671,25226,10793
7672,61037,25903
7673,70448,29919
7674,120921,51282
7675,50574,21556
7676,127690,54222
7677,15771,6788
7678,83556,35468
7679,46853,19973
7680,32117,13767
7681,87498,37077
7682,83612,35491
7683,94102,39808
7684,28852,12324
7685,84523,35865
7686,101402,42916
7687,115283,48861
7688,20994,9006
7689,97533,41274
7690,5243,2291
7691,32189,13807
7692,31121,13314
7693,121421,51489
7694,118793,50353
7695,80555,34164
7696,37251,15947
7697,62874,26695
7698,38461,16464
7699,59576,25290
7700,8457,3666
7701,84723,35954
7702,55612,23643
7703,16029,6904
7704,23503,10060
7705,116082,49198
7706,2249,971
7707,22061,9441
7708,20791,8923
7709,25285,10823
7710,120235,50986
7711,43540,18600
7712,53766,22864
7713,26538,11355
7714,53439,22727
7715,19371,8300
7716,25863,11074
7717,44487,19001
7718,25658,10989
7719,79795,33824
7720,25017,10715
7721,39496,16880
7722,8410,3641
7723,67877,28839
7724,26347,11269
7725,87739,37174
7726,116562,49403
7727,88100,37312
7728,15865,6828
7729,77372,32784
7730,123750,52521
7731,73604,31230
7732,65130,27662
7733,91805,38873
7734,52364,22295
7735,73846,31334
7736,15874,6833
7737,15322,6605
7738,91240,38617
7739,103367,43723
7740,9431,4080
7741,32092,13758
7742,50445,21505
7743,28349,12120
7744,107711,45603
7745,65898,27976
7746,12928,5570
7747,28047,11996
7748,99304,42021
7749,83717,35533
7750,117108,49636
7751,27391,11707
7752,87601,37126
7753,122936,52138
7754,49781,21220
7755,2736,1181
7756,21919,9387
7757,91497,38743
7758,3796,1666
7759,51600,21983
7760,112168,47526
7761,19397,8308
7762,113199,47981
7763,38015,16275
7764,16830,7245
7765,97219,41144
7766,106738,45173
7767,59757,25364
7768,18506,7948
7769,62151,26401
7770,2277,983
7771,60458,25660
7772,112219,47553
7773,43642,18638
7774,16541,7115
7775,60051,25495
7776,82443,34987
7777,54946,23366
7778,64983,27590
7779,25474,10900
7780,43765,18682
7781,115592,49006
7782,81411,34540
7783,74089,31431
7784,60930,25859
7785,108264,45842
7786,58135,24687
7787,56236,23904
7788,92439,39133
7789,19674,8436
7790,115129,48794
7791,46984,20036
7792,57950,24611
7793,123798,52542
7794,118408,50204
7795,36689,15692
7796,17185,7393
7797,123542,52424
7798,34572,14806
7799,42786,18276
7800,120224,50981
7801,59752,25363
7802,58603,24884
7803,37765,16162
7804,34579,14809
7805,84009,35665
7806,59075,25078
7807,119840,50810
7808,77667,32924
7809,55735,23700
7810,84062,35682
7811,9994,4320
7812,76313,32362
7813,51320,21856
7814,91920,38924
7815,107757,45620
7816,117213,49678
7817,53974,22957
7818,116707,49466
7819,63485,26940
7820,76195,32319
7821,19923,8534
7822,32910,14107
7823,95434,40391
7824,105426,44612
7825,73914,31365
7826,95450,40399
7827,130348,55337
7828,125272,53188
7829,121961,51718
7830,72887,30942
7831,86356,36644
7832,121472,51510
7833,103150,43635
7834,80218,33997
7835,122185,51819
7836,67867,28833
7837,94289,39908
7838,23531,10072
7839,11943,5162
7840,13644,5887
7841,7868,3428
7842,127366,54079
7843,53279,22653
7844,94408,39964
7845,116571,49406
7846,19925,8536
7847,117422,49766
7848,29741,12722
7849,58455,24828
7850,98094,41526
7851,53275,22650
7852,83804,35578
7853,3308,1450
7854,79959,33888
7855,13362,5760
7856,29142,12453
7857,12095,5223
7858,63877,27114
7859,108876,46104
7860,15043,6484
7861,77350,32772
7862,103926,43956
7863,45461,19401
7864,121127,51356
7865,86021,36508
7866,57760,24528
7867,50235,21422
7868,9502,4111
7869,76770,32536
7870,43099,18402
7871,55617,23645
7872,48364,20618
7873,9120,3948
7874,76012,32234
7875,127039,53951
7876,71066,30184
7877,64054,27189
7878,118463,50231
7879,108177,45798
7880,34811,14913
7881,115499,48961
7882,101213,42849
7883,126003,53490
7884,12930,5572
7885,47674,20317
7886,71545,30376
7887,3257,1426
7888,66483,28222
7889,60787,25801
7890,20928,8985
7891,123025,52175
7892,124695,52938
7893,87772,37187
7894,74374,31557
7895,47602,20287
7896,60092,25517
7897,32443,13915
7898,53540,22772
7899,105631,44696
7900,95072,40250
7901,46026,19635
7902,117589,49837
7903,24836,10635
7904,10546,4562
7905,6135,2693
7906,122641,52006
7907,28419,12152
7908,49420,21063
7909,6572,2902
7910,20199,8650
7911,6074,2659
7912,106386,45020
7913,83452,35430
7914,98104,41531
7915,102203,43249
7916,76125,32284
7917,48937,20862
7918,77530,32862
7919,44274,18900
7920,43126,18412
7921,105898,44813
7922,82391,34966
7923,17465,7508
7924,19953,8551
7925,62420,26514
7926,53075,22569
7927,102329,43297
7928,125612,53339
7929,110479,46787
7930,116637,49435
7931,9636,4172
7932,48055,20468
7933,82651,35076
7934,37097,15877
7935,15219,6557
7936,42059,17961
7937,27690,11836
7938,5467,2377
7939,18751,8046
7940,154,70
7941,18614,7988
7942,46239,19719
7943,69642,29567
7944,91642,38806
7945,96185,40689
7946,9887,4273
7947,97797,41385
7948,34456,14756
7949,68553,29125
7950,19884,8520
7951,107460,45499
7952,107290,45427
7953,18258,7843
7954,75621,32079
7955,30651,13107
7956,42413,18125
7957,126551,53721
7958,1473,636
7959,53230,22629
7960,95082,40253
7961,108227,45824
7962,52630,22396
7963,30023,12849
7964,121860,51674
7965,13376,5765
7966,105643,44702
7967,37291,15966
7968,64598,27423
7969,27939,11941
7970,73364,31132
7971,64394,27332
7972,98881,41854
7973,111756,47330
7974,53307,22663
7975,59389,25214
7976,71080,30195
7977,93475,39555
7978,2934,1272
7979,75901,32191
7980,3189,1393
7981,30641,13101
7982,29949,12816
7983,67191,28531
7984,91879,38901
7985,64292,27286
7986,59136,25103
7987,14010,6035
7988,45312,19350
7989,23848,10225
7990,15993,6885
7991,25937,11111
7992,88952,37669
7993,29930,12807
7994,88292,37385
7995,36852,15766
7996,83414,35415
7997,26588,11379
7998,130007,55176
7999,50952,21713
8000,122015,51747
8001,70843,30082
8002,105227,44522
8003,47136,20109
8004,3282,1441
8005,27115,11602
8006,52732,22434
8007,67275,28565
8008,92681,39238
8009,116522,49387
8010,37659,16123
8011,77236,32724
8012,113672,48176
8013,80771,34271
8014,37289,15965
8015,12559,5420
8016,125922,53461
8017,20137,8623
8018,101556,42974
8019,39105,16718
8020,115562,48990
8021,96963,41043
8022,44684,19090
8023,127737,54241
8024,123730,52511
8025,14441,6224
8026,94848,40142
8027,88994,37689
8028,62177,26409
8029,102196,43246
8030,104033,44000
8031,15985,6882
8032,14681,6328
8033,71504,30359
8034,95598,40455
8035,92201,39042
8036,124737,52960
8037,39175,16754
8038,62264,26445
8039,50595,21564
8040,9691,4196
8041,17251,7416
8042,79110,33524
8043,58390,24803
8044,9117,3946
8045,33309,14286
8046,50113,21371
8047,85632,36343
8048,6525,2888
8049,82296,34926
8050,12059,5208
8051,107025,45302
8052,82316,34934
8053,61348,26047
8054,29903,12797
8055,14736,6349
8056,39604,16926
8057,129401,54922
8058,10487,4538
8059,28038,11992
8060,21737,9317
8061,71782,30477
8062,77398,32794
8063,134,60
8064,12828,5530
8065,65888,27972
8066,76194,32318
8067,66602,28284
8068,121841,51663
8069,102858,43515
8070,61242,26002
8071,79913,33876
8072,96055,40638
8073,120617,51155
8074,109254,46275
8075,124090,52675
8076,54158,23026
8077,50785,21640
8078,51984,22138
8079,43509,18590
8080,31439,13453
8081,61063,25919
8082,33119,14204
8083,4475,1965
8084,86782,36813
8085,31383,13431
8086,67354,28602
8087,80101,33947
8088,72107,30616
8089,12708,5486
8090,76369,32381
8091,8406,3640
8092,74913,31767
8093,22247,9523
8094,99355,42041
8095,128395,54513
8096,121409,51483
8097,87177,36953
8098,83978,35651
8099,51114,21774
8100,85322,36204
8101,48151,20518
8102,97273,41166
8103,80360,34068
8104,6973,3077
8105,130301,55316
8106,88040,37283
8107,21162,9080
8108,15972,6874
8109,104929,44397
8110,29986,12835
8111,2959,1285
8112,93998,39761
8113,17633,7579
8114,4621,2024
8115,46246,19721
8116,43970,18767
8117,117505,49803
8118,115646,49035
8119,117850,49954
8120,12693,5478
8121,110813,46930
8122,26746,11449
8123,29398,12565
8124,54975,23377
8125,31778,13598
8126,30531,13057
8127,127561,54155
8128,74986,31799
8129,4539,1987
8130,44333,18929
8131,118896,50403
8132,40113,17140
8133,37669,16127
8134,35981,15404
8135,87516,37087
8136,46751,19919
8137,125335,53220
8138,95627,40466
8139,2450,1064
8140,64731,27478
8141,27650,11815
8142,86207,36583
8143,42264,18052
8144,42851,18296
8145,40472,17277
8146,30358,12987
8147,20153,8628
8148,92559,39180
8149,89440,37857
8150,102848,43512
8151,30257,12949
8152,95124,40272
8153,94788,40119
8154,40301,17206
8155,124345,52787
8156,42537,18175
8157,98377,41648
8158,67613,28714
8159,40611,17336
8160,42516,18166
8161,70699,30021
8162,36366,15555
8163,28351,12121
8164,60488,25679
8165,97079,41088
8166,109809,46491
8167,1530,662
8168,44382,18949
8169,72437,30749
8170,63760,27066
8171,125488,53289
8172,46907,20001
8173,18835,8077
8174,90198,38168
8175,98786,41818
8176,22848,9775
8177,38913,16629
8178,112701,47779
8179,68037,28903
8180,41182,17583
8181,125850,53429
8182,95896,40567
8183,82139,34859
8184,73147,31046
8185,26289,11241
8186,111055,47033
8187,123024,52174
8188,21916,9385
8189,128944,54736
8190,62110,26384
8191,73181,31062
8192,113711,48194
8193,83764,35555
8194,73178,31061
8195,61674,26194
8196,524,221
8197,11315,4902
8198,28717,12267
8199,15977,6878
8200,68253,28986
8201,26752,11455
8202,107312,45433
8203,41294,17630
8204,49329,21018
8205,58776,24960
8206,92406,39121
8207,74848,31748
8208,126187,53581
8209,38409,16439
8210,112741,47796
8211,58272,24751
8212,33815,14493
8213,17987,7729
8214,93124,39415
8215,44950,19198
8216,81668,34656
8217,89973,38074
8218,83231,35325
8219,4722,2067
8220,94451,39978
8221,76975,32614
8222,78558,33309
8223,58722,24929
8224,106707,45159
8225,20445,8763
8226,21367,9161
8227,106553,45095
8228,38539,16494
8229,55998,23806
8230,81551,34606
8231,14316,6174
8232,126286,53615
8233,15542,6691
8234,86984,36880
8235,118472,50234
8236,90477,38277
8237,53849,22900
8238,80351,34064
8239,56403,23979
8240,48746,20777
8241,42311,18075
8242,121591,51563
8243,66427,28197
8244,14469,6234
8245,66741,28345
8246,47911,20408
8247,14357,6190
8248,25058,10734
8249,22469,9616
8250,72593,30815
8251,57190,24301
8252,16545,7118
8253,111478,47204
8254,13220,5703
8255,90407,38248
8256,90434,38258
8257,126948,53912
8258,127646,54200
8259,111906,47392
8260,2858,1236
8261,57332,24349
8262,126337,53637
8263,78112,33125
8264,4380,1922
8265,15950,6867
8266,75128,31865
8267,79563,33724
8268,6505,2877
8269,6209,2730
8270,8467,3672
8271,10859,4706
8272,13849,5978
8273,123742,52517
8274,35662,15275
8275,82790,35138
8276,30944,13242
8277,9533,4128
8278,105530,44652
8279,51012,21734
8280,3509,1547
8281,97020,41064
8282,28811,12309
8283,64979,27587
8284,30445,13024
8285,27421,11722
8286,123942,52608
8287,85167,36132
8288,14521,6252
8289,71923,30537
8290,108400,45905
8291,130162,55241
8292,105338,44573
8293,9201,3980
8294,115151,48808
8295,80637,34203
8296,88229,37365
8297,86227,36591
8298,94086,39800
8299,54544,23187
8300,102496,43368
8301,54939,23362
8302,71018,30166
8303,11991,5180
8304,75961,32213
8305,59653,25317
8306,330,139
8307,63121,26798
8308,62799,26658
8309,23432,10030
8310,15587,6710
8311,35944,15388
8312,82300,34929
8313,74111,31445
8314,52204,22228
8315,29651,12680
8316,129767,55081
8317,43439,18555
8318,62128,26393
8319,106877,45234
8320,118118,50072
8321,47858,20388
8322,49539,21113
8323,961,401
8324,74476,31601
8325,15976,6877
8326,10454,4524
8327,98036,41496
8328,24753,10600
8329,63512,26950
8330,5761,2511
8331,47897,20402
8332,127987,54345
8333,95875,40557
8334,118404,50203
8335,108929,46129
8336,84575,35891
8337,53434,22724
8338,3036,1332
8339,32699,14014
8340,32297,13850
8341,75368,31970
8342,112342,47613
8343,24780,10616
8344,33618,14427
8345,67884,28843
8346,28986,12383
8347,33917,14538
8348,83394,35404
8349,24545,10505
8350,36015,15415
8351,98220,41577
8352,91619,38791
8353,116348,49305
8354,64108,27214
8355,117793,49930
8356,104140,44050
8357,76878,32580
8358,21551,9239
8359,5949,2611
8360,47163,20119
8361,4094,1802
8362,83633,35501
8363,96738,40940
8364,55678,23672
8365,47726,20338
8366,16961,7299
8367,128444,54536
8368,71530,30370
8369,9086,3931
8370,6490,2871
8371,77535,32864
8372,52727,22432
8373,70881,30103
8374,27645,11812
8375,71784,30478
8376,104546,44225
8377,32917,14111
8378,53622,22800
8379,13597,5861
8380,17777,7637
8381,56131,23861
8382,83631,35499
8383,2676,1155
8384,86821,36828
8385,84595,35901
8386,113454,48086
8387,7440,3265
8388,83319,35370
8389,32517,13943
8390,100591,42598
8391,103572,43819
8392,115203,48826
8393,54221,23059
8394,85844,36435
8395,3210,1403
8396,75810,32155
8397,33772,14481
8398,29405,12570
8399,37969,16258
8400,51072,21759
8401,59513,25264
8402,5381,2343
8403,97348,41200
8404,85421,36242
8405,84345,35790
8406,122618,51995
8407,122118,51785
8408,65098,27649
8409,108756,46053
8410,115120,48787
8411,86199,36582
8412,92186,39035
8413,25783,11046
8414,117999,50015
8415,62914,26715
8416,91811,38875
8417,124664,52926
8418,23626,10124
8419,52226,22237
8420,129245,54867
8421,57052,24247
8422,37444,16028
8423,4398,1930
8424,95187,40295
8425,59665,25323
8426,23168,9922
8427,84136,35705
8428,346,140
8429,55840,23739
8430,125495,53292
8431,22212,9510
8432,112856,47845
8433,6132,2691
8434,67437,28640
8435,2184,936
8436,68924,29277
8437,62371,26490
8438,64888,27548
8439,56618,24069
8440,34692,14861
8441,40467,17274
8442,97055,41080
8443,103327,43709
8444,118000,50016
8445,30323,12977
8446,29526,12620
8447,94585,40036
8448,73796,31310
8449,106757,45183
8450,56997,24220
8451,88003,37271
8452,84830,35998
8453,3332,1463
8454,21744,9320
8455,84797,35984
8456,117654,49866
8457,81210,34451
8458,80509,34140
8459,44983,19210
8460,37134,15889
8461,31911,13664
8462,98674,41777
8463,103484,43772
8464,89025,37705
8465,35303,15122
8466,52929,22514
8467,110189,46654
8468,25900,11094
8469,28136,12036
8470,76639,32487
8471,117280,49702
8472,99849,42253
8473,69435,29474
8474,48826,20808
8475,16058,6910
8476,47421,20214
8477,100695,42641
8478,97440,41231
8479,123708,52498
8480,67494,28662
8481,12515,5400
8482,60872,25841
8483,97264,41162
8484,31006,13271
8485,112212,47549
8486,125494,53291
8487,98307,41616
8488,76072,32261
8489,59039,25063
8490,64647,27443
8491,9837,4256
8492,48749,20779
8493,42199,18024
8494,23870,10232
8495,101873,43111
8496,50509,21531
8497,17336,7444
8498,70022,29734
8499,67335,28589
8500,54021,22976
8501,107781,45628
8502,27364,11697
8503,75868,32177
8504,60193,25554
8505,90188,38163
8506,80920,34336
8507,103781,43894
8508,74958,31786
8509,44597,19050
8510,103237,43673
8511,90860,38447
8512,12849,5537
8513,29894,12792
8514,41877,17881
8515,36770,15727
8516,74544,31632
8517,18967,8127
8518,26558,11365
8519,111644,47277
8520,95376,40369
8521,51604,21985
8522,108109,45768
8523,29026,12398
8524,124831,52997
8525,83101,35260
8526,105986,44846
8527,22089,9453
8528,108021,45734
8529,85594,36323
8530,6497,2873
8531,78503,33290
8532,73105,31029
8533,4482,1968
8534,21989,9408
8535,12684,5475
8536,108749,46050
8537,75101,31854
8538,127370,54081
8539,123834,52564
8540,25194,10785
8541,7383,3244
8542,8441,3654
8543,122530,51954
8544,30963,13248
8545,97572,41296
8546,12971,5590
8547,116491,49371
8548,86361,36645
8549,43858,18721
8550,25856,11072
8551,10651,4615
8552,93516,39578
8553,89071,37726
8554,56066,23833
8555,121998,51739
8556,64416,27346
8557,75719,32112
8558,13179,5682
8559,77336,32769
8560,40678,17369
8561,4085,1799
8562,97971,41469
8563,67039,28466
8564,41497,17721
8565,56113,23850
8566,14143,6095
8567,122753,52060
8568,95437,40393
8569,128675,54637
8570,22795,9753
8571,117131,49644
8572,125227,53166
8573,108592,45983
8574,89886,38033
8575,60312,25598
8576,62041,26356
8577,44692,19095
8578,51639,22001
8579,84890,36022
8580,70932,30124
8581,122988,52158
8582,17357,7454
8583,86974,36876
8584,34300,14687
8585,7772,3390
8586,9196,3976
8587,37141,15892
8588,26485,11326
8589,40953,17490
8590,111053,47032
8591,18001,7733
8592,61545,26133
8593,90582,38332
8594,95731,40502
8595,92230,39051
8596,68373,29041
8597,11328,4910
8598,117251,49692
8599,92048,38972
8600,99686,42180
8601,71989,30566
8602,110911,46973
8603,94966,40195
8604,56012,23812
8605,16068,6914
8606,31209,13353
8607,110227,46668
8608,95857,40548
8609,3821,1675
8610,59149,25110
8611,47108,20097
8612,16391,7049
8613,115704,49060
8614,103414,43741
8615,92157,39021
8616,16919,7284
8617,123650,52473
8618,116108,49205
8619,110283,46689
8620,101182,42836
8621,129429,54934
8622,109137,46220
8623,83203,35310
8624,22983,9839
8625,48651,20744
8626,13124,5661
8627,94666,40067
8628,62537,26554
8629,110267,46681
8630,122214,51831
8631,63558,26967
8632,88632,37525
8633,109691,46449
8634,54360,23118
8635,97206,41141
8636,77331,32768
8637,98504,41706
8638,127479,54125
8639,51043,21748
8640,25562,10937
8641,119948,50863
8642,108919,46125
8643,33493,14369
8644,87613,37131
8645,19607,8402
8646,37582,16089
8647,124242,52746
8648,75016,31816
8649,111682,47297
8650,43383,18528
8651,3006,1314
8652,121235,51401
8653,102497,43369
8654,82893,35172
8655,58821,24975
8656,42160,18007
8657,81201,34448
8658,112644,47756
8659,110168,46643
8660,80342,34058
8661,123,54
8662,106094,44891
8663,21276,9125
8664,106669,45143
8665,36279,15516
8666,45807,19547
8667,68023,28894
8668,109054,46184
8669,46757,19924
8670,114244,48410
8671,112552,47712
8672,33750,14474
8673,99207,41983
8674,120285,51007
8675,80427,34099
8676,18056,7761
8677,54824,23308
8678,72073,30599
8679,1327,567
8680,92692,39241
8681,62510,26544
8682,129405,54925
8683,126408,53669
8684,34818,14915
8685,70449,29920
8686,60649,25746
8687,116381,49319
8688,91004,38512
8689,128593,54608
8690,122755,52062
8691,64343,27306
8692,84296,35770
8693,70230,29824
8694,7051,3108
8695,57945,24609
8696,96180,40685
8697,22836,9771
8698,105152,44489
8699,64971,27585
8700,128227,54448
8701,29091,12430
8702,107948,45705
8703,82875,35167
8704,47032,20058
8705,5759,2509
8706,116148,49225
8707,94790,40120
8708,97759,41369
8709,51513,21949
8710,13069,5633
8711,32336,13871
8712,69074,29339
8713,76222,32331
8714,107273,45420
8715,45701,19496
8716,71793,30480
8717,100933,42731
8718,105191,44505
8719,119618,50713
8720,74529,31625
8721,121947,51712
8722,70214,29817
8723,103285,43691
8724,58766,24954
8725,11686,5049
8726,63395,26903
8727,88765,37589
8728,63649,27013
8729,30,15
8730,118332,50170
8731,127644,54198
8732,286,127
8733,37988,16266
8734,3665,1609
8735,43432,18552
8736,36637,15673
8737,46373,19772
8738,9308,4021
8739,67634,28724
8740,91276,38636
8741,123202,52257
8742,32156,13786
8743,101144,42816
8744,94223,39876
8745,104212,44085
8746,105159,44492
8747,47066,20078
8748,11701,5057
8749,117140,49648
8750,82183,34880
8751,124307,52775
8752,9992,4319
8753,10650,4614
8754,100503,42547
8755,56750,24130
8756,80469,34119
8757,46569,19846
8758,57468,24411
8759,58885,24999
8760,79200,33564
8761,15581,6707
8762,21667,9283
8763,111921,47401
8764,17498,7522
8765,105578,44671
8766,24814,10628
8767,105670,44714
8768,17744,7620
8769,138,62
8770,23310,9979
8771,45545,19435
8772,120343,51029
8773,64721,27471
8774,101677,43027
8775,102056,43183
8776,67018,28459
8777,10000,4321
8778,86808,36824
8779,107854,45659
8780,94395,39957
8781,116036,49176
8782,115222,48833
8783,98416,41670
8784,84099,35694
8785,19563,8379
8786,93047,39390
8787,85693,36364
8788,102086,43195
8789,29569,12638
8790,41099,17551
8791,119893,50837
8792,16106,6932
8793,85587,36320
8794,75664,32092
8795,80329,34051
8796,4436,1948
8797,91564,38766
8798,81285,34481
8799,87398,37039
8800,29673,12686
8801,62991,26746
8802,100417,42505
8803,63789,27080
8804,55756,23711
8805,49642,21151
8806,49164,20957
8807,61522,26121
8808,102595,43402
8809,95968,40598
8810,4405,1934
8811,19725,8459
8812,97563,41290
8813,61649,26179
8814,84240,35747
8815,39375,16832
8816,81268,34472
8817,43081,18394
8818,117373,49741
8819,63554,26965
8820,120634,51161
8821,111989,47441
8822,24816,10629
8823,46555,19839
8824,106380,45017
8825,70348,29871
8826,54432,23143
8827,83339,35377
8828,45101,19256
8829,100890,42721
8830,80733,34249
8831,69938,29695
8832,16062,6912
8833,76019,32239
8834,35192,15079
8835,122624,51997
8836,60480,25674
8837,32802,14058
8838,55378,23540
8839,70239,29827
8840,125115,53119
8841,126569,53733
8842,4544,1988
8843,39580,16915
8844,52883,22496
8845,49664,21165
8846,107541,45535
8847,73717,31285
8848,72635,30833
8849,13896,5996
8850,129442,54941
8851,100778,42672
8852,104743,44321
8853,47486,20240
8854,40207,17179
8855,42622,18207
8856,118990,50443
8857,81503,34582
8858,71102,30207
8859,128907,54725
8860,70480,29930
8861,45486,19416
8862,25416,10877
8863,19600,8399
8864,120873,51263
8865,75034,31821
8866,92349,39097
8867,51508,21947
8868,3134,1374
8869,119257,50552
8870,100708,42647
8871,53967,22953
8872,126067,53523
8873,91126,38566
8874,117022,49600
8875,118567,50262
8876,129035,54770
8877,46965,20028
8878,38113,16320
8879,61794,26245
8880,19852,8512
8881,14826,6385
8882,60544,25704
8883,84353,35793
8884,44568,19039
8885,54566,23200
8886,40131,17145
8887,57913,24592
8888,120717,51198
8889,70835,30078
8890,33247,14258
8891,79402,33655
8892,20737,8897
8893,63835,27099
8894,84232,35743
8895,108344,45879
8896,85265,36182
8897,69433,29473
8898,126771,53837
8899,105498,44641
8900,10864,4708
8901,80091,33943
8902,36220,15493
8903,18074,7770
8904,107918,45691
8905,93491,39559
8906,42344,18088
8907,33194,14237
8908,100572,42585
8909,27552,11770
8910,27857,11905
8911,91369,38685
8912,18285,7854
8913,56743,24124
8914,122893,52119
8915,26203,11206
8916,3883,1701
8917,87597,37124
8918,118738,50331
8919,109045,46180
8920,53270,22646
8921,82793,35140
8922,112584,47730
8923,111366,47156
8924,102869,43520
8925,58189,24707
8926,125729,53384
8927,101801,43083
8928,86381,36655
8929,121169,51376
8930,39145,16740
8931,89863,38028
8932,114651,48573
8933,11423,4947
8934,37926,16236
8935,37840,16196
8936,625,261
8937,64075,27200
8938,16407,7059
8939,52958,22530
8940,91352,38674
8941,93184,39435
8942,106175,44929
8943,92322,39088
8944,52362,22294
8945,14528,6257
8946,71404,30324
8947,64101,27210
8948,127596,54172
8949,115833,49110
8950,62640,26600
8951,20400,8744
8952,102140,43225
8953,48241,20565
8954,110725,46897
8955,102114,43209
8956,6937,3059
8957,59322,25181
8958,16776,7218
8959,119669,50739
8960,93617,39620
8961,12403,5349
8962,996,410
8963,71875,30514
8964,7386,3246
8965,107389,45466
8966,79803,33828
8967,29086,12428
8968,29591,12647
8969,32697,14012
8970,124432,52821
8971,100557,42575
8972,119551,50680
8973,29625,12665
8974,121066,51334
8975,94311,39920
8976,118751,50335
8977,124767,52971
8978,352,142
8979,123033,52180
8980,18891,8096
8981,99576,42139
8982,73154,31048
8983,44592,19048
8984,120423,51063
8985,14460,6228
8986,18027,7744
8987,38757,16571
8988,53081,22572
8989,92522,39164
8990,72925,30958
8991,10339,4474
8992,71844,30498
8993,85509,36278
8994,27998,11971
8995,112289,47590
8996,47490,20243
8997,10719,4645
8998,51370,21880
8999,116237,49268
9000,32536,13952
9001,61479,26107
9002,9097,3936
9003,93415,39528
9004,127210,54013
9005,114047,48326
9006,130389,55354
9007,129258,54871
9008,4593,2012
9009,5990,2626
9010,5723,2492
9011,27658,11818
9012,117339,49728
9013,119498,50655
9014,11289,4891
9015,83946,35639
9016,96461,40812
9017,1904,816
9018,59909,25432
9019,52195,22223
9020,62611,26582
9021,119012,50455
9022,53039,22558
9023,36989,15824
9024,50825,21657
9025,109050,46183
9026,91379,38692
9027,67810,28806
9028,119003,50450
9029,46130,19679
9030,51131,21783
9031,106154,44920
9032,48197,20541
9033,19518,8358
9034,127304,54047
9035,26731,11444
9036,114120,48358
9037,66725,28336
9038,7692,3364
9039,74456,31590
9040,106161,44922
9041,73697,31275
9042,80815,34288
9043,43100,18403
9044,77045,32642
9045,87222,36975
9046,114470,48496
9047,33736,14467
9048,34808,14912
9049,64163,27233
9050,78985,33479
9051,59487,25255
9052,30074,12872
9053,91121,38563
9054,96565,40857
9055,102754,43475
9056,57204,24305
9057,91630,38800
9058,36864,15772
9059,61909,26297
9060,90199,38169
9061,87770,37186
9062,1381,592
9063,77873,33014
9064,59657,25319
9065,119718,50762
9066,4466,1962
9067,26865,11498
9068,16621,7154
9069,123204,52258
9070,59460,25245
9071,40154,17157
9072,8452,3662
9073,93317,39485
9074,26682,11423
9075,46925,20009
9076,46576,19848
9077,49962,21310
9078,112244,47568
9079,3519,1553
9080,3697,1621
9081,62004,26341
9082,56306,23935
9083,112422,47658
9084,108812,46075
9085,27131,11609
9086,34895,14952
9087,123305,52305
9088,95142,40278
9089,39191,16759
9090,42116,17990
9091,53276,22651
9092,37089,15871
9093,52559,22372
9094,122221,51835
9095,111121,47069
9096,113201,47983
9097,95537,40433
9098,77403,32796
9099,91415,38707
9100,109630,46421
9101,71194,30238
9102,106989,45287
9103,63095,26782
9104,118021,50026
9105,66765,28355
9106,26168,11193
9107,67241,28554
9108,34500,14773
9109,39565,16909
9110,124509,52857
9111,66773,28359
9112,99548,42122
9113,101023,42764
9114,119404,50616
9115,53205,22619
9116,49925,21295
9117,88167,37343
9118,120078,50910
9119,5643,2460
9120,116496,49374
9121,84848,36005
9122,100925,42729
9123,125219,53160
9124,112453,47673
9125,43332,18504
9126,83190,35301
9127,100051,42333
9128,114824,48655
9129,117740,49905
9130,41466,17705
9131,21677,9286
9132,99429,42074
9133,119427,50625
9134,120677,51179
9135,63201,26830
9136,29400,12566
9137,90578,38330
9138,38607,16520
9139,53379,22698
9140,93331,39491
9141,54275,23079
9142,127090,53970
9143,80930,34339
9144,65483,27809
9145,48861,20825
9146,62251,26438
9147,35169,15064
9148,112363,47627
9149,42328,18082
9150,118023,50028
9151,44117,18837
9152,85232,36161
9153,99596,42148
9154,56747,24128
9155,18586,7977
9156,29270,12510
9157,29425,12582
9158,97653,41327
9159,32622,13984
9160,35133,15054
9161,91135,38571
9162,109875,46520
9163,25394,10867
9164,101256,42868
9165,13694,5911
9166,103683,43853
9167,48274,20578
9168,115415,48924
9169,67024,28461
9170,124955,53053
9171,11244,4874
9172,114234,48405
9173,16571,7132
9174,31248,13372
9175,75726,32116
9176,59956,25455
9177,86534,36711
9178,87096,36921
9179,51025,21740
9180,25918,11103
9181,7614,3331
9182,51866,22096
9183,16537,7113
9184,57744,24520
9185,21750,9324
9186,5676,2470
9187,93686,39650
9188,38418,16444
9189,124196,52728
9190,24499,10484
9191,119530,50671
9192,25674,11000
9193,97215,41143
9194,48450,20663
9195,3109,1365
9196,44324,18924
9197,112505,47691
9198,60986,25882
9199,54832,23311
9200,33196,14239
9201,45086,19250
9202,56836,24161
9203,55389,23547
9204,81886,34751
9205,6775,2984
9206,13650,5890
9207,34058,14588
9208,43531,18595
9209,27061,11584
9210,7033,3104
9211,73361,31131
9212,35532,15222
9213,61922,26303
9214,106809,45209
9215,113275,48014
9216,27732,11853
9217,2307,992
9218,57470,24412
9219,1450,627
9220,50381,21480
9221,48180,20531
9222,125776,53400
9223,37255,15950
9224,50992,21723
9225,21850,9367
9226,10249,4431
9227,103978,43976
9228,68874,29254
9229,80171,33978
9230,63502,26947
9231,69455,29485
9232,93555,39596
9233,16722,7199
9234,31053,13294
9235,95329,40348
9236,57454,24405
9237,10297,4456
9238,128352,54492
9239,125321,53213
9240,26064,11160
9241,42935,18335
9242,54509,23171
9243,114826,48657
9244,63917,27133
9245,129629,55018
9246,62179,26410
9247,58042,24650
9248,31448,13457
9249,68102,28928
9250,105571,44667
9251,90392,38241
9252,7717,3374
9253,31671,13550
9254,54443,23147
9255,69271,29413
9256,113489,48097
9257,87752,37178
9258,4479,1967
9259,19659,8429
9260,14522,6253
9261,79960,33889
9262,111867,47379
9263,68440,29073
9264,39067,16693
9265,68278,28996
9266,27311,11675
9267,19273,8255
9268,15600,6718
9269,121717,51610
9270,123324,52314
9271,48562,20702
9272,111666,47287
9273,74184,31482
9274,100024,42326
9275,3235,1415
9276,65356,27753
9277,6583,2906
9278,30978,13256
9279,127964,54333
9280,67282,28568
9281,111027,47026
9282,129722,55062
9283,69161,29375
9284,81358,34515
9285,127138,53988
9286,128030,54360
9287,7943,3456
9288,245,111
9289,24933,10686
9290,67085,28483
9291,112351,47617
9292,21206,9098
9293,113221,47990
9294,120691,51184
9295,89763,37986
9296,81158,34430
9297,105581,44674
9298,9669,4185
9299,52071,22170
9300,60424,25647
9301,25602,10955
9302,53545,22776
9303,121252,51408
9304,57429,24392
9305,119639,50724
9306,13625,5877
9307,102983,43566
9308,74323,31537
9309,83827,35590
9310,127899,54304
9311,34729,14880
9312,33423,14339
9313,33393,14324
9314,19652,8425
9315,75167,31880
9316,36726,15710
9317,79826,33833
9318,1648,707
9319,44799,19141
9320,76574,32467
9321,26228,11217
9322,115804,49099
9323,14878,6414
9324,54569,23202
9325,121335,51446
9326,117471,49789
9327,29121,12445
9328,49365,21037
9329,97800,41387
9330,50532,21538
9331,123405,52358
9332,95955,40592
9333,2543,1097
9334,64312,27292
9335,22417,9591
9336,78951,33466
9337,96852,40991
9338,115744,49072
9339,72222,30658
9340,51728,22045
9341,114980,48733
9342,67904,28850
9343,111089,47051
9344,10165,4394
9345,116629,49432
9346,9929,4292
9347,109149,46227
9348,5022,2203
9349,110983,47006
9350,19822,8499
9351,96348,40761
9352,21721,9309
9353,69653,29573
9354,14482,6240
9355,29027,12399
9356,65263,27717
9357,94751,40104
9358,83809,35580
9359,60823,25824
9360,4277,1871
9361,95054,40239
9362,51854,22092
9363,94068,39791
9364,128230,54449
9365,110023,46588
9366,127969,54337
9367,117075,49620
9368,38767,16577
9369,39148,16742
9370,107277,45423
9371,46732,19914
9372,106837,45222
9373,66165,28087
9374,64402,27337
9375,120696,51187
9376,3356,1476
9377,125326,53216
9378,88856,37630
9379,77087,32660
9380,111112,47065
9381,105861,44796
9382,58152,24692
9383,91182,38589
9384,29609,12656
9385,117922,49980
9386,123297,52302
9387,100158,42391
9388,127701,54229
9389,48096,20491
9390,7545,3313
9391,25134,10761
9392,85214,36152
9393,125462,53277
9394,100901,42724
9395,72388,30731
9396,107773,45626
9397,103283,43689
9398,78045,33094
9399,15061,6492
9400,51108,21772
9401,54140,23017
9402,89822,38013
9403,73315,31115
9404,10752,4657
9405,106374,45012
9406,61595,26156
9407,58229,24731
9408,66928,28422
9409,58757,24951
9410,47658,20311
9411,48927,20858
9412,11762,5083
9413,124193,52726
9414,61825,26257
9415,114627,48564
9416,46341,19758
9417,72021,30579
9418,93635,39627
9419,8758,3779
9420,43176,18433
9421,58555,24865
9422,27637,11808
9423,39096,16710
9424,6051,2649
9425,13762,5941
9426,129574,54993
9427,94654,40064
9428,122959,52150
9429,53375,22695
9430,127716,54237
9431,83969,35650
9432,44051,18805
9433,125280,53194
9434,34760,14892
9435,104971,44413
9436,46438,19794
9437,51400,21900
9438,56511,24027
9439,9130,3954
9440,48115,20502
9441,124043,52655
9442,104015,43991
9443,76535,32452
9444,104792,44343
9445,64193,27249
9446,62677,26614
9447,51162,21795
9448,45332,19358
9449,94735,40096
9450,36879,15779
9451,57488,24421
9452,12176,5249
9453,22684,9703
9454,112802,47819
9455,81498,34579
9456,67734,28767
9457,37203,15922
9458,21312,9142
9459,476,199
9460,112601,47737
9461,2340,1010
9462,75522,32034
9463,68925,29278
9464,121890,51684
9465,78355,33223
9466,56640,24075
9467,116452,49355
9468,20069,8593
9469,55325,23520
9470,62246,26437
9471,104521,44218
9472,112814,47824
9473,59898,25426
9474,25553,10932
9475,117182,49670
9476,52571,22376
9477,52731,22433
9478,129955,55155
9479,69310,29430
9480,127772,54257
9481,113573,48136
9482,53409,22710
9483,24031,10296
9484,97989,41477
9485,114789,48638
9486,77020,32632
9487,94510,40004
9488,104381,44152
9489,112287,47588
9490,105538,44656
9491,100940,42736
9492,29231,12494
9493,30247,12947
9494,57159,24285
9495,119095,50486
9496,94630,40055
9497,107108,45343
9498,37186,15914
9499,26613,11394
9500,21588,9256
9501,24116,10333
9502,29436,12583
9503,12594,5435
9504,57809,24548
9505,112372,47634
9506,53353,22686
9507,13646,5888
9508,65133,27663
9509,123536,52420
9510,126125,53550
9511,61156,25960
9512,111083,47046
9513,64136,27226
9514,122059,51762
9515,39406,16845
9516,47151,20116
9517,101102,42797
9518,33889,14526
9519,98493,41701
9520,16711,7190
9521,20558,8820
9522,30037,12853
9523,114411,48474
9524,83968,35649
9525,72700,30867
9526,112828,47832
9527,59542,25276
9528,7965,3466
9529,45826,19556
9530,89415,37847
9531,35022,15006
9532,36541,15631
9533,74622,31654
9534,18905,8101
9535,85866,36448
9536,11434,4952
9537,54784,23290
9538,98277,41600
9539,92461,39139
9540,63444,26922
9541,21857,9371
9542,115786,49090
9543,83005,35219
9544,21995,9412
9545,55681,23675
9546,64305,27289
9547,3139,1376
9548,38633,16531
9549,24418,10453
9550,70203,29811
9551,85061,36092
9552,74676,31676
9553,74259,31512
9554,122172,51812
9555,50057,21353
9556,5347,2328
9557,34644,14838
9558,12675,5470
9559,129473,54952
9560,12823,5528
9561,94416,39968
9562,110089,46617
9563,101436,42933
9564,47961,20429
9565,98584,41735
9566,56914,24192
9567,65221,27701
9568,28686,12255
9569,39449,16859
9570,78916,33450
9571,62125,26391
9572,46649,19879
9573,73649,31252
9574,81357,34514
9575,32716,14021
9576,123382,52345
9577,14975,6452
9578,97950,41458
9579,118637,50290
9580,118516,50243
9581,15050,6488
9582,35320,15132
9583,126573,53734
9584,72755,30885
9585,16486,7093
9586,72958,30969
9587,72828,30920
9588,33706,14458
9589,97272,41165
9590,3025,1323
9591,37521,16066
9592,114674,48583
9593,119799,50796
9594,30208,12928
9595,113907,48269
9596,58367,24795
9597,90362,38226
9598,115503,48964
9599,51603,21984
9600,61596,26157
9601,18907,8103
9602,71126,30213
9603,50831,21658
9604,47455,20226
9605,10809,4683
9606,65013,27606
9607,19611,8404
9608,93721,39662
9609,18439,7919
9610,37985,16265
9611,70201,29809
9612,88098,37310
9613,90062,38116
9614,39595,16923
9615,95635,40469
9616,124710,52949
9617,103712,43865
9618,120171,50957
9619,34665,14849
9620,82528,35026
9621,45269,19334
9622,56442,23995
9623,1216,511
9624,97946,41455
9625,17826,7660
9626,22134,9477
9627,42087,17977
9628,91964,38937
9629,48060,20470
9630,105054,44451
9631,47526,20262
9632,61458,26098
9633,100112,42366
9634,39327,16816
9635,74491,31605
9636,362,147
9637,91948,38931
9638,24869,10651
9639,36377,15560
9640,66965,28435
9641,6048,2647
9642,38529,16491
9643,118446,50225
9644,79044,33500
9645,47381,20194
9646,108975,46150
9647,33036,14165
9648,82594,35052
9649,33993,14570
9650,83210,35313
9651,66581,28275
9652,8022,3490
9653,53155,22602
9654,30017,12847
9655,24776,10615
9656,60233,25570
9657,27128,11607
9658,120261,50996
9659,39155,16747
9660,28435,12163
9661,110803,46926
9662,122123,51786
9663,8113,3522
9664,29551,12629
9665,117032,49604
9666,16549,7121
9667,122558,51968
9668,36781,15730
9669,39849,17034
9670,101377,42905
9671,2697,1164
9672,105607,44685
9673,2942,1276
9674,71930,30542
9675,103119,43624
9676,121959,51717
9677,14675,6322
9678,84212,35734
9679,117185,49671
9680,58413,24810
9681,46867,19981
9682,45746,19517
9683,32743,14033
9684,42025,17945
9685,49315,21013
9686,79127,33533
9687,1747,753
9688,96879,41007
9689,79654,33762
9690,14815,6376
9691,16967,7303
9692,113272,48012
9693,6643,2930
9694,24627,10548
9695,22542,9644
9696,25932,11108
9697,72756,30886
9698,128029,54359
9699,126824,53860
9700,117446,49776
9701,101012,42761
9702,74347,31547
9703,4249,1856
9704,54947,23367
9705,31816,13618
9706,109475,46354
9707,121371,51464
9708,34889,14949
9709,26325,11259
9710,6454,2849
9711,115728,49068
9712,76821,32556
9713,31886,13652
9714,88532,37486
9715,91872,38897
9716,118905,50407
9717,7547,3314
9718,120830,51242
9719,111687,47299
9720,91762,38858
9721,36515,15617
9722,80694,34229
9723,50471,21517
9724,5447,2370
9725,53821,22885
9726,27510,11759
9727,14009,6034
9728,81673,34657
9729,39104,16717
9730,120008,50885
9731,91975,38941
9732,80919,34335
9733,11793,5098
9734,2639,1142
9735,110594,46834
9736,21708,9302
9737,73149,31047
9738,47397,20202
9739,44722,19103
9740,51416,21907
9741,69162,29376
9742,38699,16556
9743,31369,13427
9744,95433,40390
9745,98178,41561
9746,767,326
9747,55170,23455
9748,113056,47926
9749,33811,14492
9750,115366,48902
9751,124498,52850
9752,96288,40735
9753,97830,41401
9754,76921,32597
9755,12361,5326
9756,82681,35087
9757,39473,16873
9758,76769,32535
9759,51450,21922
9760,118597,50274
9761,63882,27116
9762,73882,31348
9763,69707,29594
9764,11359,4928
9765,61154,25959
9766,39940,17070
9767,102891,43534
9768,67374,28613
9769,83500,35446
9770,99272,42006
9771,106828,45216
9772,98449,41685
9773,100328,42465
9774,78577,33315
9775,117963,50000
9776,15776,6790
9777,49930,21297
9778,42984,18357
9779,124922,53040
9780,51852,22091
9781,11689,5052
9782,44772,19126
9783,118140,50083
9784,33646,14440
9785,7419,3256
9786,68819,29237
9787,46321,19746
9788,67506,28668
9789,64406,27340
9790,70443,29916
9791,44888,19175
9792,32137,13776
9793,36679,15690
9794,51988,22139
9795,13779,5946
9796,3749,1643
9797,128861,54703
9798,79905,33872
9799,75509,32027
9800,102342,43302
9801,25818,11061
9802,71336,30301
9803,6487,2869
9804,102803,43495
9805,72079,30602
9806,117950,49992
9807,126207,53588
9808,34114,14608
9809,33337,14298
9810,632,263
9811,117097,49631
9812,93616,39619
9813,18878,8093
9814,81866,34741
9815,17292,7426
9816,5377,2342
9817,48077,20479
9818,90373,38232
9819,24789,10620
9820,84043,35678
9821,82944,35193
9822,128287,54467
9823,32017,13715
9824,13433,5788
9825,82410,34975
9826,96454,40807
9827,119269,50557
9828,128747,54655
9829,48498,20677
9830,104599,44253
9831,48633,20735
9832,118423,50213
9833,4691,2053
9834,93177,39433
9835,54195,23047
9836,36452,15586
9837,62139,26397
9838,19152,8202
9839,11099,4814
9840,33357,14305
9841,14580,6280
9842,87547,37099
9843,67151,28513
9844,58363,24792
9845,19128,8193
9846,107888,45677
9847,121483,51518
9848,40950,17489
9849,48146,20514
9850,89096,37732
9851,96962,41042
9852,77679,32929
9853,93218,39447
9854,95899,40569
9855,54539,23185
9856,104850,44365
9857,84405,35820
9858,47060,20074
9859,112458,47676
9860,48005,20445
9861,61038,25904
9862,63260,26854
9863,69488,29501
9864,124659,52924
9865,96038,40631
9866,119137,50509
9867,64463,27370
9868,12383,5337
9869,103812,43909
9870,38033,16281
9871,59172,25123
9872,34830,14923
9873,69913,29678
9874,102792,43490
9875,66552,28260
9876,128765,54664
9877,124211,52734
9878,109547,46385
9879,94734,40095
9880,40982,17507
9881,58331,24773
9882,57372,24366
9883,123689,52493
9884,83178,35297
9885,94314,39922
9886,64415,27345
9887,96142,40673
9888,1400,598
9889,16287,7002
9890,47371,20191
9891,55048,23410
9892,45374,19372
9893,5390,2349
9894,47424,20215
9895,38773,16581
9896,64451,27361
9897,50160,21390
9898,19460,8331
9899,93804,39691
9900,12112,5227
9901,30916,13229
9902,46215,19706
9903,76196,32320
9904,24237,10383
9905,41527,17733
9906,109016,46166
9907,10224,4416
9908,41966,17924
9909,115069,48766
9910,27000,11560
9911,48014,20450
9912,39262,16791
9913,64773,27494
9914,130093,55211
9915,28703,12260
9916,114578,48542
9917,92798,39288
9918,32718,14022
9919,24857,10644
9920,116351,49308
9921,42173,18012
9922,124136,52700
9923,38893,16616
9924,23051,9871
9925,76173,32306
9926,53048,22563
9927,25951,11117
9928,58487,24842
9929,90448,38266
9930,128844,54696
9931,12901,5557
9932,78460,33274
9933,26665,11417
9934,91590,38776
9935,124423,52817
9936,28462,12176
9937,16010,6894
9938,108871,46100
9939,25571,10940
9940,19682,8439
9941,33210,14245
9942,117114,49638
9943,52286,22259
9944,19173,8215
9945,97405,41219
9946,21314,9144
9947,16766,7214
9948,115031,48754
9949,101101,42796
9950,14924,6433
9951,61853,26272
9952,20081,8599
9953,13515,5829
9954,15717,6764
9955,125266,53183
9956,119744,50773
9957,92294,39074
9958,77015,32628
9959,120671,51176
9960,26527,11348
9961,58558,24868
9962,100270,42440
9963,123753,52523
9964,100350,42476
9965,69588,29543
9966,22154,9485
9967,126593,53744
9968,65292,27728
9969,5160,2258
9970,63399,26905
9971,109264,46278
9972,53836,22894
9973,73140,31044
9974,48156,20521
9975,10194,4406
9976,63606,26993
9977,99889,42271
9978,97204,41140
9979,112554,47713
9980,31075,13300
9981,95400,40377
9982,85669,36357
9983,58783,24963
9984,108673,46016
9985,83662,35513
9986,25894,11090
9987,119912,50846
9988,74671,31674
9989,74795,31732
9990,70136,29783
9991,98331,41628
9992,46868,19982
9993,11386,4938
9994,102842,43509
9995,60976,25880
9996,10835,4695
9997,2118,913
9998,75848,32172
9999,107826,45646
10000,114864,48676
10001,13247,5715
10002,37529,16070
10003,90646,38355
10004,74747,31712
10005,9079,3925
10006,71078,30194
10007,93809,39692
10008,123408,52360
10009,7521,3301
10010,129490,54956
10011,15086,6504
10012,104991,44421
10013,89128,37743
10014,85550,36299
10015,53421,22717
10016,70656,30005
10017,17614,7572
10018,70754,30045
10019,97733,41358
10020,93456,39548
10021,12038,5197
10022,29081,12424
10023,69818,29642
10024,116609,49418
10025,91627,38798
10026,71624,30414
10027,108695,46028
10028,37706,16141
10029,99896,42276
10030,93513,39576
10031,126456,53683
10032,65184,27682
10033,81829,34724
10034,83113,35266
10035,93682,39648
10036,94899,40162
10037,29522,12619
10038,26498,11333
10039,122649,52011
10040,79270,33595
10041,1962,841
10042,118039,50037
10043,12854,5539
10044,20191,8647
10045,60205,25559
10046,32057,13738
10047,104973,44414
10048,51755,22054
10049,78023,33083
10050,60810,25817
10051,79622,33749
10052,110344,46719
10053,20347,8717
10054,17899,7693
10055,40847,17452
10056,90209,38173
10057,126156,53566
10058,34930,14968
10059,36059,15434
10060,17756,7628
10061,4080,1795
10062,45137,19275
10063,116175,49235
10064,69875,29665
10065,28922,12354
10066,129698,55049
10067,66822,28380
10068,118552,50257
10069,129997,55171
10070,99038,41914
10071,91189,38593
10072,22804,9758
10073,107905,45685
10074,41400,17677
10075,117834,49947
10076,94110,39815
10077,86920,36860
10078,117456,49781
10079,83018,35223
10080,12896,5556
10081,66,28
10082,73302,31109
10083,38140,16328
10084,10503,4543
10085,116201,49251
10086,120383,51045
10087,24038,10298
10088,80223,33998
10089,124012,52639
10090,98817,41830
10091,103311,43704
10092,4243,1852
10093,109319,46296
10094,58615,24889
10095,31101,13307
10096,91537,38756
10097,80532,34153
10098,51735,22046
10099,94925,40176
10100,7088,3118
10101,65039,27617
10102,125568,53322
10103,79912,33875
10104,120152,50947
10105,116811,49511
10106,37397,16008
10107,13446,5796
10108,77690,32937
10109,121543,51549
10110,38014,16274
10111,119322,50578
10112,119247,50547
10113,97351,41201
10114,61258,26010
10115,47716,20335
10116,128864,54705
10117,45361,19367
10118,4039,1777
10119,35249,15102
10120,98,43
10121,87286,37000
10122,119989,50876
10123,13146,5670
10124,56296,23928
10125,129625,55016
10126,63428,26917
10127,45791,19539
10128,28743,12281
10129,27279,11661
10130,114773,48628
10131,105792,44763
10132,76409,32403
10133,44420,18967
10134,86560,36721
10135,33568,14402
10136,74568,31640
10137,35712,15295
10138,20768,8915
10139,35915,15376
10140,74182,31480
10141,17034,7332
10142,113370,48054
10143,10543,4559
10144,124817,52990
10145,5788,2526
10146,130047,55190
10147,59854,25405
10148,11616,5021
10149,107895,45681
10150,47603,20288
10151,97894,41431
10152,61837,26262
10153,120052,50901
10154,39200,16765
10155,22874,9785
10156,12289,5299
10157,72901,30951
10158,70150,29789
10159,119552,50681
10160,82552,35035
10161,53515,22758
10162,48933,20860
10163,124939,53046
10164,88121,37321
10165,44855,19160
10166,5410,2358
10167,85556,36301
10168,48028,20455
10169,10223,4415
10170,30105,12885
10171,76243,32337
10172,59072,25076
10173,65432,27785
10174,83172,35294
10175,96844,40986
10176,33510,14372
10177,24582,10522
10178,78217,33172
10179,86342,36640
10180,62457,26522
10181,92629,39217
10182,63224,26840
10183,40738,17398
10184,24937,10688
10185,10606,4592
10186,31361,13424
10187,103486,43773
10188,46087,19658
10189,128303,54473
10190,48111,20500
10191,126052,53511
10192,5895,2581
10193,58106,24677
10194,33912,14536
10195,20004,8569
10196,93740,39669
10197,17247,7415
10198,27509,11758
10199,98752,41808
10200,77392,32791
10201,59772,25370
10202,34701,14868
10203,37716,16145
10204,8123,3526
10205,67814,28808
10206,3783,1658
10207,24177,10362
10208,59801,25385
10209,29326,12534
10210,82169,34874
10211,58218,24726
10212,113648,48165
10213,4622,2025
10214,29686,12693
10215,37485,16048
10216,120749,51212
10217,94766,40110
10218,114965,48723
10219,42986,18358
10220,60695,25763
10221,32065,13744
10222,62217,26427
10223,85899,36462
10224,10566,4575
10225,24277,10393
10226,117979,50005
10227,92093,38996
10228,123587,52442
10229,124138,52702
10230,96220,40703
10231,1973,848
10232,296,132
10233,76495,32432
10234,8617,3723
10235,10922,4736
10236,54127,23015
10237,90949,38486
10238,87886,37225
10239,108127,45776
10240,48580,20714
10241,122397,51895
10242,6174,2714
10243,16071,6915
10244,91515,38749
10245,53108,22582
10246,115344,48891
10247,3960,1738
10248,75431,31995
10249,19926,8537
10250,32840,14074
10251,82951,35198
10252,118211,50112
10253,86525,36705
10254,118884,50396
10255,83873,35614
10256,124938,53045
10257,15546,6693
10258,11760,5081
10259,18776,8055
10260,836,359
10261,39017,16669
10262,129050,54777
10263,56813,24151
10264,32314,13858
10265,79113,33526
10266,87361,37025
10267,24612,10538
10268,33122,14206
10269,116122,49211
10270,68588,29144
10271,20120,8614
10272,39107,16720
10273,109185,46240
10274,108672,46015
10275,84534,35872
10276,36645,15679
10277,58018,24636
10278,112700,47778
10279,112609,47741
10280,107018,45300
10281,120317,51018
10282,379,153
10283,65202,27693
10284,93009,39371
10285,6455,2850
10286,110233,46671
10287,120182,50964
10288,52452,22326
10289,61219,25992
10290,51192,21809
10291,9107,3939
10292,40,18
10293,36029,15421
10294,42306,18071
10295,20923,8983
10296,1125,467
10297,37380,15999
10298,8896,3848
10299,13628,5878
10300,43786,18689
10301,15931,6861
10302,45325,19354
10303,97669,41335
10304,125962,53474
10305,80653,34210
10306,68955,29290
10307,3057,1345
10308,98396,41658
10309,13745,5932
10310,16086,6923
10311,75779,32139
10312,37109,15879
10313,125998,53486
10314,103203,43659
10315,28985,12382
10316,90184,38161
10317,27062,11585
10318,109251,46274
10319,112721,47788
10320,7487,3283
10321,18726,8034
10322,20819,8934
10323,126561,53727
10324,95354,40358
10325,45054,19237
10326,104143,44052
10327,81296,34488
10328,15208,6554
10329,152,69
10330,92638,39222
10331,44431,18973
10332,56473,24011
10333,118998,50447
10334,6296,2770
10335,3904,1712
10336,89414,37846
10337,21290,9133
10338,72346,30712
10339,3584,1575
10340,42680,18233
10341,46119,19673
10342,31880,13649
10343,72788,30902
10344,31989,13703
10345,123607,52450
10346,41623,17774
10347,6087,2667
10348,19196,8228
10349,18939,8120
10350,27233,11641
10351,116397,49329
10352,17676,7594
10353,80163,33973
10354,59023,25057
10355,17208,7401
10356,118840,50377
10357,9104,3938
10358,109744,46471
10359,60322,25604
10360,105715,44732
10361,5383,2345
10362,100774,42670
10363,108820,46078
10364,106447,45044
10365,73063,31010
10366,78730,33366
10367,102766,43481
10368,70911,30115
10369,24176,10361
10370,76677,32499
10371,51660,22012
10372,79394,33650
10373,48365,20619
10374,62571,26566
10375,33878,14518
10376,58550,24863
10377,78548,33306
10378,2109,908
10379,22610,9668
10380,125009,53075
10381,26494,11331
10382,23569,10090
10383,77030,32636
10384,13028,5617
10385,18268,7846
10386,97286,41171
10387,116918,49557
10388,39491,16878
10389,5646,2462
10390,48523,20687
10391,91056,38538
10392,125025,53082
10393,5812,2540
10394,26139,11183
10395,1859,796
10396,108757,46054
10397,53271,22647
10398,49217,20982
10399,103718,43870
10400,36538,15630
10401,47078,20086
10402,27430,11725
10403,82451,34990
10404,110084,46614
10405,63239,26846
10406,49172,20958
10407,104970,44412
10408,26372,11284
10409,89325,37816
10410,80818,34289
10411,42150,18003
10412,23624,10122
10413,36874,15775
10414,64718,27469
10415,115678,49049
10416,116431,49342
10417,5050,2214
10418,22007,9416
10419,29964,12823
10420,127170,54003
10421,12618,5447
10422,35172,15066
10423,46683,19895
10424,67802,28802
10425,40337,17221
10426,5625,2448
10427,14695,6335
10428,63735,27054
10429,111787,47339
10430,90857,38446
10431,23355,10001
10432,66956,28432
10433,119835,50808
10434,6945,3062
10435,5762,2512
10436,104394,44159
10437,18315,7869
10438,103447,43751
10439,107191,45381
10440,76502,32434
10441,6364,2806
10442,93912,39735
10443,125736,53386
10444,96111,40662
10445,31394,13436
10446,113943,48280
10447,25169,10774
10448,55788,23723
10449,51583,21974
10450,129122,54812
10451,99430,42075
10452,49240,20993
10453,3464,1528
10454,95755,40509
10455,64897,27551
10456,5887,2577
10457,45951,19597
10458,128471,54547
10459,125175,53139
10460,45303,19348
10461,55548,23618
10462,13128,5662
10463,91381,38693
10464,74639,31660
10465,126335,53636
10466,31181,13341
10467,88415,37441
10468,104825,44356
10469,120177,50961
10470,13550,5841
10471,101444,42937
10472,63678,27027
10473,86134,36554
10474,54407,23128
10475,27771,11869
10476,74688,31685
10477,91680,38824
10478,62341,26479
10479,119103,50492
10480,22974,9836
10481,89678,37947
10482,936,393
10483,129620,55012
10484,14837,6392
10485,29514,12615
10486,15584,6708
10487,66673,28312
10488,90284,38199
10489,103857,43930
10490,93462,39550
10491,44251,18888
10492,109843,46507
10493,56309,23936
10494,101188,42838
10495,99087,41936
10496,24500,10485
10497,106320,44987
10498,45081,19248
10499,127383,54086
10500,100849,42703
10501,71817,30489
10502,58743,24943
10503,85449,36254
10504,91170,38583
10505,86621,36744
10506,2468,1072
10507,77244,32727
10508,6746,2973
10509,42162,18009
10510,111982,47438
10511,30706,13131
10512,101598,42990
10513,26981,11551
10514,45823,19554
10515,52335,22283
10516,100694,42640
10517,74723,31702
10518,50251,21429
10519,34301,14688
10520,113016,47912
10521,27953,11950
10522,7235,3180
10523,104705,44306
10524,51668,22015
10525,72895,30948
10526,95435,40392
10527,72235,30667
10528,3921,1720
10529,43180,18435
10530,24598,10531
10531,36951,15810
10532,72486,30769
10533,9493,4105
10534,91100,38553
10535,69494,29504
10536,35201,15084
10537,5711,2486
10538,34800,14908
10539,95402,40379
10540,13262,5723
10541,129077,54790
10542,39882,17047
10543,70333,29863
10544,95373,40367
10545,106454,45047
10546,42003,17936
10547,63694,27033
10548,45126,19268
10549,41789,17844
10550,69942,29696
10551,105698,44726
10552,105843,44787
10553,36937,15805
10554,109938,46549
10555,88907,37652
10556,90251,38187
10557,51234,21823
10558,55306,23515
10559,81588,34618
10560,16126,6941
10561,82207,34896
10562,122103,51779
10563,85442,36249
10564,55116,23429
10565,36622,15664
10566,13835,5973
10567,25192,10784
10568,46228,19712
10569,16547,7119
10570,78004,33078
10571,53124,22589
10572,61379,26061
10573,99871,42262
10574,5355,2331
10575,97398,41216
10576,41131,17562
10577,67080,28482
10578,121722,51613
10579,61512,26118
10580,92572,39188
10581,4973,2182
10582,106751,45178
10583,10135,4380
10584,107036,45308
10585,127514,54136
10586,73186,31063
10587,91740,38849
10588,61472,26105
10589,20829,8940
10590,94376,39947
10591,35811,15334
10592,99918,42285
10593,42356,18090
10594,52782,22450
10595,58604,24885
10596,18795,8063
10597,107167,45370
10598,49722,21193
10599,4342,1900
10600,120291,51010
10601,104807,44348
10602,57020,24231
10603,102554,43390
10604,123492,52396
10605,32936,14118
10606,27267,11655
10607,83507,35449
10608,100060,42339
10609,92707,39247
10610,123658,52478
10611,97232,41151
10612,21840,9362
10613,112852,47843
10614,59886,25420
10615,23745,10177
10616,119436,50626
10617,112324,47603
10618,67805,28803
10619,78858,33419
10620,43810,18702
10621,35024,15007
10622,41761,17832
10623,127871,54292
10624,91803,38872
10625,77115,32675
10626,105710,44730
10627,29401,12567
10628,47958,20428
10629,30587,13079
10630,62193,26417
10631,26913,11522
10632,6177,2715
10633,50117,21373
10634,115336,48887
10635,30324,12978
10636,98482,41697
10637,74461,31592
10638,51324,21858
10639,76129,32286
10640,88166,37342
10641,61020,25897
10642,128815,54684
10643,99391,42057
10644,54571,23203
10645,50912,21692
10646,83273,35349
10647,88899,37650
10648,46294,19733
10649,113572,48135
10650,9050,3913
10651,36758,15721
10652,123342,52325
10653,122398,51896
10654,15229,6562
10655,34919,14960
10656,125251,53178
10657,50966,21716
10658,94597,40043
10659,65810,27940
10660,98066,41511
10661,34968,14982
10662,42078,17972
10663,30250,12948
10664,47792,20361
10665,54828,23310
10666,40452,17270
10667,110579,46825
10668,46137,19682
10669,21562,9245
10670,99181,41970
10671,129080,54791
10672,19266,8252
10673,55511,23602
10674,74670,31673
10675,118827,50371
10676,14671,6319
10677,72829,30921
10678,462,193
10679,18630,7995
10680,55888,23756
10681,19836,8505
10682,8783,3793
10683,82254,34913
10684,61029,25902
10685,115319,48879
10686,121774,51633
10687,56636,24073
10688,7797,3399
10689,80718,34241
10690,113101,47945
10691,44710,19098
10692,46840,19965
10693,61147,25955
10694,23140,9907
10695,3673,1610
10696,38145,16331
10697,63992,27160
10698,21570,9249
10699,40783,17419
10700,79233,33579
10701,357,144
10702,79575,33733
10703,10874,4713
10704,59694,25339
10705,126635,53763
10706,2605,1126
10707,28044,11994
10708,47710,20331
10709,83738,35544
10710,74570,31641
10711,58442,24822
10712,91525,38752
10713,59440,25237
10714,91578,38771
10715,53589,22791
10716,128005,54351
10717,47930,20415
10718,101225,42851
10719,75714,32110
10720,83870,35612
10721,1525,658
10722,23816,10209
10723,120729,51203
10724,129834,55109
10725,4796,2101
10726,72101,30613
10727,6887,3031
10728,67390,28619
10729,112253,47572
10730,44414,18964
10731,13383,5767
10732,18612,7986
10733,35191,15078
10734,122933,52135
10735,51901,22109
10736,4903,2151
10737,2981,1295
10738,52607,22388
10739,42730,18255
10740,84338,35787
10741,69349,29442
10742,111520,47223
10743,116831,49521
10744,43345,18511
10745,43255,18473
10746,4105,1806
10747,93352,39501
10748,91064,38541
10749,79262,33591
10750,14606,6289
10751,81180,34440
10752,28428,12158
10753,94561,40026
10754,14421,6213
10755,82109,34844
10756,111690,47301
10757,48053,20466
10758,9210,3982
10759,42342,18086
10760,116963,49575
10761,60908,25852
10762,116974,49579
10763,109042,46177
10764,69641,29566
10765,72564,30800
10766,100352,42477
10767,24287,10398
10768,55159,23448
10769,95086,40256
10770,65831,27950
10771,85802,36416
10772,1517,654
10773,112397,47645
10774,94814,40133
10775,34896,14953
10776,36792,15736
10777,35315,15128
10778,112067,47474
10779,109910,46537
10780,106640,45129
10781,110772,46918
10782,3337,1466
10783,18384,7900
10784,57444,24398
10785,51598,21981
10786,47566,20274
10787,69526,29518
10788,85819,36420
10789,120408,51055
10790,8916,3852
10791,22117,9468
10792,22393,9582
10793,42575,18191
10794,123389,52352
10795,39603,16925
10796,120056,50902
10797,105936,44832
10798,111481,47205
10799,61141,25953
10800,12121,5230
10801,38222,16367
10802,106789,45202
10803,53532,22769
10804,16168,6958
10805,58739,24941
10806,59231,25147
10807,88914,37656
10808,115564,48991
10809,103010,43577
10810,78357,33224
10811,74204,31490
10812,125133,53123
10813,73716,31284
10814,93362,39504
10815,60590,25721
10816,112503,47690
10817,123971,52623
10818,67236,28553
10819,81901,34755
10820,83707,35530
10821,31978,13702
10822,103226,43669
10823,73503,31182
10824,82220,34901
10825,15796,6798
10826,58245,24739
10827,62146,26399
10828,52262,22251
10829,44800,19142
10830,29953,12819
10831,121852,51670
10832,29082,12425
10833,96636,40888
10834,16432,7071
10835,837,360
10836,44198,18867
10837,77559,32875
10838,93500,39568
10839,17112,7367
10840,5186,2269
10841,96925,41024
10842,78084,33111
10843,48088,20486
10844,55847,23742
10845,28453,12173
10846,46375,19773
10847,31461,13464
10848,79970,33895
10849,23493,10057
10850,97540,41277
10851,28961,12375
10852,49203,20975
10853,74372,31556
10854,79704,33786
10855,75268,31922
10856,90060,38114
10857,43204,18447
10858,86550,36716
10859,12629,5454
10860,33414,14336
10861,35161,15061
10862,8589,3712
10863,105579,44672
10864,101468,42945
10865,82492,35011
10866,67356,28604
10867,117698,49888
10868,22782,9747
10869,84567,35886
10870,62708,26626
10871,85237,36162
10872,74156,31467
10873,124846,53004
10874,74409,31575
10875,53753,22858
10876,120709,51193
10877,92751,39267
10878,36285,15521
10879,40715,17388
10880,81949,34779
10881,10556,4569
10882,67757,28782
10883,39838,17025
10884,111890,47385
10885,71144,30221
10886,113474,48092
10887,71236,30257
10888,50747,21627
10889,129679,55040
10890,19050,8157
10891,105960,44838
10892,27655,11817
10893,15943,6864
10894,76111,32278
10895,123871,52576
10896,125104,53115
10897,129505,54965
10898,105321,44563
10899,106356,45001
10900,31282,13386
10901,120331,51023
10902,16082,6921
10903,89253,37791
10904,103943,43964
10905,33282,14273
10906,104125,44039
10907,91040,38529
10908,81093,34406
10909,121492,51523
10910,129345,54898
10911,48983,20882
10912,54234,23062
10913,93636,39628
10914,50043,21347
10915,111757,47331
10916,16401,7055
10917,30758,13156
10918,14330,6179
10919,67210,28539
10920,31025,13284
10921,48054,20467
10922,107992,45723
10923,17332,7443
10924,28129,12034
10925,54479,23162
10926,48918,20854
10927,34199,14641
10928,48143,20512
10929,32435,13913
10930,55652,23663
10931,19929,8540
10932,41188,17587
10933,56859,24170
10934,127949,54326
10935,90178,38159
10936,68340,29024
10937,35034,15012
10938,75890,32187
10939,37615,16105
10940,28753,12285
10941,22450,9604
10942,21393,9171
10943,121419,51488
10944,77419,32804
10945,18844,8081
10946,117294,49707
10947,20660,8862
10948,7540,3310
10949,70784,30057
10950,108985,46155
10951,65830,27949
10952,49919,21290
10953,119960,50866
10954,104833,44360
10955,68837,29241
10956,105388,44593
10957,4783,2096
10958,24472,10472
10959,6788,2990
10960,106286,44974
10961,112354,47620
10962,61456,26097
10963,34180,14631
10964,63091,26780
10965,755,319
10966,15828,6812
10967,105183,44502
10968,22194,9500
10969,998,412
10970,130324,55328
10971,19231,8237
10972,105285,44553
10973,126066,53522
10974,66496,28229
10975,22195,9501
10976,59639,25309
10977,109656,46432
10978,123615,52455
10979,56502,24022
10980,64242,27270
10981,24328,10416
10982,75940,32204
10983,59725,25351
10984,67351,28600
10985,80650,34209
10986,49088,20923
10987,127142,53991
10988,87573,37112
10989,59155,25114
10990,121703,51605
10991,48371,20623
10992,60339,25612
10993,58526,24855
10994,7653,3347
10995,103453,43755
10996,111106,47061
10997,2564,1107
10998,12947,5579
10999,79652,33761
11000,129270,54872
11001,114357,48453
11002,39532,16895
11003,71718,30450
11004,129488,54955
11005,12777,5512
11006,29071,12419
11007,12496,5389
11008,68424,29067
11009,119059,50473
11010,29402,12568
11011,81983,34791
11012,46946,20018
11013,41284,17627
11014,24447,10462
11015,22135,9478
11016,8451,3661
11017,48584,20716
11018,107791,45632
11019,1340,576
11020,34121,14611
11021,68198,28966
11022,111587,47248
11023,77261,32735
11024,25619,10964
11025,111490,47210
11026,111621,47265
11027,37904,16226
11028,110118,46627
11029,4883,2141
11030,107274,45421
11031,90720,38385
11032,68998,29313
11033,127857,54285
11034,118866,50391
11035,60499,25686
11036,107371,45463
11037,72575,30807
11038,45143,19278
11039,113157,47965
11040,35340,15138
11041,127757,54248
11042,48063,20471
11043,98188,41565
11044,99973,42306
11045,98219,41576
11046,73012,30989
11047,94049,39780
11048,109924,46544
11049,54790,23293
11050,63985,27158
11051,54885,23338
11052,107221,45394
11053,104446,44185
11054,94885,40155
11055,85351,36218
11056,94454,39981
11057,48849,20817
11058,72136,30626
11059,120768,51220
11060,64593,27419
11061,110420,46755
11062,79455,33675
11063,33006,14147
11064,46511,19820
11065,102476,43359
11066,129905,55132
11067,108215,45819
11068,129367,54907
11069,4322,1887
11070,34397,14728
11071,100348,42474
11072,93797,39688
11073,49325,21016
11074,120522,51109
11075,14615,6291
11076,108735,46042
11077,41648,17783
11078,27516,11764
11079,38017,16276
11080,115368,48903
11081,42312,18076
11082,103918,43954
11083,98053,41504
11084,59306,25175
11085,27445,11731
11086,91115,38559
11087,99287,42012
11088,22065,9443
11089,31704,13563
11090,6323,2783
11091,4870,2135
11092,2933,1271
11093,36500,15610
11094,103744,43877
11095,88353,37416
11096,80456,34113
11097,120433,51067
11098,668,281
11099,8958,3871
11100,109973,46568
11101,102445,43344
11102,94463,39982
11103,42881,18314
11104,97955,41462
11105,4927,2160
11106,74104,31441
11107,62983,26743
11108,20742,8901
11109,41265,17617
11110,116117,49208
11111,37576,16087
11112,104111,44033
11113,62636,26597
11114,106777,45195
11115,62986,26744
11116,46849,19970
11117,123534,52418
11118,41799,17849
11119,90507,38294
11120,56893,24184
11121,72390,30732
11122,88557,37491
11123,34326,14699
11124,114783,48633
11125,5233,2289
11126,89739,37976
11127,111967,47432
11128,57849,24564
11129,83492,35443
11130,112259,47575
11131,127914,54313
11132,113553,48124
11133,100865,42710
11134,82906,35179
11135,98264,41593
11136,29040,12404
11137,106539,45090
11138,56883,24180
11139,88227,37364
11140,117858,49958
11141,126609,53752
11142,113095,47943
11143,3103,1362
11144,98903,41862
11145,87548,37100
11146,39281,16798
11147,5916,2592
11148,109299,46291
11149,64203,27253
11150,76589,32473
11151,108196,45806
11152,128662,54632
11153,20329,8708
11154,56303,23933
11155,91905,38914
11156,18840,8079
11157,53993,22966
11158,93518,39579
11159,110528,46804
11160,114019,48314
11161,102904,43539
11162,22114,9465
11163,1602,690
11164,110783,46922
11165,63752,27062
11166,14987,6458
11167,53693,22830
11168,3970,1744
11169,20872,8962
11170,103809,43906
11171,14290,6160
11172,80030,33919
11173,111398,47171
11174,99185,41972
11175,57856,24569
11176,103605,43827
11177,45634,19471
11178,10936,4743
11179,54807,23301
11180,48489,20674
11181,10855,4704
11182,65276,27721
11183,58322,24771
11184,126301,53623
11185,84465,35844
11186,34102,14603
11187,60021,25487
11188,13082,5640
11189,60924,25858
11190,114983,48735
11191,71371,30312
11192,109881,46523
11193,40288,17202
11194,17626,7576
11195,114663,48579
11196,81952,34780
11197,111225,47110
11198,50555,21547
11199,63427,26916
11200,51686,22023
11201,8501,3681
11202,5409,2357
11203,65203,27694
11204,122852,52098
11205,46487,19810
11206,32555,13957
11207,59716,25347
11208,44341,18934
11209,128226,54447
11210,54802,23299
11211,110487,46790
11212,102389,43321
11213,65502,27818
11214,57180,24296
11215,121622,51572
11216,7950,3460
11217,109024,46170
11218,68560,29128
11219,32800,14056
11220,26601,11387
11221,18359,7890
11222,122899,52120
11223,72688,30861
11224,16848,7250
11225,92412,39122
11226,70808,30067
11227,15533,6686
11228,53641,22808
11229,122509,51945
11230,56702,24106
11231,80309,34039
11232,124861,53011
11233,24028,10294
11234,95336,40352
11235,57238,24317
11236,5309,2314
11237,533,225
11238,77925,33040
11239,39199,16764
11240,18761,8050
11241,126952,53914
11242,68581,29141
11243,71889,30522
11244,51580,21973
11245,87114,36929
11246,25022,10716
11247,55766,23716
11248,117126,49643
11249,46820,19956
11250,49371,21039
11251,87097,36922
11252,61803,26249
11253,108523,45952
11254,78967,33473
11255,59677,25329
11256,108027,45738
11257,126236,53599
11258,112069,47475
11259,60464,25664
11260,119745,50774
11261,61243,26003
11262,123211,52262
11263,74280,31520
11264,60739,25784
11265,27320,11679
11266,85826,36423
11267,79673,33771
11268,122650,52012
11269,25184,10781
11270,7244,3184
11271,9400,4065
11272,122038,51754
11273,73711,31283
11274,89389,37839
11275,18208,7824
11276,172,80
11277,1884,807
11278,51397,21898
11279,10889,4719
11280,120735,51205
11281,12211,5266
11282,62551,26558
11283,15517,6676
11284,80328,34050
11285,126907,53895
11286,73316,31116
11287,120090,50914
11288,6610,2916
11289,115571,48995
11290,64365,27317
11291,20720,8891
11292,72359,30716
11293,106099,44893
11294,40588,17326
11295,46444,19796
11296,48103,20496
11297,25662,10991
11298,3756,1644
11299,73304,31111
11300,121819,51652
11301,55694,23681
11302,1627,699
11303,68298,29005
11304,92176,39031
11305,35950,15391
11306,96835,40982
11307,33392,14323
11308,86952,36870
11309,104247,44098
11310,43767,18683
11311,112682,47768
11312,126550,53720
11313,101282,42875
11314,51470,21929
11315,114616,48563
11316,86623,36745
11317,78310,33208
11318,37226,15933
11319,22486,9623
11320,79237,33580
11321,1565,676
11322,26927,11529
11323,114634,48567
11324,111972,47434
11325,108135,45780
11326,22898,9799
11327,27401,11712
11328,54068,22992
11329,114502,48511
11330,55741,23705
11331,82841,35152
11332,28934,12361
11333,65228,27705
11334,95697,40490
11335,114016,48311
11336,96585,40864
11337,4130,1811
11338,87915,37237
11339,105411,44603
11340,52705,22424
11341,95699,40492
11342,43636,18633
11343,128324,54482
11344,19930,8541
11345,123621,52460
11346,39217,16774
11347,27880,11916
11348,2288,985
11349,112195,47541
11350,20490,8789
11351,10254,4434
11352,111749,47326
11353,48411,20645
11354,48386,20631
11355,124837,53000
11356,32756,14037
11357,14348,6186
11358,59592,25295
11359,55510,23601
11360,50348,21472
11361,31137,13321
11362,35844,15346
11363,127106,53978
11364,64714,27468
11365,79643,33759
11366,96958,41039
11367,24863,10646
11368,114392,48465
11369,74463,31593
11370,31848,13633
11371,59069,25074
11372,69533,29523
11373,74122,31449
11374,19948,8547
11375,116983,49584
11376,14941,6438
11377,1034,427
11378,114865,48677
11379,62523,26547
11380,76163,32303
11381,84371,35802
11382,100467,42525
11383,16740,7206
11384,42406,18119
11385,81732,34682
11386,99286,42011
11387,39409,16846
11388,70410,29902
11389,17553,7542
11390,68555,29126
11391,106486,45064
11392,65504,27819
11393,118602,50276
11394,35097,15039
11395,61994,26337
11396,30643,13103
11397,44316,18919
11398,86680,36764
11399,105354,44580
11400,1553,670
11401,29806,12753
11402,36084,15442
11403,45135,19273
11404,29044,12407
11405,100709,42648
11406,62202,26422
11407,33962,14557
11408,115459,48943
11409,29872,12781
11410,118988,50442
11411,102131,43219
11412,76715,32513
11413,93366,39506
11414,69460,29490
11415,15554,6696
11416,95789,40522
11417,58703,24922
11418,27514,11763
11419,23482,10055
11420,102517,43378
11421,46554,19838
11422,83935,35635
11423,49549,21117
11424,43330,18502
11425,110432,46762
11426,43405,18543
11427,71748,30464
11428,56429,23991
11429,91607,38783
11430,84138,35706
11431,68899,29266
11432,90904,38464
11433,39841,17027
11434,89730,37970
11435,98551,41724
11436,96001,40615
11437,12647,5463
11438,109716,46460
11439,129242,54865
11440,111018,47020
11441,108019,45732
11442,27480,11745
11443,12445,5366
11444,27627,11801
11445,122260,51845
11446,77878,33017
11447,69676,29583
11448,59630,25305
11449,42161,18008
11450,53274,22649
11451,56493,24018
11452,105457,44627
11453,101695,43037
11454,32553,13956
11455,5638,2457
11456,102661,43431
11457,71058,30180
11458,72224,30659
11459,119905,50844
11460,107407,45474
11461,66436,28201
11462,35195,15081
11463,108708,46034
11464,58859,24991
11465,68858,29248
11466,118858,50387
11467,101537,42966
11468,115812,49101
11469,17854,7671
11470,23452,10038
11471,109388,46325
11472,120227,50983
11473,127244,54026
11474,75456,32006
11475,91983,38946
11476,88255,37373
11477,14292,6162
11478,74993,31803
11479,76872,32578
11480,20034,8578
11481,94352,39937
11482,115230,48838
11483,86316,36628
11484,123669,52482
11485,87055,36906
11486,45301,19347
11487,9420,4076
11488,69661,29577
11489,19804,8490
11490,109523,46373
11491,69171,29378
11492,98856,41842
11493,34470,14762
11494,28475,12181
11495,8531,3689
11496,91597,38778
11497,50795,21643
11498,51106,21771
11499,77289,32748
11500,35755,15312
11501,2056,883
11502,61367,26056
11503,21650,9278
11504,106387,45021
11505,29452,12592
11506,129920,55138
11507,99616,42153
11508,53004,22547
11509,9780,4231
11510,66041,28033
11511,41529,17734
11512,33160,14222
11513,128674,54636
11514,68996,29312
11515,32835,14072
11516,1510,651
11517,119704,50754
11518,12366,5328
11519,88795,37604
11520,124830,52996
11521,32387,13890
11522,86032,36514
11523,125331,53218
11524,28271,12094
11525,50899,21688
11526,41600,17764
11527,114720,48609
11528,67666,28738
11529,89992,38086
11530,63715,27042
11531,112404,47649
11532,91473,38734
11533,24833,10634
11534,109669,46437
11535,121846,51666
11536,6123,2684
11537,121228,51399
11538,118082,50055
11539,13559,5847
11540,125790,53405
11541,52042,22158
11542,4468,1964
11543,61759,26229
11544,5231,2288
11545,40859,17456
11546,119764,50783
11547,108713,46036
11548,34251,14664
11549,108210,45815
11550,45391,19380
11551,122460,51923
11552,11171,4840
11553,53092,22577
11554,126019,53498
11555,17134,7375
11556,102979,43564
11557,122685,52024
11558,30435,13019
11559,103913,43952
11560,105137,44484
11561,103091,43612
11562,39917,17061
11563,31225,13360
11564,78325,33210
11565,4699,2056
11566,70591,29984
11567,73680,31268
11568,107529,45528
11569,27454,11736
11570,8336,3610
11571,23831,10217
11572,53329,22673
11573,97133,41115
11574,37508,16059
11575,77898,33028
11576,124399,52808
11577,97569,41294
11578,71527,30368
11579,37052,15852
11580,84754,35967
11581,37999,16268
11582,47843,20384
11583,83943,35638
11584,97696,41343
11585,3032,1329
11586,123093,52208
11587,126409,53670
11588,111502,47216
11589,75284,31930
11590,20278,8688
11591,60388,25632
11592,55765,23715
11593,93428,39534
11594,72098,30611
11595,33636,14436
11596,121056,51331
11597,101388,42912
11598,45370,19370
11599,1674,721
11600,92676,39237
11601,57216,24308
11602,92977,39362
11603,110713,46892
11604,53517,22760
11605,42364,18096
11606,107982,45720
11607,119366,50602
11608,54588,23208
11609,50281,21445
11610,2378,1028
11611,88401,37434
11612,33929,14543
11613,68745,29207
11614,85249,36173
11615,67307,28575
11616,128134,54410
11617,123376,52341
11618,40961,17493
11619,88233,37367
11620,10513,4546
11621,43938,18753
11622,77357,32777
11623,10056,4349
11624,37510,16060
11625,100075,42345
11626,87215,36972
11627,11023,4783
11628,24588,10524
11629,18106,7781
11630,75425,31990
11631,119313,50575
11632,75347,31959
11633,55407,23555
11634,10992,4768
11635,83576,35480
11636,10319,4463
11637,117316,49716
11638,109449,46345
11639,81323,34499
11640,61047,25910
11641,73020,30992
11642,61091,25933
11643,61851,26271
11644,128703,54644
11645,112849,47840
11646,85585,36318
11647,69178,29380
11648,120826,51239
11649,126017,53497
11650,33049,14172
11651,5735,2500
11652,22965,9831
11653,92115,39009
11654,108542,45959
11655,84241,35748
11656,60456,25658
11657,7435,3263
11658,96704,40925
11659,70839,30081
11660,32318,13861
11661,76343,32370
11662,63858,27107
11663,99539,42118
11664,18549,7964
11665,84456,35841
11666,44174,18858
11667,24203,10374
11668,34338,14704
11669,23731,10168
11670,19073,8166
11671,98082,41520
11672,79043,33499
11673,83077,35250
11674,27043,11575
11675,19183,8221
11676,128343,54487
11677,117900,49970
11678,88320,37400
11679,113134,47961
11680,59937,25448
11681,65629,27864
11682,59903,25429
11683,81412,34541
11684,73778,31302
11685,53630,22801
11686,82961,35202
11687,122941,52140
11688,113538,48118
11689,2953,1281
11690,69583,29540
11691,78449,33270
11692,35170,15065
11693,20309,8701
11694,62318,26467
11695,84658,35919
11696,104786,44338
11697,73767,31299
11698,49870,21264
11699,65770,27921
11700,11544,4996
11701,2698,1165
11702,126439,53677
11703,27447,11732
11704,23049,9869
11705,56379,23968
11706,19417,8313
11707,45953,19599
11708,8700,3755
11709,7453,3270
11710,97244,41156
11711,100186,42402
11712,29219,12489
11713,83683,35522
11714,72295,30687
11715,103094,43613
11716,27376,11700
11717,92652,39228
11718,26739,11446
11719,21068,9036
11720,92212,39044
11721,80054,33930
11722,52333,22282
11723,675,286
11724,17700,7602
11725,4995,2191
11726,105537,44655
11727,12012,5190
11728,59613,25300
11729,84975,36060
11730,11911,5142
11731,66997,28449
11732,81985,34793
11733,90843,38438
11734,85080,36103
11735,75497,32021
11736,97745,41365
11737,124698,52941
11738,19195,8227
11739,96101,40658
11740,99542,42119
11741,48558,20701
11742,33382,14319
11743,36902,15786
11744,106032,44862
11745,105212,44513
11746,129374,54911
11747,123063,52195
11748,23231,9943
11749,55891,23758
11750,96884,41009
11751,34507,14779
11752,27058,11582
11753,53087,22575
11754,122371,51884
11755,50677,21598
11756,90805,38423
11757,95864,40551
11758,59394,25217
11759,20468,8778
11760,10227,4418
11761,37366,15993
11762,23318,9982
11763,50519,21535
11764,116493,49373
11765,122124,51787
11766,99325,42029
11767,58410,24808
11768,40656,17357
11769,124492,52849
11770,1719,742
11771,121237,51402
11772,16999,7317
11773,17471,7511
11774,129070,54786
11775,30059,12865
11776,126675,53785
11777,128472,54548
11778,18588,7978
11779,106495,45067
11780,32799,14055
11781,29967,12825
11782,98430,41678
11783,55164,23450
11784,100607,42606
11785,75426,31991
11786,3490,1536
11787,30591,13082
11788,82091,34837
11789,76376,32385
11790,77565,32878
11791,58393,24804
11792,36346,15549
11793,66482,28221
11794,10531,4552
11795,2231,958
11796,102749,43472
11797,77825,32994
11798,52793,22455
11799,54977,23378
11800,23404,10017
11801,9973,4309
11802,3107,1364
11803,98200,41570
11804,15360,6618
11805,7489,3284
11806,66979,28440
11807,52220,22235
11808,29730,12715
11809,52622,22393
11810,121354,51456
11811,41375,17661
11812,205,96
11813,98702,41788
11814,12493,5387
11815,18534,7960
11816,41483,17713
11817,32596,13973
11818,78426,33256
11819,39817,17014
11820,3196,1398
11821,3055,1344
11822,96808,40969
11823,118876,50394
11824,103910,43951
11825,112951,47888
11826,6507,2879
11827,111940,47414
11828,58,23
11829,1771,764
11830,43335,18505
11831,6620,2920
11832,41945,17912
11833,27041,11574
11834,18030,7747
11835,49638,21150
11836,95891,40566
11837,116829,49519
11838,127640,54196
11839,108758,46055
11840,128166,54419
11841,20399,8743
11842,110178,46648
11843,18288,7856
11844,116746,49482
11845,95309,40342
11846,68672,29178
11847,7635,3337
11848,80350,34063
11849,24202,10373
11850,35492,15202
11851,11144,4827
11852,20218,8658
11853,64982,27589
11854,78800,33396
11855,122481,51933
11856,37641,16117
11857,26021,11144
11858,94255,39892
11859,118097,50060
11860,88469,37459
11861,113368,48053
11862,51257,21834
11863,57628,24475
11864,10776,4668
11865,107804,45640
11866,61161,25961
11867,9574,4144
11868,108016,45730
11869,96580,40862
11870,55198,23468
11871,83632,35500
11872,124969,53058
11873,1955,837
11874,77059,32647
11875,5517,2394
11876,124464,52835
11877,46695,19901
11878,100228,42425
11879,36635,15672
11880,95799,40525
11881,55023,23398
11882,88067,37297
11883,30821,13179
11884,38466,16467
11885,41631,17778
11886,96337,40755
11887,121346,51451
11888,32890,14097
11889,120061,50903
11890,125439,53265
11891,32073,13748
11892,45047,19233
11893,65458,27797
11894,126860,53876
11895,109158,46231
11896,14851,6397
11897,34538,14795
11898,34487,14769
11899,62440,26518
11900,121032,51319
11901,75082,31845
11902,92221,39047
11903,76570,32464
11904,4724,2068
11905,37735,16151
11906,57718,24508
11907,72698,30866
11908,122168,51811
11909,119215,50539
11910,116950,49569
11911,66379,28179
11912,100593,42599
11913,2188,938
11914,95840,40541
11915,17990,7730
11916,99958,42300
11917,43392,18534
11918,19119,8189
11919,11326,4909
11920,2652,1146
11921,13277,5731
11922,57460,24409
11923,3918,1719
11924,122928,52134
11925,119608,50708
11926,64452,27362
11927,115312,48876
11928,37934,16238
11929,22189,9498
11930,31445,13455
11931,43431,18551
11932,65716,27901
11933,85753,36393
11934,52956,22528
11935,30284,12960
11936,59914,25435
11937,38697,16555
11938,45595,19453
11939,32472,13926
11940,90675,38367
11941,83294,35363
11942,27119,11604
11943,3552,1565
11944,117347,49733
11945,56410,23982
11946,24990,10707
11947,100536,42562
11948,105590,44678
11949,13396,5774
11950,123410,52361
11951,112687,47771
11952,40996,17513
11953,107532,45530
11954,82780,35135
11955,108550,45964
11956,80212,33993
11957,82923,35187
11958,108313,45864
11959,63902,27128
11960,105635,44698
11961,88002,37270
11962,11883,5130
11963,15295,6591
11964,19808,8493
11965,5275,2304
11966,66829,28382
11967,17205,7400
11968,30559,13069
11969,5999,2630
11970,96744,40944
11971,90614,38342
11972,91316,38651
11973,35517,15213
11974,67103,28490
11975,33786,14485
11976,117132,49645
11977,48709,20762
11978,49801,21231
11979,91911,38918
11980,3030,1327
11981,40477,17280
11982,83771,35558
11983,97288,41172
11984,72043,30585
11985,116222,49262
11986,109587,46403
11987,41583,17759
11988,82557,35039
11989,81931,34769
11990,124482,52842
11991,79284,33602
11992,87694,37158
11993,102862,43517
11994,5619,2445
11995,92254,39060
11996,106368,45008
11997,57130,24269
11998,105824,44780
11999,127269,54036
12000,76693,32506
12001,20210,8653
12002,10096,4368
12003,113173,47970
12004,39465,16868
12005,77874,33015
12006,17340,7446
12007,110894,46964
12008,93138,39419
12009,75324,31950
12010,79474,33685
12011,100970,42747
12012,5886,2576
12013,24924,10683
12014,18628,7994
12015,65418,27776
12016,65208,27697
12017,126985,53926
12018,74363,31554
12019,110425,46759
12020,57765,24531
12021,83501,35447
12022,74475,31600
12023,7544,3312
12024,121355,51457
12025,41422,17685
12026,12615,5444
12027,123970,52622
12028,30386,12999
12029,44453,18986
12030,11039,4791
12031,21981,9405
12032,101198,42842
12033,22624,9675
12034,48100,20493
12035,8158,3538
12036,115853,49118
12037,45076,19246
12038,81839,34730
12039,48009,20446
12040,120603,51150
12041,104283,44112
12042,50688,21603
12043,44104,18827
12044,19075,8168
12045,1026,422
12046,33675,14449
12047,101548,42970
12048,112467,47680
12049,54982,23381
12050,17021,7327
12051,125062,53100
12052,72807,30913
12053,111461,47196
12054,35986,15406
12055,17176,7388
12056,54996,23388
12057,14279,6155
12058,111651,47280
12059,44008,18787
12060,23299,9972
12061,88764,37588
12062,63722,27048
12063,64924,27565
12064,110845,46944
12065,127310,54049
12066,114786,48636
12067,46405,19785
12068,97615,41311
12069,31896,13656
12070,128977,54746
12071,124385,52802
12072,17572,7553
12073,117432,49768
12074,94284,39905
12075,64083,27205
12076,78687,33356
12077,125177,53141
12078,44399,18955
12079,93086,39401
12080,130405,55363
12081,64270,27278
12082,10997,4771
12083,38274,16387
12084,67562,28692
12085,123060,52194
12086,3023,1322
12087,12757,5506
12088,52717,22428
12089,102047,43180
12090,86441,36676
12091,30411,13009
12092,4176,1824
12093,43829,18709
12094,86670,36760
12095,60700,25768
12096,64109,27215
12097,3765,1648
12098,116539,49397
12099,23050,9870
12100,122320,51864
12101,5956,2615
12102,106734,45170
12103,9025,3902
12104,97666,41333
12105,67452,28647
12106,7638,3339
12107,105056,44453
12108,616,258
12109,15449,6652
12110,19529,8362
12111,74267,31515
12112,51194,21810
12113,109748,46473
12114,113532,48116
12115,122992,52162
12116,32224,13825
12117,55030,23401
12118,57521,24434
12119,66597,28282
12120,108329,45873
12121,87837,37213
12122,40529,17301
12123,30743,13149
12124,97564,41291
12125,16223,6978
12126,43568,18608
12127,93189,39438
12128,105543,44658
12129,22383,9579
12130,112236,47564
12131,84536,35874
12132,65495,27814
12133,107971,45714
12134,2630,1137
12135,87567,37109
12136,54037,22983
12137,2576,1113
12138,43040,18378
12139,125943,53468
12140,52059,22164
12141,43464,18569
12142,69436,29475
12143,98748,41807
12144,116308,49288
12145,15500,6669
12146,110609,46841
12147,37970,16259
12148,103957,43967
12149,32524,13946
12150,13578,5854
12151,23390,10013
12152,22644,9687
12153,56135,23863
12154,70237,29826
12155,99761,42208
12156,52406,22309
12157,111965,47431
12158,14494,6242
12159,79155,33547
12160,127225,54021
12161,78803,33398
12162,98935,41876
12163,121332,51443
12164,121919,51695
12165,112738,47793
12166,93359,39503
12167,99045,41918
12168,93051,39392
12169,49937,21301
12170,114478,48501
12171,128087,54386
12172,7163,3148
12173,92053,38976
12174,129406,54926
12175,95098,40260
12176,59710,25345
12177,39398,16841
12178,56538,24039
12179,112758,47803
12180,128211,54440
12181,124673,52930
12182,25148,10763
12183,75437,31998
12184,41584,17760
12185,62417,26512
12186,73592,31221
12187,51812,22078
12188,7084,3116
12189,44754,19119
12190,31449,13458
12191,42973,18351
12192,43316,18498
12193,70578,29977
12194,99088,41937
12195,113018,47913
12196,20101,8607
12197,124643,52921
12198,6756,2977
12199,95522,40426
12200,27589,11787
12201,22902,9800
12202,59623,25303
12203,5164,2259
12204,54033,22980
12205,118380,50194
12206,27191,11626
12207,104203,44078
12208,79948,33882
12209,43830,18710
12210,51558,21967
12211,13467,5807
12212,114844,48664
12213,122262,51846
12214,58246,24740
12215,14708,6341
12216,40353,17229
12217,45938,19593
12218,29162,12462
12219,39913,17059
12220,118078,50052
12221,64942,27571
12222,90806,38424
12223,117662,49871
12224,64869,27541
12225,44901,19179
12226,15740,6775
12227,29786,12742
12228,90942,38483
12229,100582,42591
12230,128531,54576
12231,56530,24035
12232,66587,28279
12233,101173,42832
12234,116905,49548
12235,5063,2221
12236,46512,19821
12237,69744,29608
12238,9602,4154
12239,4726,2070
12240,58161,24695
12241,67796,28799
12242,86711,36777
12243,93450,39545
12244,107674,45589
12245,27319,11678
12246,73924,31366
12247,47646,20307
12248,12678,5472
12249,127941,54324
12250,29020,12396
12251,13197,5693
12252,122106,51781
12253,118603,50277
12254,64713,27467
12255,100324,42463
12256,51275,21842
12257,123001,52165
12258,19338,8286
12259,74624,31655
12260,79941,33880
12261,117938,49985
12262,70376,29884
12263,69810,29639
12264,85293,36191
12265,85767,36399
12266,21217,9102
12267,33635,14435
12268,11259,4878
12269,119086,50482
12270,2325,1004
12271,103837,43921
12272,51005,21730
12273,56666,24088
12274,66549,28258
12275,113616,48151
12276,88119,37320
12277,89562,37899
12278,67178,28526
12279,51264,21838
12280,70865,30094
12281,77362,32780
12282,79165,33551
12283,96441,40802
12284,97410,41222
12285,120498,51100
12286,126313,53629
12287,1503,649
12288,113328,48034
12289,23212,9938
12290,107841,45654
12291,68936,29283
12292,37613,16103
12293,83518,35453
12294,8712,3761
12295,89943,38054
12296,56130,23860
12297,18287,7855
12298,55186,23463
12299,72589,30812
12300,46739,19916
12301,16295,7008
12302,13495,5822
12303,23574,10093
12304,70928,30122
12305,61643,26175
12306,125187,53147
12307,70827,30074
12308,127600,54174
12309,15443,6648
12310,1702,733
12311,5550,2408
12312,128897,54720
12313,7969,3469
12314,104851,44366
12315,47254,20151
12316,74742,31709
12317,108066,45752
12318,29015,12395
12319,51770,22062
12320,51618,21992
12321,15415,6636
12322,69767,29621
12323,10519,4547
12324,124750,52963
12325,122745,52054
12326,81717,34680
12327,49017,20894
12328,87899,37231
12329,122362,51882
12330,110574,46824
12331,48581,20715
12332,118416,50208
12333,30872,13210
12334,39571,16912
12335,126381,53656
12336,30803,13173
12337,54342,23105
12338,115969,49156
12339,130100,55213
12340,31472,13469
12341,62181,26411
12342,123243,52276
12343,83959,35646
12344,91304,38646
12345,16713,7192
12346,54484,23165
12347,112747,47797
12348,41937,17908
12349,49344,21026
12350,3433,1517
12351,31217,13355
12352,92593,39198
12353,125564,53320
12354,34803,14910
12355,92104,39003
12356,36241,15499
12357,3140,1377
12358,25762,11034
12359,55146,23442
12360,11786,5094
12361,32630,13990
12362,63128,26801
12363,121026,51316
12364,119391,50609
12365,98973,41896
12366,43570,18609
12367,91052,38535
12368,44977,19209
12369,35719,15297
12370,22,9
12371,128526,54573
12372,110151,46635
12373,124549,52879
12374,48351,20610
12375,6876,3027
12376,47289,20162
12377,102015,43169
12378,125514,53296
12379,68965,29296
12380,111278,47129
12381,3745,1640
12382,46942,20015
12383,64001,27164
12384,106136,44911
12385,77139,32685
12386,68794,29228
12387,89938,38051
12388,1386,593
12389,2300,989
12390,29461,12593
12391,95208,40303
12392,49328,21017
12393,24693,10571
12394,50294,21449
12395,61118,25944
12396,69030,29323
12397,35509,15210
12398,14499,6244
12399,19770,8474
12400,67858,28828
12401,112699,47777
12402,22913,9808
12403,52799,22458
12404,89525,37888
12405,46988,20038
12406,10993,4769
12407,121311,51434
12408,115008,48744
12409,29926,12805
12410,83616,35494
12411,109998,46574
12412,44585,19045
12413,111085,47048
12414,46017,19631
12415,52660,22407
12416,82706,35100
12417,123861,52570
12418,122191,51821
12419,22955,9827
12420,2851,1232
12421,91065,38542
12422,15171,6539
12423,33012,14152
12424,101650,43018
12425,47170,20124
12426,3886,1703
12427,55826,23732
12428,44513,19012
12429,41065,17541
12430,119846,50814
12431,59780,25374
12432,114192,48388
12433,9333,4034
12434,2581,1114
12435,39961,17079
12436,106483,45062
12437,118844,50378
12438,87587,37120
12439,125526,53303
12440,103243,43676
12441,47592,20282
12442,35366,15150
12443,127149,53993
12444,30853,13199
12445,102887,43531
12446,68069,28914
12447,72242,30672
12448,38589,16510
12449,123296,52301
12450,120176,50960
12451,95056,40241
12452,115204,48827
12453,110612,46843
12454,108759,46056
12455,115934,49140
12456,90712,38380
12457,56472,24010
12458,125221,53162
12459,107445,45492
12460,99309,42023
12461,15772,6789
12462,102151,43230
12463,12482,5379
12464,114387,48464
12465,1779,767
12466,109934,46548
12467,119099,50490
12468,105609,44686
12469,66751,28350
12470,130383,55352
12471,14852,6398
12472,118850,50382
12473,71214,30249
12474,92714,39251
12475,15933,6862
12476,6832,3010
12477,25373,10857
12478,11516,4981
12479,63461,26928
12480,23490,10056
12481,22957,9828
12482,70641,29999
12483,31152,13329
12484,20871,8961
12485,19850,8511
12486,69492,29502
12487,51050,21751
12488,89180,37769
12489,55267,23494
12490,47925,20413
12491,11682,5046
12492,94647,40062
12493,124156,52709
12494,29465,12596
12495,10382,4490
12496,124978,53062
12497,80592,34180
12498,47469,20233
12499,42491,18156
12500,94024,39770
12501,97578,41298
12502,84039,35676
12503,96271,40730
12504,98977,41897
12505,98707,41792
12506,34260,14668
12507,106148,44917
12508,6506,2878
12509,57448,24401
12510,120848,51252
12511,57651,24480
12512,35926,15382
12513,62161,26407
12514,94280,39903
12515,66685,28318
12516,119350,50595
12517,37607,16100
12518,17530,7533
12519,83097,35258
12520,101265,42870
12521,117898,49969
12522,56251,23911
12523,105845,44788
12524,34688,14860
12525,29791,12746
12526,110873,46955
12527,66580,28274
12528,44233,18881
12529,99378,42052
12530,44128,18843
12531,25695,11009
12532,124092,52677
12533,87811,37204
12534,83136,35279
12535,100697,42642
12536,66274,28133
12537,92968,39359
12538,56109,23848
12539,15982,6881
12540,75669,32093
12541,58972,25036
12542,24179,10363
12543,69605,29549
12544,33260,14263
12545,5605,2438
12546,44197,18866
12547,13088,5642
12548,71130,30215
12549,128340,54486
12550,10093,4366
12551,112028,47458
12552,93514,39577
12553,56831,24158
12554,84581,35892
12555,4212,1837
12556,27303,11671
12557,61592,26153
12558,101971,43152
12559,92099,39001
12560,26543,11359
12561,73706,31281
12562,86625,36746
12563,93067,39396
12564,86108,36545
12565,1168,487
12566,57812,24550
12567,10633,4606
12568,51760,22055
12569,6284,2763
12570,72792,30903
12571,14041,6049
12572,110026,46589
12573,5406,2356
12574,64684,27456
12575,111084,47047
12576,76509,32437
12577,22033,9429
12578,122245,51840
12579,34231,14653
12580,81515,34588
12581,10101,4369
12582,43240,18464
12583,63675,27025
12584,402,165
12585,79571,33730
12586,78993,33480
12587,62638,26599
12588,28705,12262
12589,14006,6033
12590,44425,18969
12591,100595,42600
12592,123383,52346
12593,12819,5526
12594,114990,48737
12595,41692,17803
12596,72458,30758
12597,58458,24830
12598,69428,29471
12599,30129,12896
12600,43637,18634
12601,76745,32524
12602,33011,14151
12603,64345,27308
12604,92547,39175
12605,55564,23624
12606,95110,40268
12607,30235,12941
12608,121982,51730
12609,66486,28225
12610,6870,3025
12611,57674,24490
12612,70722,30027
12613,5366,2337
12614,49903,21280
12615,56361,23958
12616,22169,9492
12617,105270,44545
12618,19622,8409
12619,81433,34548
12620,22857,9781
12621,103490,43775
12622,129105,54803
12623,77950,33050
12624,91687,38828
12625,123716,52502
12626,12457,5370
12627,10548,4563
12628,109461,46351
12629,113698,48188
12630,111114,47066
12631,40563,17315
12632,55262,23493
12633,127327,54060
12634,21437,9189
12635,104350,44141
12636,99827,42243
12637,16421,7067
12638,91411,38705
12639,109128,46216
12640,54607,23220
12641,72974,30975
12642,75288,31932
12643,6012,2637
12644,78504,33291
12645,21475,9205
12646,107643,45577
12647,74796,31733
12648,57903,24589
12649,77439,32815
12650,14304,6166
12651,88786,37599
12652,102982,43565
12653,2701,1166
12654,123166,52238
12655,60496,25684
12656,25545,10927
12657,5738,2503
12658,64855,27529
12659,116166,49232
12660,23223,9942
12661,50556,21548
12662,58253,24742
12663,5118,2241
12664,96706,40927
12665,26793,11468
12666,66766,28356
12667,61927,26305
12668,82749,35118
12669,92612,39208
12670,91441,38723
12671,87017,36891
12672,85496,36272
12673,20458,8773
12674,63156,26812
12675,51949,22126
12676,91298,38642
12677,130407,55365
12678,18034,7749
12679,107736,45612
12680,16470,7087
12681,79891,33865
12682,48985,20883
12683,76606,32481
12684,27172,11622
12685,433,179
12686,28613,12232
12687,19334,8283
12688,128837,54694
12689,59483,25253
12690,77775,32972
12691,29904,12798
12692,42876,18311
12693,15601,6719
12694,127220,54019
12695,7532,3306
12696,81479,34568
12697,35991,15407
12698,114810,48649
12699,13683,5906
12700,76408,32402
12701,124689,52936
12702,77968,33060
12703,112199,47544
12704,105454,44626
12705,104698,44303
12706,74734,31707
12707,58338,24776
12708,3359,1479
12709,128084,54385
12710,28397,12141
12711,13465,5806
12712,107237,45401
12713,59849,25403
12714,110645,46855
12715,35511,15211
12716,69404,29463
12717,71578,30391
12718,126299,53621
12719,115813,49102
12720,32904,14104
12721,16301,7013
12722,60502,25687
12723,75023,31818
12724,9814,4244
12725,68354,29032
12726,115110,48783
12727,47181,20129
12728,8493,3677
12729,11802,5103
12730,128126,54405
12731,99660,42172
12732,30104,12884
12733,66832,28384
12734,106025,44859
12735,117627,49856
12736,47035,20060
12737,11673,5041
12738,37433,16023
12739,110778,46920
12740,55912,23770
12741,48184,20534
12742,122952,52146
12743,69813,29640
12744,81568,34610
12745,111754,47329
12746,89049,37718
12747,103357,43718
12748,95962,40595
12749,60415,25643
12750,112026,47457
12751,111367,47157
12752,82145,34862
12753,70390,29893
12754,115419,48925
12755,79515,33708
12756,8182,3550
12757,123774,52530
12758,18360,7891
12759,64978,27586
12760,108156,45789
12761,94554,40022
12762,123371,52338
12763,123776,52531
12764,103458,43758
12765,92272,39065
12766,56909,24190
12767,86928,36864
12768,30754,13153
12769,126882,53885
12770,35021,15005
12771,120178,50962
12772,25049,10729
12773,124862,53012
12774,115891,49128
12775,50745,21625
12776,20701,8885
12777,59565,25284
12778,4028,1770
12779,100372,42485
12780,21582,9254
12781,89470,37868
12782,62800,26659
12783,49192,20970
12784,38119,16323
12785,90670,38366
12786,87509,37082
12787,71721,30451
12788,12483,5380
12789,10052,4348
12790,41142,17568
12791,119508,50658
12792,67052,28473
12793,33105,14200
12794,35095,15038
12795,46460,19802
12796,37382,16000
12797,111379,47164
12798,101704,43043
12799,71115,30209
12800,21712,9304
12801,48838,20813
12802,111119,47068
12803,9617,4162
12804,82977,35209
12805,4925,2159
12806,95526,40429
12807,104289,44116
12808,70792,30060
12809,54600,23215
12810,122174,51813
12811,67208,28537
12812,90715,38383
12813,7762,3387
12814,15072,6496
12815,67698,28749
12816,95643,40470
12817,126291,53617
12818,26987,11553
12819,68172,28958
12820,88081,37305
12821,17067,7348
12822,119251,50549
12823,12390,5342
12824,103560,43810
12825,107244,45405
12826,65422,27779
12827,103684,43854
12828,22766,9739
12829,60533,25699
12830,117696,49886
12831,8089,3513
12832,51655,22009
12833,92893,39328
12834,24717,10584
12835,11899,5138
12836,30684,13120
12837,121375,51466
12838,106698,45156
12839,39141,16736
12840,1328,568
12841,19274,8256
12842,52807,22462
12843,107310,45432
12844,112175,47532
12845,17813,7655
12846,76784,32542
12847,24695,10573
12848,104412,44170
12849,78203,33165
12850,44447,18981
12851,80991,34367
12852,34433,14746
12853,79615,33745
12854,102312,43291
12855,53975,22958
12856,61069,25923
12857,88815,37612
12858,124741,52962
12859,91323,38656
12860,11100,4815
12861,56822,24156
12862,110742,46903
12863,4082,1797
12864,113753,48211
12865,100085,42350
12866,73837,31328
12867,26901,11515
12868,124395,52806
12869,72803,30909
12870,82189,34884
12871,31024,13283
12872,61591,26152
12873,100409,42502
12874,29154,12456
12875,129843,55114
12876,38779,16583
12877,91026,38523
12878,92506,39158
12879,95880,40561
12880,55549,23619
12881,74220,31496
12882,24229,10380
12883,106736,45172
12884,127659,54209
12885,42434,18133
12886,98730,41801
12887,26768,11459
12888,113308,48025
12889,78091,33114
12890,126703,53800
12891,101154,42822
12892,9635,4171
12893,88183,37347
12894,52612,22391
12895,13474,5811
12896,21645,9275
12897,72610,30822
12898,125141,53126
12899,11494,4973
12900,120257,50995
12901,106255,44961
12902,25979,11127
12903,4861,2130
12904,13744,5931
12905,73330,31123
12906,109530,46375
12907,8024,3491
12908,88681,37548
12909,47100,20094
12910,26735,11445
12911,19588,8393
12912,101901,43121
12913,25982,11129
12914,123554,52430
12915,24818,10630
12916,36047,15429
12917,129166,54830
12918,89030,37708
12919,2019,868
12920,45967,19606
12921,54705,23258
12922,110563,46819
12923,124832,52998
12924,2303,990
12925,26838,11488
12926,123688,52492
12927,28073,12008
12928,15315,6603
12929,45777,19535
12930,62822,26671
12931,48851,20818
12932,117484,49795
12933,77800,32980
12934,79102,33521
12935,120569,51136
12936,126957,53917
12937,73834,31326
12938,115842,49114
12939,2455,1066
12940,81557,34607
12941,74426,31578
12942,71582,30394
12943,61048,25911
12944,123692,52494
12945,16345,7032
12946,84964,36052
12947,94546,40020
12948,55631,23654
12949,1514,653
12950,5863,2564
12951,46384,19777
12952,27054,11580
12953,94412,39966
12954,18788,8060
12955,123553,52429
12956,123893,52585
12957,100343,42472
12958,12976,5592
12959,113544,48122
12960,49602,21141
12961,124907,53031
12962,52010,22145
12963,31446,13456
12964,108495,45938
12965,121006,51305
12966,3271,1435
12967,129283,54879
12968,117146,49653
12969,10480,4534
12970,8742,3774
12971,40891,17464
12972,36865,15773
12973,29444,12588
12974,67679,28742
12975,4100,1804
12976,60774,25798
12977,121484,51519
12978,55337,23525
12979,25403,10872
12980,120692,51185
12981,24129,10340
12982,129356,54903
12983,80536,34154
12984,37028,15840
12985,118283,50150
12986,28731,12275
12987,90887,38457
12988,118194,50106
12989,77132,32682
12990,20109,8611
12991,79472,33683
12992,4411,1937
12993,37968,16257
12994,76133,32289
12995,99577,42140
12996,4333,1893
12997,71088,30200
12998,107788,45631
12999,3313,1453
13000,122513,51946
13001,65122,27658
13002,119223,50542
13003,116037,49177
13004,99589,42145
13005,97877,41423
13006,116290,49282
13007,115335,48886
13008,122565,51972
13009,111652,47281
13010,123895,52587
13011,36245,15502
13012,34346,14708
13013,3357,1477
13014,42194,18023
13015,40706,17384
13016,63565,26971
13017,86763,36805
13018,32972,14133
13019,110995,47012
13020,4453,1957
13021,117402,49754
13022,113096,47944
13023,53220,22626
13024,75358,31964
13025,50437,21501
13026,46762,19926
13027,52855,22486
13028,20588,8831
13029,71521,30365
13030,127622,54187
13031,4067,1789
13032,52026,22152
13033,7008,3095
13034,120541,51116
13035,61128,25946
13036,98862,41845
13037,35780,15320
13038,31937,13677
13039,32836,14073
13040,37330,15982
13041,103372,43725
13042,48994,20885
13043,30191,12920
13044,116600,49414
13045,7803,3402
13046,100602,42605
13047,71247,30260
13048,36067,15437
13049,39097,16711
13050,123766,52526
13051,48044,20459
13052,41835,17864
13053,8594,3715
13054,46681,19894
13055,61184,25972
13056,56324,23941
13057,110434,46763
13058,72485,30768
13059,67694,28746
13060,63097,26784
13061,19286,8263
13062,7522,3302
13063,39533,16896
13064,17101,7362
13065,10975,4759
13066,45772,19534
13067,15595,6714
13068,55679,23673
13069,2124,916
13070,65454,27796
13071,101421,42923
13072,17414,7482
13073,48588,20717
13074,1544,666
13075,107265,45415
13076,2850,1231
13077,76576,32468
13078,52909,22508
13079,79228,33576
13080,22919,9810
13081,71867,30512
13082,68393,29052
13083,74320,31535
13084,95877,40558
13085,86069,36525
13086,129031,54768
13087,27116,11603
13088,61392,26067
13089,85230,36160
13090,129942,55148
13091,45480,19411
13092,37961,16253
13093,62212,26425
13094,111661,47284
13095,43532,18596
13096,15296,6592
13097,50838,21662
13098,4893,2147
13099,2421,1051
13100,6043,2643
13101,80995,34369
13102,124031,52647
13103,77410,32798
13104,94135,39829
13105,46826,19958
13106,125748,53391
13107,44244,18887
13108,68687,29183
13109,110280,46687
13110,34668,14852
13111,43006,18362
13112,107456,45496
13113,115354,48896
13114,34048,14585
13115,63223,26839
13116,56964,24213
13117,122764,52067
13118,91038,38527
13119,21126,9061
13120,57158,24284
13121,61430,26086
13122,75359,31965
13123,49414,21061
13124,39535,16898
13125,13,4
13126,30347,12982
13127,48011,20448
13128,46431,19791
13129,80014,33912
13130,35126,15050
13131,49601,21140
13132,78877,33429
13133,117901,49971
13134,88059,37292
13135,118356,50180
13136,61844,26266
13137,87987,37264
13138,93241,39458
13139,11036,4788
13140,66192,28097
13141,107138,45357
13142,128633,54619
13143,112819,47828
13144,73505,31184
13145,98910,41867
13146,7043,3106
13147,2260,975
13148,9158,3966
13149,105197,44508
13150,5589,2430
13151,124305,52774
13152,78447,33269
13153,29674,12687
13154,93956,39749
13155,32896,14100
13156,124899,53027
13157,20041,8580
13158,1705,736
13159,12773,5510
13160,16264,6990
13161,87670,37150
13162,17870,7677
13163,7464,3276
13164,96947,41034
13165,107078,45325
13166,123818,52554
13167,27848,11903
13168,92556,39178
13169,39426,16854
13170,16027,6903
13171,38871,16609
13172,20818,8933
13173,59058,25070
13174,49051,20904
13175,22774,9742
13176,130167,55245
13177,89755,37983
13178,78339,33218
13179,66301,28145
13180,41820,17859
13181,104402,44164
13182,47388,20197
13183,97558,41287
13184,11857,5121
13185,65289,27726
13186,69784,29628
13187,113640,48161
13188,73226,31079
13189,70820,30070
13190,16533,7111
13191,8856,3831
13192,76749,32525
13193,50452,21508
13194,78627,33330
13195,7179,3157
13196,77618,32898
13197,26294,11245
13198,43661,18643
13199,73613,31236
13200,45517,19426
13201,80240,34008
13202,40931,17482
13203,94222,39875
13204,84399,35817
13205,43241,18465
13206,50610,21570
13207,32986,14139
13208,13022,5614
13209,66895,28409
13210,71443,30336
13211,50383,21482
13212,13890,5992
13213,32217,13823
13214,73072,31014
13215,63785,27079
13216,74576,31646
13217,74144,31460
13218,94245,39886
13219,106056,44878
13220,89862,38027
13221,32641,13994
13222,11361,4929
13223,103360,43719
13224,96234,40712
13225,30429,13017
13226,10732,4650
13227,11166,4836
13228,84551,35879
13229,66989,28445
13230,60669,25754
13231,47509,20252
13232,71287,30281
13233,31015,13276
13234,39889,17051
13235,25068,10738
13236,104472,44196
13237,96323,40747
13238,1478,641
13239,66804,28373
13240,25290,10826
13241,94923,40175
13242,11893,5134
13243,8442,3655
13244,86080,36531
13245,40981,17506
13246,96560,40855
13247,112931,47881
13248,6786,2989
13249,52858,22489
13250,115481,48953
13251,108143,45784
13252,5047,2212
13253,80881,34319
13254,114428,48481
13255,60934,25862
13256,122870,52104
13257,112511,47693
13258,74393,31566
13259,53072,22567
13260,118138,50081
13261,15327,6608
13262,2081,896
13263,34232,14654
13264,73750,31292
13265,52635,22399
13266,84,36
13267,95940,40588
13268,86584,36728
13269,95452,40401
13270,46505,19818
13271,68058,28910
13272,54179,23040
13273,15903,6845
13274,74371,31555
13275,59507,25262
13276,10475,4531
13277,57084,24255
13278,33664,14446
13279,57023,24232
13280,116187,49244
13281,87342,37021
13282,83957,35645
13283,80048,33926
13284,98650,41766
13285,128181,54427
13286,59660,25321
13287,4573,2004
13288,76621,32484
13289,27476,11743
13290,66779,28362
13291,20080,8598
13292,69151,29371
13293,129082,54792
13294,63896,27124
13295,67905,28851
13296,41931,17904
13297,36306,15529
13298,3534,1560
13299,37334,15983
13300,28871,12331
13301,102992,43570
13302,128581,54601
13303,116534,49394
13304,68290,29000
13305,36217,15490
13306,128517,54568
13307,128121,54402
13308,56201,23890
13309,43526,18593
13310,22396,9584
13311,96188,40690
13312,105786,44759
13313,107132,45354
13314,124812,52987
13315,7688,3363
13316,72412,30737
13317,22137,9479
13318,90372,38231
13319,85733,36383
13320,99804,42230
13321,94927,40177
13322,122327,51868
13323,42901,18322
13324,104686,44297
13325,28855,12326
13326,6126,2686
13327,116981,49583
13328,8055,3503
13329,42731,18256
13330,58150,24691
13331,64128,27223
13332,73356,31129
13333,78199,33162
13334,102747,43471
13335,54447,23148
13336,31208,13352
13337,92181,39033
13338,55886,23755
13339,23650,10137
13340,87179,36954
13341,85519,36285
13342,92033,38966
13343,84708,35945
13344,24398,10446
13345,77627,32904
13346,65063,27632
13347,15576,6706
13348,9621,4164
13349,64843,27525
13350,84949,36043
13351,103818,43911
13352,70471,29928
13353,100224,42424
13354,3009,1316
13355,88354,37417
13356,43346,18512
13357,129622,55013
13358,119897,50840
13359,28376,12132
13360,91297,38641
13361,11582,5010
13362,71618,30412
13363,88675,37544
13364,108649,46005
13365,22018,9420
13366,6698,2952
13367,34734,14882
13368,120165,50953
13369,44164,18856
13370,79536,33717
13371,12316,5310
13372,105697,44725
13373,73579,31219
13374,94883,40154
13375,35896,15369
13376,66036,28031
13377,96828,40977
13378,83118,35269
13379,123920,52598
13380,31776,13597
13381,71895,30525
13382,123435,52377
13383,83806,35579
13384,44339,18933
13385,13235,5710
13386,37609,16101
13387,12229,5275
13388,72987,30980
13389,4731,2073
13390,50585,21560
13391,21086,9044
13392,91529,38754
13393,95311,40344
13394,89098,37733
13395,14274,6152
13396,3439,1519
13397,65441,27789
13398,81849,34736
13399,119545,50677
13400,61108,25939
13401,28504,12189
13402,43414,18546
13403,75855,32173
13404,114505,48512
13405,126144,53558
13406,23585,10102
13407,92388,39112
13408,56387,23973
13409,47225,20145
13410,27174,11623
13411,55813,23728
13412,87416,37050
13413,22373,9575
13414,68650,29173
13415,119801,50797
13416,40507,17291
13417,28622,12235
13418,35543,15229
13419,33861,14509
13420,99549,42123
13421,8877,3837
13422,110653,46860
13423,62287,26455
13424,23573,10092
13425,31246,13371
13426,125618,53341
13427,100089,42352
13428,14033,6045
13429,94344,39933
13430,11707,5060
13431,6649,2934
13432,31786,13603
13433,9893,4275
13434,35659,15274
13435,99028,41911
13436,121215,51394
13437,124555,52882
13438,59667,25324
13439,62340,26478
13440,67451,28646
13441,100385,42492
13442,24882,10661
13443,13553,5843
13444,25151,10764
13445,70434,29912
13446,82751,35120
13447,115656,49038
13448,7588,3323
13449,17065,7346
13450,86827,36830
13451,72802,30908
13452,128249,54453
13453,112,49
13454,17823,7659
13455,60129,25530
13456,79682,33778
13457,122876,52109
13458,23575,10094
13459,25798,11053
13460,66863,28394
13461,90273,38194
13462,89328,37817
13463,98858,41843
13464,115961,49153
13465,65838,27952
13466,37020,15838
13467,66084,28052
13468,49198,20973
13469,116359,49312
13470,9346,4041
13471,107047,45312
13472,45689,19490
13473,9116,3945
13474,98524,41714
13475,94864,40146
13476,45168,19292
13477,15913,6851
13478,129305,54888
13479,103571,43818
13480,35488,15200
13481,55142,23439
13482,46995,20041
13483,10684,4630
13484,49599,21138
13485,12448,5367
13486,22739,9728
13487,87975,37258
13488,47676,20318
13489,14884,6418
13490,130426,55372
13491,33764,14480
13492,18530,7957
13493,69244,29401
13494,70432,29910
13495,46652,19880
13496,38216,16363
13497,121325,51440
13498,95165,40288
13499,5290,2308
13500,39197,16763
13501,121306,51432
13502,42541,18176
13503,31545,13501
13504,31873,13645
13505,32528,13949
13506,43121,18410
13507,9011,3896
13508,64088,27208
13509,14662,6316
13510,85485,36270
13511,47107,20096
13512,26299,11248
13513,40585,17325
13514,103983,43977
13515,7824,3411
13516,58533,24858
13517,41187,17586
13518,60330,25608
13519,30635,13098
13520,110571,46822
13521,98063,41509
13522,27032,11569
13523,13735,5926
13524,45751,19520
13525,30069,12870
13526,28781,12296
13527,61152,25958
13528,28168,12045
13529,122807,52084
13530,104278,44110
13531,40481,17282
13532,41953,17917
13533,84972,36057
13534,15553,6695
13535,56471,24009
13536,51135,21784
13537,43701,18660
13538,123307,52306
13539,9124,3950
13540,125722,53381
13541,62612,26583
13542,108455,45927
13543,22556,9650
13544,89018,37700
13545,96259,40723
13546,1925,825
13547,130424,55371
13548,93508,39574
13549,68717,29196
13550,108721,46039
13551,118821,50368
13552,69840,29654
13553,82327,34938
13554,22460,9609
13555,94774,40114
13556,4677,2045
13557,109249,46273
13558,15475,6663
13559,37262,15954
13560,92238,39055
13561,102550,43389
13562,16317,7018
13563,127567,54158
13564,96442,40803
13565,14626,6296
13566,57740,24517
13567,126750,53823
13568,121170,51377
13569,125520,53300
13570,42120,17991
13571,104202,44077
13572,78125,33131
13573,62982,26742
13574,77281,32746
13575,92931,39344
13576,43664,18644
13577,128000,54349
13578,114474,48498
13579,114348,48448
13580,43508,18589
13581,17509,7528
13582,24902,10673
13583,129773,55084
13584,67545,28684
13585,94956,40190
13586,60539,25701
13587,52308,22267
13588,12774,5511
13589,37166,15905
13590,64561,27407
13591,50280,21444
13592,58958,25030
13593,108606,45992
13594,85026,36077
13595,66643,28301
13596,108811,46074
13597,25715,11018
13598,86634,36749
13599,47364,20187
13600,93862,39714
13601,35080,15032
13602,103995,43982
13603,129534,54976
13604,31748,13584
13605,73597,31224
13606,23013,9854
13607,123226,52269
13608,128445,54537
13609,49778,21219
13610,97037,41072
13611,32625,13987
13612,113355,48044
13613,54268,23076
13614,21358,9155
13615,60214,25564
13616,86791,36815
13617,76692,32505
13618,96951,41037
13619,81628,34634
13620,91834,38881
13621,43670,18646
13622,21836,9360
13623,106957,45269
13624,28771,12292
13625,91130,38568
13626,30980,13258
13627,68167,28956
13628,33281,14272
13629,35330,15136
13630,25326,10839
13631,98468,41693
13632,120537,51115
13633,16067,6913
13634,68770,29220
13635,38504,16482
13636,96040,40632
13637,79459,33677
13638,89658,37937
13639,42545,18178
13640,105131,44480
13641,77846,33005
13642,7420,3257
13643,83108,35264
13644,3017,1319
13645,80215,33994
13646,92190,39038
13647,71386,30317
13648,118814,50364
13649,91336,38664
13650,30119,12891
13651,21484,9209
13652,127545,54150
13653,78248,33184
13654,33728,14464
13655,87171,36951
13656,30589,13081
13657,52339,22286
13658,68707,29192
13659,71597,30403
13660,121203,51388
13661,85068,36095
13662,108602,45989
13663,53259,22640
13664,28408,12146
13665,13623,5875
13666,65787,27930
13667,21909,9383
13668,100263,42438
13669,27092,11598
13670,110690,46882
13671,85144,36123
13672,21837,9361
13673,127918,54316
13674,105743,44742
13675,40702,17382
13676,72322,30701
13677,91999,38950
13678,65851,27956
13679,80635,34202
13680,122385,51891
13681,112383,47639
13682,28083,12014
13683,37121,15884
13684,91385,38695
13685,108453,45926
13686,72384,30729
13687,19083,8172
13688,102227,43259
13689,3987,1752
13690,122985,52156
13691,65165,27674
13692,101195,42841
13693,46626,19870
13694,40168,17165
13695,91520,38750
13696,13074,5636
13697,58495,24844
13698,63711,27041
13699,108703,46032
13700,65034,27615
13701,88079,37303
13702,42507,18163
13703,46782,19942
13704,66644,28302
13705,1805,778
13706,122508,51944
13707,80589,34178
13708,88148,37336
13709,61265,26012
13710,37971,16260
13711,86462,36682
13712,80848,34299
13713,89895,38037
13714,95675,40482
13715,93197,39441
13716,47990,20439
13717,72657,30846
13718,24645,10554
13719,1032,426
13720,99196,41977
13721,114206,48395
13722,84394,35814
13723,99343,42036
13724,85274,36184
13725,76520,32445
13726,26491,11329
13727,50481,21523
13728,92738,39262
13729,120943,51288
13730,56452,24000
13731,117374,49742
13732,79283,33601
13733,38896,16619
13734,128010,54352
13735,104770,44332
13736,81364,34517
13737,14278,6154
13738,8959,3872
13739,10987,4764
13740,39196,16762
13741,76542,32454
13742,20331,8709
13743,44785,19132
13744,65997,28017
13745,84883,36020
13746,51338,21867
13747,109459,46349
13748,119929,50852
13749,23424,10027
13750,17087,7355
13751,100279,42444
13752,97879,41424
13753,7255,3188
13754,72617,30825
13755,40075,17121
13756,45988,19618
13757,72227,30662
13758,54998,23390
13759,105095,44466
13760,42062,17963
13761,42850,18295
13762,24412,10450
13763,97179,41131
13764,23132,9903
13765,31530,13494
13766,112127,47506
13767,708,304
13768,78036,33090
13769,74069,31418
13770,106187,44934
13771,4434,1946
13772,95006,40214
13773,30844,13193
13774,95573,40448
13775,71286,30280
13776,39791,17005
13777,100882,42718
13778,112694,47775
13779,69803,29635
13780,93023,39378
13781,82205,34894
13782,70124,29780
13783,43413,18545
13784,6283,2762
13785,127032,53949
13786,14921,6432
13787,117926,49982
13788,23109,9892
13789,77229,32721
13790,73636,31248
13791,96151,40676
13792,84570,35888
13793,80335,34054
13794,22443,9600
13795,60804,25812
13796,55400,23550
13797,74558,31636
13798,57841,24561
13799,46458,19801
13800,70797,30062
13801,124182,52720
13802,50088,21367
13803,112035,47461
13804,86962,36872
13805,116941,49565
13806,129702,55050
13807,37293,15967
13808,26879,11505
13809,103065,43599
13810,53062,22566
13811,103849,43927
13812,86724,36784
13813,32854,14079
13814,23317,9981
13815,18186,7817
13816,19089,8175
13817,95039,40233
13818,120412,51057
13819,46894,19995
13820,5112,2239
13821,103840,43922
13822,10933,4742
13823,127292,54043
13824,3190,1394
13825,29258,12504
13826,70855,30088
13827,63662,27021
13828,32586,13969
13829,69299,29426
13830,80348,34062
13831,81379,34527
13832,65959,28004
13833,45159,19288
13834,119157,50518
13835,76315,32363
13836,109720,46462
13837,2245,967
13838,86319,36630
13839,47813,20370
13840,28594,12224
13841,67704,28751
13842,18177,7812
13843,20675,8872
13844,52163,22212
13845,31098,13306
13846,124713,52950
13847,99888,42270
13848,15151,6529
13849,23446,10035
13850,78583,33319
13851,59341,25192
13852,39003,16665
13853,84872,36016
13854,47312,20168
13855,2098,904
13856,83987,35654
13857,51965,22132
13858,93170,39431
13859,124471,52838
13860,109239,46266
13861,57880,24578
13862,5824,2546
13863,71650,30426
13864,95572,40447
13865,100809,42684
13866,95460,40404
13867,126289,53616
13868,90634,38349
13869,66636,28296
13870,63829,27096
13871,53507,22755
13872,51874,22100
13873,123811,52550
13874,77097,32664
13875,11659,5036
13876,61187,25974
13877,67409,28627
13878,102470,43357
13879,107766,45623
13880,21600,9260
13881,129517,54971
13882,83963,35647
13883,86783,36814
13884,121991,51736
13885,106667,45142
13886,88950,37668
13887,59143,25106
13888,84462,35843
13889,43658,18642
13890,41553,17745
13891,78164,33148
13892,67865,28831
13893,8692,3751
13894,109104,46205
13895,35104,15042
13896,51647,22005
13897,28652,12242
13898,60817,25821
13899,48341,20607
13900,18361,7892
13901,17888,7687
13902,89021,37702
13903,85879,36454
13904,23370,10005
13905,29439,12585
13906,45084,19249
13907,112410,47652
13908,95970,40599
13909,66782,28364
13910,124169,52712
13911,110733,46900
13912,129102,54800
13913,73762,31296
13914,88011,37274
13915,61088,25931
13916,121456,51502
13917,41180,17582
13918,25437,10882
13919,61226,25997
13920,15145,6527
13921,45225,19322
13922,97610,41308
13923,64352,27312
13924,89383,37836
13925,10322,4464
13926,90114,38136
13927,75180,31888
13928,24021,10293
13929,45709,19499
13930,110322,46710
13931,28568,12213
13932,129887,55127
13933,73106,31030
13934,59769,25369
13935,31882,13650
13936,83488,35442
13937,75031,31820
13938,67643,28727
13939,71778,30475
13940,79031,33496
13941,125805,53410
13942,83257,35342
13943,71950,30551
13944,78663,33345
13945,72748,30883
13946,35312,15125
13947,77011,32625
13948,13698,5913
13949,123551,52427
13950,1877,804
13951,114204,48394
13952,90468,38273
13953,19162,8207
13954,106569,45102
13955,1892,810
13956,82181,34879
13957,69315,29432
13958,95739,40505
13959,122237,51838
13960,10533,4554
13961,108093,45763
13962,8305,3595
13963,108128,45777
13964,97817,41397
13965,107722,45608
13966,42556,18181
13967,87497,37076
13968,128503,54561
13969,91822,38878
13970,116124,49213
13971,81692,34669
13972,46224,19710
13973,110884,46959
13974,124216,52736
13975,4429,1944
13976,113299,48023
13977,40622,17341
13978,1037,430
13979,82572,35046
13980,61558,26137
13981,17766,7631
13982,66721,28334
13983,95475,40409
13984,56593,24059
13985,32069,13746
13986,27720,11848
13987,41990,17930
13988,82370,34957
13989,51454,21923
13990,19088,8174
13991,5686,2477
13992,38207,16359
13993,68509,29104
13994,80731,34247
13995,81235,34457
13996,115794,49096
13997,112369,47632
13998,124952,53051
13999,48834,20811
14000,16906,7275
14001,48026,20454
14002,119104,50493
14003,62087,26377
14004,56677,24095
14005,127628,54189
14006,99220,41988
14007,126138,53555
14008,40742,17400
14009,34612,14824
14010,42796,18280
14011,103134,43630
14012,109558,46390
14013,82364,34956
14014,124580,52894
14015,89295,37806
14016,98987,41901
14017,74301,31529
14018,124578,52892
14019,73783,31304
14020,109516,46369
14021,28910,12346
14022,63151,26809
14023,33129,14209
14024,123679,52487
14025,23724,10165
14026,41420,17684
14027,108897,46114
14028,126379,53655
14029,120639,51163
14030,16809,7235
14031,67888,28845
14032,60461,25663
14033,26943,11538
14034,73669,31263
14035,67427,28635
14036,110654,46861
14037,86771,36810
14038,28711,12265
14039,110321,46709
14040,27819,11889
14041,60486,25677
14042,59481,25251
14043,81370,34522
14044,92360,39102
14045,56543,24041
14046,62706,26625
14047,89369,37832
14048,21477,9207
14049,11923,5149
14050,20648,8856
14051,77264,32738
14052,67933,28862
14053,34797,14905
14054,68700,29188
14055,94522,40012
14056,113127,47956
14057,10240,4425
14058,40654,17356
14059,125541,53309
14060,70222,29821
14061,89418,37848
14062,34517,14782
14063,20477,8782
14064,130428,55374
14065,46591,19856
14066,46553,19837
14067,113115,47951
14068,56028,23820
14069,71015,30164
14070,22222,9513
14071,108896,46113
14072,83382,35396
14073,86748,36799
14074,33561,14398
14075,121842,51664
14076,22107,9462
14077,72683,30858
14078,55441,23568
14079,18508,7949
14080,122571,51975
14081,79148,33544
14082,94009,39765
14083,12218,5271
14084,106657,45135
14085,121192,51384
14086,74985,31798
14087,10591,4584
14088,80866,34312
14089,56547,24043
14090,28733,12277
14091,92508,39159
14092,2823,1217
14093,28898,12341
14094,15412,6635
14095,130128,55228
14096,50796,21644
14097,71606,30408
14098,88095,37308
14099,36421,15576
14100,10396,4498
14101,72745,30882
14102,17879,7681
14103,62190,26415
14104,54469,23157
14105,111998,47445
14106,19629,8415
14107,122629,51999
14108,5268,2299
14109,126056,53514
14110,23177,9928
14111,55671,23668
14112,59198,25130
14113,47914,20410
14114,21305,9139
14115,110366,46728
14116,5062,2220
14117,11805,5105
14118,6243,2745
14119,13991,6026
14120,55429,23563
14121,117618,49851
14122,63696,27035
14123,126594,53745
14124,54169,23033
14125,17972,7721
14126,60614,25729
14127,102451,43346
14128,34376,14717
14129,57576,24458
14130,116750,49483
14131,84818,35992
14132,124963,53057
14133,114662,48578
14134,13536,5838
14135,123634,52465
14136,43612,18622
14137,62305,26462
14138,95028,40225
14139,107082,45328
14140,76976,32615
14141,69936,29693
14142,100058,42337
14143,49932,21298
14144,14305,6167
14145,103459,43759
14146,33950,14551
14147,50739,21620
14148,57319,24343
14149,53874,22914
14150,89518,37884
14151,41512,17727
14152,28677,12251
14153,24860,10645
14154,116403,49333
14155,45184,19302
14156,88516,37479
14157,50834,21660
14158,12512,5398
14159,28208,12067
14160,32272,13845
14161,88238,37369
14162,49746,21206
14163,18411,7910
14164,130309,55320
14165,33901,14530
14166,71846,30499
14167,70012,29730
14168,113073,47935
14169,86549,36715
14170,113443,48081
14171,53257,22639
14172,31583,13516
14173,53399,22706
14174,88565,37498
14175,103869,43934
14176,40966,17497
14177,72024,30581
14178,113089,47942
14179,42237,18037
14180,40407,17249
14181,79857,33849
14182,17568,7550
14183,123390,52353
14184,109485,46359
14185,32789,14049
14186,112406,47650
14187,117216,49679
14188,42185,18019
14189,102679,43439
14190,38816,16595
14191,57890,24584
14192,125309,53208
14193,104623,44264
14194,123119,52219
14195,18550,7965
14196,117144,49651
14197,80893,34325
14198,28704,12261
14199,74801,31736
14200,115403,48918
14201,112420,47657
14202,7095,3121
14203,34616,14828
14204,13324,5747
14205,97387,41213
14206,88373,37424
14207,125220,53161
14208,89449,37860
14209,44410,18962
14210,59190,25127
14211,55357,23530
14212,15376,6625
14213,66679,28314
14214,45756,19524
14215,91682,38826
14216,27768,11868
14217,29048,12409
14218,99029,41912
14219,123686,52490
14220,9283,4008
14221,46134,19680
14222,105467,44631
14223,53550,22777
14224,8919,3854
14225,29724,12714
14226,62097,26379
14227,83156,35287
14228,9278,4006
14229,579,243
14230,91367,38683
14231,112073,47478
14232,78378,33235
14233,53833,22891
14234,58072,24662
14235,128774,54667
14236,115999,49165
14237,72066,30597
14238,76650,32493
14239,76800,32546
14240,88695,37554
14241,104899,44384
14242,19318,8276
14243,74798,31735
14244,116296,49284
14245,33294,14279
14246,27357,11695
14247,14897,6423
14248,111938,47413
14249,75725,32115
14250,82856,35157
14251,20423,8752
14252,27680,11833
14253,122814,52087
14254,103352,43716
14255,41484,17714
14256,53398,22705
14257,90607,38338
14258,103677,43851
14259,82672,35083
14260,60911,25854
14261,31231,13364
14262,119013,50456
14263,89603,37920
14264,61225,25996
14265,124366,52795
14266,20754,8908
14267,5768,2514
14268,16770,7216
14269,103267,43683
14270,50598,21565
14271,2113,910
14272,27568,11780
14273,16561,7127
14274,125113,53118
14275,69237,29398
14276,10108,4371
14277,116061,49188
14278,7300,3206
14279,63745,27059
14280,23336,9991
14281,11699,5056
14282,123366,52336
14283,80862,34310
14284,111222,47108
14285,58374,24798
14286,25649,10982
14287,86862,36841
14288,110281,46688
14289,51669,22016
14290,4108,1807
14291,5020,2202
14292,44436,18975
14293,7350,3229
14294,55479,23589
14295,59535,25273
14296,81742,34685
14297,110982,47005
14298,123334,52320
14299,66834,28385
14300,29198,12478
14301,17858,7672
14302,171,79
14303,23271,9958
14304,19264,8251
14305,11870,5125
14306,101175,42834
14307,39389,16836
14308,118030,50033
14309,61113,25942
14310,3951,1735
14311,119563,50687
14312,78079,33110
14313,38938,16640
14314,100275,42442
14315,71732,30458
14316,40549,17309
14317,120223,50980
14318,119260,50554
14319,30219,12934
14320,60473,25670
14321,120381,51043
14322,50776,21638
14323,123032,52179
14324,126894,53890
14325,78775,33383
14326,100795,42678
14327,6024,2638
14328,128459,54543
14329,124920,53038
14330,24804,10625
14331,18695,8023
14332,75072,31840
14333,27965,11958
14334,92070,38984
14335,13765,5942
14336,63564,26970
14337,68378,29045
14338,128857,54701
14339,44734,19109
14340,109722,46463
14341,76479,32427
14342,91797,38870
14343,106053,44877
14344,33127,14208
14345,45033,19228
14346,122354,51879
14347,112335,47609
14348,39830,17021
14349,64166,27235
14350,62320,26469
14351,110255,46677
14352,121102,51347
14353,88880,37643
14354,63755,27063
14355,119619,50714
14356,34393,14727
14357,22093,9456
14358,31203,13350
14359,93765,39678
14360,32615,13981
14361,4558,1996
14362,49561,21124
14363,41342,17647
14364,85216,36153
14365,69762,29618
14366,123953,52613
14367,24060,10309
14368,17255,7418
14369,129682,55043
14370,111021,47023
14371,32591,13971
14372,14346,6184
14373,55622,23649
14374,111020,47022
14375,40389,17245
14376,15957,6869
14377,30895,13222
14378,120631,51160
14379,36123,15454
14380,3462,1527
14381,100356,42481
14382,80662,34216
14383,30529,13056
14384,41928,17903
14385,81042,34390
14386,46327,19748
14387,119411,50620
14388,44445,18979
14389,100005,42317
14390,114569,48537
14391,110675,46876
14392,15812,6804
14393,49683,21175
14394,20187,8644
14395,1343,578
14396,11926,5151
14397,110636,46852
14398,29738,12720
14399,20864,8957
14400,110458,46775
14401,50357,21474
14402,90991,38505
14403,89139,37748
14404,73242,31089
14405,74321,31536
14406,36464,15594
14407,30572,13076
14408,109725,46466
14409,12628,5453
14410,17448,7502
14411,76131,32287
14412,81443,34554
14413,35477,15195
14414,107342,45447
14415,28001,11973
14416,21536,9231
14417,23637,10130
14418,52985,22540
14419,71713,30446
14420,79292,33605
14421,85043,36085
14422,41961,17921
14423,5331,2322
14424,124051,52659
14425,1767,762
14426,95533,40431
14427,1539,665
14428,125369,53232
14429,73515,31188
14430,126270,53610
14431,91273,38635
14432,18325,7872
14433,116215,49260
14434,60693,25762
14435,53683,22826
14436,48516,20684
14437,113781,48218
14438,8622,3727
14439,94531,40018
14440,30869,13208
14441,119299,50569
14442,66067,28045
14443,69331,29436
14444,32562,13958
14445,62346,26482
14446,32113,13764
14447,92804,39291
14448,108891,46112
14449,89478,37869
14450,36631,15670
14451,30717,13139
14452,104887,44380
14453,39169,16752
14454,26037,11149
14455,32692,14010
14456,39735,16980
14457,30054,12863
14458,59684,25333
14459,119598,50704
14460,42912,18326
14461,57109,24261
14462,28017,11983
14463,15306,6598
14464,87671,37151
14465,10164,4393
14466,26539,11356
14467,79992,33904
14468,104579,44244
14469,120920,51281
14470,30828,13181
14471,111830,47364
14472,77469,32830
14473,109237,46265
14474,78028,33085
14475,121644,51581
14476,42127,17996
14477,26611,11392
14478,66740,28344
14479,123413,52364
14480,21380,9167
14481,60101,25522
14482,58815,24973
14483,57548,24449
14484,38245,16373
14485,72557,30797
14486,61026,25900
14487,121531,51545
14488,34833,14925
14489,15995,6887
14490,28132,12035
14491,6783,2987
14492,69682,29585
14493,40030,17102
14494,119695,50751
14495,18137,7795
14496,48988,20884
14497,106561,45099
14498,15433,6644
14499,41216,17596
14500,122294,51853
14501,64775,27495
14502,119993,50878
14503,91117,38560
14504,99358,42042
14505,105096,44467
14506,52856,22487
14507,80978,34364
14508,50743,21623
14509,65372,27757
14510,88611,37519
14511,92980,39363
14512,1523,656
14513,30722,13141
14514,20835,8944
14515,123590,52444
14516,99786,42222
14517,111612,47261
14518,125857,53435
14519,90899,38462
14520,6325,2784
14521,9090,3933
14522,104413,44171
14523,57483,24419
14524,68577,29138
14525,60185,25553
14526,117292,49706
14527,109564,46392
14528,22686,9704
14529,92760,39271
14530,79123,33530
14531,75174,31884
14532,16788,7225
14533,74662,31667
14534,2154,924
14535,91856,38888
14536,8843,3822
14537,71474,30348
14538,27420,11721
14539,30283,12959
14540,83066,35242
14541,36493,15606
14542,34875,14943
14543,12401,5348
14544,80172,33979
14545,86086,36534
14546,106219,44947
14547,78170,33149
14548,121147,51367
14549,101655,43020
14550,39973,17085
14551,119108,50496
14552,4207,1835
14553,40633,17346
14554,63702,27038
14555,109295,46288
14556,71013,30163
14557,27469,11741
14558,117086,49624
14559,3156,1381
14560,26630,11402
14561,51117,21776
14562,128756,54662
14563,121505,51528
14564,64287,27284
14565,2779,1201
14566,16948,7294
14567,128963,54739
14568,48868,20829
14569,110451,46772
14570,72511,30779
14571,90502,38291
14572,117237,49685
14573,4258,1863
14574,94271,39899
14575,106672,45144
14576,87571,37110
14577,93857,39711
14578,78345,33221
14579,42223,18034
14580,2417,1048
14581,100239,42431
14582,104391,44158
14583,72953,30966
14584,13214,5700
14585,90696,38373
14586,36161,15468
14587,101374,42902
14588,100874,42715
14589,115958,49152
14590,122373,51885
14591,26784,11464
14592,40907,17469
14593,79756,33802
14594,33445,14348
14595,69775,29624
14596,60039,25492
14597,41656,17788
14598,121338,51448
14599,112283,47586
14600,80426,34098
14601,24285,10396
14602,50084,21364
14603,114861,48675
14604,129776,55086
14605,122869,52103
14606,100820,42689
14607,106604,45112
14608,7608,3328
14609,31720,13572
14610,93891,39727
14611,7993,3479
14612,29861,12776
14613,43091,18398
14614,6329,2786
14615,88558,37492
14616,45569,19443
14617,13596,5860
14618,61843,26265
14619,59994,25474
14620,74382,31560
14621,60444,25654
14622,118322,50167
14623,100165,42395
14624,27541,11768
14625,126765,53832
14626,78298,33202
14627,62415,26511
14628,58721,24928
14629,103930,43959
14630,20138,8624
14631,108403,45906
14632,100796,42679
14633,61345,26044
14634,7738,3382
14635,88409,37439
14636,101842,43099
14637,62017,26344
14638,82702,35097
14639,72380,30726
14640,12728,5495
14641,38078,16303
14642,23937,10257
14643,92827,39303
14644,95067,40246
14645,31158,13332
14646,58377,24800
14647,129436,54938
14648,32649,13998
14649,120466,51084
14650,72523,30786
14651,6392,2821
14652,93887,39725
14653,4690,2052
14654,23812,10206
14655,28199,12062
14656,101813,43087
14657,40109,17139
14658,44125,18840
14659,20480,8784
14660,75757,32129
14661,69889,29671
14662,88782,37595
14663,84412,35823
14664,128550,54586
14665,8244,3573
14666,3769,1650
14667,38545,16495
14668,55625,23651
14669,67479,28657
14670,108042,45745
14671,3186,1392
14672,32722,14023
14673,129044,54774
14674,35888,15367
14675,52073,22172
14676,62849,26682
14677,58153,24693
14678,68699,29187
14679,37919,16233
14680,20346,8716
14681,12617,5446
14682,33629,14432
14683,110179,46649
14684,102947,43554
14685,25391,10865
14686,87747,37176
14687,29111,12439
14688,58040,24649
14689,12109,5226
14690,49884,21270
14691,60405,25640
14692,9281,4007
14693,28354,12122
14694,120034,50894
14695,82868,35163
14696,3963,1739
14697,37349,15986
14698,16564,7129
14699,67683,28743
14700,13071,5634
14701,105836,44784
14702,49880,21268
14703,104231,44092
14704,121573,51558
14705,96869,41002
14706,2732,1179
14707,104265,44103
14708,5452,2373
14709,1445,623
14710,25845,11067
14711,112555,47714
14712,11050,4795
14713,44277,18901
14714,58183,24705
14715,11716,5064
14716,51332,21863
14717,100520,42555
14718,51910,22112
14719,104682,44294
14720,96244,40718
14721,80857,34305
14722,121714,51608
14723,84709,35946
14724,12632,5456
14725,109685,46445
14726,51102,21769
14727,276,122
14728,22586,9659
14729,115171,48815
14730,108397,45903
14731,123239,52274
14732,96820,40974
14733,58642,24901
14734,34514,14781
14735,113361,48047
14736,93709,39656
14737,16513,7105
14738,52022,22151
14739,21492,9213
14740,21424,9185
14741,79,34
14742,53983,22960
14743,128957,54738
14744,60530,25697
14745,102467,43356
14746,73644,31251
14747,99143,41957
14748,116384,49321
14749,24331,10417
14750,75812,32157
14751,36627,15668
14752,91337,38665
14753,89940,38052
14754,89027,37707
14755,65645,27870
14756,56145,23866
14757,121394,51475
14758,31559,13506
14759,117445,49775
14760,67358,28605
14761,66442,28204
14762,14225,6131
14763,68533,29116
14764,22408,9589
14765,3520,1554
14766,124913,53035
14767,124283,52763
14768,118244,50131
14769,53591,22792
14770,110463,46778
14771,30979,13257
14772,68392,29051
14773,87234,36978
14774,14674,6321
14775,114974,48729
14776,16591,7142
14777,42774,18270
14778,96615,40879
14779,31116,13310
14780,124888,53023
14781,73531,31193
14782,92432,39129
14783,42488,18153
14784,102528,43383
14785,34520,14784
14786,108038,45743
14787,38297,16398
14788,93449,39544
14789,100222,42423
14790,65552,27838
14791,36405,15570
14792,4221,1841
14793,55224,23477
14794,32640,13993
14795,33513,14374
14796,47713,20333
14797,90947,38484
14798,64469,27372
14799,109068,46190
14800,6755,2976
14801,32048,13733
14802,114853,48671
14803,23826,10215
14804,72540,30791
14805,67160,28517
14806,127560,54154
14807,60323,25605
14808,5932,2601
14809,40648,17353
14810,119396,50613
14811,27127,11606
14812,28770,12291
14813,26651,11410
14814,105520,44648
14815,2761,1191
14816,106863,45230
14817,88270,37379
14818,53513,22757
14819,99590,42146
14820,90173,38157
14821,70943,30130
14822,50770,21637
14823,95218,40307
14824,122107,51782
14825,127978,54340
14826,43458,18564
14827,33317,14290
14828,79934,33878
14829,15853,6824
14830,100304,42456
14831,84154,35711
14832,81060,34396
14833,12409,5354
14834,118412,50206
14835,91378,38691
14836,94994,40207
14837,31437,13451
14838,2117,912
14839,42903,18324
14840,85650,36351
14841,734,312
14842,61193,25978
14843,63002,26751
14844,9516,4118
14845,28178,12050
14846,56959,24210
14847,23956,10267
14848,91715,38838
14849,94188,39858
14850,54123,23012
14851,46056,19646
14852,31469,13467
14853,125955,53471
14854,67093,28487
14855,16636,7160
14856,74435,31583
14857,35920,15380
14858,63026,26760
14859,15757,6781
14860,64016,27170
14861,119056,50471
14862,97114,41105
14863,98426,41677
14864,100210,42416
14865,118927,50417
14866,66642,28300
14867,78874,33428
14868,13920,6002
14869,67655,28733
14870,45613,19462
14871,113571,48134
14872,107574,45551
14873,83448,35428
14874,81430,34546
14875,20446,8764
14876,14863,6403
14877,30634,13097
14878,26297,11247
14879,117530,49817
14880,75439,31999
14881,120392,51048
14882,27283,11662
14883,53818,22882
14884,102799,43493
14885,77001,32620
14886,5494,2386
14887,65775,27925
14888,71852,30503
14889,70029,29736
14890,73650,31253
14891,51592,21978
14892,35413,15165
14893,116015,49171
14894,42459,18143
14895,125509,53295
14896,70299,29852
14897,15682,6749
14898,6291,2766
14899,120240,50990
14900,8249,3575
14901,73991,31392
14902,130318,55325
14903,37512,16061
14904,15196,6547
14905,32077,13749
14906,13194,5691
14907,60832,25827
14908,58584,24881
14909,102294,43281
14910,105242,44531
14911,126163,53571
14912,6390,2819
14913,127617,54184
14914,106250,44959
14915,9344,4039
14916,102333,43298
14917,117674,49876
14918,101546,42969
14919,46298,19737
14920,87966,37254
14921,34938,14970
14922,16890,7270
14923,125467,53280
14924,105856,44792
14925,39919,17062
14926,33647,14441
14927,39378,16833
14928,112056,47472
14929,16664,7170
14930,101129,42810
14931,75661,32091
14932,63833,27098
14933,36638,15674
14934,26252,11226
14935,45982,19616
14936,73155,31049
14937,6315,2779
14938,99008,41905
14939,1786,770
14940,110832,46938
14941,68251,28985
14942,71592,30399
14943,48165,20523
14944,61304,26026
14945,4683,2049
14946,122412,51899
14947,7926,3450
14948,11450,4959
14949,77643,32910
14950,19810,8494
14951,56694,24103
14952,7473,3278
14953,5626,2449
14954,123915,52596
14955,39083,16703
14956,16368,7038
14957,57396,24377
14958,93960,39750
14959,2023,869
14960,118193,50105
14961,13817,5964
14962,88718,37566
14963,29337,12539
14964,11660,5037
14965,93191,39439
14966,97758,41368
14967,121957,51716
14968,63200,26829
14969,95493,40417
14970,7660,3352
14971,12224,5273
14972,90917,38472
14973,69611,29554
14974,83930,35633
14975,84680,35931
14976,48293,20586
14977,71206,30244
14978,103056,43595
14979,74660,31666
14980,94951,40188
14981,5486,2383
14982,122533,51955
14983,24502,10487
14984,94740,40098
14985,39076,16697
14986,13576,5853
14987,84031,35672
14988,15530,6685
14989,87012,36890
14990,119002,50449
14991,127099,53974
14992,90613,38341
14993,9126,3951
14994,11074,4805
14995,9916,4285
14996,28538,12200
14997,105664,44711
14998,41556,17746
14999,107001,45291
15000,11904,5139
15001,53365,22691
15002,85390,36234
15003,37472,16041
15004,2951,1279
15005,46767,19930
15006,125582,53325
15007,23314,9980
15008,7849,3419
15009,22642,9685
15010,74589,31649
15011,31861,13640
15012,84711,35948
15013,115834,49111
15014,10710,4642
15015,118419,50211
15016,34269,14673
15017,129584,54999
15018,75945,32206
15019,41517,17729
15020,34220,14648
15021,96532,40844
15022,52711,22426
15023,95712,40496
15024,10358,4483
15025,117783,49924
15026,59837,25400
15027,19324,8278
15028,64871,27543
15029,53941,22940
15030,115302,48871
15031,77065,32650
15032,34837,14926
15033,30986,13260
15034,49920,21291
15035,98795,41824
15036,105807,44771
15037,78113,33126
15038,52234,22242
15039,70936,30126
15040,27608,11794
15041,53466,22735
15042,54200,23050
15043,4981,2187
15044,45151,19284
15045,108393,45900
15046,120030,50893
15047,71550,30379
15048,85516,36284
15049,30618,13093
15050,92583,39193
15051,70495,29939
15052,42438,18136
15053,71051,30178
15054,62573,26567
15055,120415,51058
15056,16024,6900
15057,43844,18715
15058,103942,43963
15059,60936,25863
15060,5182,2266
15061,6110,2678
15062,72856,30931
15063,37533,16071
15064,54317,23099
15065,54537,23184
15066,30042,12856
15067,108164,45793
15068,103161,43637
15069,16128,6942
15070,36545,15633
15071,34655,14845
15072,86302,36623
15073,50872,21678
15074,89980,38077
15075,104225,44090
15076,7988,3477
15077,93313,39484
15078,14651,6310
15079,2992,1304
15080,12426,5359
15081,116649,49439
15082,123931,52604
15083,69937,29694
15084,126762,53829
15085,23736,10171
15086,43478,18576
15087,26573,11373
15088,16798,7233
15089,73963,31381
15090,79783,33819
15091,71771,30471
15092,77279,32745
15093,11928,5153
15094,90460,38270
15095,97987,41476
15096,118864,50389
15097,122692,52028
15098,498,210
15099,17505,7526
15100,3324,1458
15101,78694,33358
15102,101607,42994
15103,115903,49132
15104,8571,3700
15105,72142,30629
15106,124717,52952
15107,105125,44478
15108,106412,45030
15109,9547,4132
15110,9442,4084
15111,30832,13184
15112,56210,23894
15113,33852,14505
15114,53755,22859
15115,50575,21557
15116,96590,40868
15117,116352,49309
15118,121555,51552
15119,37585,16091
15120,49377,21044
15121,77881,33018
15122,93801,39689
15123,92959,39355
15124,89403,37842
15125,105808,44772
15126,63043,26766
15127,21653,9279
15128,91358,38677
15129,30125,12894
15130,90240,38183
15131,17224,7408
15132,45810,19548
15133,32452,13918
15134,70583,29980
15135,75262,31919
15136,30884,13215
15137,68156,28951
15138,22733,9723
15139,98415,41669
15140,96971,41047
15141,85923,36470
15142,107930,45699
15143,43179,18434
15144,48048,20463
15145,59724,25350
15146,116012,49169
15147,112376,47637
15148,54797,23296
15149,91418,38710
15150,78544,33304
15151,93981,39755
15152,3008,1315
15153,103105,43617
15154,47632,20301
15155,102286,43278
15156,116473,49363
15157,55595,23636
15158,9356,4044
15159,100406,42501
15160,107146,45361
15161,111789,47340
15162,6952,3064
15163,14856,6399
15164,121488,51521
15165,65041,27619
15166,91916,38922
15167,69838,29652
15168,23910,10246
15169,66867,28397
15170,41700,17808
15171,104644,44275
15172,95798,40524
15173,85153,36129
15174,130073,55203
15175,42114,17989
15176,91603,38782
15177,72159,30637
15178,489,207
15179,30240,12943
15180,4913,2155
15181,110595,46835
15182,59705,25344
15183,70511,29947
15184,9426,4078
15185,28698,12259
15186,8450,3660
15187,110172,46646
15188,82546,35033
15189,6573,2903
15190,25210,10787
15191,44031,18794
15192,95252,40320
15193,106948,45265
15194,76073,32262
15195,15930,6860
15196,101609,42996
15197,107935,45701
15198,81780,34701
15199,38271,16384
15200,82746,35115
15201,94281,39904
15202,117995,50013
15203,17244,7414
15204,28071,12007
15205,59835,25399
15206,41444,17695
15207,97126,41110
15208,29159,12459
15209,19060,8161
15210,85993,36495
15211,12639,5459
15212,61359,26052
15213,25293,10828
15214,10200,4408
15215,113,50
15216,57659,24485
15217,27271,11656
15218,2549,1102
15219,7850,3420
15220,80424,34097
15221,68522,29113
15222,17635,7580
15223,27083,11593
15224,98853,41839
15225,35270,15111
15226,34551,14800
15227,110546,46815
15228,41630,17777
15229,13000,5601
15230,69601,29548
15231,67104,28491
15232,101106,42799
15233,56018,23815
15234,101739,43061
15235,46643,19875
15236,4946,2170
15237,62,25
15238,9141,3959
15239,38087,16309
15240,69106,29351
15241,106973,45276
15242,16293,7007
15243,17181,7391
15244,17307,7431
15245,117458,49783
15246,34570,14805
15247,121407,51482
15248,69461,29491
15249,63051,26769
15250,1186,494
15251,65665,27877
15252,6395,2823
15253,100825,42693
15254,17154,7382
15255,33692,14454
15256,93377,39511
15257,101351,42892
15258,56256,23913
15259,87329,37013
15260,128900,54721
15261,58726,24933
15262,111898,47390
15263,96641,40890
15264,126638,53765
15265,52767,22443
15266,116856,49530
15267,89540,37891
15268,85908,36465
15269,54788,23291
15270,107235,45400
15271,44135,18845
15272,87427,37054
15273,63978,27156
15274,57930,24599
15275,64436,27355
15276,8122,3525
15277,95604,40456
15278,65914,27984
15279,109609,46410
15280,122464,51926
15281,41388,17669
15282,37666,16126
15283,111429,47183
15284,42021,17944
15285,71523,30366
15286,98864,41846
15287,101624,43005
15288,96363,40766
15289,10614,4600
15290,37269,15959
15291,107730,45609
15292,57426,24390
15293,80977,34363
15294,18908,8104
15295,23412,10021
15296,59466,25246
15297,112825,47830
15298,115059,48763
15299,109351,46310
15300,119963,50868
15301,24371,10437
15302,115318,48878
15303,85546,36297
15304,50759,21633
15305,55747,23707
15306,44822,19150
15307,42212,18029
15308,110156,46638
15309,8141,3532
15310,39743,16983
15311,111131,47072
15312,6486,2868
15313,51721,22040
15314,24946,10691
15315,53906,22924
15316,58288,24757
15317,81440,34552
15318,16950,7296
15319,53419,22716
15320,24912,10678
15321,105066,44457
15322,48252,20570
15323,100555,42574
15324,115755,49080
15325,61045,25909
15326,86537,36712
15327,92492,39150
15328,68343,29027
15329,124220,52737
15330,38080,16304
15331,26196,11203
15332,33170,14226
15333,35144,15058
15334,63986,27159
15335,40042,17105
15336,27313,11676
15337,93418,39531
15338,24278,10394
15339,76456,32420
15340,77253,32730
15341,55709,23687
15342,20464,8775
15343,38494,16478
15344,41062,17539
15345,99670,42175
15346,18922,8110
15347,64453,27363
15348,83112,35265
15349,65777,27926
15350,84230,35742
15351,75464,32009
15352,60355,25621
15353,128513,54566
15354,87784,37191
15355,115363,48900
15356,94326,39927
15357,16324,7022
15358,37798,16180
15359,13429,5787
15360,49526,21107
15361,61556,26136
15362,106414,45032
15363,86095,36539
15364,116322,49297
15365,67572,28697
15366,44861,19162
15367,37306,15974
15368,124112,52686
15369,14179,6111
15370,78116,33127
15371,4613,2018
15372,129684,55044
15373,20838,8945
15374,92265,39063
15375,86129,36552
15376,48012,20449
15377,56508,24025
15378,95905,40570
15379,101988,43157
15380,98594,41739
15381,68221,28975
15382,97713,41351
15383,66735,28341
15384,66807,28374
15385,59674,25328
15386,64353,27313
15387,121749,51622
15388,128004,54350
15389,25061,10735
15390,87708,37162
15391,81619,34629
15392,45218,19317
15393,105633,44697
15394,22831,9766
15395,101687,43032
15396,16529,7109
15397,63853,27105
15398,56182,23881
15399,5913,2590
15400,129637,55021
15401,106744,45174
15402,52410,22311
15403,36600,15654
15404,122400,51897
15405,9546,4131
15406,30402,13006
15407,79510,33706
15408,94557,40024
15409,112727,47791
15410,99281,42008
15411,111188,47094
15412,105025,44437
15413,9017,3898
15414,30892,13220
15415,125427,53260
15416,21017,9014
15417,111783,47337
15418,67777,28793
15419,122052,51758
15420,28057,12000
15421,108503,45942
15422,18700,8027
15423,59365,25205
15424,2267,979
15425,62120,26389
15426,41007,17517
15427,74325,31538
15428,36422,15577
15429,59885,25419
15430,80739,34253
15431,80882,34320
15432,11153,4832
15433,66536,28252
15434,53700,22832
15435,58206,24719
15436,82995,35214
15437,58695,24919
15438,112034,47460
15439,48552,20697
15440,124491,52848
15441,115549,48985
15442,88137,37328
15443,92027,38961
15444,20133,8621
15445,112316,47601
15446,92717,39254
15447,101729,43059
15448,96557,40854
15449,22273,9532
15450,83459,35434
15451,55217,23474
15452,81988,34795
15453,93482,39557
15454,43759,18678
15455,35458,15185
15456,10499,4541
15457,20337,8711
15458,87336,37016
15459,126855,53874
15460,3936,1727
15461,82497,35013
15462,102872,43521
15463,28210,12068
15464,6349,2794
15465,88968,37678
15466,111823,47360
15467,70562,29971
15468,46079,19652
15469,5692,2478
15470,124640,52920
15471,70145,29788
15472,27553,11771
15473,63588,26983
15474,45869,19571
15475,73900,31357
15476,16787,7224
15477,40412,17254
15478,116614,49421
15479,26428,11301
15480,89263,37793
15481,81658,34650
15482,61316,26031
15483,38072,16301
15484,67161,28518
15485,45681,19487
15486,19159,8205
15487,77975,33063
15488,15429,6642
15489,86662,36758
15490,102134,43221
15491,30771,13158
15492,87809,37202
15493,56993,24219
15494,167,78
15495,101921,43130
15496,39450,16860
15497,107550,45539
15498,85339,36213
15499,127026,53946
15500,118887,50399
15501,89737,37974
15502,9294,4015
15503,63680,27028
15504,56326,23943
15505,5894,2580
15506,37161,15903
15507,59874,25414
15508,74719,31700
15509,122304,51859
15510,112481,47684
15511,72430,30745
15512,46926,20010
15513,39950,17073
15514,97093,41094
15515,114225,48400
15516,20217,8657
15517,21373,9166
15518,63348,26886
15519,51534,21959
15520,108069,45754
15521,33426,14341
15522,110956,46995
15523,118296,50157
15524,85973,36489
15525,894,380
15526,128429,54527
15527,41485,17715
15528,3064,1348
15529,57164,24287
15530,41124,17560
15531,112543,47710
15532,80317,34044
15533,108598,45987
15534,96094,40655
15535,101404,42917
15536,97721,41355
15537,116077,49195
15538,1289,544
15539,64470,27373
15540,100565,42581
15541,88311,37393
15542,130218,55266
15543,49183,20965
15544,41454,17698
15545,60687,25759
15546,3774,1654
15547,28890,12339
15548,21959,9400
15549,61652,26181
15550,91982,38945
15551,94571,40030
15552,116374,49316
15553,89692,37956
15554,29226,12493
15555,109503,46363
15556,103020,43582
15557,1280,540
15558,28940,12363
15559,4184,1828
15560,128939,54732
15561,59032,25061
15562,130230,55273
15563,68166,28955
15564,65944,27999
15565,97805,41390
15566,113773,48214
15567,70782,30056
15568,63717,27044
15569,95276,40329
15570,6961,3070
15571,1082,448
15572,114074,48338
15573,6182,2718
15574,90818,38430
15575,911,389
15576,65708,27898
15577,29607,12655
15578,102269,43272
15579,97554,41284
15580,19576,8388
15581,64555,27405
15582,56967,24215
15583,77142,32688
15584,18706,8028
15585,123830,52561
15586,54928,23360
15587,68971,29299
15588,93324,39488
15589,12432,5361
15590,51066,21756
15591,92399,39117
15592,79639,33756
15593,58879,24997
15594,40429,17261
15595,558,234
15596,16085,6922
15597,128075,54382
15598,6443,2845
15599,19794,8484
15600,26292,11243
15601,93916,39737
15602,6269,2755
15603,91471,38733
15604,96965,41045
15605,66827,28381
15606,130308,55319
15607,10186,4402
15608,53312,22666
15609,91720,38841
15610,89570,37903
15611,37920,16234
15612,34826,14920
15613,66600,28283
15614,84933,36039
15615,84467,35845
15616,35848,15348
15617,26929,11530
15618,70979,30150
15619,73844,31332
15620,26880,11506
15621,41302,17633
15622,17015,7325
15623,34709,14872
15624,86159,36564
15625,19660,8430
15626,50077,21361
15627,42180,18018
15628,8062,3506
15629,86188,36578
15630,34876,14944
15631,70962,30139
15632,23038,9865
15633,47165,20121
15634,41448,17696
15635,118074,50051
15636,128358,54494
15637,10369,4488
15638,15752,6780
15639,110617,46846
15640,16854,7255
15641,56242,23907
15642,56351,23954
15643,60988,25884
15644,6925,3054
15645,98637,41760
15646,60494,25683
15647,30230,12939
15648,112275,47581
15649,29962,12821
15650,51839,22088
15651,114549,48528
15652,85310,36198
15653,49860,21258
15654,124181,52719
15655,64022,27175
15656,84384,35808
15657,4344,1902
15658,108535,45955
15659,115026,48751
15660,104790,44341
15661,6637,2926
15662,87583,37118
15663,6082,2663
15664,12705,5483
15665,87113,36928
15666,60350,25617
15667,59088,25081
15668,39737,16982
15669,84969,36055
15670,17730,7611
15671,42781,18273
15672,102177,43235
15673,41145,17570
15674,26950,11540
15675,79840,33841
15676,18519,7953
15677,9397,4063
15678,45318,19351
15679,20919,8982
15680,95305,40339
15681,4377,1919
15682,76109,32276
15683,72552,30795
15684,3486,1533
15685,112911,47873
15686,39458,16865
15687,30555,13066
15688,33469,14358
15689,85244,36169
15690,48395,20637
15691,94174,39848
15692,93131,39417
15693,33534,14383
15694,113924,48274
15695,126361,53645
15696,4050,1782
15697,24423,10454
15698,18426,7915
15699,60596,25722
15700,95974,40601
15701,89769,37990
15702,73905,31361
15703,38394,16432
15704,78329,33211
15705,129075,54789
15706,28625,12237
15707,114143,48367
15708,113293,48019
15709,61630,26170
15710,107159,45367
15711,106473,45058
15712,106284,44973
15713,3969,1743
15714,43535,18598
15715,81385,34529
15716,56458,24003
15717,38313,16402
15718,65332,27743
15719,90297,38204
15720,49054,20905
15721,123058,52193
15722,19236,8239
15723,94023,39769
15724,51633,21998
15725,1893,811
15726,39763,16992
15727,19168,8211
15728,36668,15684
15729,88522,37481
15730,124173,52714
15731,97488,41255
15732,81324,34500
15733,107318,45437
15734,36062,15436
15735,50668,21593
15736,128799,54676
15737,53871,22912
15738,123869,52574
15739,111815,47356
15740,72732,30877
15741,108005,45727
15742,79641,33757
15743,13006,5605
15744,55592,23635
15745,30053,12862
15746,18328,7875
15747,50710,21612
15748,72954,30967
15749,126735,53817
15750,111090,47052
15751,108543,45960
15752,84661,35922
15753,65135,27664
15754,73534,31196
15755,123448,52381
15756,55471,23586
15757,22668,9696
15758,128995,54755
15759,70751,30042
15760,113956,48287
15761,33273,14267
15762,31897,13657
15763,126658,53776
15764,8514,3686
15765,59984,25469
15766,87231,36977
15767,92836,39305
15768,55690,23679
15769,60522,25695
15770,40048,17107
15771,40268,17195
15772,69646,29569
15773,71513,30364
15774,77539,32865
15775,96718,40933
15776,123619,52458
15777,77941,33046
15778,20190,8646
15779,31867,13643
15780,19499,8349
15781,54174,23037
15782,60537,25700
15783,89844,38022
15784,12180,5252
15785,22489,9624
15786,64967,27584
15787,94466,39984
15788,30469,13037
15789,79882,33862
15790,19625,8411
15791,93660,39638
15792,34505,14777
15793,83457,35433
15794,3627,1595
15795,28415,12150
15796,90510,38297
15797,23881,10236
15798,123909,52594
15799,90763,38406
15800,61438,26090
15801,42071,17967
15802,123601,52449
15803,40789,17421
15804,486,205
15805,127749,54246
15806,76405,32399
15807,26513,11340
15808,82250,34911
15809,87693,37157
15810,128375,54501
15811,9959,4303
15812,24182,10365
15813,112618,47746
15814,91521,38751
15815,94586,40037
15816,59896,25425
15817,100325,42464
15818,35321,15133
15819,56810,24150
15820,18647,8004
15821,10294,4453
15822,36513,15616
15823,126159,53569
15824,53430,22722
15825,89250,37789
15826,91221,38610
15827,111242,47116
15828,23233,9944
15829,23980,10276
15830,13072,5635
15831,117404,49756
15832,101549,42971
15833,89996,38087
15834,24572,10518
15835,19080,8170
15836,60386,25631
15837,77444,32818
15838,56081,23839
15839,8854,3830
15840,118834,50373
15841,80128,33960
15842,100985,42749
15843,41301,17632
15844,39236,16780
15845,33219,14248
15846,85357,36220
15847,82470,35001
15848,118733,50328
15849,114630,48565
15850,121271,51419
15851,84915,36031
15852,73827,31325
15853,126564,53730
15854,107658,45582
15855,59908,25431
15856,128650,54624
15857,19436,8322
15858,41822,17860
15859,10539,4556
15860,5957,2616
15861,124959,53056
15862,40054,17110
15863,15945,6865
15864,67503,28666
15865,32738,14032
15866,129643,55025
15867,74083,31426
15868,100237,42429
15869,75655,32089
15870,33539,14386
15871,66383,28180
15872,76043,32250
15873,130193,55257
15874,130258,55286
15875,24130,10341
15876,11863,5123
15877,72674,30854
15878,123627,52462
15879,16404,7057
15880,103967,43971
15881,45600,19456
15882,22359,9570
15883,104613,44259
15884,54192,23046
15885,103570,43817
15886,84593,35899
15887,85317,36201
15888,104487,44205
15889,23126,9900
15890,10300,4458
15891,57449,24402
15892,112757,47802
15893,15134,6521
15894,100131,42374
15895,123636,52467
15896,104201,44076
15897,31089,13304
15898,68077,28918
15899,66236,28114
15900,78392,33242
15901,119938,50856
15902,99432,42076
15903,47028,20057
15904,87609,37130
15905,96908,41018
15906,81940,34776
15907,20176,8636
15908,2270,980
15909,25442,10885
15910,93621,39621
15911,26887,11508
15912,81292,34486
15913,17923,7701
15914,113687,48184
15915,40932,17483
15916,10493,4540
15917,128398,54514
15918,90780,38412
15919,61339,26041
15920,113868,48248
15921,16450,7080
15922,76121,32281
15923,16704,7186
15924,74205,31491
15925,88065,37296
15926,119378,50605
15927,120450,51077
15928,104383,44153
15929,86393,36662
15930,70622,29991
15931,877,373
15932,50870,21677
15933,56237,23905
15934,33362,14309
15935,87565,37107
15936,80452,34112
15937,22674,9699
15938,70768,30049
15939,52881,22494
15940,77393,32792
15941,71863,30511
15942,81396,34533
15943,78055,33100
15944,107575,45552
15945,103852,43928
15946,55291,23506
15947,58213,24724
15948,34694,14863
15949,59362,25203
15950,24610,10537
15951,55939,23786
15952,114054,48329
15953,57471,24413
15954,108228,45825
15955,5272,2301
15956,103118,43623
15957,104287,44114
15958,15169,6537
15959,62324,26470
15960,41279,17623
15961,17058,7343
15962,119671,50740
15963,46768,19931
15964,40324,17216
15965,95991,40611
15966,35518,15214
15967,42010,17940
15968,128431,54528
15969,109655,46431
15970,14591,6284
15971,75530,32039
15972,130063,55198
15973,63,26
15974,112561,47718
15975,25462,10895
15976,73612,31235
15977,518,218
15978,10872,4711
15979,79588,33736
15980,75028,31819
15981,11666,5039
15982,58141,24689
15983,91138,38573
15984,91333,38663
15985,69984,29714
15986,23066,9877
15987,59470,25247
15988,62827,26673
15989,119516,50663
15990,12032,5196
15991,34398,14729
15992,96655,40897
15993,116501,49378
15994,2985,1298
15995,19095,8177
15996,128825,54688
15997,111433,47185
15998,68570,29135
15999,102460,43351
16000,15606,6723
16001,100022,42325
16002,37050,15850
16003,98240,41584
16004,91105,38557
16005,75208,31898
16006,111778,47336
16007,73754,31294
16008,85173,36135
16009,40400,17247
16010,112801,47818
16011,113480,48094
16012,6853,3020
16013,45221,19319
16014,125207,53155
16015,106988,45286
16016,51387,21891
16017,92565,39184
16018,45813,19550
16019,117348,49734
16020,96942,41031
16021,72226,30661
16022,117396,49751
16023,49223,20985
16024,89036,37712
16025,60171,25547
16026,71600,30405
16027,64744,27484
16028,45327,19355
16029,74013,31401
16030,26671,11418
16031,59294,25168
16032,30850,13197
16033,106932,45261
16034,6720,2959
16035,79447,33673
16036,6889,3033
16037,37681,16131
16038,88957,37671
16039,121723,51614
16040,42974,18352
16041,104561,44232
16042,18813,8069
16043,82688,35090
16044,85971,36487
16045,23330,9987
16046,40531,17303
16047,98450,41686
16048,3863,1690
16049,94105,39811
16050,88236,37368
16051,63122,26799
16052,88772,37592
16053,99929,42289
16054,121645,51582
16055,98872,41851
16056,111718,47309
16057,91858,38890
16058,78609,33326
16059,56212,23895
16060,108234,45830
16061,30258,12950
16062,42867,18306
16063,52422,22316
16064,127711,54233
16065,22745,9731
16066,51041,21746
16067,90957,38489
16068,102073,43190
16069,56664,24087
16070,54149,23021
16071,72562,30799
16072,127415,54102
16073,121847,51667
16074,66491,28227
16075,22660,9692
16076,41938,17909
16077,101995,43159
16078,15835,6816
16079,3343,1469
16080,107752,45618
16081,101073,42785
16082,16751,7209
16083,117025,49601
16084,39411,16847
16085,106699,45157
16086,30380,12997
16087,56008,23810
16088,98153,41551
16089,125067,53102
16090,91036,38526
16091,81512,34585
16092,105692,44723
16093,52329,22279
16094,29422,12580
16095,54426,23140
16096,30632,13096
16097,16884,7267
16098,25013,10713
16099,42572,18190
16100,51175,21801
16101,128184,54428
16102,28888,12338
16103,114021,48315
16104,120373,51039
16105,5498,2387
16106,32247,13832
16107,47262,20155
16108,77543,32868
16109,128661,54631
16110,113118,47953
16111,59274,25162
16112,37483,16047
16113,81501,34581
16114,63017,26757
16115,110285,46691
16116,95035,40231
16117,22072,9445
16118,59901,25428
16119,47913,20409
16120,5072,2223
16121,66008,28024
16122,24114,10331
16123,98272,41597
16124,41166,17576
16125,114601,48554
16126,130008,55177
16127,97947,41456
16128,741,314
16129,99957,42299
16130,45466,19403
16131,71566,30385
16132,80954,34354
16133,60375,25627
16134,84597,35902
16135,116647,49438
16136,26755,11457
16137,103760,43885
16138,10896,4723
16139,47856,20387
16140,26602,11388
16141,85035,36080
16142,82912,35182
16143,96458,40809
16144,33702,14457
16145,54246,23064
16146,101199,42843
16147,101584,42985
16148,123272,52287
16149,60091,25516
16150,105381,44591
16151,13831,5971
16152,55775,23720
16153,103521,43792
16154,96451,40806
16155,81166,34435
16156,60788,25802
16157,116147,49224
16158,16705,7187
16159,8580,3706
16160,101011,42760
16161,130282,55303
16162,66927,28421
16163,13341,5755
16164,105147,44488
16165,96589,40867
16166,119748,50776
16167,106628,45123
16168,24053,10305
16169,27728,11852
16170,101149,42819
16171,50932,21702
16172,43463,18568
16173,117207,49676
16174,118997,50446
16175,47074,20084
16176,110046,46598
16177,3211,1404
16178,25776,11043
16179,94167,39843
16180,78139,33137
16181,107030,45305
16182,44723,19104
16183,729,310
16184,36494,15607
16185,67445,28643
16186,1437,618
16187,82026,34812
16188,95250,40318
16189,51746,22051
16190,61110,25940
16191,104789,44340
16192,96771,40955
16193,1206,504
16194,38600,16515
16195,9713,4205
16196,106280,44972
16197,65235,27707
16198,25082,10745
16199,102742,43467
16200,73052,31003
16201,43953,18757
16202,31244,13369
16203,125300,53206
16204,16938,7289
16205,86981,36879
16206,18832,8075
16207,5565,2414
16208,96853,40992
16209,19099,8181
16210,20249,8674
16211,68565,29132
16212,73239,31087
16213,84125,35700
16214,37307,15975
16215,52920,22511
16216,6362,2804
16217,91625,38796
16218,10292,4452
16219,127268,54035
16220,12071,5215
16221,78634,33334
16222,78420,33251
16223,14261,6148
16224,43248,18469
16225,109,47
16226,92653,39229
16227,64752,27486
16228,51395,21896
16229,117138,49647
16230,112182,47535
16231,110537,46809
16232,16850,7252
16233,31491,13477
16234,4409,1936
16235,123185,52249
16236,66344,28162
16237,28786,12299
16238,67912,28855
16239,103989,43979
16240,78505,33292
16241,44269,18897
16242,5535,2403
16243,23176,9927
16244,63180,26818
16245,77512,32852
16246,47994,20440
16247,68494,29098
16248,103927,43957
16249,43306,18495
16250,108471,45931
16251,737,313
16252,3347,1471
16253,5888,2578
16254,24554,10509
16255,7457,3273
16256,35193,15080
16257,25935,11110
16258,43163,18428
16259,8716,3763
16260,63526,26954
16261,98515,41712
16262,60479,25673
16263,46584,19851
16264,55925,23779
16265,38593,16512
16266,121642,51579
16267,63146,26806
16268,11311,4899
16269,91173,38585
16270,38655,16540
16271,114024,48316
16272,84045,35679
16273,77091,32661
16274,10860,4707
16275,118122,50073
16276,77308,32759
16277,61659,26185
16278,80647,34208
16279,68096,28926
16280,39126,16728
16281,96834,40981
16282,10478,4533
16283,83710,35531
16284,100559,42577
16285,62860,26688
16286,113946,48283
16287,9652,4177
16288,39575,16914
16289,117375,49743
16290,69140,29367
16291,60975,25879
16292,56504,24023
16293,80552,34162
16294,67233,28551
16295,9829,4253
16296,69206,29391
16297,10762,4664
16298,16559,7126
16299,19803,8489
16300,104746,44322
16301,124268,52757
16302,53637,22804
16303,41715,17815
16304,75623,32080
16305,16487,7094
16306,57931,24600
16307,11681,5045
16308,19082,8171
16309,96157,40678
16310,55377,23539
16311,79717,33791
16312,58327,24772
16313,52393,22302
16314,43192,18440
16315,25989,11131
16316,80744,34257
16317,2410,1043
16318,83737,35543
16319,47361,20186
16320,46112,19670
16321,78764,33378
16322,44747,19115
16323,38343,16418
16324,39746,16985
16325,90815,38428
16326,23630,10126
16327,88594,37509
16328,12203,5263
16329,12766,5508
16330,121858,51673
16331,71468,30345
16332,64590,27417
16333,114100,48349
16334,7732,3380
16335,70572,29975
16336,91997,38948
16337,60897,25847
16338,29932,12808
16339,40137,17148
16340,76095,32270
16341,115193,48823
16342,62954,26731
16343,99311,42024
16344,125694,53370
16345,63947,27149
16346,78131,33133
16347,54419,23136
16348,106001,44850
16349,15869,6830
16350,60933,25861
16351,14669,6318
16352,71071,30189
16353,114285,48425
16354,127636,54193
16355,59102,25090
16356,73091,31023
16357,86581,36727
16358,5103,2235
16359,116101,49202
16360,82634,35065
16361,27004,11561
16362,100705,42645
16363,78300,33204
16364,2456,1067
16365,85443,36250
16366,48615,20726
16367,112096,47488
16368,1995,858
16369,36710,15701
16370,2031,873
16371,79473,33684
16372,56833,24159
16373,119553,50682
16374,106768,45189
16375,20695,8881
16376,4718,2065
16377,14238,6137
16378,111729,47315
16379,119881,50831
16380,128733,54650
16381,25027,10719
16382,101158,42824
16383,59340,25191
16384,75099,31852
16385,125145,53128
16386,57313,24340
16387,5375,2341
16388,76775,32538
16389,109228,46261
16390,109138,46221
16391,45561,19441
16392,42316,18078
16393,83451,35429
16394,11269,4883
16395,129744,55072
16396,12190,5258
16397,90699,38375
16398,123659,52479
16399,16215,6973
16400,121095,51344
16401,115492,48959
16402,20257,8678
16403,27858,11906
16404,37771,16168
16405,34906,14955
16406,125887,53444
16407,49951,21307
16408,13610,5869
16409,28192,12055
16410,60093,25518
16411,30588,13080
16412,68417,29065
16413,109087,46198
16414,21341,9152
16415,110913,46974
16416,113121,47954
16417,130176,55249
16418,115234,48840
16419,28084,12015
16420,23754,10181
16421,6100,2673
16422,62905,26710
16423,112636,47751
16424,116408,49335
16425,69915,29679
16426,111135,47075
16427,11320,4906
16428,4038,1776
16429,74904,31766
16430,37408,16011
16431,108017,45731
16432,54862,23324
16433,71004,30161
16434,71642,30422
16435,5729,2497
16436,60905,25851
16437,95632,40468
16438,117290,49704
16439,59774,25372
16440,94433,39973
16441,56418,23987
16442,76702,32509
16443,19561,8377
16444,68476,29086
16445,66071,28048
16446,115085,48774
16447,104428,44178
16448,91620,38792
16449,41541,17740
16450,11678,5042
16451,21030,9020
16452,123914,52595
16453,14768,6363
16454,47481,20239
16455,47119,20102
16456,40335,17220
16457,50874,21679
16458,1861,797
16459,37486,16049
16460,64918,27562
16461,114683,48589
16462,4304,1879
16463,10393,4496
16464,130286,55305
16465,3878,1698
16466,32042,13729
16467,116717,49469
16468,22291,9543
16469,63272,26857
16470,17769,7634
16471,2892,1252
16472,103116,43622
16473,77661,32920
16474,108425,45914
16475,32776,14043
16476,68296,29004
16477,102824,43502
16478,43641,18637
16479,4775,2093
16480,74884,31759
16481,96929,41027
16482,2526,1089
16483,119819,50804
16484,40877,17461
16485,33193,14236
16486,127569,54160
16487,76460,32421
16488,80746,34258
16489,52469,22328
16490,68124,28936
16491,10244,4427
16492,36039,15425
16493,115839,49113
16494,61168,25964
16495,56756,24132
16496,24099,10324
16497,22449,9603
16498,45144,19279
16499,123021,52171
16500,6330,2787
16501,93802,39690
16502,59955,25454
16503,106343,44998
16504,107686,45595
16505,49113,20937
16506,51157,21793
16507,105010,44428
16508,7918,3447
16509,3811,1670
16510,29225,12492
16511,18556,7967
16512,67101,28488
16513,30834,13186
16514,121048,51326
16515,106829,45217
16516,32707,14019
16517,27634,11805
16518,99985,42308
16519,101892,43116
16520,76519,32444
16521,44213,18872
16522,165,76
16523,102647,43426
16524,65096,27648
16525,6485,2867
16526,25874,11081
16527,82211,34898
16528,63868,27110
16529,64821,27516
16530,51042,21747
16531,70548,29964
16532,100773,42669
16533,71239,30258
16534,23960,10270
16535,117109,49637
16536,73800,31312
16537,121727,51615
16538,18522,7955
16539,68881,29260
16540,120069,50906
16541,70370,29881
16542,27333,11683
16543,96663,40902
16544,113786,48219
16545,34476,14765
16546,77823,32993
16547,35578,15246
16548,70309,29857
16549,36670,15686
16550,102042,43178
16551,71779,30476
16552,117600,49844
16553,47996,20442
16554,12676,5471
16555,56198,23889
16556,81851,34737
16557,120342,51028
16558,114852,48670
16559,114726,48613
16560,127408,54100
16561,62066,26369
16562,43744,18672
16563,71011,30162
16564,78930,33456
16565,78338,33217
16566,75544,32045
16567,84365,35798
16568,105046,44448
16569,115018,48748
16570,128426,54526
16571,105378,44588
16572,74684,31682
16573,109929,46545
16574,38906,16626
16575,121218,51397
16576,95357,40360
16577,31863,13641
16578,32832,14070
16579,92381,39109
16580,74424,31577
16581,33683,14451
16582,34585,14812
16583,101726,43056
16584,40892,17465
16585,60887,25845
16586,121968,51721
16587,13310,5741
16588,117449,49778
16589,102997,43572
16590,67155,28515
16591,111518,47222
16592,126634,53762
16593,101910,43126
16594,35784,15324
16595,89123,37742
16596,93734,39666
16597,77495,32843
16598,40156,17158
16599,90451,38267
16600,40542,17307
16601,62223,26429
16602,19795,8485
16603,2233,960
16604,5737,2502
16605,100821,42690
16606,72892,30945
16607,12540,5414
16608,96888,41012
16609,12015,5192
16610,48150,20517
16611,80434,34103
