rank0,csv_row_index0,working_index0
0,43269,18483
1,124775,52974
2,4275,1870
3,81983,34791
4,96209,40698
5,103119,43624
6,21313,9143
7,29165,12463
8,77435,32813
9,115637,49029
10,107890,45678
11,75362,31967
12,74660,31666
13,128093,54390
14,33261,14264
15,102679,43439
16,106503,45072
17,46672,19891
18,126762,53829
19,42832,18291
20,70208,29815
21,128603,54612
22,71695,30440
23,114720,48609
24,67715,28758
25,21797,9341
26,114589,48550
27,94647,40062
28,106356,45001
29,25237,10798
30,92093,38996
31,59903,25429
32,121252,51408
33,124488,52847
34,9599,4153
35,100417,42505
36,57931,24600
37,51176,21802
38,81158,34430
39,96739,40941
40,1694,729
41,94179,39852
42,129750,55075
43,119207,50536
44,81034,34388
45,13106,5653
46,126628,53761
47,18326,7873
48,17357,7454
49,76780,32540
50,38052,16291
51,71882,30518
52,30452,13027
53,56145,23866
54,120675,51178
55,40622,17341
56,23070,9878
57,29218,12488
58,74473,31599
59,49329,21018
60,111183,47092
61,53409,22710
62,33513,14374
63,62834,26676
64,53584,22787
65,14284,6157
66,21256,9120
67,98927,41873
68,84405,35820
69,24832,10633
70,83521,35454
71,119484,50649
72,40113,17140
73,17997,7731
74,128626,54617
75,127273,54038
76,51065,21755
77,106274,44968
78,110348,46721
79,83569,35476
80,6629,2924
81,34872,14940
82,126168,53574
83,49985,21322
84,54140,23017
85,13850,5979
86,24912,10678
87,10776,4668
88,121573,51558
89,55230,23479
90,65464,27801
91,114088,48344
92,8549,3696
93,93115,39413
94,127166,54001
95,81885,34750
96,40915,17473
97,53421,22717
98,109778,46481
99,123988,52629
100,114305,48433
101,37145,15895
102,70283,29844
103,43499,18586
104,78782,33387
105,73823,31322
106,116790,49499
107,36300,15526
108,121313,51435
109,126754,53824
110,122018,51748
111,12360,5325
112,86319,36630
113,106802,45205
114,114120,48358
115,58162,24696
116,5600,2435
117,27799,11880
118,44378,18948
119,1974,849
120,121463,51504
121,13654,5892
122,71510,30362
123,103812,43909
124,112299,47594
125,32279,13846
126,23605,10113
127,98930,41874
128,22687,9705
129,115713,49064
130,48876,20831
131,5467,2377
132,120956,51292
133,92098,39000
134,107070,45321
135,40411,17253
136,92717,39254
137,42246,18043
138,116971,49578
139,22897,9798
140,50612,21571
141,70773,30051
142,6498,2874
143,96323,40747
144,5429,2365
145,101724,43055
146,117993,50011
147,89054,37720
148,66018,28027
149,4954,2172
150,80864,34311
151,49043,20903
152,89378,37834
153,100165,42395
154,27319,11678
155,99789,42225
156,101645,43015
157,88564,37497
158,115092,48776
159,36691,15693
160,127329,54062
161,24409,10449
162,111644,47277
163,21840,9362
164,84113,35696
165,119729,50768
166,122921,52130
167,12613,5443
168,64906,27557
169,18236,7839
170,25756,11032
171,116917,49556
172,23390,10013
173,4036,1774
174,60680,25756
175,112919,47877
176,82295,34925
177,32657,14001
178,65739,27910
179,21526,9226
180,6426,2835
181,100350,42476
182,99803,42229
183,17108,7365
184,63180,26818
185,14526,6255
186,98094,41526
187,66602,28284
188,9787,4234
189,90748,38400
190,120896,51273
191,100563,42580
192,106570,45103
193,121046,51324
194,95761,40510
195,109902,46531
196,14548,6264
197,42676,18230
198,120078,50910
199,10891,4720
200,128390,54510
201,121628,51574
202,56923,24196
203,58167,24697
204,24612,10538
205,64064,27192
206,65324,27738
207,45700,19495
208,118042,50040
209,127670,54213
210,63087,26777
211,61149,25956
212,43907,18738
213,8672,3741
214,9886,4272
215,17440,7497
216,127397,54094
217,23345,9996
218,124186,52723
219,91762,38858
220,40103,17135
221,31714,13570
222,2374,1026
223,39788,17004
224,79354,33632
225,90912,38468
226,128408,54518
227,109054,46184
228,37392,16006
229,26611,11392
230,100710,42649
231,84170,35717
232,83424,35417
233,166,77
234,26047,11152
235,103101,43615
236,37412,16014
237,66147,28077
238,117600,49844
239,23511,10064
240,69501,29506
241,87797,37194
242,39192,16760
243,65607,27854
244,39152,16745
245,31098,13306
246,3932,1724
247,15244,6570
248,27144,11612
249,15918,6853
250,122700,52031
251,40683,17370
252,62676,26613
253,104470,44195
254,94700,40082
255,61110,25940
256,19111,8187
257,4570,2002
258,8130,3528
259,101604,42993
260,4775,2093
261,33470,14359
262,30007,12840
263,48584,20716
264,63657,27018
265,7497,3288
266,4733,2075
267,21242,9116
268,67503,28666
269,35777,15319
270,65669,27879
271,40308,17209
272,53180,22609
273,29705,12704
274,8816,3806
275,54046,22985
276,104277,44109
277,111969,47433
278,6301,2773
279,94769,40112
280,10993,4769
281,127443,54112
282,95570,40445
283,95926,40582
284,54887,23339
285,66172,28088
286,95781,40519
287,74514,31614
288,32536,13952
289,117793,49930
290,11874,5126
291,59930,25443
292,40472,17277
293,22137,9479
294,11998,5183
295,63029,26761
296,64309,27291
297,106424,45036
298,56509,24026
299,10550,4564
300,58903,25004
301,89739,37976
302,25388,10863
303,77246,32728
304,112608,47740
305,48323,20600
306,50937,21704
307,122195,51823
308,4890,2145
309,34498,14772
310,85436,36247
311,97568,41293
312,98791,41821
313,83098,35259
314,3255,1425
315,117424,49767
316,85113,36111
317,18340,7882
318,9431,4080
319,29291,12519
320,125259,53181
321,57437,24394
322,943,394
323,23965,10272
324,97970,41468
325,117177,49668
326,124305,52774
327,126184,53580
328,23516,10067
329,76732,32519
330,126965,53920
331,96393,40775
332,45353,19365
333,47984,20436
334,29939,12811
335,56968,24216
336,6045,2645
337,91496,38742
338,64228,27263
339,84966,36053
340,7764,3389
341,75039,31825
342,130032,55186
343,30723,13142
344,65461,27799
345,119761,50782
346,79006,33485
347,14529,6258
348,33499,14371
349,33818,14495
350,83249,35338
351,33105,14200
352,13193,5690
353,63940,27145
354,125890,53446
355,44110,18831
356,118533,50247
357,6394,2822
358,27636,11807
359,92037,38969
360,85849,36439
361,83989,35656
362,110203,46657
363,108858,46093
364,125896,53449
365,45832,19558
366,86752,36801
367,83282,35356
368,9912,4283
369,96661,40901
370,97552,41283
371,126004,53491
372,24017,10292
373,8893,3846
374,105679,44718
375,2762,1192
376,47941,20419
377,112332,47608
378,45073,19245
379,6821,3005
380,29715,12709
381,116689,49458
382,84396,35816
383,25442,10885
384,24754,10601
385,102462,43352
386,15442,6647
387,100074,42344
388,68770,29220
389,117109,49637
390,116566,49404
391,23824,10214
392,16216,6974
393,4429,1944
394,57852,24565
395,70777,30053
396,29240,12496
397,10560,4572
398,52919,22510
399,75035,31822
400,27401,11712
401,123001,52165
402,48357,20616
403,47549,20268
404,43621,18624
405,49345,21027
406,110298,46697
407,88783,37596
408,90251,38187
409,65410,27771
410,68714,29194
411,32420,13906
412,95920,40578
413,52931,22516
414,6111,2679
415,98543,41719
416,71419,30328
417,59477,25249
418,49752,21208
419,37047,15848
420,52345,22288
421,3199,1399
422,96463,40813
423,18046,7756
424,26318,11256
425,727,308
426,90413,38252
427,30865,13207
428,56683,24098
429,95977,40603
430,49412,21059
431,35888,15367
432,25932,11108
433,88633,37526
434,22983,9839
435,28852,12324
436,47921,20412
437,120131,50935
438,77810,32983
439,7532,3306
440,91220,38609
441,119391,50609
442,49767,21214
443,41678,17796
444,40473,17278
445,73683,31269
446,46185,19695
447,116949,49568
448,28920,12353
449,66488,28226
450,97042,41075
451,112716,47785
452,56135,23863
453,41422,17685
454,9231,3991
455,98567,41730
456,80029,33918
457,39516,16891
458,15684,6751
459,50145,21383
460,4468,1964
461,92779,39277
462,89060,37723
463,21093,9048
464,56695,24104
465,128921,54728
466,77957,33054
467,99749,42206
468,36645,15679
469,53575,22784
470,4714,2062
471,74732,31706
472,47348,20182
473,120403,51053
474,53551,22778
475,103957,43967
476,18635,7999
477,74251,31506
478,120909,51277
479,106442,45042
480,121909,51690
481,87173,36952
482,104183,44067
483,49905,21281
484,17281,7425
485,30860,13203
486,1651,709
487,39107,16720
488,61021,25898
489,51265,21839
490,17607,7569
491,92011,38953
492,2692,1162
493,92847,39309
494,117481,49792
495,42062,17963
496,123120,52220
497,40304,17207
498,95072,40250
499,107188,45379
500,53048,22563
501,60930,25859
502,42199,18024
503,72521,30785
504,128596,54610
505,41395,17675
506,53701,22833
507,1274,535
508,125232,53169
509,24533,10499
510,38400,16435
511,129677,55038
512,4943,2168
513,36060,15435
514,126260,53607
515,8379,3628
516,63223,26839
517,69557,29534
518,40727,17395
519,9109,3940
520,117078,49622
521,112159,47521
522,74371,31555
523,92427,39127
524,24331,10417
525,122457,51921
526,54179,23040
527,119631,50721
528,62066,26369
529,61790,26244
530,10258,4435
531,72857,30932
532,64515,27390
533,9742,4213
534,113972,48294
535,112786,47813
536,25896,11091
537,14551,6266
538,116875,49534
539,116629,49432
540,73786,31305
541,11396,4942
542,59882,25417
543,80126,33958
544,121204,51389
545,90509,38296
546,124618,52912
547,125831,53420
548,80095,33945
549,35214,15090
550,90059,38113
551,52539,22360
552,114410,48473
553,39391,16837
554,96603,40875
555,68500,29101
556,29412,12574
557,73105,31029
558,114064,48332
559,30464,13034
560,24193,10369
561,129807,55102
562,126619,53757
563,57673,24489
564,128029,54359
565,5954,2613
566,88574,37503
567,84869,36014
568,33819,14496
569,52395,22303
570,86799,36820
571,86079,36530
572,85394,36236
573,63853,27105
574,89452,37861
575,102178,43236
576,51488,21937
577,43093,18399
578,51201,21813
579,6444,2846
580,75969,32214
581,27174,11623
582,32792,14051
583,13226,5707
584,78358,33225
585,48385,20630
586,99390,42056
587,12676,5471
588,43522,18592
589,19074,8167
590,32986,14139
591,68293,29002
592,90904,38464
593,21688,9293
594,55697,23682
595,95503,40420
596,98716,41795
597,62157,26405
598,123524,52414
599,66951,28428
600,23823,10213
601,41721,17818
602,56869,24173
603,98942,41878
604,109906,46533
605,68309,29009
606,93702,39654
607,61045,25909
608,87299,37005
609,77189,32702
610,5819,2544
611,96651,40895
612,26981,11551
613,103541,43806
614,115200,48825
615,123719,52504
616,21544,9234
617,113902,48266
618,126473,53691
619,20242,8671
620,12736,5498
621,129929,55142
622,60532,25698
623,38755,16570
624,788,337
625,61854,26273
626,36156,15466
627,101697,43039
628,10849,4701
629,88739,37579
630,114682,48588
631,28499,12188
632,93664,39640
633,93583,39606
634,49645,21153
635,6193,2724
636,98311,41619
637,76535,32452
638,81822,34720
639,74772,31721
640,92795,39286
641,4235,1849
642,55485,23591
643,106414,45032
644,78133,33134
645,111441,47190
646,116414,49337
647,35316,15129
648,77988,33069
649,85634,36345
650,54507,23169
651,59876,25415
652,98450,41686
653,29120,12444
654,31756,13588
655,108431,45916
656,94612,40048
657,91825,38879
658,120584,51141
659,46849,19970
660,70395,29896
661,26164,11191
662,74088,31430
663,37617,16107
664,107175,45373
665,25750,11029
666,83788,35570
667,7479,3279
668,122481,51933
669,99339,42035
670,112096,47488
671,27864,11908
672,71951,30552
673,116761,49489
674,58625,24893
675,51560,21969
676,29930,12807
677,103282,43688
678,122882,52112
679,96883,41008
680,81526,34596
681,90502,38291
682,27874,11913
683,7640,3340
684,109781,46483
685,18065,7766
686,28340,12115
687,55741,23705
688,48073,20475
689,22044,9435
690,17272,7422
691,40503,17288
692,66725,28336
693,31583,13516
694,123271,52286
695,32953,14126
696,45430,19392
697,81843,34732
698,89146,37751
699,45163,19289
700,115346,48892
701,57890,24584
702,19070,8164
703,74063,31416
704,74544,31632
705,68624,29162
706,26203,11206
707,99202,41979
708,24551,10508
709,53396,22704
710,75168,31881
711,54566,23200
712,21497,9214
713,53640,22807
714,46844,19968
715,29818,12759
716,113213,47987
717,51416,21907
718,54994,23386
719,113128,47957
720,103017,43581
721,36862,15771
722,19170,8213
723,82359,34954
724,36638,15674
725,108039,45744
726,103523,43793
727,41517,17729
728,15664,6743
729,59783,25375
730,68320,29015
731,67032,28465
732,53897,22919
733,6895,3036
734,20545,8814
735,70271,29838
736,101567,42979
737,115145,48804
738,8574,3701
739,1123,466
740,37110,15880
741,32641,13994
742,91601,38780
743,35771,15317
744,69917,29681
745,17066,7347
746,28331,12111
747,91796,38869
748,18018,7740
749,102279,43276
750,40553,17311
751,64918,27562
752,15443,6648
753,17648,7584
754,101751,43065
755,10185,4401
756,125594,53330
757,64387,27327
758,77322,32764
759,44815,19146
760,43868,18727
761,23671,10150
762,119095,50486
763,22059,9440
764,110472,46782
765,29886,12787
766,59220,25140
767,110406,46748
768,22824,9763
769,63364,26892
770,71126,30213
771,66217,28104
772,76647,32492
773,39424,16853
774,1795,775
775,30642,13102
776,12892,5554
777,36250,15506
778,95870,40555
779,5644,2461
780,23134,9905
781,51878,22102
782,76895,32587
783,104134,44046
784,8113,3522
785,56577,24055
786,116317,49294
787,72220,30657
788,102766,43481
789,39574,16913
790,79903,33871
791,106250,44959
792,10551,4565
793,60075,25508
794,85511,36279
795,80422,34095
796,79125,33531
797,72019,30578
798,44893,19177
799,75451,32003
800,43918,18745
801,125459,53276
802,77199,32708
803,14589,6283
804,95885,40564
805,93492,39560
806,9030,3905
807,61058,25917
808,42116,17990
809,36162,15469
810,113602,48144
811,126456,53683
812,97835,41402
813,33775,14482
814,24878,10658
815,81536,34601
816,115465,48948
817,46490,19811
818,69879,29666
819,25815,11060
820,129515,54970
821,80531,34152
822,11507,4978
823,21856,9370
824,87607,37129
825,35518,15214
826,89414,37846
827,7721,3375
828,104506,44213
829,38497,16480
830,94530,40017
831,118165,50094
832,84209,35733
833,33389,14321
834,77812,32985
835,43692,18656
836,39125,16727
837,38680,16544
838,85744,36389
839,80775,34273
840,106709,45160
841,87177,36953
842,111295,47136
843,95332,40350
844,29067,12416
845,46533,19832
846,64739,27483
847,82487,35007
848,43264,18479
849,78385,33239
850,120811,51235
851,98972,41895
852,126344,53640
853,105810,44774
854,64605,27425
855,24873,10655
856,116507,49381
857,24021,10293
858,89973,38074
859,3723,1631
860,106290,44975
861,74452,31588
862,61886,26284
863,53142,22595
864,101483,42950
865,39149,16743
866,18832,8075
867,112573,47725
868,118699,50319
869,118314,50162
870,10388,4494
871,30757,13155
872,62799,26658
873,122913,52127
874,50174,21396
875,68741,29204
876,87802,37198
877,99458,42085
878,60540,25702
879,87240,36983
880,108385,45897
881,97671,41336
882,61479,26107
883,54709,23260
884,311,135
885,42709,18244
886,61495,26113
887,64403,27338
888,73792,31308
889,103563,43811
890,11628,5024
891,97784,41378
892,58111,24680
893,9277,4005
894,76806,32552
895,124441,52826
896,40761,17407
897,117048,49611
898,8044,3499
899,107886,45675
900,22092,9455
901,116767,49491
902,75578,32063
903,61407,26075
904,6810,3000
905,47447,20224
906,26054,11157
907,2080,895
908,113977,48296
909,123731,52512
910,92304,39078
911,70120,29778
912,11269,4883
913,123170,52241
914,108568,45973
915,123338,52323
916,111089,47051
917,118815,50365
918,41666,17792
919,108016,45730
920,24864,10647
921,120474,51091
922,128684,54639
923,32028,13720
924,26568,11369
925,58349,24785
926,107029,45304
927,66790,28367
928,44766,19123
929,92702,39244
930,1218,512
931,25231,10795
932,17776,7636
933,68808,29232
934,57146,24278
935,120850,51254
936,112026,47457
937,43272,18484
938,75078,31843
939,58399,24806
940,54355,23116
941,27087,11594
942,59039,25063
943,39219,16775
944,27873,11912
945,52123,22196
946,21788,9337
947,21632,9270
948,21917,9386
949,53981,22959
950,89154,37756
951,110424,46758
952,68221,28975
953,75010,31814
954,41786,17842
955,116655,49441
956,52886,22498
957,65332,27743
958,43402,18542
959,58558,24868
960,103073,43604
961,61568,26142
962,79734,33795
963,39677,16956
964,92501,39154
965,79545,33719
966,4207,1835
967,72756,30886
968,13164,5678
969,48679,20753
970,80152,33968
971,112394,47644
972,62326,26471
973,59576,25290
974,130295,55311
975,121129,51358
976,32013,13712
977,60797,25805
978,32924,14113
979,21083,9042
980,3333,1464
981,88165,37341
982,100236,42428
983,6698,2952
984,53772,22867
985,110522,46802
986,2999,1308
987,102371,43315
988,35443,15179
989,129879,55126
990,79601,33739
991,121984,51732
992,99514,42106
993,95248,40317
994,105263,44543
995,94703,40083
996,60448,25655
997,92432,39129
998,36946,15807
999,94356,39939
1000,71401,30322
1001,58680,24914
1002,76828,32559
1003,49592,21135
1004,32328,13867
1005,128796,54674
1006,105027,44439
1007,46153,19687
1008,62118,26388
1009,100370,42483
1010,77696,32940
1011,47657,20310
1012,89596,37916
1013,66989,28445
1014,47931,20416
1015,103660,43847
1016,124379,52800
1017,61674,26194
1018,74231,31500
1019,42405,18118
1020,88692,37552
1021,85731,36381
1022,92388,39112
1023,98401,41660
1024,104472,44196
1025,1698,731
1026,80956,34355
1027,73498,31181
1028,45714,19501
1029,42715,18249
1030,59176,25125
1031,92876,39322
1032,115031,48754
1033,69386,29454
1034,126334,53635
1035,90949,38486
1036,44401,18956
1037,100429,42511
1038,119339,50586
1039,68124,28936
1040,104290,44117
1041,46868,19982
1042,55859,23745
1043,108343,45878
1044,23861,10230
1045,19989,8563
1046,101513,42957
1047,68564,29131
1048,41346,17650
1049,54960,23371
1050,45134,19272
1051,68807,29231
1052,94401,39960
1053,70855,30088
1054,40639,17351
1055,36183,15476
1056,25878,11083
1057,58951,25024
1058,24814,10628
1059,31389,13433
1060,109888,46525
1061,76301,32355
1062,18506,7948
1063,82145,34862
1064,111009,47017
1065,9779,4230
1066,114726,48613
1067,41742,17827
1068,68703,29190
1069,101928,43134
1070,100353,42478
1071,76675,32498
1072,16382,7045
1073,26562,11367
1074,14660,6315
1075,101305,42878
1076,17785,7641
1077,88732,37575
1078,120029,50892
1079,3490,1536
1080,63325,26876
1081,50731,21615
1082,45201,19311
1083,19933,8542
1084,40738,17398
1085,19955,8553
1086,107170,45371
1087,5858,2561
1088,114269,48418
1089,96027,40624
1090,103458,43758
1091,21895,9379
1092,30287,12961
1093,52767,22443
1094,13060,5630
1095,109404,46331
1096,25400,10871
1097,29319,12530
1098,28407,12145
1099,808,347
1100,64843,27525
1101,52846,22481
1102,102520,43380
1103,71071,30189
1104,105540,44657
1105,34495,14771
1106,104891,44381
1107,56298,23929
1108,13843,5976
1109,18828,8073
1110,58171,24699
1111,8576,3703
1112,16614,7151
1113,90866,38450
1114,13629,5879
1115,78212,33169
1116,81330,34501
1117,114148,48370
1118,30540,13061
1119,9335,4035
1120,9986,4315
1121,93894,39728
1122,67384,28617
1123,128255,54457
1124,68062,28912
1125,121531,51545
1126,56657,24085
1127,17119,7370
1128,58393,24804
1129,118915,50412
1130,55048,23410
1131,107512,45524
1132,80694,34229
1133,20216,8656
1134,70533,29958
1135,124063,52665
1136,85672,36359
1137,67102,28489
1138,80731,34247
1139,30427,13016
1140,47501,20247
1141,120159,50949
1142,36633,15671
1143,12327,5313
1144,108891,46112
1145,116958,49573
1146,3360,1480
1147,48653,20745
1148,1460,631
1149,31234,13366
1150,39507,16886
1151,44459,18988
1152,123818,52554
1153,2701,1166
1154,59206,25134
1155,23533,10073
1156,97995,41480
1157,82086,34834
1158,34602,14820
1159,90640,38353
1160,40809,17429
1161,64194,27250
1162,97109,41102
1163,23562,10086
1164,90584,38333
1165,121865,51678
1166,55936,23783
1167,110954,46993
1168,51171,21799
1169,108121,45773
1170,120371,51037
1171,11897,5136
1172,30151,12902
1173,2862,1237
1174,72966,30973
1175,6129,2689
1176,13648,5889
1177,38880,16613
1178,44059,18807
1179,60850,25832
1180,47509,20252
1181,39,17
1182,126190,53583
1183,127967,54336
1184,118416,50208
1185,1298,551
1186,41853,17872
1187,89735,37972
1188,46161,19690
1189,100557,42575
1190,109596,46408
1191,100536,42562
1192,65500,27816
1193,30565,13073
1194,30846,13195
1195,115065,48765
1196,39934,17067
1197,109116,46210
1198,19402,8309
1199,72147,30631
1200,107636,45574
1201,8579,3705
1202,85892,36460
1203,60087,25514
1204,97323,41190
1205,36166,15471
1206,109470,46352
1207,24501,10486
1208,14230,6132
1209,80575,34173
1210,123801,52544
1211,77207,32713
1212,113965,48290
1213,43010,18364
1214,86631,36748
1215,64461,27369
1216,104607,44255
1217,87870,37224
1218,80954,34354
1219,19381,8302
1220,68512,29106
1221,56527,24034
1222,110988,47010
1223,115839,49113
1224,2261,976
1225,44868,19165
1226,102881,43529
1227,31751,13586
1228,31280,13385
1229,128737,54653
1230,3890,1705
1231,9086,3931
1232,125661,53357
1233,59405,25221
1234,122660,52014
1235,13573,5852
1236,53691,22829
1237,55279,23500
1238,54172,23035
1239,69170,29377
1240,80781,34275
1241,27307,11672
1242,90202,38170
1243,72141,30628
1244,59964,25459
1245,130281,55302
1246,104205,44080
1247,23302,9974
1248,40634,17347
1249,4636,2032
1250,89602,37919
1251,62865,26690
1252,20103,8609
1253,18512,7950
1254,27757,11864
1255,124193,52726
1256,122161,51808
1257,66445,28206
1258,82096,34839
1259,88572,37501
1260,102868,43519
1261,123802,52545
1262,125822,53418
1263,95239,40313
1264,60756,25790
1265,48589,20718
1266,117445,49775
1267,65557,27839
1268,52335,22283
1269,57887,24582
1270,91010,38516
1271,65225,27703
1272,50358,21475
1273,44046,18802
1274,34121,14611
1275,79887,33864
1276,59171,25122
1277,17154,7382
1278,23597,10109
1279,47151,20116
1280,74323,31537
1281,29467,12598
1282,84230,35742
1283,68896,29265
1284,8802,3801
1285,94616,40049
1286,65476,27807
1287,19342,8289
1288,20740,8900
1289,73592,31221
1290,20611,8840
1291,54880,23336
1292,4709,2060
1293,74267,31515
1294,40831,17443
1295,108462,45929
1296,101966,43150
1297,117069,49617
1298,49804,21234
1299,33133,14213
1300,58523,24852
1301,92946,39349
1302,36059,15434
1303,68177,28959
1304,59298,25169
1305,119226,50543
1306,42496,18158
1307,89092,37731
1308,13413,5780
1309,19268,8253
1310,24882,10661
1311,5105,2236
1312,102842,43509
1313,105914,44823
1314,35279,15115
1315,124861,53011
1316,78062,33103
1317,82312,34933
1318,95321,40346
1319,20053,8583
1320,52755,22439
1321,123779,52533
1322,1368,586
1323,77278,32744
1324,44502,19006
1325,43988,18778
1326,46766,19929
1327,122685,52024
1328,23478,10053
1329,15183,6541
1330,31405,13439
1331,27387,11704
1332,129744,55072
1333,24099,10324
1334,120549,51122
1335,56525,24033
1336,26016,11142
1337,77846,33005
1338,70583,29980
1339,75452,32004
1340,11061,4802
1341,66524,28245
1342,67874,28837
1343,90985,38501
1344,112663,47764
1345,110704,46887
1346,12130,5233
1347,114847,48666
1348,65898,27976
1349,73479,31171
1350,101666,43022
1351,84678,35929
1352,90849,38442
1353,112202,47545
1354,99330,42032
1355,2915,1266
1356,108226,45823
1357,85167,36132
1358,18451,7927
1359,86839,36834
1360,76533,32451
1361,41400,17677
1362,65356,27753
1363,54562,23198
1364,114598,48553
1365,21217,9102
1366,80263,34018
1367,31627,13536
1368,106940,45263
1369,125312,53210
1370,8952,3870
1371,91068,38543
1372,53398,22705
1373,37719,16147
1374,72642,30838
1375,5864,2565
1376,16490,7095
1377,53544,22775
1378,6901,3040
1379,127097,53973
1380,84663,35924
1381,73566,31214
1382,119442,50631
1383,44727,19106
1384,110579,46825
1385,113513,48105
1386,60093,25518
1387,111525,47225
1388,107858,45661
1389,67597,28708
1390,97908,41436
1391,6708,2954
1392,29922,12804
1393,31566,13508
1394,3757,1645
1395,51956,22129
1396,94416,39968
1397,10597,4586
1398,50993,21724
1399,38907,16627
1400,56682,24097
1401,7499,3289
1402,5489,2384
1403,106638,45127
1404,80127,33959
1405,98027,41491
1406,89954,38063
1407,41019,17521
1408,70282,29843
1409,129228,54859
1410,34073,14593
1411,107620,45568
1412,96657,40899
1413,113440,48080
1414,33511,14373
1415,51785,22067
1416,74198,31488
1417,90853,38444
1418,53617,22798
1419,23951,10265
1420,81778,34700
1421,6124,2685
1422,63567,26972
1423,28918,12352
1424,92789,39281
1425,29419,12579
1426,75460,32007
1427,97289,41173
1428,68841,29244
1429,63931,27140
1430,104336,44133
1431,44227,18878
1432,31787,13604
1433,77726,32954
1434,22237,9520
1435,67582,28700
1436,24724,10587
1437,38684,16546
1438,99830,42245
1439,82772,35130
1440,24275,10391
1441,13110,5656
1442,67155,28515
1443,109510,46367
1444,68981,29302
1445,82158,34867
1446,88353,37416
1447,124201,52730
1448,99073,41931
1449,98813,41829
1450,84834,36000
1451,4598,2014
1452,24202,10373
1453,5222,2287
1454,95197,40300
1455,8823,3812
1456,86719,36782
1457,76388,32391
1458,104247,44098
1459,114318,48436
1460,112144,47514
1461,94475,39989
1462,20458,8773
1463,62125,26391
1464,117440,49770
1465,109410,46335
1466,1200,503
1467,38272,16385
1468,97151,41123
1469,13892,5994
1470,97119,41107
1471,40961,17493
1472,18033,7748
1473,13389,5770
1474,91455,38729
1475,65489,27812
1476,94346,39934
1477,116036,49176
1478,44638,19068
1479,110897,46967
1480,36110,15448
1481,58076,24664
1482,3525,1555
1483,84325,35783
1484,48095,20490
1485,48185,20535
1486,21228,9107
1487,17349,7449
1488,25964,11124
1489,102093,43197
1490,113955,48286
1491,121515,51535
1492,77180,32699
1493,27892,11922
1494,32540,13953
1495,99352,42040
1496,14304,6166
1497,109691,46449
1498,114326,48439
1499,62712,26628
1500,7516,3299
1501,373,150
1502,126212,53590
1503,62320,26469
1504,102755,43476
1505,46645,19876
1506,126828,53862
1507,8851,3828
1508,80978,34364
1509,2693,1163
1510,62547,26556
1511,130273,55295
1512,110265,46680
1513,25466,10898
1514,65895,27974
1515,27974,11962
1516,90816,38429
1517,58832,24978
1518,107178,45374
1519,27511,11760
1520,81984,34792
1521,113014,47911
1522,125227,53166
1523,97971,41469
1524,74097,31436
1525,124027,52644
1526,89055,37721
1527,91510,38747
1528,19165,8209
1529,6201,2727
1530,91387,38696
1531,26428,11301
1532,68567,29133
1533,100439,42514
1534,82129,34853
1535,126305,53625
1536,66373,28175
1537,128152,54415
1538,26224,11214
1539,51135,21784
1540,114773,48628
1541,115824,49107
1542,104071,44013
1543,12315,5309
1544,61425,26083
1545,95002,40212
1546,38238,16371
1547,102754,43475
1548,113116,47952
1549,113201,47983
1550,48283,20582
1551,22261,9529
1552,57421,24388
1553,119112,50498
1554,122648,52010
1555,41931,17904
1556,110608,46840
1557,41254,17610
1558,102031,43175
1559,81659,34651
1560,39822,17016
1561,15965,6872
1562,3544,1563
1563,102670,43435
1564,94982,40203
1565,18373,7896
1566,46646,19877
1567,98251,41588
1568,114338,48443
1569,92612,39208
1570,113620,48154
1571,3412,1505
1572,106736,45172
1573,126410,53671
1574,31267,13382
1575,107914,45690
1576,124471,52838
1577,54605,23218
1578,80065,33935
1579,44476,18996
1580,4342,1900
1581,87666,37149
1582,82363,34955
1583,10408,4505
1584,21555,9241
1585,85520,36286
1586,42499,18159
1587,31037,13290
1588,64798,27504
1589,114293,48428
1590,60052,25496
1591,29487,12606
1592,59747,25359
1593,57830,24558
1594,9199,3978
1595,22417,9591
1596,69775,29624
1597,32868,14089
1598,78810,33400
1599,8829,3815
1600,51335,21865
1601,29496,12610
1602,128438,54531
1603,85037,36081
1604,101934,43136
1605,129460,54946
1606,93666,39641
1607,124716,52951
1608,5848,2557
1609,73084,31019
1610,77589,32887
1611,8582,3708
1612,123658,52478
1613,27136,11610
1614,96545,40848
1615,43368,18522
1616,23462,10045
1617,10227,4418
1618,5789,2527
1619,75945,32206
1620,42008,17938
1621,16663,7169
1622,120835,51245
1623,50444,21504
1624,9042,3910
1625,97483,41251
1626,40818,17435
1627,39817,17014
1628,24008,10287
1629,124245,52747
1630,119392,50610
1631,70968,30143
1632,75397,31977
1633,62420,26514
1634,103466,43765
1635,57816,24553
1636,16944,7292
1637,107342,45447
1638,69405,29464
1639,60332,25609
1640,97047,41076
1641,35424,15172
1642,70646,30001
1643,108599,45988
1644,28436,12164
1645,51639,22001
1646,110587,46831
1647,102434,43341
1648,77411,32799
1649,33282,14273
1650,41953,17917
1651,92966,39358
1652,107471,45505
1653,128501,54559
1654,1237,520
1655,55766,23716
1656,47121,20103
1657,80715,34239
1658,14310,6170
1659,53009,22549
1660,49035,20902
1661,123088,52207
1662,107649,45578
1663,56215,23897
1664,127463,54117
1665,109666,46436
1666,59523,25268
1667,3195,1397
1668,88224,37362
1669,69530,29521
1670,95572,40447
1671,12290,5300
1672,59483,25253
1673,37754,16158
1674,6829,3008
1675,43354,18517
1676,97022,41065
1677,55290,23505
1678,46286,19731
1679,16123,6940
1680,31032,13287
1681,61736,26222
1682,52902,22505
1683,90775,38410
1684,17171,7386
1685,114187,48385
1686,65386,27762
1687,92035,38968
1688,129946,55149
1689,41712,17814
1690,42941,18338
1691,3240,1417
1692,2770,1197
1693,91234,38613
1694,84298,35771
1695,62020,26346
1696,52274,22255
1697,15382,6626
1698,2083,897
1699,98131,41542
1700,67441,28642
1701,35719,15297
1702,4732,2074
1703,124254,52752
1704,39651,16944
1705,93348,39499
1706,108620,45997
1707,18742,8042
1708,31075,13300
1709,103501,43779
1710,113911,48270
1711,97427,41227
1712,129665,55033
1713,68102,28928
1714,69074,29339
1715,37445,16029
1716,66908,28415
1717,34917,14959
1718,110053,46601
1719,59861,25409
1720,121098,51345
1721,97055,41080
1722,23658,10141
1723,46030,19637
1724,49536,21111
1725,43917,18744
1726,3250,1421
1727,4428,1943
1728,4133,1812
1729,205,96
1730,13611,5870
1731,19928,8539
1732,20787,8922
1733,103118,43623
1734,10544,4560
1735,33565,14399
1736,76253,32342
1737,80881,34319
1738,111422,47178
1739,45595,19453
1740,18310,7866
1741,129207,54844
1742,11779,5090
1743,53146,22597
1744,57854,24567
1745,110675,46876
1746,63081,26775
1747,39441,16857
1748,3308,1450
1749,17208,7401
1750,119627,50719
1751,112294,47591
1752,92738,39262
1753,8896,3848
1754,83463,35436
1755,23697,10158
1756,117142,49650
1757,39666,16952
1758,56008,23810
1759,95541,40436
1760,83965,35648
1761,77139,32685
1762,91194,38594
1763,49422,21065
1764,108906,46118
1765,126639,53766
1766,80339,34056
1767,125136,53125
1768,100816,42686
1769,104089,44025
1770,58311,24766
1771,113604,48145
1772,129374,54911
1773,126905,53894
1774,3096,1359
1775,51042,21747
1776,86353,36643
1777,10531,4552
1778,118812,50363
1779,44145,18847
1780,4422,1940
1781,37614,16104
1782,80370,34070
1783,40513,17294
1784,33175,14229
1785,82725,35109
1786,50670,21595
1787,14191,6117
1788,19303,8270
1789,34787,14900
1790,36575,15646
1791,45067,19243
1792,29380,12557
1793,25079,10743
1794,2748,1186
1795,61297,26024
1796,81107,34410
1797,107134,45355
1798,31139,13322
1799,4449,1955
1800,52559,22372
1801,9564,4140
1802,104633,44269
1803,111069,47041
1804,12819,5526
1805,26735,11445
1806,87493,37075
1807,37738,16153
1808,87617,37132
1809,122009,51744
1810,117454,49780
1811,100767,42665
1812,85985,36493
1813,107532,45530
1814,17854,7671
1815,44256,18889
1816,102938,43552
1817,13597,5861
1818,49832,21247
1819,7278,3197
1820,32425,13909
1821,100601,42604
1822,83448,35428
1823,19470,8335
1824,74560,31637
1825,98277,41600
1826,127697,54228
1827,121056,51331
1828,108919,46125
1829,97425,41226
1830,127713,54235
1831,113600,48143
1832,56727,24116
1833,51375,21883
1834,67519,28672
1835,44217,18873
1836,81287,34482
1837,32519,13944
1838,2316,997
1839,27901,11925
1840,54835,23312
1841,100348,42474
1842,36579,15647
1843,83565,35474
1844,28927,12357
1845,118006,50018
1846,59032,25061
1847,72512,30780
1848,13200,5695
1849,85277,36186
1850,60831,25826
1851,50858,21669
1852,123399,52356
1853,41621,17773
1854,75184,31890
1855,93038,39386
1856,52000,22142
1857,8365,3621
1858,69568,29536
1859,18280,7851
1860,115825,49108
1861,104202,44077
1862,46534,19833
1863,73033,30995
1864,116921,49559
1865,100480,42532
1866,64999,27598
1867,90693,38371
1868,106657,45135
1869,20816,8932
1870,51725,22043
1871,9576,4146
1872,74066,31417
1873,39861,17036
1874,77081,32658
1875,14625,6295
1876,61727,26218
1877,31557,13504
1878,20895,8972
1879,107142,45359
1880,103384,43729
1881,96712,40930
1882,90948,38485
1883,6076,2660
1884,19552,8371
1885,90142,38143
1886,55170,23455
1887,1331,570
1888,113431,48077
1889,93821,39699
1890,2116,911
1891,96609,40877
1892,19657,8427
1893,124783,52975
1894,67666,28738
1895,92265,39063
1896,33576,14406
1897,15557,6698
1898,70554,29967
1899,51276,21843
1900,77186,32700
1901,72470,30764
1902,106369,45009
1903,129607,55007
1904,87743,37175
1905,62791,26653
1906,13609,5868
1907,129672,55036
1908,100508,42550
1909,78441,33264
1910,8202,3559
1911,17482,7514
1912,23066,9877
1913,38273,16386
1914,80691,34228
1915,90417,38255
1916,38062,16295
1917,97343,41199
1918,126782,53839
1919,45999,19623
1920,47034,20059
1921,53428,22720
1922,63424,26914
1923,1859,796
1924,32999,14144
1925,126154,53565
1926,1967,846
1927,79776,33815
1928,125880,53442
1929,123282,52293
1930,20465,8776
1931,12386,5340
1932,47038,20062
1933,86985,36881
1934,80824,34291
1935,116750,49483
1936,94225,39877
1937,25579,10943
1938,74566,31639
1939,30604,13087
1940,70868,30097
1941,29034,12402
1942,13442,5794
1943,22433,9597
1944,100589,42597
1945,128803,54678
1946,17033,7331
1947,70394,29895
1948,70118,29776
1949,46662,19886
1950,14868,6406
1951,126540,53714
1952,94859,40144
1953,62818,26668
1954,17669,7592
1955,46086,19657
1956,26925,11527
1957,117757,49913
1958,63650,27014
1959,112316,47601
1960,41312,17636
1961,125325,53215
1962,27748,11861
1963,27418,11720
1964,29118,12442
1965,25947,11114
1966,22889,9794
1967,103366,43722
1968,11266,4881
1969,27993,11969
1970,86032,36514
1971,65190,27686
1972,52881,22494
1973,6853,3020
1974,111983,47439
1975,16105,6931
1976,23530,10071
1977,27553,11771
1978,90700,38376
1979,89292,37804
1980,38465,16466
1981,127138,53988
1982,18273,7848
1983,71062,30182
1984,5582,2425
1985,39066,16692
1986,95670,40481
1987,15650,6738
1988,95048,40235
1989,121383,51470
1990,43961,18763
1991,110852,46945
1992,109268,46280
1993,84800,35985
1994,40043,17106
1995,123286,52296
1996,72364,30719
1997,124114,52688
1998,75784,32141
1999,117619,49852
2000,80378,34074
2001,34924,14965
2002,70032,29738
2003,68493,29097
2004,84781,35977
2005,27115,11602
2006,30048,12861
2007,47489,20242
2008,98426,41677
2009,78651,33338
2010,109586,46402
2011,94956,40190
2012,14223,6130
2013,72731,30876
2014,43791,18693
2015,54286,23084
2016,24475,10473
2017,82159,34868
2018,55479,23589
2019,46440,19795
2020,82019,34808
2021,109924,46544
2022,63097,26784
2023,81551,34606
2024,114191,48387
2025,121364,51462
2026,38689,16549
2027,15161,6534
2028,119882,50832
2029,1287,543
2030,71859,30508
2031,54314,23096
2032,81954,34782
2033,101211,42848
2034,48233,20561
2035,112642,47754
2036,94631,40056
2037,49887,21272
2038,92832,39304
2039,52260,22250
2040,27727,11851
2041,1961,840
2042,60662,25752
2043,64073,27199
2044,81773,34697
2045,70936,30126
2046,22079,9449
2047,84371,35802
2048,11028,4784
2049,26005,11137
2050,102533,43385
2051,86086,36534
2052,49705,21187
2053,19625,8411
2054,42853,18297
2055,33799,14489
2056,14391,6203
2057,13069,5633
2058,36186,15479
2059,52958,22530
2060,89225,37784
2061,8620,3725
2062,114079,48341
2063,77126,32680
2064,41797,17847
2065,27000,11560
2066,76896,32588
2067,100708,42647
2068,129841,55113
2069,41360,17655
2070,107410,45476
2071,101535,42964
2072,79257,33588
2073,117009,49594
2074,106818,45212
2075,123239,52274
2076,67169,28522
2077,16567,7131
2078,115123,48790
2079,120700,51189
2080,92396,39115
2081,115589,49004
2082,74220,31496
2083,127916,54315
2084,26396,11289
2085,71324,30296
2086,45996,19622
2087,127786,54264
2088,65744,27913
2089,100565,42581
2090,67879,28841
2091,92872,39321
2092,128491,54554
2093,52139,22204
2094,124111,52685
2095,101728,43058
2096,96808,40969
2097,48953,20870
2098,42385,18106
2099,6,1
2100,42379,18103
2101,27883,11918
2102,13239,5712
2103,55917,23773
2104,67673,28740
2105,120320,51019
2106,92707,39247
2107,41937,17908
2108,83239,35333
2109,51414,21905
2110,49902,21279
2111,81581,34614
2112,74421,31576
2113,42613,18202
2114,96042,40633
2115,114268,48417
2116,58568,24873
2117,75007,31811
2118,130293,55309
2119,89690,37955
2120,100272,42441
2121,56415,23985
2122,87910,37234
2123,79698,33784
2124,18999,8136
2125,31149,13327
2126,119453,50635
2127,84313,35776
2128,49836,21249
2129,96465,40815
2130,42996,18360
2131,99536,42116
2132,91646,38808
2133,103997,43983
2134,96394,40776
2135,3296,1447
2136,26095,11167
2137,1092,454
2138,7860,3424
2139,126646,53770
2140,31803,13611
2141,36452,15586
2142,80853,34302
2143,2117,912
2144,124951,53050
2145,62559,26563
2146,118365,50186
2147,88850,37627
2148,77142,32688
2149,50930,21700
2150,38222,16367
2151,17067,7348
2152,112740,47795
2153,91343,38670
2154,80762,34264
2155,18790,8061
2156,63337,26881
2157,32159,13789
2158,62370,26489
2159,11042,4793
2160,4339,1897
2161,91259,38626
2162,50198,21406
2163,62419,26513
2164,112518,47695
2165,84362,35796
2166,73118,31035
2167,118449,50227
2168,102781,43485
2169,77263,32737
2170,59319,25180
2171,55378,23540
2172,117017,49598
2173,128041,54365
2174,15612,6725
2175,76222,32331
2176,119676,50743
2177,38128,16325
2178,55047,23409
2179,36177,15473
2180,113830,48234
2181,87783,37190
2182,40834,17446
2183,51092,21763
2184,16444,7077
2185,94677,40072
2186,47384,20196
2187,22911,9807
2188,73779,31303
2189,84166,35715
2190,96449,40805
2191,32122,13768
2192,86366,36648
2193,26913,11522
2194,43947,18755
2195,59225,25142
2196,102747,43471
2197,16693,7181
2198,55921,23777
2199,27505,11756
2200,82033,34816
2201,121228,51399
2202,87045,36903
2203,24080,10314
2204,27819,11889
2205,26473,11320
2206,124886,53022
2207,107151,45363
2208,66264,28125
2209,97475,41247
2210,70350,29872
2211,120122,50932
2212,97639,41321
2213,65292,27728
2214,96171,40681
2215,108523,45952
2216,38621,16524
2217,122576,51978
2218,84446,35838
2219,18633,7997
2220,84136,35705
2221,48087,20485
2222,10968,4755
2223,90120,38139
2224,108595,45985
2225,46587,19854
2226,51307,21852
2227,62457,26522
2228,66927,28421
2229,10747,4655
2230,119801,50797
2231,3918,1719
2232,122313,51861
2233,77983,33067
2234,23303,9975
2235,49990,21325
2236,102090,43196
2237,15835,6816
2238,125075,53106
2239,25217,10789
2240,1152,480
2241,53774,22869
2242,121168,51375
2243,44370,18945
2244,53716,22841
2245,130024,55182
2246,54673,23242
2247,123333,52319
2248,28811,12309
2249,15118,6516
2250,7651,3346
2251,17202,7399
2252,128444,54536
2253,20753,8907
2254,16314,7016
2255,28654,12244
2256,33631,14433
2257,11012,4778
2258,65276,27721
2259,22179,9497
2260,87128,36936
2261,78112,33125
2262,10478,4533
2263,52741,22436
2264,91634,38803
2265,5526,2398
2266,58237,24734
2267,42172,18011
2268,73405,31145
2269,57316,24342
2270,20126,8617
2271,67683,28743
2272,15494,6668
2273,53719,22843
2274,93871,39719
2275,110290,46695
2276,83733,35541
2277,75534,32041
2278,62987,26745
2279,50078,21362
2280,16898,7272
2281,6741,2969
2282,122953,52147
2283,78319,33209
2284,55633,23656
2285,62251,26438
2286,62114,26385
2287,90323,38215
2288,23548,10079
2289,13171,5679
2290,123650,52473
2291,90240,38183
2292,21545,9235
2293,64678,27452
2294,1932,828
2295,62979,26741
2296,4057,1785
2297,24998,10709
2298,19125,8192
2299,29015,12395
2300,18426,7915
2301,72314,30696
2302,1613,692
2303,36997,15826
2304,8764,3782
2305,27565,11778
2306,114021,48315
2307,18519,7953
2308,16532,7110
2309,55937,23784
2310,117729,49898
2311,71000,30159
2312,11762,5083
2313,2123,915
2314,113873,48252
2315,4411,1937
2316,29422,12580
2317,112042,47466
2318,105891,44810
2319,60681,25757
2320,21945,9397
2321,10415,4510
2322,10902,4726
2323,54205,23051
2324,98642,41762
2325,126157,53567
2326,106975,45278
2327,10043,4345
2328,5788,2526
2329,20237,8669
2330,104490,44208
2331,13936,6011
2332,79581,33735
2333,21624,9266
2334,19490,8346
2335,27690,11836
2336,58955,25027
2337,22249,9524
2338,28066,12005
2339,39847,17032
2340,85507,36277
2341,44406,18960
2342,88657,37539
2343,2723,1175
2344,60440,25651
2345,111638,47273
2346,16439,7075
2347,81414,34542
2348,55389,23547
2349,123308,52307
2350,118779,50346
2351,24519,10494
2352,87204,36969
2353,944,395
2354,75988,32223
2355,50205,21410
2356,104204,44079
2357,125397,53250
2358,20906,8978
2359,7302,3207
2360,58615,24889
2361,120961,51294
2362,101529,42960
2363,73506,31185
2364,74529,31625
2365,103797,43901
2366,90154,38150
2367,111713,47306
2368,32400,13897
2369,5896,2582
2370,126234,53598
2371,58874,24995
2372,109714,46458
2373,64631,27435
2374,47595,20284
2375,117678,49878
2376,99787,42223
2377,119607,50707
2378,126715,53806
2379,119376,50604
2380,5295,2309
2381,95030,40227
2382,30016,12846
2383,37975,16263
2384,78942,33463
2385,10254,4434
2386,48861,20825
2387,43830,18710
2388,79464,33680
2389,130074,55204
2390,89397,37841
2391,47911,20408
2392,122652,52013
2393,103474,43767
2394,42088,17978
2395,85007,36071
2396,123825,52559
2397,99946,42295
2398,58266,24747
2399,31375,13429
2400,42881,18314
2401,65686,27887
2402,4438,1949
2403,128034,54361
2404,34820,14916
2405,112390,47642
2406,111433,47185
2407,65997,28017
2408,40605,17331
2409,22691,9707
2410,42724,18253
2411,71067,30185
2412,74978,31794
2413,41788,17843
2414,87931,37240
2415,22769,9740
2416,72694,30865
2417,79977,33900
2418,38245,16373
2419,38086,16308
2420,44346,18936
2421,42032,17948
2422,14200,6122
2423,71637,30419
2424,126660,53777
2425,36812,15743
2426,116159,49230
2427,4285,1874
2428,12481,5378
2429,74081,31424
2430,1847,790
2431,59583,25293
2432,18254,7841
2433,130269,55293
2434,37659,16123
2435,78086,33113
2436,108124,45774
2437,54837,23313
2438,34162,14625
2439,30954,13247
2440,127599,54173
2441,51385,21889
2442,97911,41438
2443,25125,10759
2444,93370,39508
2445,102463,43353
2446,111131,47072
2447,104699,44304
2448,94180,39853
2449,64871,27543
2450,19810,8494
2451,104061,44009
2452,28103,12023
2453,67771,28790
2454,100283,42447
2455,61657,26183
2456,88214,37359
2457,17010,7323
2458,67210,28539
2459,101385,42910
2460,19169,8212
2461,14423,6215
2462,32757,14038
2463,30531,13057
2464,90815,38428
2465,41544,17743
2466,113905,48267
2467,32062,13741
2468,94156,39838
2469,54419,23136
2470,21730,9312
2471,56609,24064
2472,49005,20889
2473,45101,19256
2474,95726,40499
2475,66981,28442
2476,5901,2584
2477,5179,2265
2478,52330,22280
2479,83411,35412
2480,53256,22638
2481,52653,22405
2482,99909,42281
2483,33355,14304
2484,3285,1442
2485,47180,20128
2486,90002,38089
2487,75768,32134
2488,26289,11241
2489,48023,20452
2490,50708,21610
2491,130167,55245
2492,47971,20433
2493,16588,7140
2494,23559,10084
2495,55662,23665
2496,114837,48662
2497,123181,52247
2498,49132,20946
2499,9716,4207
2500,4767,2088
2501,60571,25716
2502,91375,38690
2503,22134,9477
2504,17957,7715
2505,89021,37702
2506,61933,26309
2507,68921,29275
2508,51163,21796
2509,94051,39782
2510,37796,16179
2511,26352,11271
2512,50031,21343
2513,26051,11156
2514,23244,9947
2515,73530,31192
2516,29353,12545
2517,38835,16600
2518,56186,23883
2519,64386,27326
2520,94055,39785
2521,13924,6004
2522,38614,16521
2523,56287,23925
2524,126750,53823
2525,93989,39759
2526,26616,11395
2527,16594,7144
2528,47181,20129
2529,130045,55189
2530,66835,28386
2531,83738,35544
2532,107773,45626
2533,20490,8789
2534,26847,11489
2535,65515,27823
2536,99021,41909
2537,93378,39512
2538,28711,12265
2539,100379,42489
2540,63721,27047
2541,97952,41459
2542,57557,24456
2543,177,82
2544,64218,27258
2545,82059,34825
2546,14603,6287
2547,81833,34727
2548,4557,1995
2549,19829,8503
2550,71901,30529
2551,78300,33204
2552,65183,27681
2553,47240,20147
2554,117006,49593
2555,48493,20676
2556,52279,22257
2557,5120,2242
2558,70727,30030
2559,1565,676
2560,7366,3238
2561,64417,27347
2562,112069,47475
2563,46152,19686
2564,118384,50197
2565,90423,38256
2566,100228,42425
2567,73463,31166
2568,55693,23680
2569,117297,49710
2570,112440,47667
2571,2980,1294
2572,119547,50678
2573,2436,1056
2574,66991,28447
2575,79000,33483
2576,78256,33188
2577,18225,7835
2578,89355,37827
2579,86335,36634
2580,87437,37057
2581,14083,6067
2582,104207,44081
2583,119759,50780
2584,45701,19496
2585,75274,31925
2586,114693,48594
2587,108583,45979
2588,5022,2203
2589,70201,29809
2590,28421,12154
2591,47149,20115
2592,14768,6363
2593,79835,33840
2594,93094,39405
2595,2467,1071
2596,9394,4061
2597,101081,42789
2598,29555,12631
2599,94466,39984
2600,23768,10187
2601,26370,11282
2602,65285,27725
2603,59719,25348
2604,63936,27143
2605,114909,48695
2606,23978,10275
2607,126736,53818
2608,130218,55266
2609,120132,50936
2610,39653,16946
2611,126545,53716
2612,23544,10078
2613,67022,28460
2614,56693,24102
2615,35991,15407
2616,10389,4495
2617,108673,46016
2618,21689,9294
2619,59670,25325
2620,2258,974
2621,31449,13458
2622,15306,6598
2623,68260,28988
2624,119119,50503
2625,86103,36542
2626,111170,47084
2627,100024,42326
2628,77469,32830
2629,34439,14748
2630,29813,12757
2631,78422,33252
2632,39762,16991
2633,45109,19260
2634,32673,14006
2635,108208,45813
2636,84263,35753
2637,28344,12118
2638,112376,47637
2639,48358,20617
2640,104381,44152
2641,28530,12197
2642,47022,20055
2643,129618,55010
2644,118796,50355
2645,74670,31673
2646,112527,47700
2647,122374,51886
2648,91147,38575
2649,56478,24013
2650,43642,18638
2651,31999,13705
2652,59026,25058
2653,123084,52206
2654,77454,32822
2655,128906,54724
2656,64426,27351
2657,66211,28102
2658,85468,36263
2659,85630,36341
2660,104299,44121
2661,33874,14516
2662,91583,38773
2663,113438,48079
2664,54788,23291
2665,110771,46917
2666,25749,11028
2667,6389,2818
2668,119268,50556
2669,34912,14957
2670,27447,11732
2671,110539,46810
2672,101256,42868
2673,59330,25186
2674,12591,5434
2675,55509,23600
2676,9092,3935
2677,110355,46724
2678,79847,33845
2679,28809,12308
2680,127631,54190
2681,59678,25330
2682,107301,45430
2683,126376,53654
2684,50610,21570
2685,14777,6365
2686,77285,32747
2687,44770,19125
2688,99286,42011
2689,91065,38542
2690,94641,40060
2691,88064,37295
2692,26347,11269
2693,108990,46157
2694,120323,51021
2695,107569,45547
2696,106284,44973
2697,90880,38455
2698,41448,17696
2699,105165,44494
2700,45045,19232
2701,128980,54749
2702,34154,14621
2703,119361,50599
2704,89721,37964
2705,5824,2546
2706,18866,8087
2707,42861,18301
2708,17015,7325
2709,102824,43502
2710,71730,30457
2711,31393,13435
2712,21634,9271
2713,6621,2921
2714,15905,6846
2715,104843,44363
2716,125176,53140
2717,60972,25877
2718,94221,39874
2719,96556,40853
2720,95189,40297
2721,77419,32804
2722,16593,7143
2723,36824,15752
2724,80850,34301
2725,94017,39768
2726,98310,41618
2727,98949,41881
2728,14378,6198
2729,26339,11264
2730,94453,39980
2731,115334,48885
2732,93035,39385
2733,64577,27413
2734,86530,36709
2735,75588,32065
2736,124299,52771
2737,48417,20650
2738,107189,45380
2739,124399,52808
2740,80701,34233
2741,83218,35316
2742,44412,18963
2743,75373,31971
2744,64995,27595
2745,111735,47320
2746,29166,12464
2747,86172,36569
2748,123905,52593
2749,1616,694
2750,111496,47213
2751,97108,41101
2752,122389,51893
2753,43534,18597
2754,47525,20261
2755,117680,49880
2756,7329,3220
2757,75497,32021
2758,125692,53369
2759,118704,50321
2760,23078,9880
2761,13433,5788
2762,126836,53865
2763,106879,45236
2764,107287,45426
2765,114501,48510
2766,101026,42766
2767,64949,27575
2768,96079,40646
2769,69819,29643
2770,33935,14546
2771,118123,50074
2772,43226,18456
2773,43800,18699
2774,110911,46973
2775,114669,48581
2776,87467,37067
2777,30394,13002
2778,127902,54305
2779,7243,3183
2780,117797,49932
2781,88146,37335
2782,80901,34329
2783,83648,35507
2784,55473,23587
2785,11097,4813
2786,38087,16309
2787,50739,21620
2788,70140,29785
2789,18158,7803
2790,2991,1303
2791,123324,52314
2792,9621,4164
2793,31343,13411
2794,7196,3164
2795,28573,12215
2796,16264,6990
2797,66347,28163
2798,41902,17890
2799,73134,31041
2800,112089,47484
2801,71214,30249
2802,104825,44356
2803,123619,52458
2804,81651,34644
2805,86152,36561
2806,56822,24156
2807,95955,40592
2808,80594,34181
2809,124922,53040
2810,30529,13056
2811,17522,7531
2812,63911,27130
2813,64764,27490
2814,84290,35767
2815,15561,6702
2816,128121,54402
2817,48014,20450
2818,53138,22592
2819,23743,10176
2820,22601,9663
2821,45341,19361
2822,39565,16909
2823,15976,6877
2824,45541,19433
2825,66646,28303
2826,10170,4395
2827,89763,37986
2828,35899,15371
2829,55166,23451
2830,77410,32798
2831,84537,35875
2832,38697,16555
2833,98396,41658
2834,126365,53648
2835,73002,30987
2836,29917,12803
2837,98415,41669
2838,122650,52012
2839,22281,9538
2840,128383,54504
2841,26892,11510
2842,38092,16310
2843,79161,33549
2844,50673,21597
2845,122787,52077
2846,19802,8488
2847,12794,5518
2848,7922,3449
2849,18979,8131
2850,122601,51985
2851,75589,32066
2852,77294,32751
2853,7609,3329
2854,49505,21097
2855,80223,33998
2856,54100,23005
2857,119750,50777
2858,69310,29430
2859,15364,6619
2860,18051,7758
2861,41702,17810
2862,119412,50621
2863,52600,22385
2864,12121,5230
2865,79054,33503
2866,69762,29618
2867,79499,33698
2868,51901,22109
2869,41482,17712
2870,113866,48247
2871,92338,39095
2872,46100,19664
2873,118290,50155
2874,23670,10149
2875,16720,7197
2876,5209,2279
2877,80592,34180
2878,30386,12999
2879,39075,16696
2880,43909,18740
2881,54119,23011
2882,86755,36803
2883,123983,52627
2884,80178,33983
2885,107096,45337
2886,117538,49821
2887,122641,52006
2888,65782,27928
2889,2807,1214
2890,107166,45369
2891,20835,8944
2892,112596,47736
2893,54311,23094
2894,125300,53206
2895,7153,3144
2896,110101,46619
2897,32774,14042
2898,16165,6956
2899,85362,36223
2900,68166,28955
2901,108649,46005
2902,23636,10129
2903,29980,12831
2904,115117,48786
2905,10396,4498
2906,90738,38394
2907,91568,38768
2908,27969,11960
2909,63493,26945
2910,35894,15368
2911,30838,13190
2912,97037,41072
2913,24728,10590
2914,52940,22520
2915,14988,6459
2916,50793,21641
2917,75804,32152
2918,24381,10438
2919,109546,46384
2920,111147,47080
2921,122551,51963
2922,105176,44500
2923,75076,31842
2924,3622,1594
2925,64304,27288
2926,122957,52149
2927,23649,10136
2928,44450,18983
2929,50186,21400
2930,38965,16652
2931,21739,9318
2932,25880,11084
2933,63114,26794
2934,97447,41236
2935,1526,659
2936,27823,11890
2937,71302,30289
2938,62190,26415
2939,62417,26512
2940,112741,47796
2941,91910,38917
2942,104238,44096
2943,77430,32809
2944,100195,42406
2945,87029,36896
2946,12240,5279
2947,63726,27051
2948,9674,4187
2949,128097,54392
2950,24115,10332
2951,25818,11061
2952,114477,48500
2953,51454,21923
2954,110746,46906
2955,66664,28309
2956,10358,4483
2957,26228,11217
2958,98817,41830
2959,109138,46221
2960,18361,7892
2961,66295,28142
2962,70689,30015
2963,31508,13486
2964,4101,1805
2965,4386,1923
2966,106125,44903
2967,37321,15979
2968,19257,8249
2969,69028,29322
2970,68473,29084
2971,78404,33249
2972,74466,31595
2973,99121,41946
2974,105412,44604
2975,80354,34065
2976,30102,12883
2977,91152,38577
2978,34708,14871
2979,98527,41715
2980,105807,44771
2981,34252,14665
2982,125655,53353
2983,102809,43497
2984,78776,33384
2985,79797,33825
2986,100597,42602
2987,111951,47422
2988,23392,10014
2989,98576,41732
2990,92312,39082
2991,105760,44750
2992,16752,7210
2993,72261,30678
2994,16766,7214
2995,69548,29530
2996,81831,34726
2997,129751,55076
2998,66176,28091
2999,88069,37299
3000,125295,53203
3001,57137,24272
3002,75974,32216
3003,5697,2482
3004,99251,41999
3005,50472,21518
3006,42186,18020
3007,120300,51014
3008,66622,28292
3009,55772,23718
3010,120908,51276
3011,27881,11917
3012,729,310
3013,96172,40682
3014,34424,14742
3015,9992,4319
3016,41667,17793
3017,68363,29036
3018,71248,30261
3019,33361,14308
3020,102923,43546
3021,57767,24532
3022,18196,7820
3023,12702,5481
3024,125700,53372
3025,85332,36209
3026,2260,975
3027,57201,24304
3028,16134,6944
3029,10892,4721
3030,60423,25646
3031,75802,32151
3032,27499,11752
3033,19173,8215
3034,23927,10253
3035,99220,41988
3036,63769,27073
3037,102704,43448
3038,87483,37071
3039,53113,22585
3040,117222,49680
3041,28874,12333
3042,88856,37630
3043,79520,33710
3044,96460,40811
3045,3391,1493
3046,102455,43347
3047,76376,32385
3048,45625,19467
3049,43479,18577
3050,22652,9691
3051,48355,20614
3052,103166,43641
3053,30828,13181
3054,20938,8990
3055,87566,37108
3056,59475,25248
3057,1518,655
3058,100607,42606
3059,24234,10382
3060,116123,49212
3061,35063,15026
3062,15214,6555
3063,86432,36674
3064,8421,3645
3065,80758,34262
3066,68562,29129
3067,40273,17198
3068,32163,13793
3069,15626,6732
3070,21619,9264
3071,78453,33271
3072,5332,2323
3073,50374,21479
3074,25212,10788
3075,46592,19857
3076,54039,22984
3077,76814,32554
3078,91569,38769
3079,80412,34088
3080,101995,43159
3081,23445,10034
3082,81342,34505
3083,6904,3043
3084,83576,35480
3085,91778,38862
3086,126804,53848
3087,60572,25717
3088,92955,39353
3089,50012,21333
3090,95614,40461
3091,57715,24507
3092,112288,47589
3093,4864,2133
3094,73565,31213
3095,117474,49790
3096,96683,40912
3097,21718,9307
3098,52077,22174
3099,38039,16284
3100,10250,4432
3101,111240,47115
3102,9196,3976
3103,56029,23821
3104,63766,27070
3105,73632,31245
3106,124485,52844
3107,1815,781
3108,123111,52214
3109,81146,34424
3110,58497,24845
3111,62202,26422
3112,9506,4114
3113,114136,48365
3114,56915,24193
3115,104423,44175
3116,125968,53477
3117,14009,6034
3118,16315,7017
3119,94177,39850
3120,113352,48042
3121,41803,17852
3122,15134,6521
3123,110047,46599
3124,60493,25682
3125,126729,53813
3126,32157,13787
3127,89873,38031
3128,40980,17505
3129,20410,8748
3130,92593,39198
3131,72820,30916
3132,51597,21980
3133,82668,35082
3134,25439,10883
3135,13023,5615
3136,75003,31808
3137,1474,637
3138,76728,32517
3139,69089,29347
3140,52103,22183
3141,4078,1793
3142,44914,19182
3143,58486,24841
3144,53736,22848
3145,23153,9912
3146,114358,48454
3147,7491,3285
3148,3701,1624
3149,129082,54792
3150,72980,30978
3151,126494,53695
3152,75059,31835
3153,88469,37459
3154,122629,51999
3155,55768,23717
3156,115744,49072
3157,15187,6542
3158,49520,21105
3159,112115,47500
3160,82643,35072
3161,126678,53788
3162,5434,2366
3163,7799,3400
3164,71732,30458
3165,69510,29510
3166,49787,21224
3167,40702,17382
3168,67024,28461
3169,40648,17353
3170,86301,36622
3171,15205,6552
3172,16841,7247
3173,111344,47151
3174,71643,30423
3175,46461,19803
3176,43919,18746
3177,24640,10552
3178,69628,29560
3179,26693,11429
3180,4081,1796
3181,10272,4443
3182,59163,25118
3183,73088,31021
3184,103048,43590
3185,4729,2072
3186,114414,48476
3187,125332,53219
3188,19568,8384
3189,108897,46114
3190,9812,4242
3191,96654,40896
3192,44115,18836
3193,123977,52625
3194,8850,3827
3195,115956,49151
3196,80014,33912
3197,58719,24927
3198,103082,43607
3199,31946,13682
3200,70578,29977
3201,118102,50062
3202,44328,18925
3203,67776,28792
3204,50957,21714
3205,21068,9036
3206,39048,16682
3207,93138,39419
3208,55285,23503
3209,92902,39334
3210,709,305
3211,101973,43153
3212,48414,20647
3213,100068,42342
3214,28518,12192
3215,122310,51860
3216,83761,35554
3217,47889,20400
3218,81347,34508
3219,52671,22412
3220,64908,27559
3221,120646,51165
3222,100612,42609
3223,94422,39970
3224,94023,39769
3225,30794,13167
3226,4064,1788
3227,99679,42178
3228,15877,6834
3229,115332,48883
3230,115128,48793
3231,76878,32580
3232,11501,4974
3233,27356,11694
3234,125694,53370
3235,55668,23666
3236,9881,4270
3237,90922,38474
3238,9247,3999
3239,118250,50134
3240,76398,32394
3241,65666,27878
3242,126171,53575
3243,41325,17641
3244,6395,2823
3245,91278,38637
3246,34125,14613
3247,105325,44564
3248,39645,16941
3249,105924,44827
3250,46332,19753
3251,109772,46479
3252,51337,21866
3253,96655,40897
3254,4327,1889
3255,89820,38012
3256,59166,25120
3257,100016,42321
3258,5762,2512
3259,72795,30905
3260,56281,23922
3261,125610,53337
3262,73601,31228
3263,7281,3199
3264,99429,42074
3265,88112,37316
3266,122949,52144
3267,113389,48062
3268,65400,27767
3269,110313,46706
3270,111648,47279
3271,98394,41657
3272,2662,1148
3273,106350,45000
3274,111487,47208
3275,87427,37054
3276,44111,18832
3277,96681,40911
3278,65925,27989
3279,27082,11592
3280,3418,1507
3281,52823,22470
3282,112992,47902
3283,43630,18629
3284,15289,6588
3285,48165,20523
3286,58794,24966
3287,123093,52208
3288,104667,44286
3289,12632,5456
3290,27710,11843
3291,130274,55296
3292,60628,25737
3293,41926,17902
3294,105825,44781
3295,33679,14450
3296,54199,23049
3297,91337,38665
3298,61466,26103
3299,27673,11829
3300,34825,14919
3301,12747,5503
3302,39780,17001
3303,71763,30468
3304,32258,13838
3305,34874,14942
3306,29464,12595
3307,122893,52119
3308,54391,23123
3309,32549,13955
3310,110715,46893
3311,118804,50360
3312,126706,53803
3313,3064,1348
3314,38707,16559
3315,87571,37110
3316,42254,18048
3317,53364,22690
3318,111922,47402
3319,17842,7666
3320,93106,39410
3321,104981,44417
3322,126262,53608
3323,97376,41208
3324,794,340
3325,38589,16510
3326,53415,22712
3327,35953,15393
3328,48395,20637
3329,120557,51128
3330,61463,26100
3331,84988,36066
3332,79405,33658
3333,72624,30829
3334,15560,6701
3335,33477,14364
3336,73604,31230
3337,22107,9462
3338,114718,48607
3339,48720,20767
3340,61317,26032
3341,14172,6106
3342,26132,11179
3343,62057,26365
3344,107878,45672
3345,106134,44909
3346,67089,28484
3347,72592,30814
3348,82298,34927
3349,28916,12351
3350,122705,52035
3351,58299,24762
3352,111376,47162
3353,120510,51106
3354,126954,53915
3355,60195,25555
3356,51714,22033
3357,94936,40180
3358,104576,44241
3359,46232,19713
3360,8704,3757
3361,102024,43172
3362,19662,8431
3363,54637,23230
3364,55725,23697
3365,42545,18178
3366,94899,40162
3367,80962,34358
3368,118951,50428
3369,48210,20547
3370,103047,43589
3371,2947,1277
3372,68794,29228
3373,2098,904
3374,2005,863
3375,121568,51557
3376,36641,15676
3377,126743,53820
3378,801,343
3379,128388,54508
3380,105338,44573
3381,115898,49130
3382,48297,20588
3383,106086,44888
3384,61904,26294
3385,20948,8994
3386,110435,46764
3387,73401,31144
3388,19443,8324
3389,37472,16041
3390,107241,45403
3391,82458,34994
3392,99325,42029
3393,114558,48532
3394,11893,5134
3395,29591,12647
3396,57231,24314
3397,62867,26692
3398,102528,43383
3399,4479,1967
3400,84791,35981
3401,125871,53439
3402,35922,15381
3403,2377,1027
3404,50408,21489
3405,93403,39520
3406,55837,23737
3407,9412,4071
3408,90526,38306
3409,22711,9715
3410,114712,48604
3411,79299,33607
3412,78948,33465
3413,46788,19944
3414,124093,52678
3415,49596,21136
3416,14606,6289
3417,127905,54306
3418,67348,28598
3419,74528,31624
3420,53381,22700
3421,123636,52467
3422,63520,26952
3423,12774,5511
3424,35629,15263
3425,85322,36204
3426,39347,16825
3427,44734,19109
3428,71249,30262
3429,53538,22771
3430,121309,51433
3431,23397,10015
3432,27736,11855
3433,5808,2538
3434,110649,46858
3435,77825,32994
3436,49561,21124
3437,71310,30291
3438,108749,46050
3439,70753,30044
3440,70381,29888
3441,54352,23113
3442,53587,22789
3443,80217,33996
3444,130051,55193
3445,97283,41170
3446,111684,47298
3447,39637,16936
3448,111661,47284
3449,34433,14746
3450,105436,44617
3451,105715,44732
3452,117386,49750
3453,130235,55275
3454,877,373
3455,29374,12556
3456,72476,30765
3457,29761,12731
3458,55957,23791
3459,77416,32803
3460,7559,3317
3461,10316,4461
3462,121979,51727
3463,49544,21115
3464,123590,52444
3465,84621,35907
3466,47010,20048
3467,67157,28516
3468,56474,24012
3469,24968,10699
3470,87251,36985
3471,36218,15491
3472,27614,11795
3473,20725,8893
3474,101354,42893
3475,56168,23874
3476,8598,3718
3477,44926,19187
3478,97004,41060
3479,122140,51797
3480,91798,38871
3481,56784,24142
3482,96547,40850
3483,41948,17913
3484,73995,31393
3485,115948,49147
3486,121087,51341
3487,58106,24677
3488,64646,27442
3489,64856,27530
3490,93465,39551
3491,109484,46358
3492,114680,48586
3493,101195,42841
3494,99348,42039
3495,70093,29760
3496,72009,30573
3497,61378,26060
3498,77424,32807
3499,15169,6537
3500,42057,17960
3501,104792,44343
3502,47521,20258
3503,3618,1593
3504,48933,20860
3505,20138,8624
3506,115227,48837
3507,59487,25255
3508,127086,53968
3509,115937,49142
3510,96788,40963
3511,116304,49287
3512,59855,25406
3513,126803,53847
3514,56454,24001
3515,88189,37351
3516,125353,53226
3517,26807,11476
3518,45407,19385
3519,10349,4478
3520,33920,14539
3521,37051,15851
3522,41478,17709
3523,82753,35121
3524,56382,23970
3525,21687,9292
3526,23423,10026
3527,116333,49300
3528,55825,23731
3529,71638,30420
3530,87077,36914
3531,93988,39758
3532,12727,5494
3533,116023,49174
3534,86872,36846
3535,44737,19111
3536,99596,42148
3537,46827,19959
3538,89603,37920
3539,21143,9071
3540,50898,21687
3541,32662,14004
3542,34316,14694
3543,6784,2988
3544,20755,8909
3545,128393,54511
3546,105295,44557
3547,29514,12615
3548,896,382
3549,14674,6321
3550,61679,26197
3551,126671,53783
3552,8696,3752
3553,117295,49708
3554,129506,54966
3555,109439,46342
3556,420,173
3557,98761,41810
3558,95415,40383
3559,82189,34884
3560,14811,6375
3561,21373,9166
3562,35229,15094
3563,103479,43769
3564,26579,11376
3565,95983,40605
3566,91525,38752
3567,110914,46975
3568,119629,50720
3569,116905,49548
3570,54551,23192
3571,81978,34788
3572,101635,43011
3573,62587,26573
3574,33538,14385
3575,17945,7711
3576,103540,43805
3577,70040,29741
3578,107237,45401
3579,103528,43797
3580,118230,50121
3581,73424,31152
3582,93598,39612
3583,11116,4818
3584,83280,35355
3585,113455,48087
3586,109007,46163
3587,14558,6270
3588,48277,20579
3589,4610,2017
3590,100467,42525
3591,96348,40761
3592,6391,2820
3593,124283,52763
3594,117994,50012
3595,63760,27066
3596,63696,27035
3597,38332,16412
3598,28703,12260
3599,96181,40686
3600,69055,29331
3601,36608,15659
3602,101855,43104
3603,65126,27660
3604,29331,12536
3605,64615,27429
3606,40060,17116
3607,109090,46200
3608,67004,28453
3609,22498,9628
3610,13734,5925
3611,94335,39930
3612,22535,9640
3613,40565,17316
3614,113197,47980
3615,26745,11448
3616,124800,52982
3617,84890,36022
3618,129823,55105
3619,77743,32958
3620,49063,20910
3621,74391,31565
3622,116144,49222
3623,60887,25845
3624,106691,45150
3625,40236,17189
3626,82779,35134
3627,89288,37802
3628,29541,12625
3629,108169,45795
3630,69994,29718
3631,64278,27280
3632,85262,36181
3633,44486,19000
3634,62130,26394
3635,8716,3763
3636,68198,28966
3637,36977,15816
3638,63201,26830
3639,96324,40748
3640,121518,51537
3641,127445,54113
3642,32527,13948
3643,114051,48328
3644,82917,35184
3645,119879,50830
3646,51657,22011
3647,36865,15773
3648,67003,28452
3649,114757,48624
3650,31425,13447
3651,65619,27858
3652,85042,36084
3653,70300,29853
3654,123861,52570
3655,123377,52342
3656,103267,43683
3657,104897,44383
3658,97202,41139
3659,86362,36646
3660,120437,51069
3661,89268,37795
3662,128868,54707
3663,122645,52008
3664,75434,31997
3665,68514,29107
3666,10643,4611
3667,6157,2705
3668,91529,38754
3669,55191,23465
3670,32332,13870
3671,14417,6211
3672,80998,34372
3673,29873,12782
3674,111488,47209
3675,129573,54992
3676,126914,53899
3677,83772,35559
3678,78045,33094
3679,114971,48727
3680,2868,1240
3681,74290,31524
3682,77266,32740
3683,123785,52535
3684,78423,33253
3685,127379,54083
3686,89916,38045
3687,113239,47996
3688,3727,1633
3689,63563,26969
3690,120524,51110
3691,51633,21998
3692,9232,3992
3693,61931,26307
3694,69394,29458
3695,47074,20084
3696,39392,16838
3697,125552,53314
3698,55911,23769
3699,12888,5550
3700,22887,9792
3701,106768,45189
3702,17848,7668
3703,28899,12342
3704,118487,50236
3705,9790,4235
3706,34941,14972
3707,128429,54527
3708,17627,7577
3709,10118,4374
3710,42013,17942
3711,3381,1487
3712,111591,47250
3713,117398,49752
3714,103246,43677
3715,97592,41303
3716,5204,2276
3717,35918,15378
3718,127090,53970
3719,6114,2681
3720,74863,31751
3721,114973,48728
3722,104862,44368
3723,93204,39442
3724,64939,27568
3725,11192,4851
3726,13772,5944
3727,38896,16619
3728,122103,51779
3729,86853,36839
3730,47252,20150
3731,75186,31891
3732,22622,9674
3733,108324,45870
3734,82352,34949
3735,15726,6771
3736,91248,38621
3737,77268,32742
3738,40822,17437
3739,92567,39185
3740,7748,3384
3741,36325,15537
3742,66597,28282
3743,97770,41373
3744,1765,760
3745,16027,6903
3746,12250,5282
3747,120938,51286
3748,83212,35314
3749,40342,17224
3750,104413,44171
3751,51046,21749
3752,114785,48635
3753,23042,9866
3754,126249,53604
3755,90963,38493
3756,62731,26634
3757,42176,18015
3758,73983,31388
3759,113053,47924
3760,22102,9460
3761,85481,36268
3762,30218,12933
3763,124295,52769
3764,24775,10614
3765,17385,7463
3766,14013,6037
3767,116434,49345
3768,34903,14954
3769,39073,16695
3770,109551,46387
3771,104924,44394
3772,112070,47476
3773,32247,13832
3774,54975,23377
3775,38445,16458
3776,75307,31943
3777,7905,3445
3778,99851,42255
3779,32867,14088
3780,76542,32454
3781,3655,1603
3782,33004,14146
3783,72904,30952
3784,129336,54895
3785,99866,42259
3786,6888,3032
3787,109999,46575
3788,59112,25095
3789,89449,37860
3790,112417,47656
3791,73199,31068
3792,108962,46144
3793,74517,31616
3794,42923,18330
3795,73897,31355
3796,16376,7042
3797,98871,41850
3798,116397,49329
3799,65999,28019
3800,50856,21668
3801,81749,34688
3802,54766,23281
3803,73229,31081
3804,84017,35668
3805,116235,49266
3806,46167,19691
3807,81350,34509
3808,118175,50099
3809,13016,5610
3810,13927,6007
3811,94560,40025
3812,122639,52005
3813,85043,36085
3814,6695,2950
3815,70314,29859
3816,72153,30633
3817,62797,26656
3818,15522,6678
3819,25664,10992
3820,78857,33418
3821,59859,25408
3822,24297,10400
3823,13981,6022
3824,25398,10870
3825,77151,32691
3826,104384,44154
3827,9705,4202
3828,121740,51619
3829,70448,29919
3830,114688,48593
3831,108090,45760
3832,85756,36395
3833,57034,24237
3834,6627,2923
3835,99615,42152
3836,87235,36979
3837,855,369
3838,517,217
3839,82702,35097
3840,73874,31344
3841,122154,51805
3842,84074,35685
3843,126114,53544
3844,38120,16324
3845,113402,48065
3846,26013,11141
3847,89096,37732
3848,111093,47054
3849,65135,27664
3850,74511,31613
3851,10700,4639
3852,21371,9165
3853,120542,51117
3854,10994,4770
3855,66329,28152
3856,18027,7744
3857,37066,15859
3858,104538,44222
3859,49532,21109
3860,39582,16916
3861,2288,985
3862,70627,29993
3863,33051,14174
3864,64471,27374
3865,43330,18502
3866,31860,13639
3867,101012,42761
3868,59694,25339
3869,70764,30048
3870,72210,30652
3871,94228,39879
3872,39842,17028
3873,44751,19117
3874,56133,23862
3875,53853,22902
3876,8818,3808
3877,49008,20890
3878,65418,27776
3879,23408,10019
3880,16643,7164
3881,15058,6491
3882,110463,46778
3883,9800,4237
3884,61386,26064
3885,119229,50544
3886,105007,44426
3887,24701,10576
3888,28147,12041
3889,13576,5853
3890,83088,35255
3891,126207,53588
3892,89776,37992
3893,59985,25470
3894,111844,47371
3895,80064,33934
3896,1885,808
3897,7334,3222
3898,40200,17176
3899,126771,53837
3900,113380,48059
3901,24924,10683
3902,85367,36224
3903,69933,29691
3904,93501,39569
3905,84972,36057
3906,95450,40399
3907,84253,35750
3908,34536,14794
3909,68374,29042
3910,65098,27649
3911,76196,32320
3912,92186,39035
3913,42010,17940
3914,27794,11877
3915,83781,35567
3916,23131,9902
3917,65110,27656
3918,57020,24231
3919,121476,51513
3920,28661,12246
3921,111674,47292
3922,6095,2670
3923,96226,40707
3924,47524,20260
3925,88167,37343
3926,66061,28042
3927,35417,15167
3928,58031,24644
3929,120799,51231
3930,96991,41054
3931,111361,47155
3932,118158,50092
3933,56557,24047
3934,112625,47748
3935,6956,3067
3936,116068,49191
3937,107654,45581
3938,91148,38576
3939,118168,50097
3940,128441,54534
3941,65348,27750
3942,117087,49625
3943,85419,36240
3944,112413,47654
3945,84460,35842
3946,31776,13597
3947,97737,41359
3948,13920,6002
3949,70559,29969
3950,101954,43144
3951,121304,51430
3952,43699,18659
3953,63572,26976
3954,114412,48475
3955,88126,37324
3956,12289,5299
3957,71203,30242
3958,78357,33224
3959,39132,16731
3960,117602,49846
3961,102620,43415
3962,70619,29990
3963,113168,47969
3964,66787,28366
3965,55677,23671
3966,124235,52744
3967,5157,2257
3968,81336,34503
3969,29655,12682
3970,102101,43201
3971,45525,19430
3972,95963,40596
3973,98390,41653
3974,102003,43163
3975,10989,4766
3976,6648,2933
3977,125805,53410
3978,31809,13614
3979,120665,51174
3980,95055,40240
3981,657,274
3982,16435,7074
3983,57553,24452
3984,128790,54671
3985,42717,18251
3986,45608,19460
3987,44723,19104
3988,119859,50821
3989,94999,40209
3990,43023,18369
3991,12217,5270
3992,98111,41534
3993,12405,5350
3994,85539,36294
3995,69981,29713
3996,46694,19900
3997,57314,24341
3998,89738,37975
3999,90296,38203
4000,26995,11558
4001,119820,50805
4002,3002,1310
4003,26196,11203
4004,51466,21927
4005,4967,2178
4006,38456,16463
4007,77488,32838
4008,60205,25559
4009,11544,4996
4010,114452,48490
4011,79738,33796
4012,12309,5307
4013,38967,16653
4014,21852,9368
4015,112256,47574
4016,75053,31832
4017,126724,53811
4018,28624,12236
4019,7112,3128
4020,17048,7337
4021,72801,30907
4022,130145,55233
4023,34865,14939
4024,27921,11934
4025,36860,15770
4026,59115,25096
4027,100269,42439
4028,123487,52394
4029,17193,7396
4030,52957,22529
4031,112706,47783
4032,57234,24315
4033,62693,26621
4034,75180,31888
4035,100134,42376
4036,115672,49045
4037,103461,43761
4038,77985,33068
4039,103094,43613
4040,19950,8549
4041,6234,2741
4042,117343,49729
4043,68992,29310
4044,117401,49753
4045,40654,17356
4046,22971,9835
4047,15328,6609
4048,58356,24789
4049,1703,734
4050,103861,43932
4051,39017,16669
4052,18306,7862
4053,50537,21541
4054,87258,36988
4055,83228,35323
4056,61464,26101
4057,35187,15075
4058,38027,16279
4059,70531,29957
4060,26176,11197
4061,13631,5881
4062,8352,3617
4063,46964,20027
4064,49760,21210
4065,35789,15326
4066,78440,33263
4067,123353,52331
4068,33591,14415
4069,113355,48044
4070,80291,34030
4071,78250,33185
4072,125271,53187
4073,83947,35640
4074,3291,1444
4075,33861,14509
4076,103640,43841
4077,70978,30149
4078,106070,44880
4079,85883,36457
4080,19437,8323
4081,69130,29363
4082,74693,31689
4083,102156,43231
4084,43076,18392
4085,19049,8156
4086,8790,3795
4087,117067,49616
4088,55295,23508
4089,10487,4538
4090,41950,17914
4091,106921,45256
4092,127560,54154
4093,55224,23477
4094,35757,15313
4095,63779,27077
4096,8465,3670
4097,33923,14541
4098,92083,38990
4099,75092,31849
4100,57596,24462
4101,57913,24592
4102,109016,46166
4103,33402,14329
4104,35363,15147
4105,84583,35894
4106,10940,4746
4107,70507,29944
4108,48278,20580
4109,92161,39024
4110,122807,52084
4111,82765,35125
4112,117668,49874
4113,33821,14497
4114,270,119
4115,78248,33184
4116,33285,14275
4117,118969,50436
4118,30314,12973
4119,65691,27890
4120,94306,39917
4121,25615,10962
4122,86711,36777
4123,57941,24606
4124,45188,19305
4125,46955,20024
4126,114446,48489
4127,52548,22365
4128,6238,2742
4129,128655,54628
4130,32004,13707
4131,53574,22783
4132,4574,2005
4133,30799,13170
4134,124058,52661
4135,105504,44642
4136,53540,22772
4137,127514,54136
4138,71955,30555
4139,49160,20956
4140,107072,45322
4141,85133,36119
4142,67215,28542
4143,63293,26868
4144,128751,54657
4145,118377,50192
4146,129610,55008
4147,104675,44290
4148,30228,12937
4149,18353,7886
4150,68965,29296
4151,130153,55237
4152,28653,12243
4153,109656,46432
4154,81687,34666
4155,57783,24538
4156,93251,39460
4157,13102,5651
4158,96971,41047
4159,39535,16898
4160,29685,12692
4161,114949,48710
4162,101194,42840
4163,90906,38466
4164,3465,1529
4165,50831,21658
4166,34693,14862
4167,47404,20205
4168,51808,22076
4169,13181,5684
4170,26244,11222
4171,29259,12505
4172,76462,32422
4173,13052,5626
4174,7421,3258
4175,14824,6384
4176,92569,39186
4177,11623,5022
4178,29261,12506
4179,99666,42174
4180,57494,24423
4181,13492,5820
4182,87971,37256
4183,43686,18653
4184,52129,22199
4185,1297,550
4186,96161,40679
4187,84401,35818
4188,8721,3767
4189,91869,38895
4190,2124,916
4191,11932,5156
4192,125776,53400
4193,24040,10299
4194,2289,986
4195,77653,32915
4196,68127,28939
4197,80398,34081
4198,21291,9134
4199,92733,39260
4200,12559,5420
4201,95769,40513
4202,119316,50577
4203,16794,7230
4204,11702,5058
4205,7717,3374
4206,65886,27970
4207,37299,15969
4208,21582,9254
4209,42584,18195
4210,21456,9200
4211,11198,4854
4212,76971,32611
4213,76386,32389
4214,92010,38952
4215,123718,52503
4216,102778,43484
4217,23785,10192
4218,110176,46647
4219,82915,35183
4220,89741,37978
4221,61012,25893
4222,84710,35947
4223,103,46
4224,119715,50760
4225,26901,11515
4226,57410,24382
4227,20871,8961
4228,33524,14379
4229,119473,50644
4230,103438,43747
4231,94873,40150
4232,129952,55153
4233,119794,50794
4234,95826,40535
4235,58280,24753
4236,95305,40339
4237,61041,25907
4238,48048,20463
4239,18700,8027
4240,128058,54371
4241,89755,37983
4242,113656,48168
4243,72011,30575
4244,19573,8387
4245,93759,39676
4246,3038,1334
4247,40057,17113
4248,176,81
4249,16481,7092
4250,50249,21428
4251,111892,47386
4252,72073,30599
4253,58211,24722
4254,56952,24206
4255,74952,31782
4256,102660,43430
4257,101242,42860
4258,83213,35315
4259,104189,44070
4260,9151,3964
4261,77530,32862
4262,85361,36222
4263,123813,52552
4264,69966,29707
4265,74382,31560
4266,111027,47026
4267,110219,46664
4268,40573,17322
4269,71617,30411
4270,100588,42596
4271,31531,13495
4272,40424,17258
4273,64626,27433
4274,1949,833
4275,47805,20364
4276,3728,1634
4277,103176,43647
4278,94945,40184
4279,17844,7667
4280,74745,31711
4281,10991,4767
4282,96220,40703
4283,37486,16049
4284,110918,46977
4285,81988,34795
4286,31935,13675
4287,122785,52075
4288,120613,51153
4289,90780,38412
4290,120735,51205
4291,85825,36422
4292,110042,46596
4293,88714,37564
4294,104563,44233
4295,110023,46588
4296,50172,21395
4297,7774,3391
4298,60669,25754
4299,44113,18834
4300,86084,36533
4301,42712,18246
4302,79770,33811
4303,30169,12907
4304,25108,10752
4305,23587,10103
4306,64624,27432
4307,87719,37165
4308,42021,17944
4309,126057,53515
4310,50414,21492
4311,103201,43657
4312,100572,42585
4313,51898,22108
4314,69986,29716
4315,17827,7661
4316,37095,15876
4317,34187,14635
4318,20843,8949
4319,544,229
4320,37809,16183
4321,77610,32895
4322,50589,21562
4323,70101,29764
4324,85899,36462
4325,68012,28888
4326,119892,50836
4327,105264,44544
4328,1324,566
4329,56902,24187
4330,4396,1929
4331,35403,15161
4332,10300,4458
4333,79025,33493
4334,28516,12191
4335,36115,15451
4336,120541,51116
4337,71130,30215
4338,97064,41081
4339,17427,7488
4340,17070,7349
4341,47441,20222
4342,49262,21001
4343,6297,2771
4344,78731,33367
4345,86636,36750
4346,73302,31109
4347,2147,922
4348,74957,31785
4349,38605,16519
4350,115499,48961
4351,47795,20362
4352,8345,3614
4353,24522,10496
4354,38288,16395
4355,25571,10940
4356,65592,27849
4357,35090,15036
4358,117234,49683
4359,124350,52790
4360,50281,21445
4361,112283,47586
4362,87138,36939
4363,44873,19169
4364,77677,32928
4365,122720,52044
4366,43306,18495
4367,21181,9088
4368,14727,6345
4369,119843,50813
4370,99226,41990
4371,52864,22490
4372,113103,47946
4373,18659,8011
4374,22954,9826
4375,94024,39770
4376,5156,2256
4377,40583,17324
4378,81754,34692
4379,106209,44943
4380,51926,22118
4381,117935,49983
4382,86167,36567
4383,56893,24184
4384,70347,29870
4385,55584,23633
4386,77586,32886
4387,59715,25346
4388,14508,6247
4389,103464,43764
4390,123171,52242
4391,15018,6473
4392,97362,41205
4393,24173,10358
4394,35278,15114
4395,101170,42829
4396,63761,27067
4397,83274,35350
4398,17816,7656
4399,50734,21617
4400,45484,19415
4401,72455,30756
4402,16825,7241
4403,85537,36293
4404,4880,2139
4405,36248,15505
4406,33616,14426
4407,53399,22706
4408,54599,23214
4409,77594,32889
4410,70956,30137
4411,19365,8297
4412,2903,1259
4413,11167,4837
4414,48432,20655
4415,104804,44347
4416,92321,39087
4417,48594,20719
4418,69752,29612
4419,84733,35959
4420,66261,28123
4421,5601,2436
4422,76975,32614
4423,91235,38614
4424,9966,4308
4425,116970,49577
4426,42082,17973
4427,23542,10077
4428,52333,22282
4429,32408,13901
4430,66827,28381
4431,26420,11297
4432,96930,41028
4433,4929,2161
4434,99391,42057
4435,14657,6314
4436,46228,19712
4437,68899,29266
4438,104489,44207
4439,178,83
4440,97111,41103
4441,86485,36692
4442,5719,2490
4443,116855,49529
4444,105472,44633
4445,30310,12970
4446,20185,8643
4447,3281,1440
4448,83615,35493
4449,122397,51895
4450,32327,13866
4451,97786,41380
4452,75431,31995
4453,65638,27868
4454,65112,27657
4455,129239,54863
4456,116060,49187
4457,23583,10100
4458,29618,12660
4459,34520,14784
4460,89350,37824
4461,50021,21339
4462,90024,38097
4463,59169,25121
4464,41882,17884
4465,10545,4561
4466,932,392
4467,1966,845
4468,118318,50165
4469,68804,29230
4470,32698,14013
4471,81879,34748
4472,66485,28224
4473,486,205
4474,94,41
4475,4239,1850
4476,34430,14744
4477,51880,22103
4478,73379,31137
4479,19850,8511
4480,121210,51393
4481,114086,48343
4482,114433,48483
4483,42050,17956
4484,86416,36669
4485,119835,50808
4486,93283,39475
4487,97651,41326
4488,40131,17145
4489,58495,24844
4490,83756,35551
4491,17562,7546
4492,93660,39638
4493,49693,21180
4494,5331,2322
4495,126284,53614
4496,128329,54483
4497,69337,29439
4498,96319,40745
4499,104110,44032
4500,114627,48564
4501,91201,38598
4502,81523,34594
4503,122183,51817
4504,116613,49420
4505,37133,15888
4506,123211,52262
4507,39254,16787
4508,99309,42023
4509,71589,30398
4510,91170,38583
4511,44796,19139
4512,11504,4975
4513,81795,34708
4514,38063,16296
4515,57636,24477
4516,50677,21598
4517,40301,17206
4518,113240,47997
4519,85421,36242
4520,9395,4062
4521,29806,12753
4522,125555,53316
4523,68052,28909
4524,107319,45438
4525,60193,25554
4526,55747,23707
4527,7504,3292
4528,113890,48259
4529,16153,6952
4530,27009,11564
4531,23755,10182
4532,4118,1809
4533,98282,41603
4534,21312,9142
4535,104964,44411
4536,115617,49020
4537,55903,23765
4538,71184,30234
4539,115945,49145
4540,2391,1033
4541,95158,40284
4542,6925,3054
4543,52329,22279
4544,67677,28741
4545,129437,54939
4546,120844,51249
4547,111023,47024
4548,8531,3689
4549,25062,10736
4550,116877,49535
4551,45829,19557
4552,33014,14153
4553,119720,50763
4554,67209,28538
4555,124095,52679
4556,60258,25582
4557,96266,40727
4558,36538,15630
4559,46091,19660
4560,120773,51223
4561,122872,52106
4562,94322,39924
4563,113163,47968
4564,4819,2108
4565,112006,47448
4566,5859,2562
4567,708,304
4568,84713,35949
4569,9642,4173
4570,102496,43368
4571,6071,2657
4572,111717,47308
4573,104208,44082
4574,111052,47031
4575,85292,36190
4576,63439,26920
4577,81612,34627
4578,91999,38950
4579,9577,4147
4580,127721,54238
4581,104794,44344
4582,61606,26162
4583,37012,15833
4584,109135,46219
4585,32314,13858
4586,36426,15580
4587,61761,26230
4588,111732,47318
4589,45212,19313
4590,98868,41848
4591,7091,3119
4592,101729,43059
4593,118908,50409
4594,6780,2986
4595,31960,13691
4596,25148,10763
4597,102183,43239
4598,71403,30323
4599,98328,41626
4600,15781,6793
4601,52916,22509
4602,51592,21978
4603,127442,54111
4604,106235,44952
4605,128108,54396
4606,29200,12479
4607,112093,47487
4608,5196,2271
4609,94075,39793
4610,89117,37740
4611,44715,19099
4612,121761,51628
4613,8700,3755
4614,117508,49805
4615,101681,43028
4616,3506,1544
4617,92805,39292
4618,35862,15355
4619,79625,33751
4620,55463,23579
4621,115854,49119
4622,93507,39573
4623,91120,38562
4624,14022,6039
4625,103918,43954
4626,25277,10820
4627,120441,51070
4628,126232,53597
4629,33419,14337
4630,46149,19685
4631,55197,23467
4632,78364,33228
4633,126180,53579
4634,108492,45937
4635,32776,14043
4636,115218,48831
4637,125488,53289
4638,8617,3723
4639,17064,7345
4640,45761,19527
4641,50646,21584
4642,100423,42508
4643,130378,55350
4644,19429,8320
4645,96517,40837
4646,78912,33447
4647,14472,6236
4648,13088,5642
4649,50415,21493
4650,9433,4082
4651,122245,51840
4652,25247,10805
4653,115659,49040
4654,26523,11346
4655,44372,18946
4656,69237,29398
4657,114428,48481
4658,45934,19592
4659,90079,38120
4660,123207,52260
4661,107617,45566
4662,5609,2439
4663,114016,48311
4664,24593,10528
4665,78858,33419
4666,122926,52132
4667,67421,28633
4668,68269,28993
4669,91448,38725
4670,51871,22097
4671,7412,3254
4672,48202,20545
4673,120990,51300
4674,34371,14715
4675,32528,13949
4676,117960,49998
4677,102671,43436
4678,6188,2722
4679,82109,34844
4680,49134,20948
4681,55555,23621
4682,109844,46508
4683,13059,5629
4684,83533,35458
4685,17712,7605
4686,101109,42801
4687,12833,5532
4688,69929,29689
4689,129227,54858
4690,23836,10219
4691,81751,34690
4692,42485,18152
4693,94247,39888
4694,115968,49155
4695,35475,15194
4696,115486,48956
4697,25071,10740
4698,46956,20025
4699,21396,9173
4700,42523,18169
4701,74140,31457
4702,4311,1883
4703,98955,41886
4704,39954,17075
4705,88195,37353
4706,106852,45225
4707,30292,12964
4708,100577,42588
4709,99177,41968
4710,12364,5327
4711,74476,31601
4712,16225,6979
4713,36700,15698
4714,94481,39992
4715,120507,51104
4716,37607,16100
4717,33337,14298
4718,89176,37767
4719,65787,27930
4720,129490,54956
4721,108209,45814
4722,103702,43860
4723,92870,39320
4724,101790,43078
4725,115187,48820
4726,77734,32957
4727,77655,32916
4728,70046,29744
4729,25248,10806
4730,46850,19971
4731,54734,23269
4732,54822,23307
4733,330,139
4734,90144,38145
4735,56746,24127
4736,90720,38385
4737,15849,6823
4738,41778,17839
4739,117999,50015
4740,21045,9027
4741,7388,3248
4742,103518,43791
4743,44200,18869
4744,100401,42498
4745,117546,49824
4746,76835,32561
4747,12346,5319
4748,39492,16879
4749,9135,3958
4750,55860,23746
4751,31632,13538
4752,57266,24325
4753,109154,46228
4754,17230,7410
4755,32608,13978
4756,10142,4384
4757,105653,44705
4758,11974,5173
4759,9964,4306
4760,67026,28463
4761,60639,25742
4762,46909,20002
4763,114780,48632
4764,88867,37637
4765,38318,16404
4766,41131,17562
4767,117108,49636
4768,110281,46688
4769,118332,50170
4770,86410,36667
4771,95187,40295
4772,93550,39592
4773,110013,46584
4774,379,153
4775,49031,20901
4776,78182,33155
4777,94889,40157
4778,91128,38567
4779,23424,10027
4780,123382,52345
4781,86534,36711
4782,111639,47274
4783,127362,54077
4784,96544,40847
4785,76543,32455
4786,119821,50806
4787,36334,15544
4788,81947,34778
4789,669,282
4790,124043,52655
4791,63978,27156
4792,7967,3467
4793,63934,27142
4794,75926,32198
4795,116061,49188
4796,77049,32644
4797,81793,34706
4798,119257,50552
4799,52057,22163
4800,117149,49656
4801,116102,49203
4802,8547,3695
4803,40337,17221
4804,35235,15096
4805,45734,19510
4806,4405,1934
4807,54899,23344
4808,30172,12909
4809,107942,45704
4810,113384,48060
4811,117698,49888
4812,27957,11952
4813,10412,4508
4814,49898,21277
4815,36025,15419
4816,66161,28084
4817,118358,50182
4818,90747,38399
4819,105644,44703
4820,118184,50102
4821,98903,41862
4822,28774,12293
4823,47494,20244
4824,31484,13474
4825,46911,20003
4826,95596,40454
4827,53100,22579
4828,40566,17317
4829,130381,55351
4830,78428,33258
4831,123598,52447
4832,99873,42264
4833,38862,16608
4834,45219,19318
4835,53522,22764
4836,76591,32475
4837,31497,13480
4838,124045,52657
4839,49789,21225
4840,62872,26694
4841,1107,461
4842,101171,42830
4843,95491,40416
4844,67539,28683
4845,8331,3607
4846,30552,13064
4847,76278,32348
4848,24277,10393
4849,20830,8941
4850,30510,13047
4851,68419,29066
4852,33207,14243
4853,110299,46698
4854,44986,19211
4855,70036,29740
4856,66594,28280
4857,30795,13168
4858,38444,16457
4859,121820,51653
4860,84756,35968
4861,12057,5207
4862,127683,54219
4863,88790,37601
4864,124271,52759
4865,67720,28761
4866,14282,6156
4867,118811,50362
4868,34896,14953
4869,124442,52827
4870,71087,30199
4871,19788,8482
4872,85223,36155
4873,126591,53742
4874,44318,18921
4875,56109,23848
4876,98612,41751
4877,25891,11089
4878,59894,25423
4879,3731,1636
4880,92558,39179
4881,81049,34394
4882,6883,3029
4883,54913,23353
4884,78210,33168
4885,128747,54655
4886,97451,41240
4887,10974,4758
4888,2491,1079
4889,82699,35096
4890,102368,43313
4891,19080,8170
4892,48880,20834
4893,38752,16569
4894,66596,28281
4895,29129,12448
4896,11735,5072
4897,26662,11416
4898,8302,3594
4899,60537,25700
4900,90807,38425
4901,66471,28214
4902,25693,11007
4903,79546,33720
4904,38991,16661
4905,127836,54277
4906,27396,11710
4907,90062,38116
4908,121534,51547
4909,59734,25353
4910,7198,3166
4911,106303,44981
4912,76149,32295
4913,44557,19035
4914,6811,3001
4915,93537,39588
4916,43443,18556
4917,60693,25762
4918,94754,40106
4919,87012,36890
4920,1975,850
4921,73559,31209
4922,19994,8566
4923,64670,27449
4924,112627,47749
4925,11142,4826
4926,52302,22266
4927,37852,16203
4928,129967,55161
4929,126601,53748
4930,116809,49509
4931,98707,41792
4932,84754,35967
4933,59355,25200
4934,4310,1882
4935,14802,6373
4936,119563,50687
4937,49930,21297
4938,58770,24957
4939,40653,17355
4940,79113,33526
4941,21563,9246
4942,110141,46633
4943,21055,9032
4944,99995,42312
4945,35995,15410
4946,30246,12946
4947,125612,53339
4948,56702,24106
4949,95866,40552
4950,103124,43627
4951,67851,28823
4952,43622,18625
4953,106141,44914
4954,48569,20708
4955,6524,2887
4956,47088,20088
4957,8610,3720
4958,104209,44083
4959,74881,31758
4960,76322,32366
4961,66834,28385
4962,76187,32313
4963,117019,49599
4964,72424,30741
4965,27233,11641
4966,106777,45195
4967,42252,18046
4968,112616,47744
4969,19897,8525
4970,77566,32879
4971,67867,28833
4972,92497,39152
4973,20551,8815
4974,92041,38970
4975,98610,41749
4976,66138,28075
4977,86571,36725
4978,14883,6417
4979,7271,3192
4980,42157,18006
4981,99820,42239
4982,126721,53809
4983,122692,52028
4984,64692,27460
4985,60250,25577
4986,63184,26820
4987,87638,37139
4988,36876,15776
4989,112986,47898
4990,113711,48194
4991,31740,13580
4992,45475,19408
4993,26021,11144
4994,39090,16707
4995,79351,33631
4996,24237,10383
4997,62092,26378
4998,70792,30060
4999,32596,13973
5000,90621,38344
5001,120748,51211
5002,80849,34300
5003,26367,11280
5004,36246,15503
5005,78606,33324
5006,11808,5107
5007,14953,6443
5008,129685,55045
5009,107346,45449
5010,57598,24463
5011,11144,4827
5012,57395,24376
5013,83200,35308
5014,73600,31227
5015,79193,33562
5016,2914,1265
5017,18781,8056
5018,107521,45526
5019,102720,43455
5020,62022,26347
5021,76767,32534
5022,85315,36199
5023,36570,15644
5024,42703,18241
5025,33566,14400
5026,16852,7253
5027,39148,16742
5028,771,328
5029,121596,51564
5030,71600,30405
5031,90212,38174
5032,3114,1368
5033,51988,22139
5034,114031,48319
5035,25526,10916
5036,64180,27242
5037,66815,28376
5038,7223,3174
5039,16893,7271
5040,118281,50149
5041,129815,55104
5042,43362,18519
5043,24931,10685
5044,36344,15548
5045,115680,49050
5046,52477,22331
5047,66910,28416
5048,11539,4993
5049,107180,45376
5050,120231,50985
5051,61786,26240
5052,80991,34367
5053,122364,51883
5054,35388,15156
5055,108840,46085
5056,41910,17894
5057,59044,25065
5058,40694,17378
5059,3116,1369
5060,12482,5379
5061,116190,49245
5062,20236,8668
5063,37528,16069
5064,115576,48998
5065,6447,2847
5066,112540,47708
5067,114106,48351
5068,38369,16424
5069,29207,12483
5070,54292,23087
5071,87256,36986
5072,76617,32483
5073,31485,13475
5074,45102,19257
5075,116315,49292
5076,119059,50473
5077,48563,20703
5078,45276,19337
5079,117949,49991
5080,1065,440
5081,111927,47405
5082,69763,29619
5083,103790,43896
5084,59956,25455
5085,3113,1367
5086,76959,32608
5087,81956,34783
5088,116607,49416
5089,67878,28840
5090,91182,38589
5091,81792,34705
5092,12074,5217
5093,6792,2994
5094,80276,34023
5095,45953,19599
5096,81902,34756
5097,1335,573
5098,122292,51852
5099,1177,491
5100,6846,3017
5101,83737,35543
5102,94526,40015
5103,82049,34822
5104,47469,20233
5105,118883,50395
5106,29934,12809
5107,31308,13396
5108,88918,37658
5109,2238,964
5110,100516,42553
5111,24517,10493
5112,11582,5010
5113,64229,27264
5114,75559,32055
5115,75618,32078
5116,94563,40027
5117,9283,4008
5118,117595,49841
5119,108737,46044
5120,42415,18126
5121,47996,20442
5122,90399,38244
5123,83068,35244
5124,123713,52501
5125,75704,32107
5126,102404,43327
5127,74766,31719
5128,71253,30264
5129,76504,32435
5130,82493,35012
5131,5106,2237
5132,38078,16303
5133,61451,26096
5134,100229,42426
5135,34782,14898
5136,83614,35492
5137,17541,7537
5138,118681,50310
5139,117025,49601
5140,10337,4472
5141,67429,28637
5142,85127,36115
5143,48200,20543
5144,41548,17744
5145,106277,44969
5146,102880,43528
5147,47836,20382
5148,103428,43745
5149,75738,32121
5150,36980,15817
5151,120639,51163
5152,45969,19608
5153,28736,12279
5154,89677,37946
5155,74682,31680
5156,104007,43987
5157,58010,24634
5158,87417,37051
5159,96615,40879
5160,33078,14186
5161,51269,21840
5162,108042,45745
5163,88503,37472
5164,119861,50822
5165,14358,6191
5166,89724,37966
5167,90177,38158
5168,19341,8288
5169,111075,47043
5170,87554,37103
5171,61916,26299
5172,65625,27862
5173,505,213
5174,24141,10346
5175,127391,54090
5176,101674,43025
5177,7266,3191
5178,23321,9984
5179,17107,7364
5180,130260,55288
5181,82260,34917
5182,60547,25707
5183,65301,27732
5184,2059,886
5185,81079,34405
5186,61541,26130
5187,106120,44902
5188,107073,45323
5189,117095,49629
5190,97567,41292
5191,90576,38329
5192,122916,52128
5193,62401,26505
5194,117299,49712
5195,60285,25589
5196,111746,47323
5197,48662,20746
5198,64956,27579
5199,17987,7729
5200,101878,43112
5201,67103,28490
5202,103435,43746
5203,89652,37933
5204,115545,48984
5205,42463,18144
5206,23284,9964
5207,31672,13551
5208,17502,7524
5209,108822,46079
5210,235,107
5211,63470,26932
5212,21850,9367
5213,96071,40644
5214,102142,43227
5215,100910,42725
5216,96485,40824
5217,102840,43508
5218,19219,8234
5219,10684,4630
5220,42367,18098
5221,120351,51031
5222,83873,35614
5223,18465,7930
5224,126975,53923
5225,9646,4175
5226,86097,36540
5227,35298,15121
5228,54411,23130
5229,56873,24177
5230,92194,39039
5231,77683,32932
5232,115993,49163
5233,41689,17802
5234,88636,37528
5235,26956,11542
5236,92486,39148
5237,34470,14762
5238,59302,25172
5239,21220,9104
5240,112450,47671
5241,108859,46094
5242,69381,29453
5243,849,367
5244,14817,6378
5245,100141,42380
5246,48722,20769
5247,94523,40013
5248,47555,20269
5249,40650,17354
5250,7255,3188
5251,74859,31749
5252,73570,31215
5253,435,181
5254,55511,23602
5255,24085,10316
5256,79954,33885
5257,59586,25294
5258,100160,42392
5259,37456,16033
5260,16775,7217
5261,31129,13317
5262,128181,54427
5263,71131,30216
5264,96402,40782
5265,129365,54906
5266,678,288
5267,59766,25368
5268,123709,52499
5269,64071,27197
5270,80390,34078
5271,27243,11644
5272,25686,11003
5273,42857,18299
5274,14266,6149
5275,36675,15688
5276,114605,48556
5277,74960,31787
5278,42311,18075
5279,46512,19821
5280,23626,10124
5281,50294,21449
5282,14052,6052
5283,72751,30884
5284,60905,25851
5285,70589,29983
5286,114878,48682
5287,84664,35925
5288,37407,16010
5289,87179,36954
5290,106126,44904
5291,43249,18470
5292,28462,12176
5293,109904,46532
5294,67523,28674
5295,40561,17314
5296,30284,12960
5297,93983,39756
5298,86475,36688
5299,97668,41334
5300,128633,54619
5301,6523,2886
5302,65526,27827
5303,102009,43168
5304,37479,16044
5305,3343,1469
5306,64067,27195
5307,80893,34325
5308,99772,42212
5309,9080,3926
5310,82203,34892
5311,39542,16902
5312,13294,5735
5313,105235,44527
5314,70690,30016
5315,77974,33062
5316,126311,53627
5317,26543,11359
5318,99421,42071
5319,105661,44708
5320,40261,17194
5321,8595,3716
5322,43850,18718
5323,277,123
5324,67073,28479
5325,65990,28013
5326,95032,40228
5327,65237,27709
5328,79320,33618
5329,58866,24993
5330,23416,10022
5331,42064,17964
5332,111794,47345
5333,10492,4539
5334,58767,24955
5335,32530,13950
5336,91174,38586
5337,47174,20126
5338,44536,19023
5339,65810,27940
5340,10699,4638
5341,70214,29817
5342,46886,19993
5343,53726,22844
5344,3650,1602
5345,10292,4452
5346,49365,21037
5347,66880,28402
5348,88229,37365
5349,29440,12586
5350,11981,5177
5351,106618,45120
5352,56958,24209
5353,61726,26217
5354,2173,932
5355,88192,37352
5356,119744,50773
5357,43286,18489
5358,103989,43979
5359,126198,53585
5360,32406,13900
5361,4453,1957
5362,30979,13257
5363,47658,20311
5364,104058,44007
5365,118423,50213
5366,31950,13685
5367,106388,45022
5368,78803,33398
5369,100242,42432
5370,71344,30305
5371,98748,41807
5372,123390,52353
5373,92852,39313
5374,123597,52446
5375,74320,31535
5376,47734,20341
5377,49013,20893
5378,35328,15135
5379,5611,2440
5380,26797,11470
5381,15128,6520
5382,2044,877
5383,44055,18806
5384,101415,42919
5385,23764,10185
5386,93713,39658
5387,11332,4913
5388,22456,9607
5389,87398,37039
5390,22776,9743
5391,36817,15746
5392,117347,49733
5393,112760,47804
5394,90637,38352
5395,31587,13518
5396,57696,24500
5397,50876,21681
5398,43498,18585
5399,56745,24126
5400,37370,15996
5401,34996,14994
5402,24111,10329
5403,14519,6251
5404,128432,54529
5405,86928,36864
5406,62677,26614
5407,15687,6753
5408,127096,53972
5409,17635,7580
5410,54900,23345
5411,14713,6343
5412,84300,35772
5413,61534,26126
5414,107575,45552
5415,47987,20438
5416,107540,45534
5417,111627,47268
5418,118689,50313
5419,82568,35044
5420,99088,41937
5421,85689,36363
5422,107221,45394
5423,15978,6879
5424,77329,32767
5425,66140,28076
5426,94918,40174
5427,784,335
5428,50087,21366
5429,62859,26687
5430,113819,48231
5431,5745,2505
5432,106227,44951
5433,56136,23864
5434,119877,50829
5435,101356,42894
5436,36241,15499
5437,51168,21797
5438,65714,27900
5439,47347,20181
5440,110242,46674
5441,42040,17952
5442,24765,10609
5443,112139,47512
5444,117714,49893
5445,30402,13006
5446,69211,29393
5447,50870,21677
5448,107506,45521
5449,42025,17945
5450,18414,7911
5451,72226,30661
5452,46227,19711
5453,86316,36628
5454,2195,940
5455,82546,35033
5456,39430,16855
5457,112172,47530
5458,104651,44280
5459,106897,45245
5460,72545,30792
5461,58537,24859
5462,82833,35149
5463,118756,50339
5464,111733,47319
5465,9780,4231
5466,108233,45829
5467,23043,9867
5468,64192,27248
5469,72639,30835
5470,31559,13506
5471,6517,2883
5472,39527,16894
5473,44333,18929
5474,101714,43048
5475,129416,54928
5476,56516,24030
5477,2378,1028
5478,18405,7905
5479,68984,29304
5480,29771,12736
5481,72351,30714
5482,59569,25288
5483,116707,49466
5484,16604,7147
5485,27102,11600
5486,78766,33379
5487,123,54
5488,90741,38396
5489,91164,38580
5490,53417,22714
5491,47307,20166
5492,8848,3826
5493,56973,24217
5494,41676,17795
5495,6937,3059
5496,73062,31009
5497,55534,23612
5498,95807,40530
5499,81180,34440
5500,121225,51398
5501,71867,30512
5502,118817,50366
5503,91607,38783
5504,43037,18376
5505,13376,5765
5506,128774,54667
5507,23668,10147
5508,79001,33484
5509,5641,2459
5510,91980,38943
5511,106310,44984
5512,70122,29779
5513,47660,20312
5514,81430,34546
5515,101225,42851
5516,68537,29119
5517,70007,29725
5518,102208,43251
5519,39963,17081
5520,73886,31351
5521,88416,37442
5522,43867,18726
5523,27202,11629
5524,79479,33689
5525,67772,28791
5526,21532,9228
5527,96001,40615
5528,51706,22030
5529,51392,21893
5530,54216,23055
5531,59622,25302
5532,57456,24406
5533,40676,17368
5534,10108,4371
5535,79774,33813
5536,89816,38010
5537,33195,14238
5538,104487,44205
5539,103964,43970
5540,105457,44627
5541,71931,30543
5542,105666,44712
5543,26230,11219
5544,14863,6403
5545,123448,52381
5546,57694,24498
5547,35509,15210
5548,51624,21995
5549,13941,6013
5550,97657,41329
5551,50859,21670
5552,31802,13610
5553,82190,34885
5554,36765,15725
5555,101241,42859
5556,94777,40115
5557,31140,13323
5558,121949,51713
5559,84099,35694
5560,115639,49031
5561,75224,31904
5562,34082,14596
5563,89492,37875
5564,90204,38171
5565,23948,10262
5566,126650,53772
5567,65441,27789
5568,91137,38572
5569,24536,10502
5570,90586,38334
5571,92906,39336
5572,52510,22348
5573,127646,54200
5574,37669,16127
5575,62643,26601
5576,70421,29905
5577,120422,51062
5578,52356,22292
5579,96560,40855
5580,74073,31420
5581,106792,45203
5582,42533,18173
5583,10640,4609
5584,50432,21499
5585,15566,6703
5586,20025,8575
5587,43400,18541
5588,29626,12666
5589,95763,40511
5590,25601,10954
5591,12587,5432
5592,13858,5982
5593,127392,54091
5594,111928,47406
5595,71080,30195
5596,110983,47006
5597,58074,24663
5598,3527,1557
5599,126627,53760
5600,98785,41817
5601,10808,4682
5602,98752,41808
5603,79365,33638
5604,58561,24869
5605,24952,10693
5606,104231,44092
5607,25666,10993
5608,45047,19233
5609,128867,54706
5610,52796,22457
5611,66205,28100
5612,116121,49210
5613,57400,24378
5614,98165,41558
5615,42970,18349
5616,90036,38101
5617,53312,22666
5618,110002,46577
5619,79229,33577
5620,107770,45624
5621,45318,19351
5622,97933,41450
5623,3037,1333
5624,75719,32112
5625,11035,4787
5626,46021,19633
5627,71887,30521
5628,23192,9932
5629,47321,20172
5630,107064,45319
5631,22833,9768
5632,6156,2704
5633,17324,7439
5634,68481,29089
5635,16284,6999
5636,93170,39431
5637,109307,46294
5638,79635,33755
5639,41629,17776
5640,40698,17379
5641,122448,51917
5642,29803,12751
5643,121971,51723
5644,89437,37856
5645,106540,45091
5646,104123,44038
5647,118902,50405
5648,105809,44773
5649,123967,52620
5650,14091,6072
5651,1032,426
5652,128564,54593
5653,61467,26104
5654,129712,55053
5655,108244,45832
5656,19449,8326
5657,8052,3502
5658,99566,42131
5659,49217,20982
5660,75827,32163
5661,86264,36606
5662,109907,46534
5663,101182,42836
5664,78012,33080
5665,38704,16557
5666,48864,20827
5667,84797,35984
5668,123352,52330
5669,85179,36138
5670,93096,39406
5671,46341,19758
5672,85445,36251
5673,96834,40981
5674,8015,3488
5675,44228,18879
5676,16991,7313
5677,6491,2872
5678,56777,24138
5679,49377,21044
5680,26897,11513
5681,16961,7299
5682,13140,5667
5683,6771,2982
5684,100197,42407
5685,124288,52766
5686,72958,30969
5687,27538,11767
5688,11673,5041
5689,43436,18554
5690,48630,20733
5691,119593,50699
5692,82943,35192
5693,106699,45157
5694,15534,6687
5695,40,18
5696,46954,20023
5697,10864,4708
5698,126901,53893
5699,91449,38726
5700,89018,37700
5701,109687,46447
5702,82624,35060
5703,37897,16223
5704,31859,13638
5705,110948,46991
5706,107149,45362
5707,69804,29636
5708,99670,42175
5709,102985,43568
5710,85521,36287
5711,96929,41027
5712,91179,38588
5713,64414,27344
5714,94497,39998
5715,47212,20139
5716,102625,43418
5717,38065,16297
5718,104429,44179
5719,51735,22046
5720,654,272
5721,125244,53175
5722,119512,50661
5723,100650,42626
5724,92901,39333
5725,13006,5605
5726,42284,18059
5727,112885,47863
5728,126587,53741
5729,93854,39709
5730,9502,4111
5731,35183,15072
5732,29474,12601
5733,64431,27353
5734,75096,31851
5735,105799,44767
5736,19920,8533
5737,71331,30298
5738,45007,19217
5739,67205,28536
5740,49335,21021
5741,34844,14930
5742,94476,39990
5743,13661,5897
5744,20450,8767
5745,15119,6517
5746,51415,21906
5747,2721,1174
5748,20907,8979
5749,21155,9078
5750,93734,39666
5751,108398,45904
5752,92536,39170
5753,3314,1454
5754,25425,10879
5755,75722,32114
5756,119344,50590
5757,61137,25950
5758,77256,32732
5759,68509,29104
5760,89005,37693
5761,42086,17976
5762,2993,1305
5763,67531,28679
5764,70442,29915
5765,55368,23535
5766,52812,22464
5767,25585,10946
5768,65504,27819
5769,95060,40243
5770,97183,41132
5771,37438,16027
5772,45858,19567
5773,2845,1227
5774,9549,4133
5775,31023,13282
5776,55812,23727
5777,104307,44123
5778,58,23
5779,85943,36476
5780,53900,22920
5781,108348,45880
5782,73657,31256
5783,54361,23119
5784,93516,39578
5785,52542,22361
5786,34567,14803
5787,83722,35536
5788,124643,52921
5789,121730,51616
5790,82451,34990
5791,18909,8105
5792,65019,27609
5793,17025,7328
5794,37946,16246
5795,82477,35003
5796,24958,10696
5797,124242,52746
5798,12598,5438
5799,18180,7814
5800,86844,36835
5801,78228,33177
5802,128435,54530
5803,27106,11601
5804,93736,39668
5805,86827,36830
5806,71474,30348
5807,91211,38603
5808,99430,42075
5809,63146,26806
5810,56037,23823
5811,51660,22012
5812,13455,5802
5813,28062,12003
5814,107026,45303
5815,119693,50750
5816,114843,48663
5817,30598,13085
5818,61544,26132
5819,1439,620
5820,839,361
5821,64563,27408
5822,129996,55170
5823,97229,41150
5824,68603,29149
5825,121170,51377
5826,101706,43045
5827,11208,4858
5828,83622,35497
5829,10793,4676
5830,72368,30720
5831,60116,25527
5832,42308,18073
5833,62527,26550
5834,92382,39110
5835,23540,10076
5836,57539,24445
5837,117789,49928
5838,100493,42539
5839,14441,6224
5840,29099,12433
5841,67354,28602
5842,129323,54892
5843,110716,46894
5844,52100,22182
5845,82651,35076
5846,58371,24797
5847,102258,43268
5848,6786,2989
5849,23349,9999
5850,129377,54913
5851,115220,48832
5852,20250,8675
5853,66402,28185
5854,64657,27444
5855,112830,47833
5856,36074,15440
5857,71239,30258
5858,19843,8508
5859,18014,7738
5860,84867,36013
5861,126814,53853
5862,65690,27889
5863,28264,12091
5864,21324,9146
5865,56357,23957
5866,41952,17916
5867,42876,18311
5868,115961,49153
5869,28226,12072
5870,40328,17217
5871,107255,45409
5872,101951,43143
5873,104948,44404
5874,63972,27155
5875,121115,51351
5876,92836,39305
5877,100817,42687
5878,69440,29478
5879,17794,7646
5880,49857,21256
5881,91246,38620
5882,52229,22239
5883,20075,8596
5884,99210,41984
5885,11904,5139
5886,26808,11477
5887,9585,4150
5888,35570,15243
5889,46840,19965
5890,66802,28372
5891,82554,35037
5892,75506,32025
5893,128538,54581
5894,73061,31008
5895,89468,37867
5896,116401,49332
5897,21088,9045
5898,92605,39205
5899,83072,35247
5900,51338,21867
5901,50756,21632
5902,122683,52023
5903,871,372
5904,110366,46728
5905,122033,51752
5906,49123,20940
5907,111766,47334
5908,25152,10765
5909,88681,37548
5910,113573,48136
5911,105337,44572
5912,91935,38926
5913,81471,34563
5914,24619,10543
5915,18584,7976
5916,99812,42237
5917,45561,19441
5918,41975,17927
5919,57812,24550
5920,101132,42811
5921,82349,34946
5922,14895,6421
5923,36617,15662
5924,81078,34404
5925,42489,18154
5926,75720,32113
5927,9466,4096
5928,60485,25676
5929,125657,53354
5930,60313,25599
5931,105205,44510
5932,42983,18356
5933,73778,31302
5934,63648,27012
5935,32553,13956
5936,91608,38784
5937,117494,49800
5938,101002,42756
5939,34412,14735
5940,88718,37566
5941,108495,45938
5942,71578,30391
5943,67962,28874
5944,84432,35831
5945,45818,19552
5946,58172,24700
5947,84308,35774
5948,30369,12990
5949,116370,49315
5950,71660,30428
5951,36062,15436
5952,24247,10384
5953,80019,33915
5954,13019,5612
5955,248,112
5956,23270,9957
5957,37161,15903
5958,119025,50460
5959,45506,19421
5960,94090,39802
5961,80265,34019
5962,53739,22850
5963,21939,9394
5964,105918,44824
5965,68996,29312
5966,40207,17179
5967,27148,11615
5968,49565,21126
5969,6958,3069
5970,88905,37651
5971,8237,3570
5972,114865,48677
5973,81387,34530
5974,6102,2675
5975,15603,6720
5976,117681,49881
5977,89137,37747
5978,55124,23431
5979,74344,31545
5980,52744,22437
5981,42189,18022
5982,103460,43760
5983,44436,18975
5984,61225,25996
5985,101477,42948
5986,65914,27984
5987,84009,35665
5988,76355,32375
5989,10304,4459
5990,62574,26568
5991,126662,53779
5992,37423,16018
5993,10236,4423
5994,129586,55001
5995,26398,11291
5996,91760,38857
5997,54267,23075
5998,49917,21288
5999,87535,37094
6000,11235,4870
6001,119056,50471
6002,17553,7542
6003,2548,1101
6004,67455,28649
6005,32172,13799
6006,79662,33768
6007,46505,19818
6008,97993,41479
6009,16886,7268
6010,84034,35675
6011,106640,45129
6012,46361,19766
6013,117743,49907
6014,67427,28635
6015,90805,38423
6016,10558,4570
6017,30684,13120
6018,87319,37010
6019,104975,44415
6020,108698,46030
6021,108283,45849
6022,51259,21835
6023,88421,37444
6024,120362,51034
6025,60486,25677
6026,107223,45395
6027,127890,54300
6028,106973,45276
6029,49805,21235
6030,81627,34633
6031,51611,21990
6032,67414,28630
6033,39982,17087
6034,38548,16497
6035,15980,6880
6036,51298,21848
6037,11686,5049
6038,21385,9168
6039,118344,50175
6040,21673,9284
6041,7061,3110
6042,35185,15073
6043,85505,36275
6044,93862,39714
6045,63039,26764
6046,103560,43810
6047,86048,36521
6048,122707,52036
6049,38259,16380
6050,39586,16917
6051,101799,43082
6052,58363,24792
6053,77511,32851
6054,62766,26649
6055,28838,12320
6056,37627,16112
6057,101145,42817
6058,29636,12672
6059,32167,13796
6060,82984,35210
6061,125718,53380
6062,127918,54316
6063,59696,25340
6064,91718,38839
6065,50386,21483
6066,61390,26066
6067,80175,33982
6068,43246,18467
6069,96283,40733
6070,38338,16415
6071,93228,39452
6072,57164,24287
6073,7147,3142
6074,54668,23241
6075,41388,17669
6076,106610,45116
6077,2704,1167
6078,51680,22018
6079,47205,20138
6080,101442,42935
6081,65053,27627
6082,19508,8354
6083,76020,32240
6084,73906,31362
6085,19786,8481
6086,45089,19252
6087,36101,15445
6088,129825,55106
6089,128541,54582
6090,51039,21744
6091,24176,10361
6092,2543,1097
6093,21123,9059
6094,94308,39918
6095,61661,26186
6096,100395,42497
6097,9916,4285
6098,120829,51241
6099,67506,28668
6100,55960,23792
6101,15757,6781
6102,78420,33251
6103,68345,29028
6104,65818,27945
6105,49214,20980
6106,53110,22584
6107,54189,23044
6108,90037,38102
6109,105220,44518
6110,7800,3401
6111,25989,11131
6112,99731,42198
6113,43485,18580
6114,90101,38131
6115,94763,40109
6116,16087,6924
6117,17443,7499
6118,100086,42351
6119,45764,19529
6120,112818,47827
6121,9961,4305
6122,116142,49221
6123,113338,48038
6124,51388,21892
6125,53327,22671
6126,12962,5585
6127,10972,4757
6128,91040,38529
6129,69896,29675
6130,59942,25450
6131,3109,1365
6132,48834,20811
6133,73050,31001
6134,44453,18986
6135,70943,30130
6136,89908,38040
6137,60704,25770
6138,112890,47864
6139,45291,19344
6140,85742,36387
6141,122671,52019
6142,73723,31286
6143,48435,20658
6144,84271,35757
6145,74923,31772
6146,126150,53563
6147,13128,5662
6148,5324,2319
6149,88312,37394
6150,111652,47281
6151,64492,27380
6152,52270,22254
6153,13296,5736
6154,43672,18648
6155,65462,27800
6156,30835,13187
6157,91675,38822
6158,35212,15088
6159,59773,25371
6160,88678,37545
6161,44005,18785
6162,80467,34118
6163,108249,45835
6164,100723,42652
6165,47408,20207
6166,111133,47073
6167,78675,33352
6168,38153,16335
6169,22570,9654
6170,87329,37013
6171,43651,18641
6172,83855,35603
6173,62356,26486
6174,50627,21579
6175,44267,18896
6176,13183,5685
6177,23777,10189
6178,89517,37883
6179,98968,41893
6180,63686,27031
6181,93186,39436
6182,113473,48091
6183,128499,54557
6184,8451,3661
6185,24302,10402
6186,81544,34604
6187,48173,20528
6188,60642,25743
6189,118697,50317
6190,71739,30462
6191,120090,50914
6192,1399,597
6193,38213,16361
6194,56664,24087
6195,41527,17733
6196,116341,49303
6197,15813,6805
6198,84080,35687
6199,14419,6212
6200,5031,2206
6201,67795,28798
6202,41078,17545
6203,121801,51644
6204,30323,12977
6205,62393,26501
6206,98438,41681
6207,24169,10356
6208,20660,8862
6209,37076,15867
6210,96837,40984
6211,128658,54630
6212,95709,40495
6213,22061,9441
6214,116649,49439
6215,37561,16082
6216,122419,51901
6217,69601,29548
6218,21455,9199
6219,21290,9133
6220,28574,12216
6221,55803,23725
6222,32262,13841
6223,83113,35266
6224,110774,46919
6225,2065,888
6226,58396,24805
6227,87191,36962
6228,112814,47824
6229,109078,46196
6230,55757,23712
6231,48927,20858
6232,48214,20550
6233,43955,18759
6234,37166,15905
6235,16715,7194
6236,67571,28696
6237,36770,15727
6238,127131,53987
6239,106006,44853
6240,71279,30277
6241,6519,2884
6242,60461,25663
6243,113674,48177
6244,72164,30639
6245,60497,25685
6246,4621,2024
6247,66283,28137
6248,3242,1418
6249,69455,29485
6250,105694,44724
6251,49371,21039
6252,37883,16218
6253,21147,9073
6254,15762,6784
6255,97485,41253
6256,73612,31235
6257,51282,21845
6258,38025,16278
6259,43039,18377
6260,91198,38597
6261,9575,4145
6262,680,290
6263,25565,10938
6264,55710,23688
6265,128772,54666
6266,112621,47747
6267,4043,1779
6268,106720,45167
6269,72776,30894
6270,29570,12639
6271,36571,15645
6272,53389,22701
6273,17782,7639
6274,102784,43486
6275,121483,51518
6276,95166,40289
6277,96069,40642
6278,9616,4161
6279,6126,2686
6280,39845,17031
6281,126488,53694
6282,62023,26348
6283,52558,22371
6284,91340,38668
6285,10690,4634
6286,32297,13850
6287,120866,51259
6288,92824,39301
6289,125386,53242
6290,22350,9566
6291,52405,22308
6292,104221,44088
6293,74989,31801
6294,120668,51175
6295,63401,26906
6296,1098,457
6297,115419,48925
6298,113030,47918
6299,4680,2047
6300,108292,45853
6301,11166,4836
6302,92058,38979
6303,63287,26864
6304,38767,16577
6305,19554,8373
6306,110076,46611
6307,84494,35855
6308,25419,10878
6309,61950,26317
6310,113071,47933
6311,7863,3425
6312,123072,52199
6313,43515,18591
6314,77861,33012
6315,104158,44057
6316,29680,12689
6317,86021,36508
6318,37141,15892
6319,116308,49288
6320,19676,8437
6321,57165,24288
6322,7165,3149
6323,83310,35368
6324,20277,8687
6325,98502,41705
6326,101059,42778
6327,103283,43689
6328,37487,16050
6329,92681,39238
6330,104639,44273
6331,47775,20353
6332,84822,35995
6333,85713,36374
6334,1462,632
6335,114559,48533
6336,76756,32530
6337,79165,33551
6338,65000,27599
6339,104117,44036
6340,115592,49006
6341,59305,25174
6342,77221,32719
6343,126236,53599
6344,112565,47720
6345,88256,37374
6346,37551,16078
6347,72567,30802
6348,94172,39846
6349,74921,31770
6350,118430,50216
6351,46816,19953
6352,81776,34699
6353,18252,7840
6354,99589,42145
6355,79434,33669
6356,108666,46012
6357,115157,48811
6358,80326,34048
6359,28982,12380
6360,25886,11087
6361,12547,5416
6362,116842,49524
6363,16678,7173
6364,22336,9562
6365,97954,41461
6366,33816,14494
6367,5672,2469
6368,16579,7136
6369,117381,49746
6370,86118,36548
6371,73952,31376
6372,78200,33163
6373,27064,11586
6374,111598,47255
6375,10760,4663
6376,56559,24048
6377,117119,49640
6378,126844,53869
6379,112227,47559
6380,33543,14388
6381,4178,1826
6382,122581,51979
6383,88865,37635
6384,91774,38860
6385,121811,51647
6386,129020,54763
6387,2176,934
6388,4776,2094
6389,65238,27710
6390,65551,27837
6391,129595,55004
6392,86821,36828
6393,14316,6174
6394,125914,53456
6395,83392,35402
6396,129226,54857
6397,83551,35465
6398,64996,27596
6399,34000,14573
6400,92220,39046
6401,28360,12124
6402,95308,40341
6403,36219,15492
6404,36643,15677
6405,88388,37430
6406,37458,16034
6407,128651,54625
6408,122035,51753
6409,99823,42242
6410,46919,20006
6411,44266,18895
6412,124913,53035
6413,9843,4259
6414,58695,24919
6415,106578,45106
6416,97733,41358
6417,3014,1318
6418,69837,29651
6419,44535,19022
6420,11701,5057
6421,44646,19072
6422,127331,54064
6423,9461,4094
6424,4195,1831
6425,54438,23144
6426,126389,53660
6427,77219,32717
6428,35532,15222
6429,46753,19921
6430,67287,28570
6431,51608,21988
6432,110233,46671
6433,47964,20430
6434,58669,24910
6435,109340,46305
6436,94378,39949
6437,98962,41889
6438,22945,9823
6439,64488,27379
6440,7664,3356
6441,3207,1402
6442,119064,50476
6443,123293,52298
6444,88279,37382
6445,8988,3883
6446,3078,1351
6447,73263,31098
6448,17123,7372
6449,81742,34685
6450,10075,4359
6451,20419,8750
6452,74072,31419
6453,105474,44634
6454,18738,8040
6455,64365,27317
6456,112351,47617
6457,55592,23635
6458,124626,52915
6459,19612,8405
6460,72948,30964
6461,44605,19054
6462,116586,49410
6463,124331,52783
6464,18215,7830
6465,20942,8991
6466,10783,4672
6467,93456,39548
6468,30682,13118
6469,65971,28008
6470,101101,42796
6471,110674,46875
6472,60149,25538
6473,116255,49271
6474,36054,15431
6475,82592,35051
6476,55469,23584
6477,28943,12365
6478,9498,4108
6479,34971,14984
6480,60740,25785
6481,80743,34256
6482,124246,52748
6483,108934,46131
6484,69459,29489
6485,112249,47570
6486,77328,32766
6487,71665,30430
6488,76906,32590
6489,110542,46813
6490,112135,47509
6491,127181,54006
6492,23551,10081
6493,93956,39749
6494,121215,51394
6495,101801,43083
6496,77830,32998
6497,14148,6096
6498,79571,33730
6499,54416,23134
6500,20809,8929
6501,28453,12173
6502,92634,39221
6503,119427,50625
6504,79787,33822
6505,111890,47385
6506,11181,4844
6507,65936,27994
6508,72816,30915
6509,11696,5054
6510,28777,12294
6511,57999,24630
6512,35481,15196
6513,106750,45177
6514,15303,6597
6515,95448,40398
6516,33551,14393
6517,11083,4808
6518,112826,47831
6519,8468,3673
6520,83457,35433
6521,30257,12949
6522,113322,48031
6523,45185,19303
6524,16995,7315
6525,11433,4951
6526,31265,13381
6527,1551,669
6528,48854,20819
6529,85743,36388
6530,51865,22095
6531,66236,28114
6532,64258,27273
6533,27585,11786
6534,125196,53150
6535,49673,21171
6536,65189,27685
6537,47416,20209
6538,29398,12565
6539,111309,47138
6540,35554,15233
6541,9120,3948
6542,19450,8327
6543,58602,24883
6544,42087,17977
6545,80516,34144
6546,35784,15324
6547,31863,13641
6548,71027,30169
6549,59360,25202
6550,39144,16739
6551,43224,18455
6552,26860,11496
6553,65232,27706
6554,106130,44906
6555,2826,1219
6556,20413,8749
6557,50855,21667
6558,80423,34096
6559,77661,32920
6560,16648,7166
6561,108158,45790
6562,110995,47012
6563,63417,26912
6564,110478,46786
6565,89618,37922
6566,90131,38141
6567,81639,34639
6568,54342,23105
6569,128078,54384
6570,40402,17248
6571,98164,41557
6572,46867,19981
6573,72026,30582
6574,31199,13347
6575,22306,9549
6576,100451,42519
6577,30507,13045
6578,45587,19450
6579,89232,37785
6580,108448,45922
6581,48879,20833
6582,6421,2832
6583,35502,15208
6584,27257,11649
6585,8882,3841
6586,111331,47148
6587,42827,18288
6588,95400,40377
6589,5508,2390
6590,67858,28828
6591,6558,2898
6592,128370,54500
6593,126940,53909
6594,128487,54552
6595,9362,4048
6596,112567,47722
6597,119335,50584
6598,55968,23796
6599,103608,43829
6600,3604,1586
6601,88343,37412
6602,15082,6501
6603,98076,41517
6604,8775,3791
6605,65927,27990
6606,105571,44667
6607,78433,33259
6608,92216,39045
6609,46583,19850
6610,120771,51222
6611,97093,41094
6612,20773,8918
6613,106372,45011
6614,52221,22236
6615,7299,3205
6616,90871,38453
6617,8655,3737
6618,77689,32936
6619,5777,2519
6620,89938,38051
6621,2199,943
6622,87793,37192
6623,105884,44807
6624,25769,11038
6625,11283,4889
6626,67291,28571
6627,80036,33922
6628,4150,1816
6629,71599,30404
6630,101631,43009
6631,84175,35720
6632,117961,49999
6633,2953,1281
6634,72744,30881
6635,13602,5864
6636,10933,4742
6637,3328,1461
6638,11020,4781
6639,48187,20536
6640,37549,16076
6641,116879,49536
6642,118012,50020
6643,47394,20201
6644,33047,14171
6645,115514,48968
6646,108290,45851
6647,121986,51733
6648,21909,9383
6649,33157,14220
6650,48721,20768
6651,69403,29462
6652,107011,45296
6653,35708,15292
6654,42033,17949
6655,80825,34292
6656,87261,36990
6657,29391,12562
6658,72439,30750
6659,38279,16391
6660,99815,42238
6661,42250,18045
6662,48779,20791
6663,94724,40092
6664,127154,53994
6665,79367,33639
6666,12931,5573
6667,86245,36597
6668,30278,12958
6669,93112,39412
6670,1390,595
6671,27872,11911
6672,114069,48334
6673,28977,12379
6674,84123,35699
6675,93221,39448
6676,65170,27676
6677,2192,939
6678,15995,6887
6679,32917,14111
6680,104192,44072
6681,751,316
6682,75557,32054
6683,99153,41959
6684,20818,8933
6685,47763,20347
6686,23963,10271
6687,23857,10228
6688,75924,32196
6689,23155,9913
6690,118028,50031
6691,101006,42757
6692,105451,44624
6693,43790,18692
6694,87163,36949
6695,98267,41595
6696,4402,1932
6697,129219,54852
6698,88464,37458
6699,17053,7341
6700,32215,13822
6701,13530,5835
6702,7567,3318
6703,124543,52876
6704,95598,40455
6705,5634,2454
6706,19720,8455
6707,127899,54304
6708,89544,37892
6709,4256,1862
6710,36740,15715
6711,62510,26544
6712,16223,6978
6713,118097,50060
6714,106745,45175
6715,35515,15212
6716,92301,39077
6717,121371,51464
6718,58344,24781
6719,24540,10503
6720,48755,20781
6721,83303,35365
6722,2371,1025
6723,17641,7582
6724,86469,36685
6725,23678,10152
6726,98493,41701
6727,91117,38560
6728,51256,21833
6729,37824,16190
6730,57092,24259
6731,1979,852
6732,74696,31691
6733,18389,7904
6734,126302,53624
6735,53062,22566
6736,34700,14867
6737,72785,30901
6738,74216,31494
6739,37765,16162
6740,96038,40631
6741,83943,35638
6742,104140,44050
6743,61192,25977
6744,118561,50260
6745,11150,4831
6746,21514,9223
6747,83165,35292
6748,23451,10037
6749,117938,49985
6750,31154,13330
6751,55871,23748
6752,22907,9805
6753,100259,42437
6754,9754,4219
6755,9734,4208
6756,20679,8875
6757,71041,30175
6758,77277,32743
6759,89031,37709
6760,4000,1757
6761,22463,9612
6762,29932,12808
6763,49261,21000
6764,98086,41523
6765,22298,9547
6766,74994,31804
6767,98946,41879
6768,28560,12208
6769,117583,49833
6770,47754,20344
6771,88557,37491
6772,53665,22818
6773,5570,2416
6774,52204,22228
6775,127644,54198
6776,95647,40473
6777,4924,2158
6778,51393,21894
6779,35455,15184
6780,81030,34386
6781,35271,15112
6782,50651,21588
6783,77770,32969
6784,56899,24186
6785,6168,2710
6786,103162,43638
6787,84639,35911
6788,31737,13579
6789,48447,20662
6790,87283,36997
6791,100985,42749
6792,118685,50312
6793,50115,21372
6794,53220,22626
6795,120276,51004
6796,12689,5476
6797,100506,42549
6798,13177,5681
6799,38796,16587
6800,10758,4661
6801,1418,608
6802,56759,24134
6803,70809,30068
6804,27958,11953
6805,12790,5516
6806,29869,12780
6807,3062,1347
6808,33321,14291
6809,63855,27106
6810,45786,19538
6811,6358,2800
6812,96860,40996
6813,23906,10245
6814,71940,30549
6815,125456,53273
6816,32942,14122
6817,10016,4328
6818,14913,6428
6819,93390,39517
6820,120466,51084
6821,43789,18691
6822,57051,24246
6823,69317,29433
6824,18676,8018
6825,100413,42504
6826,129499,54961
6827,130223,55269
6828,45005,19215
6829,14270,6150
6830,72580,30808
6831,71458,30341
6832,24953,10694
6833,55519,23605
6834,67830,28815
6835,54429,23142
6836,84582,35893
6837,74212,31493
6838,59138,25104
6839,2959,1285
6840,55252,23488
6841,23685,10155
6842,73470,31168
6843,4538,1986
6844,97210,41142
6845,103781,43894
6846,76736,32520
6847,63314,26872
6848,102349,43304
6849,13303,5739
6850,20222,8661
6851,99388,42055
6852,15102,6510
6853,109950,46551
6854,22127,9475
6855,35390,15157
6856,103219,43665
6857,118363,50184
6858,69485,29500
6859,48216,20552
6860,93740,39669
6861,74523,31621
6862,18221,7833
6863,52795,22456
6864,69583,29540
6865,99979,42307
6866,20527,8807
6867,23468,10047
6868,33227,14251
6869,34161,14624
6870,31423,13445
6871,42927,18332
6872,64266,27276
6873,78548,33306
6874,92793,39284
6875,53376,22696
6876,6720,2959
6877,64778,27497
6878,89967,38070
6879,52858,22489
6880,35099,15040
6881,9450,4087
6882,31786,13603
6883,109361,46315
6884,124155,52708
6885,56396,23976
6886,23477,10052
6887,56597,24060
6888,97615,41311
6889,1457,630
6890,68437,29072
6891,104686,44297
6892,109825,46498
6893,27341,11688
6894,36326,15538
6895,60793,25804
6896,109833,46501
6897,88782,37595
6898,73137,31042
6899,7518,3300
6900,33636,14436
6901,37864,16212
6902,76203,32325
6903,109954,46554
6904,82105,34842
6905,61900,26292
6906,31939,13678
6907,10485,4537
6908,100713,42650
6909,16404,7057
6910,124788,52978
6911,103811,43908
6912,76509,32437
6913,122718,52043
6914,80274,34022
6915,120076,50908
6916,37217,15929
6917,16947,7293
6918,71317,30293
6919,98482,41697
6920,94395,39957
6921,98760,41809
6922,111719,47310
6923,44199,18868
6924,92844,39307
6925,127516,54137
6926,60199,25558
6927,93141,39421
6928,120052,50901
6929,52972,22536
6930,128249,54453
6931,76173,32306
6932,27632,11804
6933,25192,10784
6934,25487,10904
6935,67765,28786
6936,92515,39161
6937,77672,32926
6938,26518,11344
6939,19277,8258
6940,83067,35243
6941,83354,35384
6942,68538,29120
6943,69120,29356
6944,122433,51908
6945,111976,47436
6946,52799,22458
6947,50268,21441
6948,13749,5934
6949,92755,39268
6950,76182,32310
6951,101696,43038
6952,68486,29093
6953,95576,40449
6954,66305,28146
6955,77755,32963
6956,113813,48230
6957,37327,15981
6958,33130,14210
6959,68228,28977
6960,119276,50560
6961,10045,4346
6962,105859,44794
6963,99643,42165
6964,52495,22340
6965,54545,23188
6966,90745,38397
6967,102924,43547
6968,74643,31661
6969,122939,52139
6970,96398,40779
6971,129017,54761
6972,51496,21941
6973,76024,32242
6974,50764,21635
6975,128806,54680
6976,77540,32866
6977,57169,24290
6978,100406,42501
6979,96631,40886
6980,88493,37468
6981,103508,43785
6982,80621,34196
6983,104101,44030
6984,27058,11582
6985,36045,15427
6986,46487,19810
6987,5307,2312
6988,81706,34674
6989,60625,25735
6990,16780,7219
6991,4215,1840
6992,72295,30687
6993,120804,51232
6994,27804,11882
6995,123389,52352
6996,129188,54836
6997,42297,18068
6998,99376,42051
6999,46390,19780
7000,53793,22875
7001,36441,15584
7002,104132,44044
7003,9547,4132
7004,70203,29811
7005,66502,28234
7006,89798,38005
7007,123831,52562
7008,121778,51634
7009,29671,12684
7010,8323,3602
7011,4084,1798
7012,46084,19655
7013,84720,35952
7014,111539,47229
7015,38811,16593
7016,85371,36226
7017,54506,23168
7018,92184,39034
7019,9026,3903
7020,97294,41175
7021,104446,44185
7022,106633,45126
7023,101369,42899
7024,126688,53793
7025,52309,22268
7026,24639,10551
7027,76468,32423
7028,65648,27872
7029,98034,41495
7030,41835,17864
7031,59352,25197
7032,90187,38162
7033,89636,37927
7034,118014,50022
7035,81288,34483
7036,109440,46343
7037,124470,52837
7038,126291,53617
7039,19299,8268
7040,53878,22915
7041,115753,49078
7042,43375,18524
7043,41532,17737
7044,70825,30072
7045,122769,52070
7046,22065,9443
7047,49915,21287
7048,59304,25173
7049,104459,44189
7050,92379,39108
7051,61982,26331
7052,85251,36175
7053,117244,49689
7054,69298,29425
7055,1770,763
7056,57438,24395
7057,2342,1012
7058,45665,19480
7059,34297,14686
7060,112303,47595
7061,14740,6350
7062,50741,21621
7063,50207,21411
7064,19735,8463
7065,10833,4693
7066,85839,36433
7067,6678,2944
7068,115114,48785
7069,90793,38417
7070,124728,52957
7071,10829,4692
7072,31848,13633
7073,34140,14618
7074,25636,10973
7075,112643,47755
7076,4756,2083
7077,109507,46365
7078,51246,21828
7079,14514,6249
7080,22923,9813
7081,100322,42462
7082,43787,18690
7083,123796,52541
7084,14186,6115
7085,127490,54128
7086,59173,25124
7087,59478,25250
7088,20095,8605
7089,79212,33569
7090,25854,11070
7091,28950,12370
7092,71950,30551
7093,68923,29276
7094,73754,31294
7095,74100,31439
7096,100731,42656
7097,118256,50138
7098,107143,45360
7099,54625,23227
7100,93741,39670
7101,45716,19502
7102,98869,41849
7103,80094,33944
7104,86680,36764
7105,65881,27969
7106,19375,8301
7107,2392,1034
7108,20206,8652
7109,91668,38819
7110,40525,17298
7111,36335,15545
7112,79675,33773
7113,15783,6795
7114,110568,46821
7115,107922,45693
7116,35949,15390
7117,88695,37554
7118,94524,40014
7119,112457,47675
7120,91094,38550
7121,78076,33108
7122,116861,49531
7123,64400,27336
7124,84551,35879
7125,82442,34986
7126,57686,24494
7127,73416,31149
7128,112702,47780
7129,4260,1864
7130,3894,1706
7131,98534,41717
7132,114945,48707
7133,25316,10836
7134,92237,39054
7135,34572,14806
7136,34259,14667
7137,115983,49160
7138,37496,16053
7139,103625,43835
7140,101317,42885
7141,25254,10809
7142,96238,40715
7143,77501,32845
7144,27091,11597
7145,88805,37607
7146,120444,51072
7147,21139,9068
7148,98240,41584
7149,129209,54846
7150,34304,14689
7151,77997,33075
7152,32706,14018
7153,64773,27494
7154,79473,33684
7155,9088,3932
7156,55457,23577
7157,11631,5026
7158,14313,6172
7159,107423,45484
7160,40223,17186
7161,113245,48001
7162,18348,7884
7163,3983,1750
7164,70006,29724
7165,13156,5674
7166,48317,20598
7167,54513,23172
7168,103539,43804
7169,110321,46709
7170,116522,49387
7171,116192,49246
7172,122423,51904
7173,27125,11605
7174,65501,27817
7175,97819,41398
7176,83765,35556
7177,67000,28451
7178,90387,38240
7179,101144,42816
7180,112463,47678
7181,80942,34346
7182,122891,52117
7183,119247,50547
7184,101083,42790
7185,51024,21739
7186,27947,11948
7187,83847,35598
7188,92373,39106
7189,44841,19156
7190,17008,7321
7191,79674,33772
7192,107811,45642
7193,126363,53647
7194,114890,48687
7195,29452,12592
7196,52995,22545
7197,126765,53832
7198,26028,11147
7199,27919,11933
7200,30410,13008
7201,128870,54709
7202,114604,48555
7203,14185,6114
7204,121019,51314
7205,123720,52505
7206,75486,32015
7207,80961,34357
7208,21120,9058
7209,13744,5931
7210,9403,4067
7211,41715,17815
7212,66360,28169
7213,88594,37509
7214,16875,7264
7215,113687,48184
7216,13715,5921
7217,95337,40353
7218,68069,28914
7219,27643,11810
7220,5129,2246
7221,29071,12419
7222,118976,50439
7223,14841,6394
7224,92655,39230
7225,9921,4287
7226,108941,46135
7227,40757,17406
7228,7277,3196
7229,85832,36427
7230,34112,14607
7231,37880,16215
7232,38822,16597
7233,111100,47057
7234,54287,23085
7235,22941,9821
7236,34577,14808
7237,73688,31272
7238,38422,16447
7239,35003,15000
7240,77503,32847
7241,15606,6723
7242,51718,22037
7243,69162,29376
7244,124559,52884
7245,85794,36413
7246,123060,52194
7247,80719,34242
7248,109156,46229
7249,89546,37893
7250,97357,41204
7251,70668,30009
7252,48218,20553
7253,27800,11881
7254,81464,34560
7255,14833,6391
7256,106278,44970
7257,112819,47828
7258,33450,14349
7259,71443,30336
7260,66095,28059
7261,74360,31553
7262,68373,29041
7263,13025,5616
7264,29894,12792
7265,43104,18404
7266,37577,16088
7267,94896,40161
7268,35188,15076
7269,65709,27899
7270,112617,47745
7271,7601,3327
7272,112815,47825
7273,66340,28159
7274,55581,23632
7275,34323,14698
7276,75713,32109
7277,74548,31634
7278,109072,46193
7279,117191,49673
7280,40145,17151
7281,62232,26431
7282,48914,20853
7283,37510,16060
7284,130029,55184
7285,79278,33597
7286,65047,27622
7287,36631,15670
7288,6396,2824
7289,113559,48129
7290,96087,40651
7291,68149,28947
7292,105806,44770
7293,59120,25097
7294,521,219
7295,87987,37264
7296,42222,18033
7297,99130,41950
7298,45478,19410
7299,38785,16584
7300,50325,21461
7301,22402,9585
7302,35495,15204
7303,99635,42159
7304,105656,44707
7305,129031,54768
7306,111463,47197
7307,52402,22305
7308,110327,46712
7309,14939,6437
7310,1568,677
7311,19903,8528
7312,8944,3867
7313,50565,21552
7314,4359,1910
7315,96647,40892
7316,122637,52003
7317,73616,31239
7318,105282,44551
7319,102485,43365
7320,71851,30502
7321,42490,18155
7322,105911,44821
7323,25845,11067
7324,21319,9145
7325,64679,27453
7326,24319,10412
7327,11038,4790
7328,88786,37599
7329,25912,11100
7330,35022,15006
7331,57163,24286
7332,43494,18583
7333,59987,25471
7334,37459,16035
7335,48365,20619
7336,13112,5657
7337,41694,17804
7338,130346,55336
7339,74941,31781
7340,86190,36579
7341,57110,24262
7342,108676,46017
7343,109861,46515
7344,25151,10764
7345,30191,12920
7346,46436,19793
7347,94006,39764
7348,85676,36361
7349,79566,33726
7350,90410,38249
7351,87896,37229
7352,56086,23841
7353,42127,17996
7354,113839,48238
7355,100584,42593
7356,31677,13553
7357,60397,25637
7358,52694,22421
7359,129098,54798
7360,58557,24867
7361,15473,6662
7362,59152,25112
7363,26258,11228
7364,89871,38030
7365,14585,6282
7366,125321,53213
7367,4849,2122
7368,23092,9883
7369,57288,24330
7370,14025,6040
7371,115130,48795
7372,44983,19210
7373,74084,31427
7374,27648,11813
7375,69564,29535
7376,3074,1350
7377,1411,604
7378,22455,9606
7379,44586,19046
7380,8374,3625
7381,16197,6967
7382,112458,47676
7383,12730,5497
7384,60648,25745
7385,118262,50142
7386,19633,8417
7387,76404,32398
7388,72342,30710
7389,76955,32607
7390,30889,13218
7391,72109,30617
7392,31691,13558
7393,18320,7870
7394,37304,15973
7395,29153,12455
7396,8592,3714
7397,5900,2583
7398,45626,19468
7399,120270,51001
7400,85460,36260
7401,113557,48127
7402,96699,40923
7403,106472,45057
7404,33308,14285
7405,103212,43662
7406,70048,29746
7407,57704,24505
7408,27289,11666
7409,18501,7944
7410,29442,12587
7411,110853,46946
7412,119616,50712
7413,114824,48655
7414,29782,12740
7415,54576,23205
7416,19503,8352
7417,119577,50693
7418,56508,24025
7419,91367,38683
7420,21749,9323
7421,18991,8133
7422,26556,11364
7423,51419,21908
7424,10611,4597
7425,87962,37253
7426,24203,10374
7427,123310,52309
7428,65192,27687
7429,60314,25600
7430,103570,43817
7431,51949,22126
7432,87293,37003
7433,3180,1391
7434,115026,48751
7435,78785,33389
7436,124477,52841
7437,38691,16550
7438,54170,23034
7439,5553,2409
7440,45731,19509
7441,92313,39083
7442,116037,49177
7443,67350,28599
7444,126821,53857
7445,86581,36727
7446,34222,14649
7447,16058,6910
7448,13384,5768
7449,71002,30160
7450,51123,21779
7451,100318,42460
7452,7411,3253
7453,93088,39402
7454,101076,42786
7455,91359,38678
7456,97614,41310
7457,20041,8580
7458,71987,30564
7459,116652,49440
7460,64119,27217
7461,86178,36572
7462,99493,42098
7463,108939,46133
7464,121673,51591
7465,77156,32692
7466,94877,40152
7467,103021,43583
7468,4840,2117
7469,20896,8973
7470,8157,3537
7471,87289,37001
7472,28986,12383
7473,41754,17830
7474,80317,34044
7475,29718,12711
7476,98664,41773
7477,104617,44261
7478,108652,46006
7479,38715,16560
7480,24676,10565
7481,70788,30059
7482,3447,1521
7483,14236,6136
7484,13275,5730
7485,106734,45170
7486,52816,22467
7487,21714,9305
7488,36822,15750
7489,30832,13184
7490,28872,12332
7491,113366,48051
7492,36541,15631
7493,70658,30007
7494,7899,3442
7495,36781,15730
7496,95563,40441
7497,33792,14487
7498,45303,19348
7499,62269,26449
7500,71492,30357
7501,115699,49057
7502,98622,41756
7503,47875,20397
7504,76428,32409
7505,103055,43594
7506,63207,26833
7507,111273,47128
7508,31818,13619
7509,87572,37111
7510,4632,2029
7511,99718,42194
7512,33454,14351
7513,27053,11579
7514,6365,2807
7515,71296,30285
7516,49299,21008
7517,80183,33985
7518,64031,27181
7519,124958,53055
7520,46353,19762
7521,30283,12959
7522,13194,5691
7523,115333,48884
7524,31562,13507
7525,793,339
7526,10052,4348
7527,56513,24028
7528,47187,20133
7529,87619,37133
7530,13201,5696
7531,53989,22964
7532,85967,36486
7533,114239,48407
7534,399,163
7535,35790,15327
7536,116487,49369
7537,92930,39343
7538,90646,38355
7539,17851,7669
7540,43445,18557
7541,1747,753
7542,33275,14268
7543,74608,31651
7544,41496,17720
7545,67320,28580
7546,55038,23404
7547,112788,47815
7548,55461,23578
7549,102370,43314
7550,69122,29357
7551,35422,15170
7552,22007,9416
7553,40804,17425
7554,32135,13775
7555,83789,35571
7556,35246,15101
7557,4806,2103
7558,43727,18666
7559,50357,21474
7560,88354,37417
7561,63947,27149
7562,49691,21179
7563,60090,25515
7564,2886,1247
7565,88373,37424
7566,44292,18909
7567,51654,22008
7568,48077,20479
7569,40196,17174
7570,10024,4334
7571,105004,44425
7572,24857,10644
7573,51740,22048
7574,124542,52875
7575,40673,17367
7576,59088,25081
7577,127539,54148
7578,121384,51471
7579,100698,42643
7580,44754,19119
7581,114034,48322
7582,116698,49464
7583,31133,13319
7584,15927,6858
7585,40916,17474
7586,58030,24643
7587,129622,55013
7588,117684,49882
7589,89352,37826
7590,97715,41352
7591,11270,4884
7592,107684,45594
7593,67279,28567
7594,105581,44674
7595,49920,21291
7596,100809,42684
7597,102733,43464
7598,4377,1919
7599,34453,14754
7600,41536,17738
7601,101758,43067
7602,122063,51764
7603,17700,7602
7604,43639,18636
7605,10206,4411
7606,113162,47967
7607,120175,50959
7608,87955,37249
7609,27637,11808
7610,53895,22918
7611,114094,48347
7612,10904,4728
7613,92813,39298
7614,35775,15318
7615,27651,11816
7616,71320,30295
7617,129436,54938
7618,83077,35250
7619,14736,6349
7620,89904,38039
7621,5706,2485
7622,44518,19016
7623,11459,4963
7624,123805,52546
7625,109591,46406
7626,52649,22403
7627,59143,25106
7628,113597,48141
7629,34635,14835
7630,53592,22793
7631,11614,5019
7632,98659,41769
7633,22760,9735
7634,76241,32336
7635,114351,48450
7636,103329,43710
7637,96212,40700
7638,104608,44256
7639,6272,2757
7640,17954,7713
7641,35524,15217
7642,1957,838
7643,107829,45648
7644,58850,24987
7645,9911,4282
7646,104120,44037
7647,123723,52507
7648,31384,13432
7649,94561,40026
7650,113481,48095
7651,36934,15804
7652,67395,28621
7653,84863,36011
7654,2889,1249
7655,102758,43477
7656,50225,21419
7657,90892,38458
7658,75548,32047
7659,49683,21175
7660,83326,35372
7661,22477,9618
7662,23622,10121
7663,6768,2980
7664,72740,30879
7665,80240,34008
7666,54095,23002
7667,1304,554
7668,40563,17315
7669,70222,29821
7670,45338,19360
7671,25480,10902
7672,9513,4115
7673,3467,1530
7674,14469,6234
7675,75561,32056
7676,6149,2700
7677,21709,9303
7678,11140,4825
7679,68016,28889
7680,36840,15762
7681,30240,12943
7682,10660,4620
7683,40944,17487
7684,40340,17222
7685,55938,23785
7686,83631,35499
7687,25597,10950
7688,48196,20540
7689,45742,19516
7690,39903,17057
7691,114332,48441
7692,83090,35256
7693,85812,36418
7694,20544,8813
7695,37376,15997
7696,7542,3311
7697,6974,3078
7698,30312,12972
7699,112685,47769
7700,56471,24009
7701,56854,24166
7702,22083,9450
7703,75105,31857
7704,86803,36822
7705,75221,31902
7706,26723,11439
7707,95374,40368
7708,47824,20374
7709,103983,43977
7710,8773,3789
7711,24521,10495
7712,83584,35481
7713,129679,55040
7714,27333,11683
7715,105729,44736
7716,4529,1984
7717,69810,29639
7718,67066,28476
7719,9126,3951
7720,40615,17338
7721,56151,23869
7722,124689,52936
7723,23980,10276
7724,102112,43208
7725,123145,52231
7726,35681,15283
7727,32562,13958
7728,111949,47420
7729,112373,47635
7730,85738,36386
7731,84915,36031
7732,94809,40131
7733,84885,36021
7734,7797,3399
7735,116073,49193
7736,65052,27626
7737,95961,40594
7738,35870,15361
7739,63756,27064
7740,106293,44978
7741,65422,27779
7742,123185,52249
7743,42677,18231
7744,38421,16446
7745,115515,48969
7746,76973,32612
7747,127428,54109
7748,64616,27430
7749,120179,50963
7750,82329,34939
7751,27478,11744
7752,130314,55322
7753,58911,25010
7754,69545,29528
7755,4795,2100
7756,12254,5283
7757,96726,40937
7758,97136,41117
7759,31796,13607
7760,25523,10914
7761,107351,45454
7762,3577,1573
7763,5174,2263
7764,123329,52316
7765,73783,31304
7766,17852,7670
7767,54079,22996
7768,25385,10861
7769,57618,24472
7770,46893,19994
7771,28252,12084
7772,64016,27170
7773,80990,34366
7774,71234,30255
7775,22790,9751
7776,3340,1467
7777,47293,20163
7778,16782,7221
7779,107330,45442
7780,68296,29004
7781,25945,11113
7782,90897,38460
7783,114164,48376
7784,127745,54244
7785,30008,12841
7786,100390,42495
7787,19785,8480
7788,21657,9281
7789,65923,27987
7790,112774,47808
7791,84131,35702
7792,54764,23280
7793,54346,23108
7794,62581,26570
7795,60902,25850
7796,40491,17285
7797,86462,36682
7798,65743,27912
7799,92527,39167
7800,65172,27678
7801,81110,34412
7802,114174,48380
7803,94992,40206
7804,117175,49667
7805,55272,23497
7806,80848,34299
7807,7585,3322
7808,59764,25367
7809,32988,14140
7810,53344,22681
7811,48231,20559
7812,32842,14075
7813,102869,43520
7814,5130,2247
7815,66883,28403
7816,125279,53193
7817,71736,30461
7818,86285,36615
7819,117792,49929
7820,106757,45183
7821,17769,7634
7822,14308,6168
7823,88686,37551
7824,45483,19414
7825,120994,51301
7826,20864,8957
7827,123202,52257
7828,104344,44138
7829,68894,29264
7830,12213,5267
7831,84161,35713
7832,122668,52017
7833,43289,18491
7834,20181,8639
7835,81529,34598
7836,54654,23235
7837,85571,36310
7838,14161,6100
7839,1851,791
7840,48102,20495
7841,109505,46364
7842,20481,8785
7843,94211,39870
7844,44574,19042
7845,71877,30516
7846,19094,8176
7847,12515,5400
7848,17236,7412
7849,95079,40252
7850,50104,21370
7851,126732,53815
7852,41512,17727
7853,30876,13213
7854,1877,804
7855,88895,37647
7856,14840,6393
7857,15890,6841
7858,118870,50392
7859,119766,50784
7860,124021,52642
7861,107266,45416
7862,103707,43864
7863,21151,9075
7864,42723,18252
7865,29044,12407
7866,101129,42810
7867,106890,45241
7868,100422,42507
7869,41756,17831
7870,112281,47585
7871,123996,52632
7872,39120,16724
7873,72976,30977
7874,57230,24313
7875,105843,44787
7876,13124,5661
7877,6057,2653
7878,122750,52058
7879,625,261
7880,17092,7358
7881,102441,43343
7882,84222,35738
7883,66124,28068
7884,35141,15057
7885,77479,32833
7886,92877,39323
7887,52297,22263
7888,123450,52383
7889,19152,8202
7890,40806,17427
7891,66059,28040
7892,88325,37403
7893,129934,55146
7894,91588,38775
7895,68520,29112
7896,96288,40735
7897,91561,38765
7898,56407,23980
7899,97383,41210
7900,70867,30096
7901,29630,12668
7902,24031,10296
7903,105522,44649
7904,101899,43119
7905,2612,1131
7906,41274,17620
7907,128520,54570
7908,120601,51149
7909,60049,25494
7910,90129,38140
7911,64072,27198
7912,98545,41720
7913,91417,38709
7914,55470,23585
7915,117601,49845
7916,130303,55317
7917,43399,18540
7918,18437,7917
7919,118074,50051
7920,586,244
7921,6431,2839
7922,104734,44316
7923,48642,20740
7924,91205,38599
7925,60454,25657
7926,97473,41246
7927,6225,2739
7928,80755,34260
7929,123229,52271
7930,115273,48856
7931,65331,27742
7932,58740,24942
7933,118920,50414
7934,98295,41608
7935,99509,42104
7936,111930,47407
7937,56238,23906
7938,64503,27384
7939,21370,9164
7940,13881,5987
7941,73476,31169
7942,29024,12397
7943,16502,7100
7944,8995,3888
7945,49914,21286
7946,110907,46970
7947,78270,33191
7948,65771,27922
7949,5759,2509
7950,52806,22461
7951,129304,54887
7952,109554,46389
7953,84339,35788
7954,40137,17148
7955,72681,30857
7956,74353,31551
7957,89507,37881
7958,106246,44958
7959,98705,41791
7960,78660,33344
7961,125184,53145
7962,4567,2000
7963,100192,42405
7964,106483,45062
7965,53664,22817
7966,92439,39133
7967,84820,35993
7968,111220,47107
7969,54801,23298
7970,37955,16252
7971,74588,31648
7972,23798,10198
7973,74604,31650
7974,30839,13191
7975,125725,53383
7976,73012,30989
7977,46331,19752
7978,76167,32304
7979,6618,2919
7980,96829,40978
7981,115703,49059
7982,3986,1751
7983,108159,45791
7984,7003,3093
7985,115062,48764
7986,103890,43944
7987,86926,36863
7988,88408,37438
7989,81940,34776
7990,23430,10029
7991,73967,31382
7992,5955,2614
7993,107116,45347
7994,128332,54484
7995,71488,30355
7996,62733,26635
7997,16075,6918
7998,116746,49482
7999,17142,7378
8000,43895,18734
8001,71004,30161
8002,41393,17674
8003,13777,5945
8004,28558,12207
8005,32629,13989
8006,23724,10165
8007,26720,11437
8008,124464,52835
8009,34473,14764
8010,71150,30222
8011,60506,25689
8012,54819,23305
8013,82636,35067
8014,66963,28434
8015,68535,29118
8016,108573,45975
8017,125161,53133
8018,11660,5037
8019,67806,28804
8020,111537,47228
8021,16277,6996
8022,106193,44936
8023,2951,1279
8024,33219,14248
8025,296,132
8026,38066,16298
8027,31768,13594
8028,68340,29024
8029,98801,41825
8030,59536,25274
8031,27659,11819
8032,37134,15889
8033,46567,19845
8034,59895,25424
8035,19102,8183
8036,99460,42087
8037,66962,28433
8038,47073,20083
8039,4376,1918
8040,7124,3132
8041,96958,41039
8042,68909,29271
8043,73680,31268
8044,109846,46510
8045,66389,28181
8046,5732,2499
8047,73850,31337
8048,34506,14778
8049,117672,49875
8050,8200,3558
8051,112990,47901
8052,78494,33285
8053,96216,40702
8054,102413,43332
8055,73598,31225
8056,1255,528
8057,528,222
8058,2927,1270
8059,62394,26502
8060,60910,25853
8061,4911,2153
8062,2130,918
8063,43781,18687
8064,71621,30413
8065,28283,12099
8066,59445,25239
8067,48123,20506
8068,45100,19255
8069,1572,680
8070,50478,21522
8071,106486,45064
8072,6241,2744
8073,51650,22006
8074,70255,29833
8075,108544,45961
8076,61649,26179
8077,46590,19855
8078,129624,55015
8079,45452,19397
8080,37859,16209
8081,47513,20255
8082,115958,49152
8083,3464,1528
8084,99252,42000
8085,101268,42872
8086,89344,37823
8087,75495,32019
8088,123898,52589
8089,63136,26805
8090,17431,7490
8091,35545,15230
8092,63391,26901
8093,106083,44885
8094,50795,21643
8095,44191,18863
8096,113281,48015
8097,72080,30603
8098,59121,25098
8099,32461,13920
8100,97742,41362
8101,5016,2199
8102,80380,34075
8103,8440,3653
8104,108310,45861
8105,71476,30349
8106,8474,3674
8107,129958,55156
8108,6181,2717
8109,117291,49705
8110,116185,49243
8111,18073,7769
8112,12477,5375
8113,81243,34462
8114,117951,49993
8115,50095,21369
8116,82864,35161
8117,31692,13559
8118,106914,45253
8119,46497,19815
8120,64538,27397
8121,119758,50779
8122,83688,35524
8123,109326,46298
8124,12623,5450
8125,94683,40074
8126,114085,48342
8127,46531,19830
8128,92405,39120
8129,24000,10284
8130,17034,7332
8131,90730,38389
8132,31327,13403
8133,105489,44639
8134,125447,53270
8135,83002,35218
8136,91625,38796
8137,56212,23895
8138,91326,38657
8139,107720,45607
8140,98662,41772
8141,95891,40566
8142,62634,26595
8143,70932,30124
8144,106458,45049
8145,25039,10724
8146,17599,7567
8147,58434,24819
8148,74229,31499
8149,112044,47467
8150,113000,47906
8151,110982,47005
8152,95451,40400
8153,107702,45601
8154,119179,50527
8155,41782,17840
8156,128451,54539
8157,2698,1165
8158,116452,49355
8159,30235,12941
8160,3170,1386
8161,74200,31489
8162,7385,3245
8163,7537,3309
8164,37084,15870
8165,50532,21538
8166,43703,18661
8167,42109,17984
8168,76718,32514
8169,81478,34567
8170,106113,44900
8171,5949,2611
8172,83196,35305
8173,48392,20634
8174,20087,8601
8175,118675,50308
8176,120235,50986
8177,122627,51998
8178,108455,45927
8179,57749,24521
8180,25856,11072
8181,7635,3337
8182,111848,47372
8183,77977,33064
8184,125358,53229
8185,37517,16064
8186,6736,2967
8187,94128,39825
8188,47170,20124
8189,27217,11633
8190,20081,8599
8191,118248,50133
8192,33049,14172
8193,830,357
8194,29686,12693
8195,122928,52134
8196,92099,39001
8197,43094,18400
8198,33058,14178
8199,71647,30424
8200,21924,9390
8201,63203,26831
8202,8875,3836
8203,50613,21572
8204,127476,54123
8205,98885,41856
8206,31180,13340
8207,97953,41460
8208,53589,22791
8209,87452,37065
8210,115821,49106
8211,22018,9420
8212,115982,49159
8213,69197,29387
8214,102878,43526
8215,48005,20445
8216,101602,42992
8217,119748,50776
8218,83223,35320
8219,75961,32213
8220,117103,49634
8221,6583,2906
8222,90508,38295
8223,92307,39080
8224,79281,33600
8225,3503,1542
8226,19700,8446
8227,54590,23209
8228,677,287
8229,44041,18799
8230,29225,12492
8231,104025,43997
8232,2499,1081
8233,75427,31992
8234,25058,10734
8235,65102,27651
8236,48962,20873
8237,125168,53136
8238,107905,45685
8239,3840,1683
8240,48489,20674
8241,53870,22911
8242,31965,13696
8243,17965,7718
8244,94050,39781
8245,69937,29694
8246,44515,19013
8247,29407,12571
8248,56831,24158
8249,25081,10744
8250,93570,39603
8251,124082,52670
8252,35024,15007
8253,15308,6599
8254,75939,32203
8255,116403,49333
8256,109254,46275
8257,13153,5672
8258,70759,30047
8259,43680,18650
8260,110218,46663
8261,86728,36788
8262,78330,33212
8263,65659,27875
8264,101041,42770
8265,8804,3802
8266,101449,42938
8267,103879,43939
8268,25993,11132
8269,76639,32487
8270,288,128
8271,105905,44817
8272,59323,25182
8273,43487,18581
8274,123634,52465
8275,90355,38225
8276,14677,6324
8277,8667,3738
8278,30190,12919
8279,115493,48960
8280,19478,8338
8281,59511,25263
8282,20460,8774
8283,75316,31948
8284,123560,52432
8285,97932,41449
8286,44439,18976
8287,6484,2866
8288,88103,37314
8289,119675,50742
8290,14555,6268
8291,58193,24709
8292,80967,34361
8293,113778,48216
8294,43007,18363
8295,112384,47640
8296,100162,42394
8297,111149,47081
8298,34094,14599
8299,79611,33743
8300,13711,5919
8301,79999,33908
8302,82971,35207
8303,116,52
8304,105854,44791
8305,51502,21943
8306,32319,13862
8307,83253,35340
8308,24898,10671
8309,54220,23058
8310,111058,47036
8311,128884,54713
8312,85646,36349
8313,99535,42115
8314,94245,39886
8315,15335,6612
8316,51325,21859
8317,58783,24963
8318,83904,35623
8319,40664,17362
8320,107138,45357
8321,19871,8517
8322,73572,31216
8323,5263,2296
8324,26149,11187
8325,97914,41440
8326,58449,24825
8327,121633,51575
8328,105017,44432
8329,73021,30993
8330,17346,7448
8331,30347,12982
8332,24860,10645
8333,128389,54509
8334,93449,39544
8335,54972,23375
8336,87119,36932
8337,123254,52278
8338,32570,13963
8339,28472,12179
8340,70906,30113
8341,290,129
8342,128829,54689
8343,86500,36698
8344,100167,42396
8345,123878,52578
8346,93334,39493
8347,109879,46521
8348,124769,52972
8349,115711,49063
8350,109675,46440
8351,71995,30568
8352,56481,24015
8353,5646,2462
8354,21794,9339
8355,92743,39264
8356,20102,8608
8357,101112,42802
8358,15404,6632
8359,100498,42543
8360,8761,3780
8361,99574,42137
8362,30965,13249
8363,68533,29116
8364,1004,416
8365,74742,31709
8366,39378,16833
8367,33186,14231
8368,68622,29161
8369,9339,4036
8370,122647,52009
8371,46070,19650
8372,5372,2339
8373,126877,53881
8374,111450,47192
8375,29986,12835
8376,10952,4750
8377,36423,15578
8378,56706,24107
8379,22132,9476
8380,107290,45427
8381,70490,29935
8382,35876,15362
8383,1338,575
8384,116983,49584
8385,99561,42129
8386,33188,14232
8387,36038,15424
8388,130220,55267
8389,8821,3810
8390,29506,12612
8391,68612,29155
8392,122490,51938
8393,18508,7949
8394,36880,15780
8395,100453,42520
8396,78889,33436
8397,37224,15932
8398,101121,42807
8399,1313,559
8400,37711,16143
8401,86923,36862
8402,125532,53305
8403,2051,881
8404,95068,40247
8405,91215,38606
8406,78152,33142
8407,82130,34854
8408,89655,37935
8409,74516,31615
8410,70988,30153
8411,85098,36105
8412,89589,37912
8413,48671,20749
8414,69437,29476
8415,6481,2864
8416,34389,14724
8417,2359,1021
8418,84239,35746
8419,93022,39377
8420,48558,20701
8421,45615,19464
8422,36722,15708
8423,54569,23202
8424,52497,22342
8425,78371,33232
8426,10022,4333
8427,14909,6426
8428,21507,9218
8429,78862,33422
8430,79490,33693
8431,88735,37576
8432,91244,38619
8433,112431,47663
8434,113422,48073
8435,39569,16910
8436,31781,13599
8437,51477,21931
8438,88426,37447
8439,52212,22231
8440,97590,41302
8441,50363,21476
8442,100937,42733
8443,39966,17082
8444,25748,11027
8445,77350,32772
8446,77015,32628
8447,99810,42235
8448,64543,27400
8449,28561,12209
8450,74996,31805
8451,27283,11662
8452,128044,54367
8453,98862,41845
8454,52853,22484
8455,41771,17836
8456,120178,50962
8457,14137,6093
8458,122801,52082
8459,44040,18798
8460,68604,29150
8461,47391,20199
8462,125494,53291
8463,100611,42608
8464,71710,30443
8465,8448,3658
8466,28431,12161
8467,107118,45348
8468,7583,3321
8469,37154,15899
8470,127013,53940
8471,8005,3483
8472,43979,18772
8473,70514,29949
8474,37320,15978
8475,54737,23271
8476,15280,6583
8477,60043,25493
8478,58743,24943
8479,59724,25350
8480,85491,36271
8481,69019,29320
8482,54227,23060
8483,100901,42724
8484,65219,27700
8485,32018,13716
8486,112074,47479
8487,27968,11959
8488,48205,20546
8489,119464,50638
8490,116380,49318
8491,19658,8428
8492,80443,34107
8493,46692,19898
8494,89991,38085
8495,118604,50278
8496,119018,50458
8497,76084,32265
8498,119565,50689
8499,107304,45431
8500,71989,30566
8501,5813,2541
8502,78597,33322
8503,71039,30174
8504,75677,32097
8505,126907,53895
8506,129124,54814
8507,82604,35055
8508,49863,21261
8509,86315,36627
8510,54946,23366
8511,123447,52380
8512,88587,37507
8513,18408,7907
8514,125050,53093
8515,23894,10240
8516,123147,52232
8517,34612,14824
8518,28197,12060
8519,38687,16548
8520,10249,4431
8521,106506,45074
8522,89169,37764
8523,14956,6444
8524,120075,50907
8525,48612,20724
8526,90582,38332
8527,60805,25813
8528,94787,40118
8529,91819,38877
8530,56920,24194
8531,105942,44835
8532,10357,4482
8533,63555,26966
8534,50770,21637
8535,103909,43950
8536,23187,9930
8537,106861,45229
8538,118367,50188
8539,33087,14191
8540,95589,40452
8541,24875,10656
8542,36464,15594
8543,31008,13272
8544,44077,18814
8545,34527,14787
8546,72077,30601
8547,112839,47838
8548,57593,24461
8549,52563,22374
8550,88341,37411
8551,75838,32168
8552,73427,31153
8553,14340,6183
8554,35882,15364
8555,106160,44921
8556,95840,40541
8557,128833,54691
8558,10180,4398
8559,122420,51902
8560,90716,38384
8561,93218,39447
8562,82370,34957
8563,16967,7303
8564,113648,48165
8565,97817,41397
8566,92336,39093
8567,69828,29646
8568,46010,19629
8569,32832,14070
8570,18998,8135
8571,69248,29402
8572,2975,1292
8573,100570,42583
8574,86775,36811
8575,112634,47750
8576,23359,10002
8577,70815,30069
8578,107499,45518
8579,114723,48611
8580,116811,49511
8581,127518,54139
8582,74659,31665
8583,78718,33362
8584,116064,49190
8585,54699,23255
8586,46514,19823
8587,123456,52385
8588,62374,26493
8589,98964,41891
8590,124215,52735
8591,28138,12038
8592,124268,52757
8593,103500,43778
8594,53604,22794
8595,48524,20688
8596,65430,27783
8597,129168,54831
8598,128493,54555
8599,28194,12057
8600,53354,22687
8601,21367,9161
8602,80346,34060
8603,119146,50516
8604,82348,34945
8605,114779,48631
8606,87597,37124
8607,22696,9710
8608,59563,25283
8609,33462,14355
8610,48306,20595
8611,46562,19843
8612,128787,54670
8613,98441,41683
8614,84883,36020
8615,77480,32834
8616,72745,30882
8617,63473,26935
8618,4330,1891
8619,64397,27334
8620,114705,48600
8621,18800,8064
8622,39715,16974
8623,65296,27730
8624,95970,40599
8625,32903,14103
8626,23117,9897
8627,88758,37586
8628,112213,47550
8629,43285,18488
8630,56472,24010
8631,33220,14249
8632,100117,42368
8633,86612,36741
8634,115462,48945
8635,21189,9090
8636,42843,18294
8637,11746,5075
8638,72516,30783
8639,84039,35676
8640,39776,16997
8641,89478,37869
8642,129404,54924
8643,83155,35286
8644,1871,801
8645,64413,27343
8646,60567,25715
8647,63913,27131
8648,83748,35548
8649,186,87
8650,22125,9473
8651,40102,17134
8652,125551,53313
8653,18684,8020
8654,90095,38127
8655,69648,29570
8656,91466,38730
8657,115070,48767
8658,44382,18949
8659,85764,36398
8660,31732,13577
8661,16850,7252
8662,41726,17820
8663,79172,33554
8664,33712,14460
8665,60861,25836
8666,24927,10684
8667,17684,7596
8668,98727,41799
8669,71072,30190
8670,54606,23219
8671,106974,45277
8672,102129,43217
8673,10457,4527
8674,99845,42251
8675,118183,50101
8676,118575,50266
8677,123607,52450
8678,73638,31249
8679,111980,47437
8680,30486,13041
8681,30971,13253
8682,4919,2157
8683,69712,29598
8684,100138,42377
8685,50825,21657
8686,55599,23638
8687,13444,5795
8688,12550,5418
8689,82945,35194
8690,42069,17966
8691,39570,16911
8692,30429,13017
8693,92371,39105
8694,98364,41642
8695,38843,16602
8696,120431,51065
8697,1402,599
8698,19674,8436
8699,119881,50831
8700,6908,3046
8701,76486,32431
8702,102831,43505
8703,99834,42246
8704,77854,33009
8705,42959,18344
8706,129889,55128
8707,105759,44749
8708,14253,6144
8709,87778,37189
8710,63378,26897
8711,37384,16002
8712,15492,6667
8713,36537,15629
8714,15729,6773
8715,65811,27941
8716,10834,4694
8717,96408,40785
8718,109671,46438
8719,130237,55277
8720,126573,53734
8721,37912,16229
8722,109786,46484
8723,80635,34202
8724,49198,20973
8725,123991,52630
8726,42542,18177
8727,13428,5786
8728,22291,9543
8729,60146,25537
8730,101745,43063
8731,30988,13261
8732,93754,39674
8733,101154,42822
8734,121846,51666
8735,39134,16732
8736,76148,32294
8737,111838,47368
8738,129576,54995
8739,60297,25594
8740,83039,35231
8741,62040,26355
8742,102241,43263
8743,120813,51236
8744,95085,40255
8745,7844,3417
8746,85350,36217
8747,22310,9551
8748,94253,39891
8749,86126,36551
8750,54977,23378
8751,110022,46587
8752,1724,745
8753,45332,19358
8754,32265,13842
8755,26806,11475
8756,123502,52400
8757,93416,39529
8758,87589,37121
8759,119867,50825
8760,111958,47427
8761,29865,12779
8762,53032,22554
8763,22593,9661
8764,43594,18616
8765,127653,54205
8766,120378,51041
8767,30476,13038
8768,39008,16666
8769,91530,38755
8770,28936,12362
8771,116935,49563
8772,98589,41737
8773,83557,35469
8774,74406,31573
8775,126988,53927
8776,26838,11488
8777,81291,34485
8778,52801,22459
8779,93149,39426
8780,125916,53458
8781,55387,23546
8782,114731,48614
8783,83564,35473
8784,13506,5826
8785,113447,48082
8786,7878,3433
8787,126764,53831
8788,107887,45676
8789,83360,35388
8790,95668,40480
8791,68653,29174
8792,68551,29124
8793,60350,25617
8794,107861,45664
8795,107348,45451
8796,39791,17005
8797,110639,46854
8798,40098,17133
8799,47538,20266
8800,65222,27702
8801,18943,8121
8802,107964,45712
8803,66619,28290
8804,13046,5621
8805,87259,36989
8806,73944,31371
8807,107951,45706
8808,28275,12096
8809,20633,8849
8810,49910,21283
8811,20934,8989
8812,120546,51120
8813,3872,1694
8814,67241,28554
8815,44458,18987
8816,46403,19783
8817,80565,34170
8818,38145,16331
8819,125166,53135
8820,97497,41260
8821,101247,42864
8822,118876,50394
8823,113320,48030
8824,34653,14843
8825,100292,42449
8826,35035,15013
8827,6886,3030
8828,13419,5782
8829,64551,27404
8830,46438,19794
8831,79713,33789
8832,53414,22711
8833,948,397
8834,76111,32278
8835,72526,30787
8836,3392,1494
8837,44779,19130
8838,8921,3855
8839,63797,27084
8840,92997,39367
8841,12821,5527
8842,49862,21260
8843,123407,52359
8844,96690,40917
8845,34864,14938
8846,108266,45844
8847,13,4
8848,1476,639
8849,1290,545
8850,25765,11036
8851,116028,49175
8852,10647,4612
8853,13630,5880
8854,105060,44456
8855,81658,34650
8856,6967,3074
8857,122509,51945
8858,79568,33727
8859,78446,33268
8860,76765,32532
8861,49004,20888
8862,88552,37490
8863,54168,23032
8864,80054,33930
8865,12131,5234
8866,109669,46437
8867,64063,27191
8868,43439,18555
8869,27560,11775
8870,90446,38264
8871,45519,19427
8872,77819,32989
8873,95749,40507
8874,54150,23022
8875,103243,43676
8876,3758,1646
8877,10394,4497
8878,12028,5195
8879,128110,54398
8880,5671,2468
8881,126784,53840
8882,122040,51756
8883,101298,42877
8884,2996,1306
8885,90517,38302
8886,27848,11903
8887,16232,6981
8888,118925,50416
8889,1571,679
8890,120652,51168
8891,81406,34537
8892,108619,45996
8893,3043,1337
8894,65681,27884
8895,71074,30191
8896,41575,17754
8897,104028,43998
8898,57007,24224
8899,116952,49571
8900,68819,29237
8901,72478,30766
8902,94260,39894
8903,104742,44320
8904,21677,9286
8905,27594,11789
8906,111668,47289
8907,82452,34991
8908,43760,18679
8909,17980,7725
8910,39459,16866
8911,47638,20303
8912,41768,17835
8913,701,300
8914,120569,51136
8915,75496,32020
8916,12728,5495
8917,39409,16846
8918,94800,40127
8919,118400,50201
8920,28880,12336
8921,98741,41805
8922,70780,30055
8923,20504,8796
8924,65708,27898
8925,87613,37131
8926,68863,29250
8927,46946,20018
8928,5999,2630
8929,86497,36696
8930,7711,3372
8931,17722,7608
8932,58377,24800
8933,47272,20156
8934,31128,13316
8935,60468,25668
8936,28995,12388
8937,81904,34758
8938,74303,31530
8939,78636,33335
8940,56438,23994
8941,110536,46808
8942,37291,15966
8943,2449,1063
8944,116894,49543
8945,755,319
8946,7219,3172
8947,52082,22176
8948,116794,49501
8949,119220,50540
8950,92968,39359
8951,97787,41381
8952,95292,40335
8953,81364,34517
8954,76872,32578
8955,121162,51373
8956,34550,14799
8957,90531,38308
8958,48128,20508
8959,70115,29774
8960,65093,27646
8961,50476,21521
8962,48464,20666
8963,7323,3215
8964,55044,23407
8965,44434,18974
8966,50736,21618
8967,78748,33374
8968,8860,3834
8969,93522,39580
8970,14094,6074
8971,7548,3315
8972,101712,43047
8973,78079,33110
8974,83356,35385
8975,65343,27748
8976,58914,25011
8977,118624,50284
8978,83849,35599
8979,65703,27896
8980,77921,33038
8981,108881,46107
8982,102643,43424
8983,107000,45290
8984,51481,21932
8985,77989,33070
8986,30643,13103
8987,18763,8051
8988,74870,31754
8989,129760,55078
8990,104691,44300
8991,49182,20964
8992,93377,39511
8993,62415,26511
8994,115288,48864
8995,127966,54335
8996,5571,2417
8997,117803,49933
8998,17145,7380
8999,89718,37962
9000,67235,28552
9001,79639,33756
9002,117470,49788
9003,18336,7878
9004,55617,23645
9005,60987,25883
9006,152,69
9007,5961,2618
9008,99849,42253
9009,30212,12929
9010,50994,21725
9011,65524,27826
9012,121855,51671
9013,108093,45763
9014,87120,36933
9015,113248,48002
9016,103305,43700
9017,15841,6818
9018,60773,25797
9019,67311,28577
9020,30850,13197
9021,87533,37093
9022,27760,11866
9023,115378,48907
9024,28538,12200
9025,14039,6048
9026,88119,37320
9027,11716,5064
9028,87899,37231
9029,60808,25815
9030,79083,33515
9031,39589,16919
9032,116300,49285
9033,122056,51761
9034,603,252
9035,118272,50144
9036,24060,10309
9037,63602,26989
9038,59752,25363
9039,104616,44260
9040,114828,48658
9041,8108,3520
9042,74393,31566
9043,53960,22950
9044,128088,54387
9045,32389,13891
9046,41611,17767
9047,18174,7809
9048,56922,24195
9049,58182,24704
9050,6552,2895
9051,30913,13228
9052,80987,34365
9053,23147,9909
9054,84521,35864
9055,19635,8418
9056,18447,7924
9057,22462,9611
9058,121430,51492
9059,79682,33778
9060,118031,50034
9061,32651,13999
9062,77705,32944
9063,40049,17108
9064,8498,3680
9065,33468,14357
9066,89795,38004
9067,15010,6466
9068,78325,33210
9069,118141,50084
9070,43179,18434
9071,107059,45317
9072,125221,53162
9073,32161,13791
9074,86724,36784
9075,49652,21157
9076,74541,31630
9077,69452,29483
9078,11146,4828
9079,130031,55185
9080,12915,5564
9081,3664,1608
9082,29821,12761
9083,91520,38750
9084,50383,21482
9085,111427,47182
9086,59710,25345
9087,41424,17687
9088,8971,3878
9089,128222,54444
9090,60320,25603
9091,84207,35732
9092,40611,17336
9093,112323,47602
9094,81532,34599
9095,32948,14124
9096,71268,30273
9097,91620,38792
9098,32716,14021
9099,70821,30071
9100,54697,23253
9101,101942,43138
9102,37934,16238
9103,65070,27635
9104,72689,30862
9105,43765,18682
9106,8737,3773
9107,105058,44455
9108,79976,33899
9109,54313,23095
9110,90569,38325
9111,56349,23953
9112,110867,46953
9113,112962,47892
9114,116668,49445
9115,11807,5106
9116,59960,25457
9117,89340,37821
9118,74147,31462
9119,65323,27737
9120,71668,30431
9121,121288,51424
9122,11801,5102
9123,122334,51870
9124,88962,37675
9125,38901,16622
9126,100566,42582
9127,128590,54605
9128,16119,6937
9129,80114,33955
9130,118592,50271
9131,5884,2574
9132,96496,40828
9133,11517,4982
9134,91584,38774
9135,26773,11461
9136,38402,16436
9137,25357,10853
9138,98614,41752
9139,16117,6936
9140,107469,45503
9141,61955,26319
9142,1125,467
9143,56177,23878
9144,1415,606
9145,57267,24326
9146,18747,8045
9147,62440,26518
9148,80337,34055
9149,78800,33396
9150,74690,31687
9151,98604,41747
9152,1134,472
9153,90736,38393
9154,59370,25208
9155,79192,33561
9156,61581,26149
9157,129653,55029
9158,117282,49703
9159,2325,1004
9160,74145,31461
9161,98984,41899
9162,58766,24954
9163,5775,2517
9164,118893,50402
9165,54559,23196
9166,120452,51079
9167,89045,37716
9168,90283,38198
9169,46862,19978
9170,114324,48438
9171,54666,23239
9172,97507,41264
9173,53379,22698
9174,64745,27485
9175,66799,28370
9176,12750,5504
9177,33581,14409
9178,64561,27407
9179,49207,20978
9180,120776,51224
9181,100219,42421
9182,104095,44028
9183,7977,3472
9184,120383,51045
9185,130216,55264
9186,100925,42729
9187,32057,13738
9188,42135,17999
9189,21626,9268
9190,115239,48843
9191,28527,12195
9192,19142,8199
9193,89987,38081
9194,56089,23842
9195,122464,51926
9196,22609,9667
9197,121978,51726
9198,98908,41865
9199,112511,47693
9200,32113,13764
9201,23745,10177
9202,6873,3026
9203,93177,39433
9204,112895,47865
9205,51924,22117
9206,52369,22296
9207,55142,23439
9208,6637,2926
9209,111499,47215
9210,5308,2313
9211,72852,30928
9212,106968,45273
9213,103067,43601
9214,34377,14718
9215,115489,48957
9216,75009,31813
9217,48621,20729
9218,31744,13582
9219,124705,52946
9220,19584,8391
9221,108203,45810
9222,82011,34804
9223,88007,37272
9224,64172,27239
9225,73162,31052
9226,54528,23178
9227,10393,4496
9228,98430,41678
9229,112828,47832
9230,14438,6223
9231,61010,25891
9232,69835,29649
9233,48966,20875
9234,36908,15790
9235,126112,53543
9236,15410,6634
9237,79270,33595
9238,6690,2948
9239,37383,16001
9240,44496,19003
9241,111083,47046
9242,31942,13680
9243,103947,43965
9244,109576,46397
9245,74574,31644
9246,39955,17076
9247,10859,4706
9248,86769,36808
9249,43759,18678
9250,82409,34974
9251,38461,16464
9252,15589,6712
9253,20449,8766
9254,39771,16995
9255,107371,45463
9256,18473,7933
9257,84726,35955
9258,37790,16175
9259,89838,38020
9260,93140,39420
9261,100151,42386
9262,39225,16777
9263,5309,2314
9264,123646,52471
9265,23669,10148
9266,102796,43491
9267,17759,7629
9268,15920,6854
9269,66878,28400
9270,111292,47134
9271,51528,21956
9272,74502,31610
9273,82406,34972
9274,124222,52739
9275,100578,42589
9276,114112,48355
9277,21978,9403
9278,33841,14500
9279,7941,3455
9280,129584,54999
9281,85110,36109
9282,21362,9157
9283,110430,46761
9284,97863,41414
9285,54064,22990
9286,95863,40550
9287,126968,53922
9288,26691,11427
9289,31814,13617
9290,71400,30321
9291,129405,54925
9292,30562,13071
9293,114630,48565
9294,114036,48323
9295,27893,11923
9296,78170,33149
9297,102283,43277
9298,90740,38395
9299,44750,19116
9300,112084,47483
9301,126768,53835
9302,1791,773
9303,97551,41282
9304,25726,11022
9305,61777,26234
9306,43885,18732
9307,11659,5036
9308,78339,33218
9309,120330,51022
9310,16792,7228
9311,44361,18941
9312,34413,14736
9313,107227,45397
9314,23334,9989
9315,5094,2230
9316,29599,12651
9317,84572,35890
9318,76785,32543
9319,128113,54399
9320,84802,35986
9321,117458,49783
9322,13485,5816
9323,44315,18918
9324,53004,22547
9325,86644,36754
9326,104399,44162
9327,80031,33920
9328,25037,10722
9329,69518,29514
9330,33997,14571
9331,69682,29585
9332,30439,13022
9333,40814,17433
9334,33400,14327
9335,88663,37541
9336,16783,7222
9337,99867,42260
9338,128233,54451
9339,16854,7255
9340,80340,34057
9341,24045,10301
9342,80389,34077
9343,48301,20591
9344,118650,50294
9345,57764,24530
9346,91333,38663
9347,77934,33043
9348,77066,32651
9349,47192,20134
9350,126231,53596
9351,11760,5081
9352,9645,4174
9353,32266,13843
9354,124498,52850
9355,111145,47079
9356,81123,34413
9357,67960,28873
9358,72664,30849
9359,82894,35173
9360,99754,42207
9361,36543,15632
9362,90445,38263
9363,66093,28057
9364,98290,41605
9365,22558,9651
9366,99360,42044
9367,32794,14053
9368,74180,31479
9369,122031,51751
9370,107277,45423
9371,28898,12341
9372,102556,43391
9373,70390,29893
9374,121378,51469
9375,8025,3492
9376,112585,47731
9377,72802,30908
9378,117126,49643
9379,33948,14550
9380,130191,55255
9381,119113,50499
9382,121017,51313
9383,103992,43980
9384,94207,39867
9385,53158,22603
9386,37595,16095
9387,19723,8457
9388,105260,44542
9389,15017,6472
9390,76405,32399
9391,2031,873
9392,5101,2234
9393,96405,40783
9394,47891,20401
9395,20497,8794
9396,50533,21539
9397,69759,29616
9398,127068,53961
9399,117944,49989
9400,92811,39297
9401,13392,5772
9402,96262,40724
9403,107001,45291
9404,120939,51287
9405,126644,53768
9406,102250,43265
9407,118826,50370
9408,118755,50338
9409,51721,22040
9410,21026,9017
9411,124606,52905
9412,64989,27593
9413,77834,33000
9414,114713,48605
9415,9738,4211
9416,6899,3038
9417,19934,8543
9418,78551,33307
9419,51722,22041
9420,78998,33482
9421,58673,24912
9422,15596,6715
9423,94508,40002
9424,33618,14427
9425,129350,54901
9426,52634,22398
9427,127512,54135
9428,90119,38138
9429,98047,41500
9430,25284,10822
9431,49661,21162
9432,107158,45366
9433,106944,45264
9434,64022,27175
9435,112703,47781
9436,52347,22289
9437,82821,35146
9438,67814,28808
9439,126739,53819
9440,83197,35306
9441,86692,36770
9442,110409,46749
9443,66980,28441
9444,22543,9645
9445,71081,30196
9446,96969,41046
9447,93928,39740
9448,39479,16875
9449,58439,24821
9450,7656,3350
9451,57019,24230
9452,78558,33309
9453,6455,2850
9454,72609,30821
9455,121412,51484
9456,115578,48999
9457,112219,47553
9458,22236,9519
9459,100706,42646
9460,38139,16327
9461,70562,29971
9462,109697,46452
9463,50471,21517
9464,109710,46457
9465,61129,25947
9466,15123,6519
9467,41945,17912
9468,85384,36233
9469,496,208
9470,83343,35378
9471,83171,35293
9472,2942,1276
9473,2797,1210
9474,51781,22066
9475,34607,14822
9476,26927,11529
9477,29020,12396
9478,119645,50727
9479,58957,25029
9480,73650,31253
9481,105232,44525
9482,12678,5472
9483,7893,3440
9484,12496,5389
9485,60392,25635
9486,41795,17846
9487,127055,53956
9488,88083,37306
9489,79912,33875
9490,29124,12446
9491,41054,17535
9492,8929,3858
9493,127125,53986
9494,25868,11077
9495,19157,8203
9496,20747,8904
9497,104681,44293
9498,127014,53941
9499,91388,38697
9500,15871,6831
9501,31349,13416
9502,121947,51712
9503,113556,48126
9504,108869,46099
9505,64604,27424
9506,96304,40740
9507,59146,25108
9508,70994,30156
9509,129748,55074
9510,98248,41586
9511,108447,45921
9512,127467,54120
9513,36932,15803
9514,57057,24250
9515,118803,50359
9516,123791,52538
9517,92477,39143
9518,53909,22926
9519,35161,15061
9520,11267,4882
9521,85143,36122
9522,97338,41195
9523,108948,46139
9524,77014,32627
9525,45084,19249
9526,39595,16923
9527,42602,18200
9528,97281,41169
9529,72656,30845
9530,113122,47955
9531,58661,24907
9532,22468,9615
9533,119890,50835
9534,116493,49373
9535,62844,26679
9536,107930,45699
9537,51114,21774
9538,39515,16890
9539,125541,53309
9540,127031,53948
9541,122954,52148
9542,116270,49275
9543,50077,21361
9544,65848,27955
9545,63169,26814
9546,91497,38743
9547,65450,27794
9548,119838,50809
9549,25700,11012
9550,112460,47677
9551,44946,19195
9552,85420,36241
9553,82231,34905
9554,24152,10349
9555,12443,5365
9556,100841,42699
9557,49962,21310
9558,76002,32230
9559,92212,39044
9560,59674,25328
9561,83122,35270
9562,75167,31880
9563,44093,18820
9564,120453,51080
9565,111468,47200
9566,101644,43014
9567,41180,17582
9568,78365,33229
9569,109348,46308
9570,17406,7476
9571,13657,5894
9572,95561,40439
9573,116062,49189
9574,9662,4183
9575,51120,21777
9576,80931,34340
9577,115341,48890
9578,105231,44524
9579,19187,8224
9580,113296,48020
9581,37697,16139
9582,75467,32010
9583,37427,16021
9584,37243,15945
9585,51440,21915
9586,72290,30684
9587,34654,14844
9588,9235,3995
9589,120266,50999
9590,40531,17303
9591,54802,23299
9592,38897,16620
9593,25766,11037
9594,4394,1928
9595,111688,47300
9596,49248,20997
9597,42519,18168
9598,77309,32760
9599,92576,39190
9600,94183,39855
9601,99489,42095
9602,37379,15998
9603,57548,24449
9604,36346,15549
9605,83633,35501
9606,74118,31447
9607,63360,26890
9608,49919,21290
9609,113973,48295
9610,116101,49202
9611,11609,5016
9612,58127,24683
9613,13940,6012
9614,119020,50459
9615,84391,35812
9616,63188,26822
9617,19371,8300
9618,49140,20951
9619,70614,29988
9620,98807,41826
9621,126746,53821
9622,96290,40736
9623,85509,36278
9624,107387,45465
9625,122751,52059
9626,69942,29696
9627,95396,40376
9628,74424,31577
9629,88836,37621
9630,28129,12034
9631,23,10
9632,101366,42896
9633,110636,46852
9634,60635,25739
9635,114216,48397
9636,26612,11393
9637,6461,2853
9638,121140,51365
9639,12397,5344
9640,57352,24353
9641,90799,38420
9642,45153,19285
9643,14662,6316
9644,125268,53185
9645,67191,28531
9646,17251,7416
9647,82750,35119
9648,108366,45888
9649,100500,42544
9650,68733,29201
9651,67936,28864
9652,38394,16432
9653,56121,23855
9654,34665,14849
9655,3269,1433
9656,71406,30325
9657,44678,19087
9658,96761,40951
9659,95934,40585
9660,50266,21439
9661,68278,28996
9662,119963,50868
9663,80875,34315
9664,125186,53146
9665,62922,26718
9666,27728,11852
9667,26272,11235
9668,21653,9279
9669,66149,28079
9670,101779,43074
9671,130147,55234
9672,123422,52369
9673,59820,25392
9674,75870,32179
9675,3379,1486
9676,28868,12329
9677,115628,49027
9678,82300,34929
9679,124607,52906
9680,22577,9658
9681,16416,7063
9682,120648,51166
9683,46169,19692
9684,14861,6401
9685,3778,1656
9686,61293,26023
9687,85459,36259
9688,57952,24613
9689,64793,27501
9690,36913,15791
9691,28707,12264
9692,312,136
9693,57606,24467
9694,71396,30319
9695,112505,47691
9696,44240,18886
9697,74171,31475
9698,12805,5523
9699,62268,26448
9700,31590,13520
9701,105934,44831
9702,98954,41885
9703,23344,9995
9704,124888,53023
9705,105233,44526
9706,40957,17492
9707,24673,10564
9708,97156,41126
9709,34264,14671
9710,108265,45843
9711,59371,25209
9712,78669,33350
9713,4073,1791
9714,124860,53010
9715,54166,23031
9716,30417,13013
9717,66584,28277
9718,79459,33677
9719,101080,42788
9720,83286,35358
9721,34808,14912
9722,88137,37328
9723,112204,47547
9724,55622,23649
9725,124418,52815
9726,123941,52607
9727,83543,35462
9728,86267,36607
9729,123843,52566
9730,22077,9448
9731,86731,36791
9732,119745,50774
9733,47255,20152
9734,43810,18702
9735,80110,33952
9736,65969,28006
9737,117230,49682
9738,5613,2442
9739,41810,17855
9740,72303,30691
9741,91865,38893
9742,9211,3983
9743,111792,47343
9744,75074,31841
9745,17389,7466
9746,18485,7939
9747,128294,54470
9748,81829,34724
9749,87280,36995
9750,859,370
9751,44397,18954
9752,89944,38055
9753,61843,26265
9754,5470,2380
9755,5800,2532
9756,98941,41877
9757,110304,46700
9758,119655,50733
9759,87560,37106
9760,71529,30369
9761,79629,33753
9762,36747,15720
9763,66586,28278
9764,120093,50916
9765,71478,30350
9766,100519,42554
9767,122763,52066
9768,83645,35506
9769,70905,30112
9770,16584,7138
9771,37757,16159
9772,56068,23835
9773,37827,16191
9774,126177,53578
9775,85570,36309
9776,17101,7362
9777,110413,46750
9778,119292,50565
9779,115638,49030
9780,52436,22321
9781,57530,24440
9782,75305,31941
9783,30322,12976
9784,1196,500
9785,116626,49430
9786,79862,33852
9787,4362,1911
9788,103969,43972
9789,59655,25318
9790,54832,23311
9791,115624,49023
9792,7185,3160
9793,59721,25349
9794,96265,40726
9795,35788,15325
9796,85164,36131
9797,68766,29217
9798,100679,42634
9799,15201,6549
9800,53260,22641
9801,28859,12327
9802,28265,12092
9803,128226,54447
9804,123298,52303
9805,44682,19089
9806,70240,29828
9807,126156,53566
9808,111787,47339
9809,9837,4256
9810,97705,41347
9811,47956,20427
9812,35709,15293
9813,71397,30320
9814,4912,2154
9815,15933,6862
9816,6832,3010
9817,90668,38364
9818,42973,18351
9819,18297,7859
9820,51126,21780
9821,32496,13936
9822,3884,1702
9823,17896,7691
9824,1687,727
9825,31422,13444
9826,51131,21783
9827,14537,6259
9828,121051,51329
9829,66564,28265
9830,27199,11628
9831,44089,18819
9832,103554,43809
9833,92745,39265
9834,115527,48976
9835,9594,4152
9836,101837,43097
9837,110418,46753
9838,19237,8240
9839,78023,33083
9840,88913,37655
9841,110208,46659
9842,85779,36406
9843,34837,14926
9844,36140,15458
9845,84990,36067
9846,25553,10932
9847,104464,44193
9848,28549,12203
9849,22165,9490
9850,76243,32337
9851,44945,19194
9852,62892,26703
9853,114797,48642
9854,49174,20960
9855,64046,27187
9856,117885,49966
9857,92617,39211
9858,77647,32913
9859,1696,730
9860,102971,43558
9861,34295,14684
9862,108606,45992
9863,90236,38182
9864,129282,54878
9865,2836,1223
9866,45168,19292
9867,30815,13176
9868,107310,45432
9869,116940,49564
9870,1895,812
9871,57599,24464
9872,129960,55158
9873,117773,49918
9874,84935,36040
9875,123687,52491
9876,97351,41201
9877,25219,10790
9878,91901,38913
9879,2231,958
9880,100653,42627
9881,4717,2064
9882,97899,41432
9883,35699,15291
9884,50682,21600
9885,124889,53024
9886,44753,19118
9887,17985,7728
9888,60739,25784
9889,91633,38802
9890,44135,18845
9891,84428,35828
9892,64867,27539
9893,103712,43865
9894,81980,34790
9895,103408,43738
9896,11846,5119
9897,94193,39863
9898,52731,22433
9899,62117,26387
9900,13579,5855
9901,72157,30636
9902,46457,19800
9903,108975,46150
9904,55595,23636
9905,29724,12714
9906,67521,28673
9907,89588,37911
9908,92278,39068
9909,130320,55327
9910,61860,26275
9911,21035,9024
9912,87801,37197
9913,44550,19031
9914,107971,45714
9915,28081,12012
9916,85648,36350
9917,19645,8422
9918,20873,8963
9919,57276,24328
9920,100022,42325
9921,40995,17512
9922,121235,51401
9923,69931,29690
9924,41158,17574
9925,43811,18703
9926,52584,22379
9927,89364,37829
9928,1645,705
9929,50128,21377
9930,82900,35177
9931,15575,6705
9932,106502,45071
9933,97500,41262
9934,103942,43963
9935,85783,36408
9936,1627,699
9937,38930,16637
9938,127204,54012
9939,119639,50724
9940,49025,20897
9941,108322,45868
9942,80415,34089
9943,10756,4660
9944,95910,40574
9945,74375,31558
9946,64335,27301
9947,94786,40117
9948,120634,51161
9949,126991,53930
9950,63662,27021
9951,87654,37145
9952,61178,25969
9953,112852,47843
9954,51525,21954
9955,99241,41994
9956,49466,21082
9957,61922,26303
9958,60576,25719
9959,48001,20444
9960,46678,19892
9961,121889,51683
9962,79458,33676
9963,107007,45294
9964,97340,41196
9965,17614,7572
9966,98219,41576
9967,55425,23562
9968,68264,28991
9969,94569,40029
9970,58986,25041
9971,121192,51384
9972,73560,31210
9973,40847,17452
9974,86256,36602
9975,87082,36915
9976,67837,28818
9977,84370,35801
9978,105446,44620
9979,34685,14859
9980,106223,44949
9981,2317,998
9982,117250,49691
9983,104046,44003
9984,65817,27944
9985,4354,1907
9986,108611,45993
9987,43153,18420
9988,102785,43487
9989,72711,30870
9990,54006,22971
9991,26696,11431
9992,48751,20780
9993,64056,27190
9994,99572,42136
9995,82948,35196
9996,16703,7185
9997,4665,2040
9998,28429,12159
9999,26907,11518
10000,62883,26699
10001,81249,34466
10002,84626,35908
10003,77582,32885
10004,92480,39145
10005,45054,19237
10006,79077,33509
10007,119912,50846
10008,4050,1782
10009,48839,20814
10010,100682,42636
10011,17436,7494
10012,77821,32991
10013,90233,38181
10014,71066,30184
10015,6954,3065
10016,58200,24715
10017,125039,53089
10018,58617,24891
10019,83142,35280
10020,8420,3644
10021,78904,33443
10022,24279,10395
10023,23022,9861
10024,35201,15084
10025,73257,31095
10026,117827,49943
10027,55322,23519
10028,88869,37639
10029,1654,711
10030,94239,39883
10031,3468,1531
10032,58415,24811
10033,112771,47806
10034,55586,23634
10035,67616,28716
10036,98729,41800
10037,45037,19230
10038,51964,22131
10039,23449,10036
10040,122613,51991
10041,45377,19373
10042,22116,9467
10043,125678,53362
10044,69865,29661
10045,35952,15392
10046,48272,20577
10047,10364,4486
10048,12949,5580
10049,116394,49327
10050,39841,17027
10051,60381,25629
10052,79757,33803
10053,51715,22034
10054,120331,51023
10055,109334,46302
10056,29794,12747
10057,114474,48498
10058,95322,40347
10059,107132,45354
10060,43503,18587
10061,9355,4043
10062,87820,37207
10063,129949,55152
10064,127005,53938
10065,112699,47777
10066,124397,52807
10067,108092,45762
10068,113568,48132
10069,109219,46255
10070,5298,2311
10071,70752,30043
10072,78659,33343
10073,121355,51457
10074,26056,11158
10075,39511,16888
10076,81845,34734
10077,126610,53753
10078,10315,4460
10079,52819,22469
10080,109880,46522
10081,83988,35655
10082,88484,37463
10083,47019,20052
10084,68480,29088
10085,40684,17371
10086,22851,9777
10087,113101,47945
10088,98314,41620
10089,61897,26289
10090,16789,7226
10091,119959,50865
10092,100685,42638
10093,67719,28760
10094,2877,1242
10095,565,237
10096,80554,34163
10097,986,407
10098,22766,9739
10099,109352,46311
10100,20887,8970
10101,100555,42574
10102,68560,29128
10103,111412,47176
10104,72760,30887
10105,71093,30203
10106,48868,20829
10107,4522,1980
10108,15921,6855
10109,109545,46383
10110,37425,16020
10111,24371,10437
10112,82873,35166
10113,16769,7215
10114,124759,52968
10115,60933,25861
10116,103746,43878
10117,33241,14255
10118,9210,3982
10119,109613,46413
10120,16719,7196
10121,94843,40141
10122,21732,9313
10123,64286,27283
10124,48370,20622
10125,123277,52290
10126,130055,55194
10127,121933,51702
10128,77732,32956
10129,125582,53325
10130,16258,6987
10131,66512,28239
10132,86828,36831
10133,104539,44223
10134,118814,50364
10135,33012,14152
10136,106168,44926
10137,76867,32574
10138,70965,30140
10139,75775,32137
10140,256,115
10141,78447,33269
10142,69704,29593
10143,102182,43238
10144,105141,44486
10145,110940,46986
10146,46264,19726
10147,61184,25972
10148,46976,20032
10149,11289,4891
10150,60032,25490
10151,26480,11324
10152,100389,42494
10153,105120,44475
10154,43795,18696
10155,32055,13736
10156,39972,17084
10157,118197,50108
10158,114323,48437
10159,30069,12870
10160,43418,18548
10161,129901,55131
10162,91581,38772
10163,99663,42173
10164,42438,18136
10165,16260,6988
10166,106117,44901
10167,103881,43940
10168,119574,50692
10169,111055,47033
10170,77098,32665
10171,54980,23380
10172,100081,42348
10173,7002,3092
10174,85673,36360
10175,17792,7645
10176,30837,13189
10177,85390,36234
10178,43658,18642
10179,18558,7968
10180,115561,48989
10181,48311,20596
10182,17438,7496
10183,91602,38781
10184,117804,49934
10185,13256,5718
10186,42055,17958
10187,29629,12667
10188,129782,55090
10189,121187,51381
10190,123899,52590
10191,46454,19798
10192,92096,38999
10193,85243,36168
10194,19113,8188
10195,62913,26714
10196,15913,6851
10197,44566,19037
10198,1381,592
10199,112407,47651
10200,34830,14923
10201,94344,39933
10202,84933,36039
10203,98592,41738
10204,50706,21609
10205,115437,48931
10206,66690,28321
10207,108513,45947
10208,25000,10710
10209,112280,47584
10210,2823,1217
10211,23269,9956
10212,75786,32143
10213,89306,37808
10214,68588,29144
10215,14318,6175
10216,27880,11916
10217,23151,9911
10218,99078,41932
10219,115347,48893
10220,61636,26172
10221,7667,3358
10222,33973,14563
10223,84778,35976
10224,72049,30588
10225,84715,35951
10226,100946,42740
10227,51379,21887
10228,124516,52860
10229,62077,26374
10230,27885,11919
10231,37920,16234
10232,83447,35427
10233,249,113
10234,63739,27055
10235,11127,4821
10236,113809,48227
10237,103688,43856
10238,23009,9850
10239,33423,14339
10240,126816,53854
10241,85608,36329
10242,78573,33313
10243,90412,38251
10244,129932,55144
10245,124501,52852
10246,45657,19477
10247,113273,48013
10248,68412,29062
10249,92290,39071
10250,47077,20085
10251,13600,5863
10252,86230,36594
10253,45178,19297
10254,23569,10090
10255,89974,38075
10256,67629,28721
10257,113625,48156
10258,81985,34793
10259,5391,2350
10260,66917,28419
10261,93790,39684
10262,4227,1843
10263,98977,41897
10264,25646,10979
10265,77919,33036
10266,2858,1236
10267,113063,47929
10268,39451,16861
10269,51704,22029
10270,83559,35470
10271,41865,17879
10272,42618,18205
10273,83051,35236
10274,22444,9601
10275,32693,14011
10276,123410,52361
10277,104493,44210
10278,59826,25395
10279,30432,13018
10280,80647,34208
10281,124342,52786
10282,25251,10807
10283,24350,10430
10284,52473,22330
10285,83148,35282
10286,124754,52965
10287,53506,22754
10288,93498,39566
10289,2023,869
10290,112707,47784
10291,41612,17768
10292,12353,5323
10293,20737,8897
10294,59737,25355
10295,45926,19589
10296,123159,52235
10297,129732,55065
10298,104000,43985
10299,22806,9759
10300,59334,25188
10301,49730,21198
10302,15675,6748
10303,103185,43651
10304,68354,29032
10305,17698,7601
10306,40447,17267
10307,128518,54569
10308,17903,7695
10309,18303,7860
10310,31762,13589
10311,33838,14499
10312,49181,20963
10313,105877,44803
10314,1216,511
10315,96066,40641
10316,41392,17673
10317,65335,27746
10318,34205,14643
10319,75117,31861
10320,31496,13479
10321,86999,36888
10322,53566,22780
10323,90657,38359
10324,10533,4554
10325,85939,36474
10326,93016,39374
10327,76478,32426
10328,60251,25578
10329,66864,28395
10330,111615,47263
10331,42419,18128
10332,113614,48149
10333,100739,42659
10334,73149,31047
10335,13314,5743
10336,64828,27518
10337,85993,36495
10338,24923,10682
10339,47585,20279
10340,66500,28232
10341,102049,43181
10342,108075,45755
10343,115887,49127
10344,67833,28816
10345,91371,38687
10346,35586,15250
10347,82799,35141
10348,42397,18114
10349,88864,37634
10350,96111,40662
10351,5550,2408
10352,123738,52515
10353,25486,10903
10354,59811,25389
10355,44513,19012
10356,29142,12453
10357,74787,31731
10358,12060,5209
10359,58176,24702
10360,43365,18520
10361,8288,3590
10362,49722,21193
10363,82124,34851
10364,16564,7129
10365,103587,43821
10366,106665,45141
10367,126461,53686
10368,116830,49520
10369,116348,49305
10370,23827,10216
10371,36432,15581
10372,109767,46478
10373,90431,38257
10374,1445,623
10375,118142,50085
10376,3794,1664
10377,120598,51147
10378,84517,35863
10379,96591,40869
10380,18776,8055
10381,70365,29879
10382,83482,35441
10383,18751,8046
10384,121693,51600
10385,36905,15788
10386,21511,9221
10387,100534,42561
10388,7173,3153
10389,3009,1316
10390,30587,13079
10391,35256,15107
10392,103061,43598
10393,76940,32603
10394,33387,14320
10395,6845,3016
10396,92195,39040
10397,40640,17352
10398,117781,49923
10399,91805,38873
10400,9475,4102
10401,2894,1253
10402,117631,49858
10403,49852,21254
10404,96897,41017
10405,83040,35232
10406,39609,16930
10407,67213,28541
10408,71902,30530
10409,72494,30772
10410,80228,34001
10411,29972,12827
10412,53194,22614
10413,101092,42793
10414,94252,39890
10415,22292,9544
10416,76470,32424
10417,66060,28041
10418,114534,48525
10419,85451,36256
10420,17446,7501
10421,104289,44116
10422,103549,43808
10423,37363,15992
10424,34533,14791
10425,24821,10631
10426,96557,40854
10427,73063,31010
10428,848,366
10429,68964,29295
10430,8456,3665
10431,184,85
10432,50440,21503
10433,57872,24574
10434,84402,35819
10435,14541,6261
10436,100275,42442
10437,40297,17205
10438,34333,14703
10439,116673,49449
10440,77644,32911
10441,36245,15502
10442,95250,40318
10443,11785,5093
10444,2067,889
10445,100094,42354
10446,14986,6457
10447,45033,19228
10448,68932,29281
10449,27908,11927
10450,22154,9485
10451,37622,16109
10452,97449,41238
10453,75482,32014
10454,99016,41907
10455,112936,47883
10456,73607,31233
10457,15943,6864
10458,53187,22612
10459,30706,13131
10460,21721,9309
10461,86919,36859
10462,91425,38714
10463,28770,12291
10464,99400,42061
10465,11857,5121
10466,98130,41541
10467,86703,36775
10468,13446,5796
10469,47584,20278
10470,77036,32640
10471,82407,34973
10472,97261,41161
10473,41817,17858
10474,6813,3003
10475,78736,33369
10476,12626,5452
10477,36127,15455
10478,113810,48228
10479,55413,23557
10480,68381,29046
10481,60687,25759
10482,109686,46446
10483,19611,8404
10484,127190,54007
10485,59092,25083
10486,104549,44227
10487,30061,12866
10488,106518,45080
10489,73366,31134
10490,56009,23811
10491,108747,46048
10492,109857,46514
10493,108945,46137
10494,85150,36127
10495,5375,2341
10496,87567,37109
10497,60986,25882
10498,56612,24067
10499,98786,41818
10500,6132,2691
10501,31303,13392
10502,616,258
10503,19775,8475
10504,57843,24562
10505,107025,45302
10506,114109,48353
10507,24554,10509
10508,29011,12394
10509,106809,45209
10510,28875,12334
10511,14437,6222
10512,10669,4623
10513,16449,7079
10514,55384,23544
10515,61591,26152
10516,66184,28093
10517,107683,45593
10518,90373,38232
10519,98633,41758
10520,28427,12157
10521,7847,3418
10522,121972,51724
10523,78343,33219
10524,84045,35679
10525,52554,22368
10526,110108,46624
10527,50007,21330
10528,109234,46263
10529,109922,46543
10530,58533,24858
10531,2109,908
10532,74730,31704
10533,73042,30999
10534,4829,2111
10535,46765,19928
10536,52857,22488
10537,30517,13050
10538,17902,7694
10539,23112,9894
10540,28267,12093
10541,6083,2664
10542,91828,38880
10543,75037,31823
10544,55441,23568
10545,90659,38360
10546,120294,51011
10547,36210,15488
10548,11685,5048
10549,52891,22500
10550,77823,32993
10551,9091,3934
10552,57430,24393
10553,93367,39507
10554,129080,54791
10555,5325,2320
10556,45504,19420
10557,45737,19512
10558,54343,23106
10559,94301,39914
10560,125982,53481
10561,54640,23231
10562,90209,38173
10563,75351,31961
10564,57483,24419
10565,1470,634
10566,16636,7160
10567,30886,13217
10568,78957,33469
10569,5627,2450
10570,128440,54533
10571,98702,41788
10572,104256,44100
10573,128844,54696
10574,84032,35673
10575,3212,1405
10576,84232,35743
10577,113342,48040
10578,64208,27255
10579,34891,14950
10580,26585,11378
10581,115471,48949
10582,114792,48640
10583,8581,3707
10584,129702,55050
10585,10493,4540
10586,14980,6456
10587,46848,19969
10588,72357,30715
10589,4539,1987
10590,75737,32120
10591,115013,48747
10592,80279,34025
10593,122726,52046
10594,110485,46789
10595,49570,21128
10596,75842,32170
10597,126454,53682
10598,8910,3851
10599,118079,50053
10600,23125,9899
10601,24636,10550
10602,108332,45874
10603,90227,38179
10604,116492,49372
10605,29483,12604
10606,55826,23732
10607,79343,33628
10608,105104,44471
10609,14591,6284
10610,6278,2761
10611,127324,54057
10612,75137,31870
10613,75675,32095
10614,56229,23901
10615,117201,49675
10616,10629,4604
10617,62030,26352
10618,20749,8905
10619,41614,17770
10620,48088,20486
10621,118149,50090
10622,106611,45117
10623,94477,39991
10624,67471,28655
10625,4722,2067
10626,126932,53905
10627,75070,31839
10628,5959,2617
10629,124434,52822
10630,105903,44816
10631,49485,21089
10632,35046,15017
10633,128273,54462
10634,108843,46088
10635,112426,47660
10636,50000,21328
10637,88922,37659
10638,112236,47564
10639,70928,30122
10640,57024,24233
10641,70127,29781
10642,88476,37461
10643,14862,6402
10644,107843,45655
10645,93380,39513
10646,33126,14207
10647,64135,27225
10648,78171,33150
10649,73036,30997
10650,72426,30742
10651,59276,25163
10652,119987,50875
10653,51446,21919
10654,69874,29664
10655,70209,29816
10656,61841,26264
10657,85532,36290
10658,91936,38927
10659,66316,28148
10660,52630,22396
10661,95915,40576
10662,3385,1489
10663,56787,24143
10664,24465,10468
10665,127910,54309
10666,71953,30553
10667,48320,20599
10668,104899,44384
10669,77638,32907
10670,35537,15226
10671,73356,31129
10672,114864,48676
10673,25842,11066
10674,97389,41214
10675,68874,29254
10676,76597,32476
10677,58423,24815
10678,34949,14976
10679,24739,10594
10680,45512,19423
10681,54486,23167
10682,109629,46420
10683,4056,1784
10684,55480,23590
10685,54845,23317
10686,108791,46069
10687,33546,14390
10688,5123,2243
10689,19476,8337
10690,81490,34574
10691,104758,44327
10692,58797,24967
10693,95209,40304
10694,46559,19842
10695,33583,14411
10696,120497,51099
10697,33901,14530
10698,24363,10434
10699,31861,13640
10700,3584,1575
10701,66552,28260
10702,118148,50089
10703,30802,13172
10704,56723,24114
10705,59736,25354
10706,33201,14240
10707,130277,55299
10708,31671,13550
10709,53439,22727
10710,86461,36681
10711,34168,14628
10712,52707,22425
10713,53305,22662
10714,99896,42276
10715,115609,49016
10716,92775,39274
10717,14337,6182
10718,80049,33927
10719,40226,17188
10720,15191,6545
10721,100747,42660
10722,128592,54607
10723,55525,23609
10724,110226,46667
10725,73825,31323
10726,44654,19076
10727,117073,49619
10728,15237,6564
10729,101469,42946
10730,21191,9092
10731,19419,8315
10732,71892,30523
10733,2216,951
10734,85380,36231
10735,38674,16542
10736,4014,1764
10737,97806,41391
10738,45480,19411
10739,108510,45945
10740,42730,18255
10741,75289,31933
10742,68154,28950
10743,83854,35602
10744,127609,54178
10745,117654,49866
10746,5888,2578
10747,4357,1909
10748,115302,48871
10749,9345,4040
10750,3643,1600
10751,8969,3876
10752,78099,33118
10753,55882,23752
10754,58335,24774
10755,49929,21296
10756,46693,19899
10757,39486,16877
10758,130424,55371
10759,34290,14681
10760,39041,16679
10761,117837,49949
10762,19350,8292
10763,84807,35988
10764,102226,43258
10765,36816,15745
10766,110062,46604
10767,36337,15546
10768,91217,38607
10769,103799,43902
10770,51484,21935
10771,97529,41273
10772,32272,13845
10773,85247,36171
10774,110647,46857
10775,20933,8988
10776,100378,42488
10777,97519,41268
10778,94510,40004
10779,103215,43664
10780,39646,16942
10781,4172,1823
10782,91938,38928
10783,48588,20717
10784,34932,14969
10785,129966,55160
10786,60257,25581
10787,36226,15494
10788,95336,40352
10789,108929,46129
10790,109788,46485
10791,8282,3588
10792,97759,41369
10793,120828,51240
10794,16705,7187
10795,94242,39884
10796,155,71
10797,35004,15001
10798,111520,47223
10799,115293,48866
10800,63090,26779
10801,61090,25932
10802,127638,54194
10803,74781,31727
10804,66977,28439
10805,32564,13959
10806,49598,21137
10807,79609,33742
10808,68748,29209
10809,127394,54092
10810,103715,43867
10811,126358,53644
10812,71511,30363
10813,69901,29677
10814,56608,24063
10815,7649,3345
10816,99455,42084
10817,45361,19367
10818,116442,49350
10819,6560,2899
10820,99716,42192
10821,59638,25308
10822,105241,44530
10823,114616,48563
10824,25542,10925
10825,39737,16982
10826,67744,28772
10827,17975,7723
10828,9388,4058
10829,76240,32335
10830,65636,27867
10831,6289,2765
10832,60966,25873
10833,46626,19870
10834,27271,11656
10835,24344,10426
10836,25547,10928
10837,66376,28178
10838,27835,11899
10839,2413,1046
10840,79882,33862
10841,46336,19755
10842,67546,28685
10843,35029,15010
10844,85225,36156
10845,25013,10713
10846,60622,25733
10847,128793,54673
10848,102317,43292
10849,105498,44641
10850,20286,8691
10851,30520,13052
10852,100218,42420
10853,34155,14622
10854,126797,53844
10855,77931,33042
10856,55073,23417
10857,79194,33563
10858,104271,44106
10859,30844,13193
10860,24146,10348
10861,63226,26841
10862,72230,30664
10863,25770,11039
10864,79380,33644
10865,38641,16535
10866,70495,29939
10867,83018,35223
10868,8927,3857
10869,56757,24133
10870,106484,45063
10871,70870,30098
10872,47671,20316
10873,50088,21367
10874,18285,7854
10875,18410,7909
10876,121803,51645
10877,85919,36469
10878,11612,5018
10879,124041,52653
10880,23879,10235
10881,128968,54742
10882,107484,45510
10883,37490,16052
10884,53040,22559
10885,81587,34617
10886,42705,18242
10887,121637,51576
10888,5991,2627
10889,106667,45142
10890,77558,32874
10891,90405,38246
10892,3408,1502
10893,79140,33541
10894,4139,1813
10895,23172,9924
10896,60475,25671
10897,24756,10602
10898,658,275
10899,124578,52892
10900,76227,32332
10901,21944,9396
10902,66781,28363
10903,95211,40305
10904,111429,47183
10905,63210,26835
10906,37846,16198
10907,1028,424
10908,97955,41462
10909,94911,40168
10910,96332,40751
10911,58272,24751
10912,80061,33933
10913,53732,22846
10914,10164,4393
10915,37624,16110
10916,44787,19133
10917,8294,3592
10918,80580,34175
10919,80711,34238
10920,115447,48936
10921,10222,4414
10922,97080,41089
10923,70292,29847
10924,113256,48006
10925,112506,47692
10926,80818,34289
10927,77684,32933
10928,85281,36187
10929,25363,10855
10930,2743,1184
10931,90699,38375
10932,78096,33116
10933,22446,9602
10934,15182,6540
10935,98074,41515
10936,57159,24285
10937,63730,27053
10938,43736,18669
10939,76012,32234
10940,32392,13892
10941,88057,37291
10942,101375,42903
10943,22734,9724
10944,50033,21344
10945,35303,15122
10946,39974,17086
10947,40296,17204
10948,67844,28821
10949,25305,10832
10950,101957,43145
10951,111821,47359
10952,106169,44927
10953,85226,36157
10954,124739,52961
10955,47365,20188
10956,111195,47098
10957,31152,13329
10958,88076,37301
10959,70485,29932
10960,126609,53752
10961,19420,8316
10962,9391,4059
10963,125191,53148
10964,33193,14236
10965,95551,40438
10966,116785,49497
10967,118157,50091
10968,99531,42114
10969,54012,22973
10970,675,286
10971,40982,17507
10972,66698,28325
10973,13270,5728
10974,36828,15755
10975,118046,50042
10976,100486,42536
10977,24346,10428
10978,50060,21354
10979,104253,44099
10980,114752,48621
10981,50216,21416
10982,55119,23430
10983,124474,52840
10984,124129,52697
10985,107420,45481
10986,53244,22632
10987,18613,7987
10988,13696,5912
10989,126701,53799
10990,56194,23888
10991,31810,13615
10992,30993,13266
10993,97871,41419
10994,62041,26356
10995,82640,35071
10996,78036,33090
10997,78694,33358
10998,65728,27907
10999,58608,24886
11000,91017,38520
11001,99890,42272
11002,116207,49254
11003,54807,23301
11004,54163,23029
11005,118234,50125
11006,69463,29492
11007,114717,48606
11008,97238,41152
11009,1224,515
11010,103505,43782
11011,129382,54914
11012,27692,11837
11013,1327,567
11014,17328,7441
11015,81152,34427
11016,64288,27285
11017,17000,7318
11018,49305,21010
11019,13816,5963
11020,117318,49717
11021,87221,36974
11022,50018,21338
11023,106106,44896
11024,68579,29140
11025,18359,7890
11026,78038,33091
11027,36259,15508
11028,113922,48273
11029,113339,48039
11030,61072,25924
11031,39100,16713
11032,77394,32793
11033,29397,12564
11034,31941,13679
11035,112605,47739
11036,83025,35226
11037,63175,26817
11038,79616,33746
11039,37261,15953
11040,94970,40197
11041,96855,40993
11042,81166,34435
11043,44541,19027
11044,88596,37510
11045,11441,4955
11046,9432,4081
11047,73438,31157
11048,39446,16858
11049,90198,38168
11050,44152,18850
11051,113406,48067
11052,64753,27487
11053,55694,23681
11054,129981,55165
11055,129833,55108
11056,44543,19028
11057,76356,32376
11058,22010,9418
11059,114601,48554
11060,17938,7708
11061,45738,19513
11062,28925,12356
11063,18170,7807
11064,78074,33107
11065,101669,43023
11066,119299,50569
11067,63083,26776
11068,75882,32183
11069,103703,43861
11070,30621,13094
11071,48823,20806
11072,106969,45274
11073,69920,29684
11074,63339,26883
11075,79493,33694
11076,15050,6488
11077,107795,45635
11078,93838,39704
11079,119475,50646
11080,107873,45670
11081,99777,42216
11082,98377,41648
11083,126809,53850
11084,112877,47859
11085,75535,32042
11086,37497,16054
11087,109168,46234
11088,112196,47542
11089,120626,51158
11090,16291,7005
11091,49410,21058
11092,80737,34251
11093,129415,54927
11094,72102,30614
11095,125350,53224
11096,36129,15456
11097,75181,31889
11098,1094,455
11099,48382,20628
11100,110786,46923
11101,43762,18681
11102,46975,20031
11103,129864,55119
11104,82191,34886
11105,81836,34728
11106,34197,14640
11107,34878,14945
11108,86364,36647
11109,5713,2488
11110,73236,31085
11111,14876,6412
11112,9697,4199
11113,70340,29868
11114,101628,43008
11115,39158,16748
11116,47431,20218
11117,33283,14274
11118,79202,33565
11119,81979,34789
11120,48738,20774
11121,45645,19474
11122,31366,13425
11123,20423,8752
11124,68372,29040
11125,74427,31579
11126,52841,22479
11127,58410,24808
11128,98999,41904
11129,10937,4744
11130,12442,5364
11131,41256,17611
11132,106292,44977
11133,57884,24580
11134,126564,53730
11135,91061,38540
11136,25979,11127
11137,68091,28923
11138,10225,4417
11139,100883,42719
11140,92434,39130
11141,76720,32515
11142,28944,12366
11143,20769,8916
11144,18782,8057
11145,12154,5243
11146,108534,45954
11147,10071,4356
11148,81457,34559
11149,129548,54981
11150,42560,18184
11151,76907,32591
11152,90337,38219
11153,84762,35970
11154,42180,18018
11155,20228,8663
11156,109473,46353
11157,113413,48069
11158,128010,54352
11159,92544,39174
11160,122549,51962
11161,56036,23822
11162,46266,19727
11163,44431,18973
11164,94445,39975
11165,22573,9657
11166,51078,21761
11167,31448,13457
11168,84563,35884
11169,19966,8558
11170,46639,19873
11171,22686,9704
11172,53108,22582
11173,15312,6602
11174,88819,37613
11175,93603,39614
11176,44817,19147
11177,11653,5033
11178,58173,24701
11179,122608,51987
11180,119348,50594
11181,72990,30982
11182,12724,5492
11183,116826,49517
11184,114894,48689
11185,61138,25951
11186,125534,53307
11187,410,169
11188,126049,53508
11189,98016,41488
11190,61592,26153
11191,112589,47732
11192,20199,8650
11193,64220,27259
11194,115446,48935
11195,117457,49782
11196,112108,47496
11197,91369,38685
11198,102431,43340
11199,42979,18354
11200,73101,31026
11201,128586,54604
11202,71016,30165
11203,23017,9857
11204,74223,31497
11205,101945,43139
11206,106291,44976
11207,130092,55210
11208,4690,2052
11209,115648,49036
11210,3831,1679
11211,21527,9227
11212,82559,35040
11213,99677,42177
11214,129117,54810
11215,118111,50067
11216,75894,32188
11217,127149,53993
11218,110713,46892
11219,38913,16629
11220,14078,6064
11221,37720,16148
11222,28343,12117
11223,3139,1376
11224,50583,21559
11225,28965,12377
11226,100860,42707
11227,60214,25564
11228,40080,17124
11229,72402,30735
11230,45458,19399
11231,11224,4865
11232,71208,30246
11233,3970,1744
11234,80310,34040
11235,47617,20291
11236,45335,19359
11237,67217,28544
11238,77214,32716
11239,122221,51835
11240,64518,27392
11241,99402,42062
11242,91502,38745
11243,87066,36911
11244,55196,23466
11245,20870,8960
11246,95875,40557
11247,107871,45669
11248,38676,16543
11249,5926,2598
11250,43380,18527
11251,61154,25959
11252,90558,38320
11253,104590,44250
11254,29702,12702
11255,10812,4684
11256,90398,38243
11257,126549,53719
11258,39587,16918
11259,9922,4288
11260,55735,23700
11261,3912,1716
11262,80097,33946
11263,34326,14699
11264,97799,41386
11265,75980,32218
11266,76818,32555
11267,49626,21148
11268,116475,49364
11269,69190,29385
11270,13700,5915
11271,66536,28252
11272,112356,47622
11273,14901,6424
11274,23200,9934
11275,26625,11399
11276,107498,45517
11277,42629,18208
11278,94649,40063
11279,41636,17780
11280,81274,34476
11281,80908,34332
11282,40592,17328
11283,55500,23597
11284,104807,44348
11285,35649,15271
11286,101312,42884
11287,125093,53111
11288,17796,7648
11289,88821,37614
11290,77370,32783
11291,59834,25398
11292,121701,51604
11293,57983,24625
11294,106279,44971
11295,115949,49148
11296,104688,44298
11297,72331,30706
11298,40783,17419
11299,53245,22633
11300,88322,37402
11301,94963,40193
11302,110735,46901
11303,76858,32571
11304,121946,51711
11305,73847,31335
11306,81604,34625
11307,54844,23316
11308,66607,28286
11309,73989,31391
11310,110620,46847
11311,104126,44040
11312,113615,48150
11313,75261,31918
11314,85449,36254
11315,70639,29998
11316,22536,9641
11317,590,246
11318,376,152
11319,128753,54659
11320,4241,1851
11321,30935,13237
11322,13454,5801
11323,24899,10672
11324,90507,38294
11325,40708,17385
11326,13754,5938
11327,9346,4041
11328,93148,39425
11329,20553,8816
11330,76800,32546
11331,53205,22619
11332,112325,47604
11333,111815,47356
11334,92749,39266
11335,66230,28110
11336,56277,23920
11337,47123,20104
11338,81267,34471
11339,108443,45920
11340,59412,25223
11341,50797,21645
11342,56762,24136
11343,42651,18215
11344,100307,42458
11345,76802,32548
11346,57839,24560
11347,57303,24337
11348,112222,47556
11349,18132,7794
11350,1357,584
11351,2057,884
11352,37136,15890
11353,15732,6774
11354,17826,7660
11355,96888,41012
11356,20872,8962
11357,74991,31802
11358,54592,23211
11359,79875,33859
11360,23503,10060
11361,57729,24514
11362,11542,4995
11363,17598,7566
11364,113081,47939
11365,63395,26903
11366,58624,24892
11367,104954,44407
11368,93711,39657
11369,62161,26407
11370,67622,28719
11371,94883,40154
11372,22,9
11373,25017,10715
11374,55638,23658
11375,37239,15942
11376,91553,38763
11377,20288,8692
11378,7489,3284
11379,85496,36272
11380,117552,49827
11381,44418,18966
11382,104561,44232
11383,58362,24791
11384,31438,13452
11385,80856,34304
11386,34358,14711
11387,50068,21357
11388,1102,459
11389,114695,48595
11390,102899,43537
11391,19577,8389
11392,129313,54889
11393,45925,19588
11394,57947,24610
11395,45137,19275
11396,87784,37191
11397,11924,5150
11398,60872,25841
11399,35431,15175
11400,57393,24375
11401,105862,44797
11402,12976,5592
11403,77645,32912
11404,49493,21092
11405,17318,7437
11406,118955,50429
11407,86187,36577
11408,12707,5485
11409,47639,20304
11410,63205,26832
11411,58295,24760
11412,50817,21654
11413,113563,48130
11414,14261,6148
11415,71722,30452
11416,72309,30693
11417,80463,34116
11418,12618,5447
11419,47858,20388
11420,36864,15772
11421,2584,1117
11422,80500,34137
11423,29241,12497
11424,95086,40256
11425,8333,3609
11426,26921,11525
11427,104245,44097
11428,77869,33013
11429,118528,50245
11430,11311,4899
11431,125759,53394
11432,52228,22238
11433,116408,49335
11434,33985,14567
11435,99116,41945
11436,5186,2269
11437,78380,33236
11438,9454,4090
11439,78525,33300
11440,25689,11004
11441,16367,7037
11442,42330,18083
11443,88059,37292
11444,103441,43750
11445,45325,19354
11446,130393,55358
11447,60668,25753
11448,91892,38909
11449,30943,13241
11450,87209,36970
11451,75576,32062
11452,83425,35418
11453,75888,32185
11454,8058,3504
11455,5336,2325
11456,31176,13339
11457,9929,4292
11458,99783,42219
11459,77942,33047
11460,67805,28803
11461,23355,10001
11462,104778,44334
11463,84274,35758
11464,129248,54868
11465,8714,3762
11466,18034,7749
11467,28392,12137
11468,108246,45833
11469,80261,34017
11470,59901,25428
11471,984,406
11472,29576,12641
11473,34403,14732
11474,111920,47400
11475,115492,48959
11476,128420,54523
11477,111851,47375
11478,122884,52114
11479,87413,37047
11480,32565,13960
11481,114903,48691
11482,116774,49493
11483,36370,15557
11484,42202,18027
11485,4955,2173
11486,84702,35942
11487,130294,55310
11488,64109,27215
11489,102086,43195
11490,60375,25627
11491,31401,13438
11492,26747,11450
11493,110255,46677
11494,34359,14712
11495,104154,44055
11496,35463,15187
11497,27910,11929
11498,27486,11747
11499,24386,10441
11500,17144,7379
11501,90158,38153
11502,4725,2069
11503,45021,19223
11504,98044,41497
11505,96707,40928
11506,21708,9302
11507,44477,18997
11508,116802,49503
11509,65108,27654
11510,124697,52940
11511,129674,55037
11512,30976,13255
11513,78938,33461
11514,55351,23529
11515,3010,1317
11516,69980,29712
11517,89052,37719
11518,94585,40036
11519,4333,1893
11520,111127,47071
11521,18450,7926
11522,53528,22766
11523,69641,29566
11524,46998,20043
11525,86864,36842
11526,119313,50575
11527,72310,30694
11528,51526,21955
11529,12934,5575
11530,117251,49692
11531,57010,24227
11532,122315,51862
11533,37206,15924
11534,97132,41114
11535,4408,1935
11536,117679,49879
11537,104953,44406
11538,46305,19740
11539,76574,32467
11540,30674,13116
11541,47958,20428
11542,23160,9916
11543,73132,31040
11544,74429,31580
11545,77710,32946
11546,44164,18856
11547,11718,5065
11548,14960,6447
11549,128994,54754
11550,54665,23238
11551,25016,10714
11552,15281,6584
11553,113314,48028
11554,85563,36304
11555,117432,49768
11556,112778,47809
11557,69999,29721
11558,95880,40561
11559,114880,48684
11560,124083,52671
11561,79359,33634
11562,40919,17476
11563,122450,51919
11564,86736,36794
11565,25606,10958
11566,115694,49055
11567,51607,21987
11568,82530,35027
11569,65675,27883
11570,68110,28931
11571,104130,44043
11572,103249,43679
11573,106034,44864
11574,128087,54386
11575,18482,7938
11576,102609,43408
11577,100821,42690
11578,91521,38751
11579,93857,39711
11580,90241,38184
11581,9045,3912
11582,57735,24515
11583,5398,2353
11584,26390,11288
11585,82340,34942
11586,59259,25156
11587,123867,52573
11588,22898,9799
11589,127326,54059
11590,107974,45717
11591,60788,25802
11592,109835,46503
11593,74022,31403
11594,81936,34773
11595,104084,44020
11596,18685,8021
11597,576,241
11598,66248,28119
11599,39509,16887
11600,20744,8902
11601,28435,12163
11602,2400,1037
11603,30895,13222
11604,18178,7813
11605,70942,30129
11606,57482,24418
11607,78848,33415
11608,91627,38798
11609,126433,53674
11610,95771,40514
11611,69361,29448
11612,42671,18229
11613,18365,7895
11614,37322,15980
11615,53615,22797
11616,64076,27201
11617,114955,48715
11618,118848,50381
11619,118351,50179
11620,109747,46472
11621,1976,851
11622,39086,16705
11623,57229,24312
11624,123370,52337
11625,19800,8487
11626,98487,41699
11627,82030,34815
11628,4896,2149
11629,44633,19065
11630,125641,53346
11631,1626,698
11632,124684,52932
11633,14081,6065
11634,124465,52836
11635,79228,33576
11636,50585,21560
11637,57042,24241
11638,655,273
11639,96446,40804
11640,14875,6411
11641,40114,17141
11642,83875,35615
11643,78619,33328
11644,106788,45201
11645,34388,14723
11646,91513,38748
11647,5354,2330
11648,127906,54307
11649,51902,22110
11650,59567,25286
11651,34667,14851
11652,113333,48037
11653,107204,45385
11654,53705,22837
11655,112342,47613
11656,100371,42484
11657,96546,40849
11658,127651,54204
11659,108913,46123
11660,125774,53399
11661,126576,53736
11662,15331,6611
11663,3386,1490
11664,22311,9552
11665,32886,14095
11666,27677,11830
11667,100470,42528
11668,58084,24670
11669,51973,22135
11670,33184,14230
11671,15412,6635
11672,67445,28643
11673,61383,26063
11674,96341,40758
11675,105043,44446
11676,5135,2249
11677,82858,35158
11678,56458,24003
11679,105049,44450
11680,15011,6467
11681,25415,10876
11682,70572,29975
11683,43634,18631
11684,41344,17649
11685,5409,2357
11686,117674,49876
11687,26252,11226
11688,130352,55340
11689,55141,23438
11690,11297,4896
11691,129018,54762
11692,9579,4148
11693,61788,26242
11694,51492,21940
11695,54702,23257
11696,46543,19836
11697,58786,24965
11698,38597,16514
11699,90714,38382
11700,73816,31318
11701,93981,39755
11702,90226,38178
11703,4090,1801
11704,87184,36957
11705,95801,40526
11706,120113,50926
11707,37385,16003
11708,57776,24536
11709,118941,50423
11710,79477,33687
11711,13552,5842
11712,101378,42906
11713,106835,45221
11714,100503,42547
11715,40469,17275
11716,31964,13695
11717,58517,24849
11718,114970,48726
11719,71069,30187
11720,52218,22234
11721,4365,1913
11722,53704,22836
11723,24646,10555
11724,25715,11018
11725,49782,21221
11726,119060,50474
11727,60225,25569
11728,9056,3915
11729,100991,42751
11730,60954,25868
11731,53473,22738
11732,50617,21574
11733,75725,32115
11734,53478,22740
11735,49945,21306
11736,81046,34393
11737,101199,42843
11738,32981,14135
11739,20180,8638
11740,16459,7084
11741,5425,2363
11742,130222,55268
11743,13301,5738
11744,116916,49555
11745,123732,52513
11746,81698,34671
11747,77357,32777
11748,127780,54262
11749,39363,16828
11750,91703,38833
11751,20928,8985
11752,57192,24302
11753,9927,4291
11754,78118,33129
11755,120921,51282
11756,95940,40588
11757,54580,23206
11758,83653,35510
11759,22422,9594
11760,48650,20743
11761,110831,46937
11762,127941,54324
11763,16473,7089
11764,128260,54458
11765,40058,17114
11766,41199,17589
11767,36674,15687
11768,6936,3058
11769,82509,35018
11770,50053,21351
11771,125400,53251
11772,124346,52788
11773,86317,36629
11774,116976,49580
11775,109,47
11776,115929,49138
11777,119043,50467
11778,8242,3572
11779,126522,53704
11780,111588,47249
11781,22195,9501
11782,35070,15030
11783,6011,2636
11784,80740,34254
11785,27877,11914
11786,57523,24436
11787,128570,54595
11788,66863,28394
11789,117527,49815
11790,2142,920
11791,23212,9938
11792,66936,28424
11793,108810,46073
11794,109831,46499
11795,94028,39772
11796,121167,51374
11797,2804,1212
11798,36320,15535
11799,58352,24787
11800,81890,34753
11801,65003,27601
11802,45122,19266
11803,79905,33872
11804,17506,7527
11805,118356,50180
11806,83114,35267
11807,18058,7763
11808,84465,35844
11809,28876,12335
11810,128254,54456
11811,67877,28839
11812,122504,51942
11813,95225,40308
11814,77786,32974
11815,120739,51207
11816,59419,25226
11817,7192,3163
11818,106932,45261
11819,99850,42254
11820,94512,40005
11821,19066,8163
11822,115636,49028
11823,115795,49097
11824,46586,19853
11825,11352,4924
11826,124635,52919
11827,112649,47758
11828,71827,30492
11829,103480,43770
11830,92670,39234
11831,6976,3080
11832,68239,28982
11833,40429,17261
11834,30179,12913
11835,14513,6248
11836,125826,53419
11837,126051,53510
11838,111965,47431
11839,128676,54638
11840,9428,4079
11841,41856,17875
11842,101753,43066
11843,122633,52002
11844,114809,48648
11845,44038,18797
11846,36465,15595
11847,75328,31951
11848,67258,28559
11849,123347,52328
11850,52487,22336
11851,88525,37482
11852,26600,11386
11853,113045,47923
11854,108566,45972
11855,24177,10362
11856,122883,52113
11857,98763,41811
11858,15171,6539
11859,104913,44389
11860,129205,54843
11861,24200,10371
11862,93304,39481
11863,42901,18322
11864,15891,6842
11865,51922,22116
11866,111603,47258
11867,109622,46416
11868,90087,38123
11869,89988,38082
11870,34329,14701
11871,23647,10135
11872,40749,17404
11873,128365,54498
11874,69622,29558
11875,73711,31283
11876,29111,12439
11877,68592,29145
11878,3895,1707
11879,64478,27375
11880,13980,6021
11881,21938,9393
11882,95789,40522
11883,96056,40639
11884,31836,13630
11885,52985,22540
11886,69691,29587
11887,90477,38277
11888,54993,23385
11889,63105,26787
11890,17242,7413
11891,106661,45138
11892,55639,23659
11893,94377,39948
11894,88502,37471
11895,71466,30344
11896,14889,6420
11897,3088,1355
11898,71896,30526
11899,117405,49757
11900,48201,20544
11901,127857,54285
11902,58458,24830
11903,3230,1414
11904,81591,34620
11905,85294,36192
11906,114017,48312
11907,101579,42982
11908,52299,22265
11909,125078,53107
11910,112312,47600
11911,37024,15839
11912,98608,41748
11913,91189,38593
11914,50256,21433
11915,78442,33265
11916,45723,19506
11917,26170,11194
11918,12300,5305
11919,84956,36047
11920,62067,26370
11921,125294,53202
11922,114724,48612
11923,64198,27252
11924,75041,31826
11925,12490,5385
11926,5812,2540
11927,37504,16057
11928,60386,25631
11929,98347,41636
11930,44523,19018
11931,40625,17342
11932,55847,23742
11933,21625,9267
11934,42548,18179
11935,84429,35829
11936,33294,14279
11937,125765,53395
11938,110399,46746
11939,105850,44789
11940,98021,41489
11941,2241,965
11942,69993,29717
11943,54126,23014
11944,83730,35540
11945,60431,25649
11946,111245,47118
11947,103595,43825
11948,92094,38997
11949,31617,13531
11950,89184,37771
11951,124840,53001
11952,3965,1740
11953,62975,26738
11954,4734,2076
11955,92533,39169
11956,9556,4137
11957,47419,20212
11958,8106,3518
11959,297,133
11960,8771,3787
11961,130202,55261
11962,110035,46594
11963,124935,53043
11964,75031,31820
11965,8174,3546
11966,22287,9540
11967,130114,55222
11968,64542,27399
11969,81999,34798
11970,58781,24962
11971,3046,1339
11972,90957,38489
11973,99406,42064
11974,10448,4521
11975,45551,19438
11976,105041,44445
11977,95139,40277
11978,93030,39382
11979,106823,45214
11980,29983,12833
11981,74615,31653
11982,77950,33050
11983,108300,45857
11984,104196,44074
11985,20430,8756
11986,58382,24801
11987,17155,7383
11988,94890,40158
11989,68410,29061
11990,117000,49590
11991,95302,40338
11992,75232,31907
11993,116275,49277
11994,19979,8562
11995,78963,33471
11996,17257,7420
11997,68416,29064
11998,113884,48257
11999,16699,7184
12000,91454,38728
12001,73228,31080
12002,95862,40549
12003,51645,22003
12004,124270,52758
12005,112289,47590
12006,54554,23193
12007,81373,34524
12008,48143,20512
12009,72954,30967
12010,113480,48094
12011,107067,45320
12012,52298,22264
12013,76979,32616
12014,124972,53059
12015,15666,6745
12016,102695,43444
12017,111938,47413
12018,117984,50008
12019,77836,33001
12020,107459,45498
12021,1451,628
12022,99242,41995
12023,20678,8874
12024,81242,34461
12025,44487,19001
12026,44237,18883
12027,66054,28039
12028,79481,33690
12029,33414,14336
12030,96271,40730
12031,3248,1420
12032,102078,43192
12033,36454,15587
12034,90844,38439
12035,6409,2827
12036,126066,53522
12037,87747,37176
12038,44139,18846
12039,389,160
12040,10843,4698
12041,103058,43596
12042,69799,29633
12043,36994,15825
12044,71846,30499
12045,890,378
12046,17340,7446
12047,76323,32367
12048,3631,1598
12049,57302,24336
12050,111084,47047
12051,9426,4078
12052,104926,44395
12053,35836,15343
12054,65265,27718
12055,84826,35997
12056,53372,22694
12057,107749,45616
12058,86865,36843
12059,17745,7621
12060,29777,12739
12061,53277,22652
12062,105594,44680
12063,116424,49341
12064,109843,46507
12065,99110,41942
12066,30614,13091
12067,97913,41439
12068,33558,14396
12069,126575,53735
12070,84974,36059
12071,126676,53786
12072,106569,45102
12073,38225,16368
12074,87344,37022
12075,64837,27523
12076,33745,14471
12077,26849,11490
12078,49108,20932
12079,129406,54926
12080,122075,51769
12081,74546,31633
12082,114788,48637
12083,50313,21455
12084,31011,13273
12085,13646,5888
12086,95279,40331
12087,97169,41128
12088,99333,42034
12089,96177,40683
12090,125395,53248
12091,11065,4803
12092,86185,36575
12093,15249,6573
12094,42759,18267
12095,3174,1390
12096,40839,17448
12097,9127,3952
12098,128889,54716
12099,23742,10175
12100,97978,41471
12101,50714,21613
12102,61366,26055
12103,20182,8640
12104,109565,46393
12105,60021,25487
12106,10519,4547
12107,31146,13325
12108,92448,39136
12109,46314,19742
12110,116829,49519
12111,15880,6836
12112,124719,52953
12113,71386,30317
12114,43957,18761
12115,14924,6433
12116,35169,15064
12117,100872,42714
12118,107826,45646
12119,31326,13402
12120,2905,1260
12121,62678,26615
12122,9976,4310
12123,89300,37807
12124,112252,47571
12125,39208,16769
12126,38313,16402
12127,91052,38535
12128,104230,44091
12129,49028,20899
12130,50251,21429
12131,56465,24004
12132,110778,46920
12133,12960,5583
12134,125680,53363
12135,64108,27214
12136,69178,29380
12137,28414,12149
12138,18671,8017
12139,12785,5513
12140,26215,11213
12141,51053,21752
12142,100237,42429
12143,5837,2553
12144,22779,9745
12145,87401,37041
12146,38198,16356
12147,69240,29399
12148,61968,26324
12149,73817,31319
12150,15657,6741
12151,49815,21240
12152,84597,35902
12153,40344,17225
12154,6353,2797
12155,2344,1014
12156,96836,40983
12157,83243,35335
12158,17551,7541
12159,94932,40178
12160,74177,31477
12161,93591,39609
12162,4718,2065
12163,107082,45328
12164,3589,1577
12165,42413,18125
12166,14225,6131
12167,15157,6531
12168,44213,18872
12169,115398,48916
12170,15453,6653
12171,13799,5956
12172,26528,11349
12173,1169,488
12174,116961,49574
12175,109722,46463
12176,89914,38044
12177,85767,36399
12178,117330,49723
12179,117956,49996
12180,4582,2008
12181,84350,35791
12182,22596,9662
12183,29449,12590
12184,92508,39159
12185,76697,32508
12186,60923,25857
12187,70258,29834
12188,116215,49260
12189,105619,44689
12190,61890,26286
12191,66949,28427
12192,73120,31036
12193,22354,9568
12194,126808,53849
12195,11188,4849
12196,63244,26848
12197,15785,6796
12198,46107,19667
12199,35276,15113
12200,84455,35840
12201,3017,1319
12202,119678,50744
12203,96605,40876
12204,26573,11373
12205,59948,25452
12206,72010,30574
12207,115148,48805
12208,56499,24021
12209,6742,2970
12210,98063,41509
12211,43820,18706
12212,58367,24795
12213,126104,53539
12214,12567,5423
12215,20865,8958
12216,105134,44481
12217,45172,19295
12218,49666,21167
12219,78293,33200
12220,47306,20165
12221,43332,18504
12222,34129,14615
12223,37146,15896
12224,38871,16609
12225,115326,48881
12226,38381,16427
12227,87200,36966
12228,129048,54776
12229,114443,48487
12230,69003,29315
12231,67818,28809
12232,69460,29490
12233,20338,8712
12234,80050,33928
12235,71201,30240
12236,44295,18910
12237,88914,37656
12238,88655,37538
12239,53167,22605
12240,40826,17440
12241,29540,12624
12242,16511,7104
12243,9583,4149
12244,3572,1570
12245,128290,54469
12246,110132,46631
12247,4963,2177
12248,58296,24761
12249,14648,6309
12250,96889,41013
12251,126070,53524
12252,6380,2815
12253,29152,12454
12254,98417,41671
12255,114263,48415
12256,29941,12813
12257,69482,29498
12258,46992,20039
12259,125220,53161
12260,119934,50854
12261,89375,37833
12262,130201,55260
12263,127099,53974
12264,72564,30800
12265,22642,9685
12266,49301,21009
12267,67428,28636
12268,110616,46845
12269,52096,22181
12270,71574,30389
12271,45470,19405
12272,129135,54818
12273,13005,5604
12274,25053,10730
12275,52074,22173
12276,77980,33065
12277,33929,14543
12278,45886,19578
12279,44317,18920
12280,20358,8722
12281,48026,20454
12282,32090,13756
12283,67598,28709
12284,63103,26786
12285,122552,51964
12286,116438,49347
12287,102475,43358
12288,6497,2873
12289,36198,15483
12290,54571,23203
12291,20399,8743
12292,82253,34912
12293,52717,22428
12294,73702,31279
12295,128072,54381
12296,41775,17837
12297,91421,38711
12298,5084,2228
12299,113379,48058
12300,44107,18829
12301,34906,14955
12302,24162,10353
12303,117860,49959
12304,7895,3441
12305,77412,32800
12306,61930,26306
12307,8709,3758
12308,69702,29591
12309,16542,7116
12310,39191,16759
12311,64075,27200
12312,79410,33661
12313,47328,20173
12314,91598,38779
12315,160,74
12316,1881,805
12317,5612,2441
12318,99184,41971
12319,22515,9634
12320,65376,27760
12321,115490,48958
12322,49203,20975
12323,129920,55138
12324,41317,17637
12325,62411,26508
12326,106612,45118
12327,53902,22922
12328,111185,47093
12329,10554,4567
12330,70184,29804
12331,28210,12068
12332,116279,49279
12333,70782,30056
12334,86948,36868
12335,31936,13676
12336,104268,44104
12337,25983,11130
12338,122764,52067
12339,20519,8802
12340,13547,5839
12341,68482,29090
12342,127969,54337
12343,78544,33304
12344,90843,38438
12345,59872,25413
12346,53773,22868
12347,81130,34418
12348,81851,34737
12349,92034,38967
12350,31424,13446
12351,31552,13502
12352,13283,5732
12353,74677,31677
12354,90162,38155
12355,57123,24265
12356,116513,49383
12357,42820,18284
12358,55248,23487
12359,80105,33949
12360,65542,27832
12361,59435,25234
12362,21716,9306
12363,36931,15802
12364,87157,36948
12365,44652,19074
12366,49763,21212
12367,103882,43941
12368,7420,3257
12369,101689,43033
12370,68018,28891
12371,51575,21971
12372,103605,43827
12373,98498,41703
12374,86529,36708
12375,4987,2189
12376,70883,30104
12377,38171,16345
12378,110827,46936
12379,83693,35525
12380,116571,49406
12381,13672,5901
12382,40010,17096
12383,129681,55042
12384,37705,16140
12385,94106,39812
12386,62555,26559
12387,121229,51400
12388,2898,1256
12389,110540,46811
12390,50267,21440
12391,126605,53750
12392,40905,17468
12393,34137,14617
12394,38854,16605
12395,7763,3388
12396,104933,44399
12397,33245,14257
12398,47070,20080
12399,29304,12522
12400,34613,14825
12401,99262,42004
12402,78539,33303
12403,110479,46787
12404,107893,45680
12405,82022,34810
12406,110461,46776
12407,67732,28766
12408,123750,52521
12409,108812,46075
12410,120893,51271
12411,23719,10162
12412,79619,33748
12413,77827,32996
12414,73086,31020
12415,92221,39047
12416,31458,13462
12417,35489,15201
12418,117733,49900
12419,106979,45282
12420,64776,27496
12421,107788,45631
12422,64735,27481
12423,13077,5637
12424,113930,48276
12425,114244,48410
12426,77065,32650
12427,113954,48285
12428,129435,54937
12429,72227,30662
12430,7954,3462
12431,53151,22601
12432,55217,23474
12433,93462,39550
12434,6173,2713
12435,67168,28521
12436,52062,22166
12437,115030,48753
12438,100796,42679
12439,78607,33325
12440,8536,3691
12441,73801,31313
12442,61868,26278
12443,95925,40581
12444,102848,43512
12445,71470,30346
12446,49802,21232
12447,60502,25687
12448,85442,36249
12449,7809,3405
12450,108545,45962
12451,32026,13719
12452,6329,2786
12453,61156,25960
12454,25296,10830
12455,121940,51707
12456,71210,30247
12457,117419,49763
12458,95923,40579
12459,17581,7560
12460,23164,9920
12461,13410,5778
12462,51774,22064
12463,113880,48254
12464,40778,17417
12465,34331,14702
12466,60312,25598
12467,80456,34113
12468,129008,54757
12469,27849,11904
12470,89418,37848
12471,16730,7203
12472,82639,35070
12473,121964,51719
12474,60031,25489
12475,62070,26371
12476,61824,26256
12477,79040,33498
12478,3689,1618
12479,60562,25712
12480,114473,48497
12481,52607,22388
12482,87942,37244
12483,111571,47242
12484,86541,36713
12485,37891,16221
12486,68404,29059
12487,73303,31110
12488,14822,6382
12489,87332,37014
12490,21736,9316
12491,402,165
12492,90384,38239
12493,27344,11689
12494,45833,19559
12495,81076,34403
12496,31390,13434
12497,23174,9926
12498,111408,47174
12499,29239,12495
12500,69250,29404
12501,40285,17200
12502,63735,27054
12503,118139,50082
12504,113733,48202
12505,76400,32395
12506,24,11
12507,75654,32088
12508,29620,12661
12509,89888,38034
12510,118924,50415
12511,100684,42637
12512,22030,9427
12513,110235,46672
12514,55419,23560
12515,96527,40841
12516,99811,42236
12517,17410,7479
12518,9650,4176
12519,120216,50977
12520,121852,51670
12521,10566,4575
12522,122128,51789
12523,30054,12863
12524,102126,43215
12525,96879,41007
12526,52641,22401
12527,124577,52891
12528,36165,15470
12529,116117,49208
12530,58815,24973
12531,17419,7484
12532,19236,8239
12533,80670,34220
12534,127300,54046
12535,37058,15855
12536,80355,34066
12537,126241,53602
12538,99319,42026
12539,96754,40945
12540,116422,49339
12541,104376,44151
12542,13074,5636
12543,12946,5578
12544,38773,16581
12545,87537,37095
12546,105112,44472
12547,73443,31159
12548,112388,47641
12549,11478,4969
12550,17797,7649
12551,128530,54575
12552,4366,1914
12553,90753,38403
12554,72724,30874
12555,46348,19761
12556,63583,26981
12557,31591,13521
12558,49189,20968
12559,105289,44556
12560,78375,33233
12561,69016,29319
12562,7509,3294
12563,12079,5219
12564,35191,15078
12565,82090,34836
12566,110726,46898
12567,54007,22972
12568,61200,25981
12569,37097,15877
12570,126173,53577
12571,11089,4810
12572,7111,3127
12573,12218,5271
12574,64424,27350
12575,31017,13278
12576,122729,52048
12577,98059,41506
12578,7238,3181
12579,122828,52093
12580,41279,17623
12581,61141,25953
12582,14742,6352
12583,37948,16248
12584,86915,36858
12585,86451,36677
12586,96227,40708
12587,75791,32147
12588,1491,645
12589,107457,45497
12590,103831,43918
12591,118551,50256
12592,54049,22987
12593,129562,54988
12594,80599,34182
12595,110769,46916
12596,12010,5189
12597,103776,43890
12598,100190,42404
12599,33688,14452
12600,75279,31928
12601,58004,24631
12602,66233,28112
12603,25656,10987
12604,22111,9463
12605,105630,44695
12606,98134,41544
12607,16379,7044
12608,42009,17939
12609,107799,45637
12610,38207,16359
12611,79289,33603
12612,111395,47170
12613,83724,35537
12614,47779,20356
12615,27043,11575
12616,110104,46621
12617,71556,30382
12618,3051,1341
12619,83178,35297
12620,109299,46291
12621,16086,6923
12622,30803,13173
12623,56468,24006
12624,5711,2486
12625,105853,44790
12626,67162,28519
12627,78402,33247
12628,100181,42400
12629,48639,20738
12630,63344,26885
12631,123742,52517
12632,31338,13407
12633,96085,40649
12634,77467,32828
12635,6153,2703
12636,102887,43531
12637,47417,20210
12638,66491,28227
12639,33683,14451
12640,46930,20012
12641,28833,12316
12642,92760,39271
12643,44599,19052
12644,106391,45024
12645,1840,788
12646,32526,13947
12647,64438,27357
12648,7483,3280
12649,23717,10161
12650,73846,31334
12651,41452,17697
12652,118567,50262
12653,67755,28781
12654,9680,4191
12655,85781,36407
12656,58057,24657
12657,114990,48737
12658,50316,21457
12659,89780,37994
12660,16128,6942
12661,127711,54233
12662,83670,35516
12663,27962,11956
12664,66237,28115
12665,35934,15387
12666,93419,39532
12667,118385,50198
12668,54353,23114
12669,96498,40830
12670,25115,10757
12671,91907,38915
12672,32907,14105
12673,35315,15128
12674,83455,35432
12675,65786,27929
12676,117809,49937
12677,3319,1455
12678,63629,27004
12679,109114,46209
12680,94470,39986
12681,35251,15104
12682,66556,28261
12683,106608,45114
12684,128004,54350
12685,103793,43898
12686,1052,437
12687,62154,26403
12688,72211,30653
12689,112896,47866
12690,122934,52136
12691,10705,4641
12692,41798,17848
12693,62524,26548
12694,43302,18494
12695,79014,33489
12696,110462,46777
12697,78822,33407
12698,8336,3610
12699,80145,33965
12700,115793,49095
12701,7510,3295
12702,51483,21934
12703,11425,4949
12704,88080,37304
12705,2575,1112
12706,49891,21274
12707,115443,48933
12708,112442,47668
12709,110899,46968
12710,64732,27479
12711,114225,48400
12712,111294,47135
12713,83221,35318
12714,21920,9388
12715,50868,21675
12716,89421,37849
12717,17317,7436
12718,115903,49132
12719,4933,2162
12720,4751,2080
12721,94788,40119
12722,92734,39261
12723,108088,45758
12724,3594,1580
12725,10082,4362
12726,87111,36927
12727,47620,20293
12728,96693,40918
12729,9814,4244
12730,73957,31378
12731,80419,34093
12732,4886,2144
12733,60235,25572
12734,58723,24930
12735,47566,20274
12736,41184,17584
12737,44463,18989
12738,128563,54592
12739,79280,33599
12740,84810,35990
12741,19702,8448
12742,43541,18601
12743,44501,19005
12744,124975,53061
12745,90979,38499
12746,36545,15633
12747,2973,1291
12748,123810,52549
12749,96853,40992
12750,51395,21896
12751,129419,54930
12752,96026,40623
12753,53352,22685
12754,47107,20096
12755,11505,4976
12756,58288,24757
12757,60401,25638
12758,30556,13067
12759,113773,48214
12760,41098,17550
12761,23666,10146
12762,115806,49100
12763,90652,38358
12764,3881,1700
12765,124817,52990
12766,64730,27477
12767,99049,41920
12768,32227,13826
12769,67120,28498
12770,17967,7719
12771,118225,50120
12772,86596,36733
12773,52425,22318
12774,85512,36280
12775,33572,14404
12776,88350,37415
12777,70022,29734
12778,38998,16664
12779,75146,31873
12780,34382,14721
12781,119529,50670
12782,124573,52890
12783,79947,33881
12784,117135,49646
12785,115107,48780
12786,1555,671
12787,96741,40942
12788,52705,22424
12789,27298,11669
12790,85320,36203
12791,87693,37157
12792,109693,46450
12793,13934,6010
12794,14544,6263
12795,103691,43857
12796,60619,25731
12797,110546,46815
12798,33647,14441
12799,14427,6219
12800,18808,8066
12801,119396,50613
12802,115246,48845
12803,104287,44114
12804,37771,16168
12805,100797,42680
12806,18693,8022
12807,120599,51148
12808,22793,9752
12809,29631,12669
12810,119711,50758
12811,24545,10505
12812,116286,49281
12813,127579,54165
12814,119526,50668
12815,11789,5096
12816,81600,34624
12817,25082,10745
12818,47254,20151
12819,59059,25071
12820,3121,1372
12821,56941,24201
12822,109233,46262
12823,15324,6606
12824,24116,10333
12825,77518,32856
12826,115540,48982
12827,46129,19678
12828,128990,54752
12829,106172,44928
12830,32474,13927
12831,31520,13490
12832,69823,29644
12833,82201,34890
12834,103683,43853
12835,113214,47988
12836,67482,28659
12837,2790,1207
12838,12432,5361
12839,94109,39814
12840,65797,27935
12841,62500,26540
12842,46557,19841
12843,13008,5606
12844,11773,5087
12845,94206,39866
12846,126948,53912
12847,113105,47948
12848,348,141
12849,104432,44180
12850,98078,41518
12851,43843,18714
12852,3134,1374
12853,74111,31445
12854,128877,54712
12855,42869,18307
12856,14786,6369
12857,22795,9753
12858,74663,31668
12859,94151,39835
12860,125729,53384
12861,26128,11178
12862,15447,6651
12863,99224,41989
12864,113079,47938
12865,49133,20947
12866,50160,21390
12867,37045,15847
12868,110352,46723
12869,53746,22854
12870,105402,44599
12871,53077,22570
12872,114905,48693
12873,125207,53155
12874,116669,49446
12875,95868,40554
12876,50234,21421
12877,121268,51417
12878,93475,39555
12879,91816,38876
12880,39694,16965
12881,22548,9647
12882,45722,19505
12883,105493,44640
12884,2985,1298
12885,122436,51909
12886,127894,54301
12887,20664,8866
12888,7135,3138
12889,34894,14951
12890,116268,49274
12891,78945,33464
12892,86783,36814
12893,126331,53634
12894,125101,53113
12895,23741,10174
12896,33547,14391
12897,26692,11428
12898,21027,9018
12899,17115,7369
12900,127106,53978
12901,129333,54894
12902,64270,27278
12903,82267,34920
12904,115272,48855
12905,112352,47618
12906,25538,10922
12907,102220,43256
12908,128452,54540
12909,77627,32904
12910,81752,34691
12911,80609,34188
12912,59507,25262
12913,71779,30476
12914,6379,2814
12915,1309,557
12916,53943,22941
12917,86134,36554
12918,61917,26300
12919,44772,19126
12920,55005,23394
12921,39142,16737
12922,130154,55238
12923,76318,32364
12924,123280,52292
12925,52158,22210
12926,61376,26059
12927,64300,27287
12928,57204,24305
12929,2432,1054
12930,14214,6126
12931,103928,43958
12932,121354,51456
12933,69407,29466
12934,122201,51827
12935,109125,46215
12936,109244,46269
12937,81285,34481
12938,23010,9851
12939,108099,45765
12940,129196,54839
12941,121063,51332
12942,8550,3697
12943,15035,6480
12944,68193,28963
12945,120738,51206
12946,128468,54545
12947,116322,49297
12948,75944,32205
12949,28664,12248
12950,128311,54477
12951,56737,24121
12952,119033,50464
12953,66973,28437
12954,118276,50147
12955,121911,51692
12956,42356,18090
12957,97318,41188
12958,72430,30745
12959,70508,29945
12960,70429,29909
12961,95917,40577
12962,38303,16399
12963,47284,20160
12964,120843,51248
12965,33561,14398
12966,66214,28103
12967,79388,33647
12968,69134,29365
12969,87102,36925
12970,69503,29507
12971,55280,23501
12972,118683,50311
12973,52677,22414
12974,100150,42385
12975,6440,2843
12976,54473,23159
12977,84546,35878
12978,10525,4549
12979,130212,55262
12980,8431,3650
12981,11742,5073
12982,15376,6625
12983,109067,46189
12984,129529,54975
12985,6430,2838
12986,81952,34780
12987,47100,20094
12988,116765,49490
12989,11443,4956
12990,93157,39428
12991,120750,51213
12992,128653,54627
12993,57723,24509
12994,18916,8108
12995,126801,53846
12996,75352,31962
12997,51041,21746
12998,74510,31612
12999,22323,9558
13000,79155,33547
13001,89520,37885
13002,37483,16047
13003,89767,37989
13004,15957,6869
13005,36308,15530
13006,99764,42209
13007,86215,36585
13008,102411,43330
13009,116518,49385
13010,128957,54738
13011,50156,21389
13012,56261,23916
13013,105169,44497
13014,53866,22909
13015,34454,14755
13016,103482,43771
13017,29679,12688
13018,65210,27698
13019,16539,7114
13020,25392,10866
13021,44128,18843
13022,5840,2554
13023,105737,44741
13024,106834,45220
13025,62864,26689
13026,9689,4194
13027,37041,15845
13028,122813,52086
13029,56061,23832
13030,36267,15511
13031,33909,14534
13032,31599,13525
13033,108865,46097
13034,101905,43123
13035,87430,37055
13036,85253,36176
13037,10936,4743
13038,124893,53025
13039,26455,11312
13040,85417,36239
13041,93079,39400
13042,92641,39223
13043,39249,16785
13044,75765,32132
13045,49507,21099
13046,65032,27613
13047,15748,6778
13048,33413,14335
13049,16106,6932
13050,125838,53423
13051,105279,44549
13052,55708,23686
13053,26475,11321
13054,17354,7452
13055,24161,10352
13056,39656,16947
13057,65798,27936
13058,49847,21252
13059,66535,28251
13060,58564,24872
13061,101428,42927
13062,71509,30361
13063,27977,11963
13064,121717,51610
13065,113212,47986
13066,121826,51654
13067,71363,30311
13068,128514,54567
13069,64305,27289
13070,78993,33480
13071,115671,49044
13072,100080,42347
13073,64591,27418
13074,8594,3715
13075,27808,11885
13076,69638,29565
13077,8748,3777
13078,79331,33623
13079,87887,37226
13080,79724,33792
13081,9770,4225
13082,57751,24523
13083,33638,14437
13084,47622,20294
13085,38845,16603
13086,79957,33886
13087,80946,34349
13088,22647,9689
13089,60869,25839
13090,5847,2556
13091,57806,24547
13092,36500,15610
13093,21008,9010
13094,71430,30333
13095,125073,53104
13096,24989,10706
13097,108659,46008
13098,68942,29284
13099,68233,28979
13100,122728,52047
13101,22025,9423
13102,30411,13009
13103,57332,24349
13104,76670,32496
13105,89149,37753
13106,21680,9288
13107,26858,11495
13108,39236,16780
13109,33017,14155
13110,82309,34932
13111,82078,34832
13112,124180,52718
13113,120721,51201
13114,19054,8160
13115,103469,43766
13116,38443,16456
13117,58230,24732
13118,116501,49378
13119,99945,42294
13120,129305,54888
13121,18582,7974
13122,97348,41200
13123,3389,1492
13124,114735,48618
13125,78916,33450
13126,79406,33659
13127,24753,10600
13128,58387,24802
13129,25069,10739
13130,541,227
13131,96530,40842
13132,64017,27171
13133,45016,19220
13134,38817,16596
13135,49192,20970
13136,102380,43317
13137,18325,7872
13138,25154,10767
13139,76065,32257
13140,40970,17499
13141,3967,1742
13142,70876,30101
13143,30149,12900
13144,84093,35690
13145,24276,10392
13146,77383,32788
13147,41032,17527
13148,51599,21982
13149,26481,11325
13150,71642,30422
13151,107701,45600
13152,21234,9110
13153,49059,20907
13154,2983,1296
13155,76195,32319
13156,89409,37845
13157,126466,53687
13158,129629,55018
13159,61346,26045
13160,40383,17242
13161,70657,30006
13162,123240,52275
13163,70158,29794
13164,86795,36818
13165,63193,26825
13166,111586,47247
13167,123615,52455
13168,101021,42763
13169,50982,21721
13170,6838,3011
13171,61926,26304
13172,121678,51594
13173,82395,34967
13174,68667,29175
13175,58603,24884
13176,37241,15943
13177,130420,55369
13178,22763,9736
13179,43936,18752
13180,66220,28106
13181,57017,24229
13182,120261,50996
13183,31487,13476
13184,61631,26171
13185,115566,48992
13186,59841,25401
13187,66288,28139
13188,86052,36523
13189,21570,9249
13190,114684,48590
13191,37899,16224
13192,110492,46792
13193,9252,4000
13194,129588,55002
13195,111706,47304
13196,51175,21801
13197,23432,10030
13198,120768,51220
13199,62571,26566
13200,114960,48720
13201,57216,24308
13202,100879,42716
13203,113242,47998
13204,89728,37969
13205,109118,46212
13206,4024,1769
13207,56422,23990
13208,109758,46475
13209,31320,13399
13210,4800,2102
13211,12631,5455
13212,17803,7651
13213,41710,17813
13214,23052,9872
13215,102797,43492
13216,76208,32328
13217,129680,55041
13218,7030,3103
13219,61599,26159
13220,105734,44739
13221,81239,34460
13222,58726,24933
13223,4486,1970
13224,101505,42955
13225,43449,18559
13226,17192,7395
13227,62156,26404
13228,86025,36509
13229,95017,40220
13230,108430,45915
13231,124931,53042
13232,29829,12763
13233,81141,34420
13234,5754,2507
13235,56956,24208
13236,122911,52126
13237,50235,21422
13238,128523,54571
13239,93812,39693
13240,28361,12125
13241,38417,16443
13242,72792,30903
13243,34558,14801
13244,91212,38604
13245,41479,17710
13246,119378,50605
13247,63867,27109
13248,90733,38391
13249,6966,3073
13250,7608,3328
13251,53759,22862
13252,32169,13797
13253,18724,8033
13254,129283,54879
13255,2032,874
13256,58450,24826
13257,117819,49939
13258,40310,17211
13259,49087,20922
13260,589,245
13261,100411,42503
13262,124561,52885
13263,93445,39541
13264,124974,53060
13265,31930,13674
13266,7647,3343
13267,129173,54834
13268,33031,14162
13269,12905,5560
13270,33010,14150
13271,51427,21912
13272,38760,16573
13273,116726,49475
13274,115106,48779
13275,61331,26037
13276,101361,42895
13277,15113,6514
13278,95644,40471
13279,75172,31883
13280,72771,30891
13281,54756,23278
13282,61533,26125
13283,2303,990
13284,62956,26732
13285,30805,13174
13286,112447,47670
13287,32747,14034
13288,63815,27091
13289,106099,44893
13290,40221,17185
13291,106148,44917
13292,26896,11512
13293,120343,51029
13294,52114,22190
13295,117785,49925
13296,59033,25062
13297,20736,8896
13298,43366,18521
13299,100531,42560
13300,43900,18736
13301,115666,49042
13302,128805,54679
13303,74264,31513
13304,2341,1011
13305,82420,34979
13306,63324,26875
13307,34694,14863
13308,66483,28222
13309,16357,7035
13310,4356,1908
13311,30779,13160
13312,4314,1884
13313,8575,3702
13314,22120,9469
13315,451,189
13316,12933,5574
13317,65665,27877
13318,45685,19489
13319,35239,15097
13320,68324,29018
13321,98009,41484
13322,106312,44986
13323,57200,24303
13324,103192,43653
13325,114363,48455
13326,39473,16873
13327,11786,5094
13328,34381,14720
13329,111577,47244
13330,69171,29378
13331,1657,713
13332,34459,14757
13333,29158,12458
13334,49974,21317
13335,77701,32942
13336,117081,49623
13337,109871,46519
13338,27214,11632
13339,66474,28215
13340,92502,39155
13341,62801,26660
13342,51226,21820
13343,115235,48841
13344,51005,21730
13345,116557,49402
13346,17789,7644
13347,42575,18191
13348,88884,37646
13349,87847,37219
13350,59744,25358
13351,18379,7898
13352,50262,21436
13353,42407,18120
13354,11776,5088
13355,10122,4375
13356,1536,664
13357,43536,18599
13358,72462,30760
13359,75413,31984
13360,46081,19654
13361,21154,9077
13362,128037,54363
13363,79823,33832
13364,25244,10803
13365,81803,34713
13366,24818,10630
13367,1223,514
13368,55364,23534
13369,127715,54236
13370,95379,40371
13371,43985,18776
13372,44643,19070
13373,49125,20942
13374,38071,16300
13375,81215,34452
13376,45978,19613
13377,119405,50617
13378,4712,2061
13379,42264,18052
13380,107927,45696
13381,96033,40627
13382,2208,949
13383,87521,37089
13384,33371,14313
13385,111242,47116
13386,115268,48854
13387,41653,17785
13388,82711,35103
13389,2350,1015
13390,111357,47153
13391,13332,5749
13392,79600,33738
13393,118166,50095
13394,116301,49286
13395,80298,34033
13396,124486,52845
13397,43165,18429
13398,104338,44135
13399,83999,35660
13400,51154,21792
13401,4423,1941
13402,127732,54239
13403,67392,28620
13404,94383,39952
13405,72743,30880
13406,70379,29887
13407,97554,41284
13408,44097,18823
13409,119786,50793
13410,126138,53555
13411,76328,32368
13412,103236,43672
13413,22266,9530
13414,73305,31112
13415,80518,34146
13416,63089,26778
13417,13827,5969
13418,3155,1380
13419,31478,13470
13420,11767,5086
13421,79363,33637
13422,49395,21051
13423,47563,20273
13424,81224,34454
13425,71181,30233
13426,51489,21938
13427,11919,5147
13428,23177,9928
13429,93915,39736
13430,2272,981
13431,28047,11996
13432,34356,14709
13433,71347,30306
13434,68845,29245
13435,127529,54144
13436,125926,53463
13437,34219,14647
13438,126497,53696
13439,41860,17877
13440,121468,51506
13441,66003,28021
13442,59364,25204
13443,34128,14614
13444,90309,38209
13445,35782,15322
13446,28731,12275
13447,108708,46034
13448,103289,43693
13449,84908,36028
13450,77267,32741
13451,7891,3439
13452,112823,47829
13453,125224,53164
13454,89464,37865
13455,128869,54708
13456,62557,26561
13457,51647,22005
13458,85547,36298
13459,83650,35509
13460,49657,21160
13461,94832,40138
13462,898,383
13463,111955,47425
13464,5794,2530
13465,56214,23896
13466,88561,37494
13467,55576,23630
13468,59899,25427
13469,59937,25448
13470,393,162
13471,48409,20643
13472,47424,20215
13473,35592,15252
13474,102560,43392
13475,13523,5832
13476,43463,18568
13477,63965,27153
13478,86837,36832
13479,116177,49236
13480,77438,32814
13481,42898,18320
13482,6487,2869
13483,116596,49412
13484,26182,11199
13485,56316,23938
13486,57532,24441
13487,114033,48321
13488,84427,35827
13489,113883,48256
13490,52991,22544
13491,2029,872
13492,109963,46560
13493,84141,35707
13494,122717,52042
13495,80723,34244
13496,120356,51032
13497,51792,22072
13498,5377,2342
13499,106295,44979
13500,38203,16358
13501,91299,38643
13502,66628,28294
13503,40685,17372
13504,127912,54311
13505,69881,29667
13506,56731,24119
13507,41878,17882
13508,50818,21655
13509,92294,39074
13510,5444,2368
13511,122809,52085
13512,33993,14570
13513,77342,32771
13514,59544,25278
13515,27055,11581
13516,109968,46564
13517,96223,40704
13518,118193,50105
13519,116325,49298
13520,95991,40611
13521,67947,28869
13522,55086,23423
13523,11048,4794
13524,19592,8396
13525,94716,40088
13526,55471,23586
13527,19280,8260
13528,76557,32459
13529,38058,16293
13530,107634,45573
13531,89668,37941
13532,29694,12697
13533,82775,35132
13534,83826,35589
13535,20659,8861
13536,51652,22007
13537,34119,14609
13538,118051,50044
13539,32043,13730
13540,118903,50406
13541,11640,5029
13542,86129,36552
13543,31874,13646
13544,13082,5640
13545,111236,47113
13546,28890,12339
13547,17210,7403
13548,121915,51693
13549,109360,46314
13550,82993,35213
13551,39413,16848
13552,13655,5893
13553,97796,41384
13554,911,389
13555,15985,6882
13556,67111,28494
13557,81767,34695
13558,76202,32324
13559,103202,43658
13560,91983,38946
13561,110750,46908
13562,52185,22219
13563,14398,6206
13564,74976,31793
13565,17755,7627
13566,36661,15682
13567,70641,29999
13568,43661,18643
13569,75324,31950
13570,9656,4180
13571,15196,6547
13572,108154,45788
13573,10400,4501
13574,54218,23056
13575,68768,29219
13576,110229,46669
13577,25877,11082
13578,123076,52201
13579,58940,25019
13580,121470,51508
13581,15386,6627
13582,49369,21038
13583,92714,39251
13584,129713,55054
13585,67860,28829
13586,57974,24621
13587,71805,30486
13588,36610,15660
13589,69052,29329
13590,21086,9044
13591,36563,15642
13592,123830,52561
13593,22231,9517
13594,62347,26483
13595,120502,51102
13596,2104,907
13597,113414,48070
13598,46478,19806
13599,118140,50083
13600,43415,18547
13601,1386,593
13602,109588,46404
13603,68145,28946
13604,2574,1111
13605,17332,7443
13606,30831,13183
13607,57903,24589
13608,39389,16836
13609,57899,24587
13610,34711,14873
13611,88383,37429
13612,12617,5446
13613,67718,28759
13614,110454,46774
13615,29889,12790
13616,7756,3385
13617,90440,38260
13618,80786,34279
13619,55269,23495
13620,88703,37558
13621,35659,15274
13622,93865,39716
13623,100628,42618
13624,58525,24854
13625,103167,43642
13626,110484,46788
13627,12954,5582
13628,124816,52989
13629,71886,30520
13630,92154,39020
13631,115315,48877
13632,19184,8222
13633,54447,23148
13634,22952,9824
13635,10068,4355
13636,129555,54986
13637,129470,54951
13638,63462,26929
13639,34058,14588
13640,92792,39283
13641,47885,20399
13642,21285,9129
13643,58259,24744
13644,57423,24389
13645,15882,6837
13646,72644,30839
13647,31718,13571
13648,104409,44168
13649,62396,26503
13650,67412,28629
13651,127716,54237
13652,15073,6497
13653,30125,12894
13654,51617,21991
13655,15366,6621
13656,25166,10772
13657,30382,12998
13658,35574,15245
13659,123915,52596
13660,48618,20728
13661,40481,17282
13662,10011,4325
13663,2450,1064
13664,24254,10387
13665,24748,10599
13666,119138,50510
13667,108805,46071
13668,48054,20467
13669,115040,48758
13670,40309,17210
13671,85803,36417
13672,22098,9457
13673,41736,17825
13674,117587,49836
13675,107972,45715
13676,76109,32276
13677,87405,37043
13678,24973,10701
13679,12927,5569
13680,118574,50265
13681,51858,22093
13682,13457,5803
13683,8854,3830
13684,7311,3210
13685,54859,23322
13686,100505,42548
13687,59854,25405
13688,27773,11870
13689,33846,14501
13690,106363,45004
13691,60908,25852
13692,72047,30587
13693,57447,24400
13694,114825,48656
13695,5355,2331
13696,108529,45953
13697,95476,40410
13698,50315,21456
13699,73089,31022
13700,45391,19380
13701,13659,5895
13702,19991,8565
13703,36195,15481
13704,14444,6225
13705,130309,55320
13706,100352,42477
13707,62934,26723
13708,24652,10557
13709,25068,10738
13710,35534,15224
13711,88512,37476
13712,99052,41922
13713,111651,47280
13714,2420,1050
13715,7926,3450
13716,111065,47040
13717,16855,7256
13718,83001,35217
13719,54568,23201
13720,65775,27925
13721,46017,19631
13722,32069,13746
13723,11896,5135
13724,37050,15850
13725,10548,4563
13726,230,106
13727,90914,38470
13728,25379,10859
13729,89247,37787
13730,86989,36883
13731,22163,9488
13732,101306,42879
13733,4012,1763
13734,82545,35032
13735,31221,13358
13736,95389,40374
13737,37609,16101
13738,61748,26226
13739,34021,14578
13740,44410,18962
13741,121480,51517
13742,69097,29349
13743,38739,16566
13744,88573,37502
13745,74257,31510
13746,83387,35400
13747,26365,11278
13748,105664,44711
13749,56676,24094
13750,115230,48838
13751,65033,27614
13752,69236,29397
13753,5486,2383
13754,26969,11546
13755,25846,11068
13756,97280,41168
13757,29624,12664
13758,6906,3044
13759,121753,51623
13760,26042,11151
13761,65842,27953
13762,64375,27323
13763,62896,26705
13764,92939,39348
13765,56417,23986
13766,37205,15923
13767,71138,30219
13768,110822,46933
13769,123820,52555
13770,52110,22187
13771,30595,13084
13772,12604,5440
13773,111580,47245
13774,98462,41691
13775,45668,19482
13776,113061,47928
13777,80943,34347
13778,113189,47978
13779,106031,44861
13780,92856,39316
13781,107823,45645
13782,32606,13976
13783,87189,36961
13784,102998,43573
13785,44544,19029
13786,44598,19051
13787,26185,11200
13788,41473,17708
13789,86763,36805
13790,11365,4932
13791,76407,32401
13792,127275,54039
13793,98641,41761
13794,18193,7818
13795,115791,49093
13796,46530,19829
13797,120916,51278
13798,126990,53929
13799,126063,53520
13800,34750,14889
13801,103512,43787
13802,64027,27177
13803,41928,17903
13804,88088,37307
13805,44080,18815
13806,14910,6427
13807,45947,19595
13808,59022,25056
13809,112427,47661
13810,26372,11284
13811,73595,31223
13812,96021,40620
13813,64436,27355
13814,58417,24812
13815,80866,34312
13816,14095,6075
13817,25982,11129
13818,120547,51121
13819,127605,54177
13820,106387,45021
13821,123099,52209
13822,65278,27722
13823,70368,29880
13824,71254,30265
13825,116900,49546
13826,37655,16121
13827,61919,26301
13828,104850,44365
13829,37849,16200
13830,23159,9915
13831,111018,47020
13832,108759,46056
13833,71588,30397
13834,107211,45390
13835,120289,51009
13836,78560,33310
13837,104768,44330
13838,94198,39864
13839,44126,18841
13840,84316,35778
13841,85971,36487
13842,85206,36149
13843,84925,36036
13844,57740,24517
13845,75529,32038
13846,20340,8713
13847,59623,25303
13848,62507,26542
13849,59198,25130
13850,129594,55003
13851,49613,21144
13852,43261,18476
13853,40743,17401
13854,118888,50400
13855,8503,3682
13856,19722,8456
13857,59787,25378
13858,11877,5127
13859,21452,9197
13860,100098,42358
13861,12049,5203
13862,46202,19701
13863,108808,46072
13864,11508,4979
13865,53775,22870
13866,87794,37193
13867,44720,19102
13868,74144,31460
13869,25871,11079
13870,88993,37688
13871,31271,13384
13872,60802,25810
13873,51812,22078
13874,43967,18765
13875,129501,54963
13876,121494,51524
13877,71231,30252
13878,58404,24807
13879,36656,15680
13880,89653,37934
13881,110204,46658
13882,84531,35870
13883,110789,46924
13884,26139,11183
13885,16397,7054
13886,84284,35762
13887,41366,17657
13888,103927,43957
13889,125453,53272
13890,61757,26228
13891,49030,20900
13892,39172,16753
13893,33322,14292
13894,73147,31046
13895,115265,48852
13896,78390,33241
13897,50794,21642
13898,7708,3370
13899,119623,50717
13900,85997,36497
13901,12804,5522
13902,92893,39328
13903,73556,31208
13904,7265,3190
13905,1884,807
13906,55596,23637
13907,17545,7539
13908,28377,12133
13909,7688,3363
13910,114747,48620
13911,17315,7434
13912,111597,47254
13913,28347,12119
13914,46643,19875
13915,68440,29073
13916,70377,29885
13917,67647,28728
13918,100454,42521
13919,126527,53707
13920,122266,51847
13921,104485,44204
13922,73281,31101
13923,123053,52189
13924,78758,33377
13925,68518,29110
13926,122776,52072
13927,36106,15447
13928,123800,52543
13929,29872,12781
13930,25067,10737
13931,75084,31846
13932,103830,43917
13933,19924,8535
13934,126848,53871
13935,39416,16849
13936,46761,19925
13937,101626,43006
13938,127281,54041
13939,101607,42994
13940,69082,29345
13941,123498,52398
13942,90616,38343
13943,52132,22201
13944,99923,42287
13945,76821,32556
13946,73826,31324
13947,76784,32542
13948,62582,26571
13949,96236,40713
13950,18406,7906
13951,50867,21674
13952,5423,2361
13953,88067,37297
13954,86492,36694
13955,105119,44474
13956,119104,50493
13957,95427,40387
13958,9111,3941
13959,20807,8928
13960,66284,28138
13961,91002,38510
13962,85544,36296
13963,80396,34080
13964,100126,42372
13965,79259,33589
13966,92227,39049
13967,65187,27683
13968,76114,32279
13969,40482,17283
13970,82683,35088
13971,102381,43318
13972,102920,43544
13973,62936,26725
13974,82255,34914
13975,125691,53368
13976,15599,6717
13977,112363,47627
13978,57829,24557
13979,96912,41022
13980,117292,49706
13981,11103,4816
13982,26934,11533
13983,3725,1632
13984,23928,10254
13985,52052,22162
13986,35960,15395
13987,98367,41644
13988,3493,1538
13989,19501,8350
13990,130123,55226
13991,115524,48974
13992,101278,42874
13993,5199,2272
13994,40346,17226
13995,47628,20298
13996,85368,36225
13997,22834,9769
13998,109909,46536
13999,16694,7182
14000,110367,46729
14001,107260,45413
14002,72043,30585
14003,77056,32646
14004,120654,51169
14005,59446,25240
14006,14685,6330
14007,8219,3563
14008,10905,4729
14009,110285,46691
14010,24481,10477
14011,82912,35182
14012,86136,36555
14013,2880,1243
14014,98507,41707
14015,13787,5950
14016,19660,8430
14017,113918,48271
14018,89660,37939
14019,130312,55321
14020,121771,51632
14021,113078,47937
14022,60279,25587
14023,67466,28654
14024,60091,25516
14025,91304,38646
14026,79898,33868
14027,68111,28932
14028,121474,51512
14029,4852,2124
14030,91982,38945
14031,55575,23629
14032,27915,11932
14033,50382,21481
14034,82695,35093
14035,14346,6184
14036,23036,9864
14037,35819,15338
14038,70539,29961
14039,34188,14636
14040,128307,54475
14041,93906,39733
14042,88068,37298
14043,104225,44090
14044,97419,41224
14045,116808,49508
14046,14375,6197
14047,119707,50756
14048,49710,21188
14049,48905,20848
14050,17723,7609
14051,13798,5955
14052,78677,33353
14053,90988,38503
14054,74409,31575
14055,20192,8648
14056,6573,2903
14057,81407,34538
14058,82164,34871
14059,86623,36745
14060,113619,48153
14061,44289,18906
14062,96195,40694
14063,60857,25834
14064,47770,20350
14065,57707,24506
14066,124428,52819
14067,16815,7236
14068,87707,37161
14069,112437,47665
14070,15611,6724
14071,47791,20360
14072,96182,40687
14073,1122,465
14074,55383,23543
14075,15417,6638
14076,114387,48464
14077,91741,38850
14078,20946,8993
14079,18071,7767
14080,33141,14217
14081,117060,49614
14082,122279,51850
14083,84554,35880
14084,89890,38035
14085,107355,45455
14086,49156,20955
14087,62659,26610
14088,21257,9121
14089,61243,26003
14090,31636,13541
14091,88507,37474
14092,123517,52409
14093,130225,55271
14094,53755,22859
14095,44339,18933
14096,44610,19057
14097,20829,8940
14098,5290,2308
14099,13211,5699
14100,118322,50167
14101,88461,37457
14102,52718,22429
14103,117237,49685
14104,41377,17663
14105,109841,46505
14106,26805,11474
14107,64368,27320
14108,43338,18507
14109,123971,52623
14110,97114,41105
14111,32091,13757
14112,67912,28855
14113,93120,39414
14114,70506,29943
14115,37793,16176
14116,120708,51192
14117,53757,22861
14118,50598,21565
14119,37684,16133
14120,43276,18485
14121,129596,55005
14122,100222,42423
14123,128897,54720
14124,21548,9237
14125,46036,19639
14126,20060,8586
14127,76192,32316
14128,851,368
14129,39282,16799
14130,59647,25312
14131,18961,8126
14132,126656,53774
14133,16285,7000
14134,59934,25446
14135,13215,5701
14136,285,126
14137,33965,14558
14138,17183,7392
14139,115594,49007
14140,107392,45467
14141,76128,32285
14142,42360,18093
14143,75488,32017
14144,122743,52052
14145,44512,19011
14146,68577,29138
14147,82238,34908
14148,117524,49813
14149,69591,29544
14150,27036,11570
14151,52167,22214
14152,80530,34151
14153,75227,31905
14154,15548,6694
14155,63640,27010
14156,29352,12544
14157,127200,54010
14158,24582,10522
14159,88021,37279
14160,7047,3107
14161,114527,48521
14162,85735,36385
14163,61002,25888
14164,64066,27194
14165,22208,9506
14166,71974,30559
14167,77027,32635
14168,14507,6246
14169,97820,41399
14170,40276,17199
14171,71286,30280
14172,22586,9659
14173,82521,35023
14174,120209,50976
14175,36729,15711
14176,88187,37350
14177,129342,54896
14178,19999,8568
14179,45275,19336
14180,68362,29035
14181,116309,49289
14182,53778,22871
14183,90546,38314
14184,1394,596
14185,103141,43631
14186,96539,40846
14187,114870,48679
14188,71521,30365
14189,117102,49633
14190,60975,25879
14191,106648,45132
14192,72097,30610
14193,83539,35460
14194,70,30
14195,63272,26857
14196,116694,49461
14197,63235,26843
14198,100270,42440
14199,11630,5025
14200,130259,55287
14201,35409,15164
14202,10264,4437
14203,29812,12756
14204,50570,21554
14205,90014,38092
14206,64608,27426
14207,106161,44922
14208,129948,55151
14209,56387,23973
14210,69915,29679
14211,18327,7874
14212,85635,36346
14213,129796,55095
14214,57841,24561
14215,10148,4385
14216,36710,15701
14217,30705,13130
14218,32198,13810
14219,5683,2475
14220,24179,10363
14221,81839,34730
14222,51539,21961
14223,101103,42798
14224,45486,19416
14225,43606,18620
14226,75734,32118
14227,100475,42530
14228,3860,1687
14229,11228,4867
14230,121906,51688
14231,127702,54230
14232,10451,4523
14233,74286,31521
14234,4434,1946
14235,112360,47624
14236,109485,46359
14237,91704,38834
14238,35330,15136
14239,94676,40071
14240,27680,11833
14241,85015,36076
14242,58465,24835
14243,27432,11726
14244,16824,7240
14245,79144,33543
14246,44614,19058
14247,6261,2751
14248,43451,18560
14249,108025,45737
14250,42049,17955
14251,84270,35756
14252,32960,14130
14253,59466,25246
14254,26326,11260
14255,51981,22137
14256,13730,5923
14257,73294,31105
14258,65043,27621
14259,65349,27751
14260,4854,2125
14261,76952,32605
14262,51264,21838
14263,34322,14697
14264,50195,21405
14265,72197,30648
14266,56343,23950
14267,1427,614
14268,122005,51743
14269,61738,26224
14270,77264,32738
14271,17087,7355
14272,95545,40437
14273,81678,34662
14274,20370,8730
14275,4772,2091
14276,25909,11098
14277,52954,22526
14278,101124,42809
14279,41107,17553
14280,32150,13782
14281,20268,8682
14282,36238,15497
14283,57177,24294
14284,14167,6103
14285,89214,37782
14286,33281,14272
14287,113054,47925
14288,97220,41145
14289,107089,45332
14290,119510,50660
14291,121148,51368
14292,11546,4997
14293,15523,6679
14294,119662,50736
14295,63768,27072
14296,16345,7032
14297,20589,8832
14298,92032,38965
14299,102663,43432
14300,41457,17701
14301,52068,22168
14302,115847,49116
14303,20147,8626
14304,24189,10367
14305,109183,46239
14306,6387,2817
14307,72875,30937
14308,33349,14301
14309,68752,29211
14310,16170,6959
14311,71108,30208
14312,110677,46877
14313,65334,27745
14314,95721,40498
14315,48564,20704
14316,68342,29026
14317,58925,25014
14318,32140,13777
14319,95084,40254
14320,9072,3923
14321,106928,45259
14322,107899,45683
14323,64894,27550
14324,41214,17594
14325,14991,6460
14326,85317,36201
14327,6624,2922
14328,50958,21715
14329,19560,8376
14330,43071,18387
14331,10730,4649
14332,101546,42969
14333,16377,7043
14334,102338,43300
14335,42488,18153
14336,13660,5896
14337,44075,18813
14338,70375,29883
14339,39603,16925
14340,30353,12985
14341,120620,51156
14342,14852,6398
14343,92077,38988
14344,22212,9510
14345,106011,44856
14346,104596,44252
14347,8340,3611
14348,48416,20649
14349,125517,53298
14350,95571,40446
14351,16486,7093
14352,82758,35123
14353,114379,48459
14354,112881,47861
14355,76643,32490
14356,126728,53812
14357,114521,48519
14358,1075,444
14359,87544,37098
14360,59056,25068
14361,28430,12160
14362,20275,8685
14363,128825,54688
14364,113689,48185
14365,85192,36145
14366,106828,45216
14367,73252,31091
14368,40354,17230
14369,92672,39235
14370,126515,53703
14371,81065,34398
14372,113095,47943
14373,68742,29205
14374,67652,28731
14375,89685,37951
14376,33800,14490
14377,47108,20097
14378,80601,34184
14379,115335,48886
14380,36786,15733
14381,38520,16488
14382,3397,1496
14383,37904,16226
14384,26211,11210
14385,130187,55254
14386,61512,26118
14387,117361,49739
14388,33056,14177
14389,7084,3116
14390,6462,2854
14391,67123,28501
14392,119350,50595
14393,87724,37168
14394,61246,26005
14395,122137,51796
14396,14291,6161
14397,50395,21484
14398,51382,21888
14399,81903,34757
14400,98236,41582
14401,71077,30193
14402,103958,43968
14403,17633,7579
14404,127365,54078
14405,3946,1733
14406,116312,49291
14407,36917,15794
14408,3216,1407
14409,126009,53493
14410,88078,37302
14411,3573,1571
14412,9378,4055
14413,73261,31097
14414,95774,40515
14415,7286,3201
14416,63564,26970
14417,10842,4697
14418,60160,25543
14419,83133,35277
14420,68924,29277
14421,32124,13770
14422,74639,31660
14423,87151,36946
14424,47510,20253
14425,123366,52336
14426,66094,28058
14427,118855,50385
14428,23272,9959
14429,129708,55051
14430,116622,49427
14431,117396,49751
14432,34668,14852
14433,80068,33937
14434,78846,33413
14435,59933,25445
14436,32324,13864
14437,64322,27296
14438,52523,22354
14439,121926,51697
14440,117658,49868
14441,22559,9652
14442,79167,33552
14443,115206,48828
14444,122624,51997
14445,70699,30021
14446,52471,22329
14447,20616,8841
14448,73535,31197
14449,119135,50508
14450,27887,11920
14451,107329,45441
14452,53329,22673
14453,3274,1436
14454,113302,48024
14455,102127,43216
14456,115328,48882
14457,125748,53391
14458,42241,18040
14459,89263,37793
14460,44070,18811
14461,52197,22224
14462,88646,37534
14463,116157,49229
14464,82468,35000
14465,77037,32641
14466,68459,29080
14467,105462,44629
14468,77112,32673
14469,66751,28350
14470,52547,22364
14471,60014,25484
14472,112138,47511
14473,42130,17997
14474,5523,2397
14475,121305,51431
14476,2387,1032
14477,97499,41261
14478,68854,29247
14479,58243,24737
14480,108291,45852
14481,25776,11043
14482,6550,2894
14483,70732,30031
14484,70077,29754
14485,54124,23013
14486,129231,54860
14487,55200,23469
14488,49602,21141
14489,119441,50630
14490,26342,11267
14491,85550,36299
14492,124969,53058
14493,91372,38688
14494,59004,25049
14495,27650,11815
14496,97526,41270
14497,31413,13441
14498,88701,37557
14499,100017,42322
14500,108199,45807
14501,20444,8762
14502,26739,11446
14503,42215,18031
14504,37396,16007
14505,13794,5953
14506,8287,3589
14507,87932,37241
14508,110957,46996
14509,127658,54208
14510,53904,22923
14511,62071,26372
14512,111505,47218
14513,8075,3509
14514,88809,37609
14515,79324,33620
14516,40357,17233
14517,113680,48179
14518,9410,4070
14519,24309,10406
14520,44534,19021
14521,63031,26762
14522,68465,29083
14523,36159,15467
14524,35115,15043
14525,42247,18044
14526,88056,37290
14527,113353,48043
14528,111380,47165
14529,102727,43460
14530,44661,19079
14531,43016,18366
14532,49343,21025
14533,54564,23199
14534,55385,23545
14535,130155,55239
14536,6028,2641
14537,115509,48965
14538,55143,23440
14539,12786,5514
14540,78874,33428
14541,2557,1104
14542,16145,6949
14543,102367,43312
14544,42230,18035
14545,9631,4168
14546,4940,2166
14547,9033,3906
14548,101424,42924
14549,22829,9765
14550,60465,25665
14551,90441,38261
14552,18315,7869
14553,116223,49263
14554,110084,46614
14555,968,403
14556,113641,48162
14557,15928,6859
14558,111925,47403
14559,78582,33318
14560,62235,26432
14561,82768,35127
14562,96961,41041
14563,42738,18258
14564,41264,17616
14565,112532,47703
14566,42282,18057
14567,26648,11407
14568,74112,31446
14569,3657,1605
14570,24696,10574
14571,33856,14508
14572,124157,52710
14573,18220,7832
14574,6584,2907
14575,111790,47341
14576,91656,38812
14577,22460,9609
14578,66998,28450
14579,4537,1985
14580,63682,27030
14581,58704,24923
14582,121703,51605
14583,16573,7133
14584,1197,501
14585,127777,54260
14586,24562,10513
14587,33614,14425
14588,862,371
14589,99642,42164
14590,101143,42815
14591,102764,43480
14592,83389,35401
14593,68044,28905
14594,94913,40170
14595,16392,7050
14596,125443,53267
14597,1866,799
14598,31270,13383
14599,39375,16832
14600,42012,17941
14601,26924,11526
14602,85461,36261
14603,7626,3334
14604,83741,35546
14605,114163,48375
14606,107018,45300
14607,55346,23527
14608,53010,22550
14609,116352,49309
14610,7118,3130
14611,41087,17547
14612,100849,42703
14613,32280,13847
14614,36820,15748
14615,23210,9936
14616,43174,18432
14617,60210,25562
14618,35471,15192
14619,59716,25347
14620,123428,52373
14621,16664,7170
14622,99066,41928
14623,89680,37948
14624,54774,23287
14625,23580,10097
14626,100012,42320
14627,76479,32427
14628,54398,23124
14629,115055,48762
14630,73686,31271
14631,90461,38271
14632,94745,40101
14633,61266,26013
14634,16906,7275
14635,42383,18105
14636,119664,50738
14637,73837,31328
14638,56257,23914
14639,74017,31402
14640,87203,36968
14641,64088,27208
14642,45666,19481
14643,59543,25277
14644,129730,55064
14645,87278,36994
14646,33131,14211
14647,15584,6708
14648,128060,54373
14649,23292,9967
14650,93727,39663
14651,22288,9541
14652,47487,20241
14653,6472,2860
14654,70974,30145
14655,47522,20259
14656,68919,29273
14657,82749,35118
14658,19930,8541
14659,129094,54796
14660,6984,3084
14661,15555,6697
14662,253,114
14663,90143,38144
14664,91349,38673
14665,44045,18801
14666,56271,23919
14667,51332,21863
14668,5596,2433
14669,76939,32602
14670,116920,49558
14671,94762,40108
14672,64943,27572
14673,7327,3218
14674,3032,1329
14675,41456,17700
14676,40167,17164
14677,6012,2637
14678,104359,44146
14679,18829,8074
14680,77575,32882
14681,10247,4429
14682,106154,44920
14683,78077,33109
14684,127489,54127
14685,27188,11625
14686,31506,13485
14687,88026,37281
14688,10323,4465
14689,8018,3489
14690,88114,37318
14691,108878,46105
14692,116717,49469
14693,96121,40665
14694,122999,52164
14695,94015,39767
14696,48700,20759
14697,1740,750
14698,39268,16794
14699,48265,20575
14700,8134,3530
14701,11536,4991
14702,75906,32192
14703,32572,13964
14704,92710,39249
14705,28934,12361
14706,62025,26349
14707,57702,24504
14708,73534,31196
14709,54186,23042
14710,5397,2352
14711,48429,20654
14712,129458,54945
14713,81022,34382
14714,128126,54405
14715,10804,4680
14716,57479,24416
14717,32125,13771
14718,47683,20320
14719,26333,11262
14720,28058,12001
14721,58188,24706
14722,5019,2201
14723,31443,13454
14724,22063,9442
14725,39470,16870
14726,48244,20567
14727,38168,16343
14728,117338,49727
14729,30611,13090
14730,20618,8842
14731,91171,38584
14732,6939,3060
14733,77004,32623
14734,92716,39253
14735,39571,16912
14736,77893,33025
14737,5212,2280
14738,125269,53186
14739,125648,53350
14740,58547,24862
14741,120794,51228
14742,62905,26710
14743,16280,6998
14744,4062,1787
14745,65446,27792
14746,6859,3022
14747,102749,43472
14748,74698,31692
14749,53874,22914
14750,127673,54215
14751,97215,41143
14752,38038,16283
14753,85535,36291
14754,43218,18452
14755,84769,35975
14756,50648,21586
14757,84589,35897
14758,26062,11159
14759,80517,34145
14760,48086,20484
14761,69723,29603
14762,119689,50749
14763,64897,27551
14764,75871,32180
14765,41634,17779
14766,115262,48850
14767,20220,8659
14768,128192,54434
14769,69062,29334
14770,14832,6390
14771,129552,54984
14772,35623,15262
14773,88961,37674
14774,6373,2812
14775,109218,46254
14776,19361,8296
14777,123316,52312
14778,82301,34930
14779,45460,19400
14780,67143,28509
14781,124756,52966
14782,102309,43290
14783,127327,54060
14784,80239,34007
14785,81653,34645
14786,20187,8644
14787,41679,17797
14788,12993,5598
14789,24175,10360
14790,122379,51888
14791,124366,52795
14792,30357,12986
14793,88531,37485
14794,25905,11097
14795,35600,15254
14796,3987,1752
14797,101924,43132
14798,115151,48808
14799,97666,41333
14800,127582,54166
14801,77402,32795
14802,10401,4502
14803,119812,50802
14804,75530,32039
14805,79771,33812
14806,39344,16823
14807,98190,41566
14808,95778,40517
14809,116047,49181
14810,96188,40690
14811,115564,48991
14812,32623,13985
14813,40094,17130
14814,111366,47156
14815,129581,54997
14816,84441,35836
14817,16904,7274
14818,115532,48979
14819,4390,1926
14820,7496,3287
14821,118785,50351
14822,61475,26106
14823,102185,43241
14824,79830,33835
14825,102195,43245
14826,120119,50930
14827,50275,21443
14828,68723,29199
14829,123079,52202
14830,108393,45900
14831,64369,27321
14832,59021,25055
14833,111099,47056
14834,53887,22917
14835,80315,34043
14836,104410,44169
14837,59102,25090
14838,94354,39938
14839,63503,26948
14840,61827,26258
14841,61935,26311
14842,87993,37267
14843,115082,48772
14844,1604,691
14845,41260,17615
14846,94312,39921
14847,118413,50207
14848,4862,2131
14849,50745,21625
14850,66682,28316
14851,97384,41211
14852,100874,42715
14853,37201,15920
14854,31570,13511
14855,223,104
14856,11521,4983
14857,38418,16444
14858,65333,27744
14859,102410,43329
14860,91991,38947
14861,115185,48819
14862,73807,31316
14863,18349,7885
14864,63921,27136
14865,55064,23414
14866,51093,21764
14867,122899,52120
14868,42529,18172
14869,24846,10638
14870,111252,47121
14871,18175,7810
14872,121196,51385
14873,17830,7664
14874,86909,36856
14875,38370,16425
14876,39611,16931
14877,124118,52692
14878,104445,44184
14879,23801,10199
14880,23277,9962
14881,42622,18207
14882,91032,38524
14883,113309,48026
14884,57742,24519
14885,33664,14446
14886,54548,23190
14887,3497,1539
14888,157,73
14889,7735,3381
14890,114012,48309
14891,15061,6492
14892,32112,13763
14893,124690,52937
14894,30967,13251
14895,124514,52859
14896,110337,46716
14897,78284,33198
14898,648,269
14899,17936,7707
14900,99899,42278
14901,81443,34554
14902,20329,8708
14903,93566,39602
14904,73493,31176
14905,40011,17097
14906,68483,29091
14907,21029,9019
14908,27655,11817
14909,34646,14840
14910,76483,32430
14911,49880,21268
14912,86694,36771
14913,72161,30638
14914,113288,48017
14915,48613,20725
14916,91515,38749
14917,55023,23398
14918,22233,9518
14919,107665,45587
14920,40596,17329
14921,11525,4985
14922,122304,51859
14923,82224,34902
14924,72651,30842
14925,99176,41967
14926,84745,35963
14927,104716,44310
14928,19131,8194
14929,24340,10423
14930,111253,47122
14931,34614,14826
14932,99292,42016
14933,98081,41519
14934,26748,11451
14935,13963,6016
14936,107364,45460
14937,43971,18768
14938,106558,45098
14939,91924,38925
14940,7378,3242
14941,47645,20306
14942,2070,890
14943,78215,33170
14944,19369,8299
14945,119423,50624
14946,100602,42605
14947,47043,20065
14948,116455,49357
14949,30154,12903
14950,70446,29918
14951,76552,32458
14952,67654,28732
14953,27597,11791
14954,10949,4748
14955,128656,54629
14956,64684,27456
14957,74469,31597
14958,103650,43844
14959,75016,31816
14960,43283,18487
14961,100052,42334
14962,86397,36664
14963,51115,21775
14964,91785,38865
14965,82391,34966
14966,115599,49008
14967,64456,27365
14968,60737,25783
14969,126870,53880
14970,114434,48484
14971,23722,10164
14972,100054,42335
14973,21984,9406
14974,88208,37356
14975,89966,38069
14976,76254,32343
14977,43202,18446
14978,84440,35835
14979,47633,20302
14980,55517,23604
14981,67792,28797
14982,26362,11276
14983,93299,39479
14984,11434,4952
14985,14087,6070
14986,99396,42059
14987,126422,53673
14988,4326,1888
14989,45533,19432
14990,91951,38934
14991,96484,40823
14992,126226,53593
14993,111387,47167
14994,37013,15834
14995,100643,42624
14996,106491,45066
14997,61081,25929
14998,114050,48327
14999,115529,48977
15000,114240,48408
15001,8752,3778
15002,43169,18430
15003,102344,43303
15004,39027,16672
15005,70736,30035
15006,2534,1092
15007,74500,31609
15008,50024,21341
15009,47947,20423
15010,82963,35203
15011,35620,15261
15012,83504,35448
15013,20839,8946
15014,64193,27249
15015,125600,53331
15016,121295,51428
15017,17568,7550
15018,121418,51487
15019,28475,12181
15020,78148,33140
15021,34939,14971
15022,30315,12974
15023,64569,27411
15024,126897,53891
15025,35487,15199
15026,40385,17243
15027,103718,43870
15028,36515,15617
15029,120752,51215
15030,110645,46855
15031,53250,22636
15032,121930,51699
15033,19167,8210
15034,58206,24719
15035,27151,11617
15036,117979,50005
15037,75377,31974
15038,111573,47243
15039,57130,24269
15040,65005,27602
15041,113901,48265
15042,27223,11636
15043,78485,33282
15044,75781,32140
15045,75744,32124
15046,83347,35381
15047,70244,29829
15048,38448,16459
15049,70453,29921
15050,82713,35104
15051,37502,16056
15052,11414,4946
15053,104944,44402
15054,23684,10154
15055,8689,3749
15056,35676,15281
15057,88600,37512
15058,63576,26979
15059,39662,16949
15060,118138,50081
15061,94604,40045
15062,2353,1018
15063,83492,35443
15064,38957,16648
15065,127779,54261
15066,85879,36454
15067,9699,4201
15068,43427,18550
15069,27357,11695
15070,114964,48722
15071,82141,34861
15072,92519,39163
15073,70304,29855
15074,26297,11247
15075,57886,24581
15076,26322,11257
15077,72684,30859
15078,40815,17434
15079,29612,12657
15080,21600,9260
15081,101433,42931
15082,99647,42167
15083,36965,15814
15084,121131,51359
15085,62822,26671
15086,130392,55357
15087,52105,22185
15088,23509,10063
15089,88368,37422
15090,27488,11748
15091,5880,2573
15092,52226,22237
15093,79010,33487
15094,54477,23161
15095,8410,3641
15096,124534,52869
15097,68289,28999
15098,126060,53517
15099,29417,12577
15100,120265,50998
15101,4462,1959
15102,111436,47188
15103,10500,4542
15104,98156,41553
15105,116382,49320
15106,22297,9546
15107,28971,12378
15108,21814,9349
15109,33761,14479
15110,73749,31291
15111,104060,44008
15112,1293,548
15113,124963,53057
15114,28589,12222
15115,116967,49576
15116,39206,16767
15117,89369,37832
15118,9129,3953
15119,1409,602
15120,5515,2392
15121,2538,1095
15122,62456,26521
15123,93641,39629
15124,30884,13215
15125,65547,27834
15126,24887,10664
15127,84842,36003
15128,83514,35451
15129,49209,20979
15130,94107,39813
15131,11398,4943
15132,103632,43838
15133,84154,35711
15134,39708,16970
15135,71484,30352
15136,114032,48320
15137,98192,41568
15138,54317,23099
15139,33865,14511
15140,110288,46693
15141,6922,3053
15142,66779,28362
15143,10792,4675
15144,120534,51113
15145,91658,38813
15146,125956,53472
15147,113642,48163
15148,86993,36885
15149,119714,50759
15150,5914,2591
15151,33380,14318
15152,98571,41731
15153,43629,18628
15154,45167,19291
15155,1332,571
15156,43431,18551
15157,94054,39784
15158,35350,15143
15159,129126,54815
15160,123534,52418
15161,55679,23673
15162,103121,43626
15163,74763,31718
15164,107432,45487
15165,35499,15206
15166,50949,21711
15167,2175,933
15168,15722,6768
15169,75901,32191
15170,115458,48942
15171,16447,7078
15172,25049,10729
15173,128065,54375
15174,99463,42088
15175,14897,6423
15176,123320,52313
15177,94894,40160
15178,66207,28101
15179,125299,53205
15180,59545,25279
15181,28815,12311
15182,96441,40802
15183,100210,42416
15184,93258,39463
15185,117970,50002
15186,88897,37649
15187,21014,9013
15188,50481,21523
15189,87925,37238
15190,29517,12616
15191,17474,7512
15192,44924,19186
15193,23500,10058
15194,44825,19151
15195,122819,52088
15196,16135,6945
15197,100581,42590
15198,18654,8009
15199,125439,53265
15200,76019,32239
15201,8419,3643
15202,39454,16863
15203,120572,51139
15204,94011,39766
15205,86537,36712
15206,50436,21500
15207,90937,38480
15208,26148,11186
15209,113554,48125
15210,54762,23279
15211,26751,11454
15212,70803,30065
15213,109197,46243
15214,74679,31678
15215,30324,12978
15216,123949,52611
15217,105599,44684
15218,114612,48561
15219,28705,12262
15220,4002,1759
15221,9305,4020
15222,64177,27241
15223,57552,24451
15224,123465,52386
15225,51580,21973
15226,123264,52282
15227,105056,44453
15228,29359,12549
15229,75206,31897
15230,110072,46609
15231,85400,36237
15232,36788,15734
15233,21203,9097
15234,94324,39926
15235,48988,20884
15236,15625,6731
15237,5621,2447
15238,60457,25659
15239,18141,7798
15240,40820,17436
15241,63785,27079
15242,35060,15025
15243,51668,22015
15244,111455,47194
15245,118454,50228
15246,5390,2349
15247,48393,20635
15248,52769,22445
15249,104350,44141
15250,125409,53255
15251,84377,35806
15252,18847,8082
15253,20061,8587
15254,10141,4383
15255,120077,50909
15256,99793,42226
15257,88127,37325
15258,38382,16428
15259,123781,52534
15260,42556,18181
15261,119251,50549
15262,34422,14741
15263,63671,27024
15264,107395,45469
15265,93512,39575
15266,75621,32079
15267,90887,38457
15268,52519,22351
15269,75855,32173
15270,59976,25465
15271,48608,20721
15272,100941,42737
15273,2992,1304
15274,52035,22156
15275,26469,11319
15276,3876,1697
15277,70033,29739
15278,18100,7777
15279,45194,19307
15280,52427,22319
15281,22115,9466
15282,45797,19542
15283,86004,36501
15284,26940,11537
15285,126879,53883
15286,67149,28511
15287,128754,54660
15288,74402,31570
15289,126939,53908
15290,99926,42288
15291,75044,31828
15292,40495,17286
15293,28820,12313
15294,108785,46065
15295,85184,36141
15296,12773,5510
15297,45684,19488
15298,3292,1445
15299,58732,24937
15300,68877,29256
15301,106837,45222
15302,13532,5836
15303,121453,51501
15304,52722,22430
15305,23304,9976
15306,53834,22892
15307,94160,39840
15308,37576,16087
15309,48516,20684
15310,36555,15637
15311,22928,9815
15312,111749,47326
15313,51618,21992
15314,121361,51460
15315,2446,1061
15316,64808,27509
15317,47686,20322
15318,50273,21442
15319,2688,1160
15320,53655,22813
15321,86228,36592
15322,68815,29235
15323,96080,40647
15324,24511,10491
15325,24745,10597
15326,16461,7085
15327,65050,27625
15328,1213,509
15329,46261,19725
15330,117947,49990
15331,36509,15614
15332,100631,42619
15333,4703,2057
15334,66892,28407
15335,72772,30892
15336,42776,18271
15337,9813,4243
15338,32299,13852
15339,49218,20983
15340,114706,48601
15341,80202,33989
15342,53749,22855
15343,53645,22810
15344,74127,31450
15345,9028,3904
15346,117911,49976
15347,47473,20235
15348,58936,25018
15349,76025,32243
15350,112307,47597
15351,17090,7357
15352,79126,33532
15353,94338,39931
15354,82647,35074
15355,89963,38068
15356,35043,15016
15357,82635,35066
15358,102721,43456
15359,4848,2121
15360,43981,18773
15361,12059,5208
15362,18195,7819
15363,104892,44382
15364,68051,28908
15365,39310,16806
15366,92175,39030
15367,120575,51140
15368,59288,25165
15369,70270,29837
15370,49772,21217
15371,31707,13566
15372,88210,37357
15373,68616,29157
15374,41656,17788
15375,76888,32583
15376,112117,47501
15377,73001,30986
15378,41829,17862
15379,118283,50150
15380,33156,14219
15381,40551,17310
15382,80506,34139
15383,35571,15244
15384,83857,35604
15385,64980,27588
15386,81015,34378
15387,58655,24905
15388,82114,34845
15389,66265,28126
15390,90610,38340
15391,67761,28784
15392,81953,34781
15393,121567,51556
15394,63901,27127
15395,126556,53724
15396,20493,8791
15397,53311,22665
15398,126312,53628
15399,62239,26434
15400,1973,848
15401,120845,51250
15402,3345,1470
15403,19050,8157
15404,35467,15190
15405,442,184
15406,5573,2418
15407,31191,13343
15408,102707,43450
15409,71582,30394
15410,116048,49182
15411,126731,53814
15412,73618,31240
15413,99881,42268
15414,123296,52301
15415,36244,15501
15416,128472,54548
15417,36472,15599
15418,127028,53947
15419,66002,28020
15420,98188,41565
15421,27827,11893
15422,65283,27723
15423,126289,53616
15424,93491,39559
15425,97000,41059
15426,20663,8865
15427,108802,46070
15428,108829,46082
15429,27596,11790
15430,89844,38022
15431,24472,10472
15432,93366,39506
15433,114278,48422
15434,29723,12713
15435,82540,35030
15436,97521,41269
15437,102867,43518
15438,60590,25721
15439,49476,21086
15440,103935,43961
15441,111710,47305
15442,35954,15394
15443,27452,11735
15444,18907,8103
15445,36885,15781
15446,16949,7295
15447,67923,28858
15448,73975,31385
15449,27780,11873
15450,40410,17252
15451,127352,54072
15452,108204,45811
15453,94463,39982
15454,106563,45100
15455,17465,7508
15456,5894,2580
15457,75841,32169
15458,64566,27410
15459,48376,20626
15460,56113,23850
15461,21115,9056
15462,127695,54226
15463,105003,44424
15464,29081,12424
15465,36421,15576
15466,31534,13497
15467,129947,55150
15468,1632,700
15469,64688,27457
15470,59631,25306
15471,31203,13350
15472,41144,17569
15473,92629,39217
15474,68994,29311
15475,97947,41456
15476,46780,19940
15477,97082,41090
15478,33786,14485
15479,12766,5508
15480,95562,40440
15481,26397,11290
15482,42900,18321
15483,125834,53421
15484,56444,23997
15485,13949,6015
15486,121393,51474
15487,6362,2804
15488,51063,21754
15489,83245,35336
15490,130296,55312
15491,107356,45456
15492,80115,33956
15493,68180,28961
15494,118798,50356
15495,13093,5647
15496,67356,28604
15497,12228,5274
15498,128038,54364
15499,117571,49832
15500,26284,11238
15501,27088,11595
15502,61536,26127
15503,22540,9643
15504,112453,47673
15505,32777,14044
15506,362,147
15507,38147,16332
15508,99788,42224
15509,128184,54428
15510,29709,12707
15511,21558,9243
15512,30694,13125
15513,18171,7808
15514,120918,51279
15515,9069,3920
15516,80284,34027
15517,65236,27708
15518,127044,53952
15519,63649,27013
15520,35944,15388
15521,2897,1255
15522,102750,43473
15523,114178,48382
15524,103455,43757
15525,59681,25332
15526,22093,9456
15527,8934,3862
15528,29640,12674
15529,102382,43319
15530,53451,22729
15531,126641,53767
15532,89736,37973
15533,68635,29168
15534,69063,29335
15535,88304,37390
15536,46667,19889
15537,130232,55274
15538,83893,35618
15539,78538,33302
15540,96571,40859
15541,64102,27211
15542,116786,49498
15543,89316,37814
15544,105672,44715
15545,120106,50922
15546,78936,33460
15547,96768,40953
15548,10657,4618
15549,114125,48360
15550,8683,3748
15551,121837,51660
15552,48074,20476
15553,19793,8483
15554,99358,42042
15555,51545,21964
15556,2361,1022
15557,101224,42850
15558,55524,23608
15559,29090,12429
15560,68746,29208
15561,109491,46360
15562,109351,46310
15563,27889,11921
15564,123716,52502
15565,97644,41324
15566,65146,27668
15567,86590,36732
15568,81794,34707
15569,128532,54577
15570,44425,18969
15571,116151,49227
15572,114635,48568
15573,55000,23391
15574,21102,9051
15575,81102,34408
15576,124859,53009
15577,50052,21350
15578,106992,45288
15579,79785,33820
15580,41425,17688
15581,117335,49725
15582,27080,11591
15583,80241,34009
15584,74439,31585
15585,5401,2354
15586,39077,16698
15587,39124,16726
15588,98830,41834
15589,104648,44277
15590,113449,48083
15591,39213,16772
15592,89123,37742
15593,63238,26845
15594,126187,53581
15595,35125,15049
15596,97012,41061
15597,88611,37519
15598,92804,39291
15599,16441,7076
15600,107860,45663
15601,69153,29373
15602,50899,21688
15603,60882,25844
15604,37799,16181
15605,68789,29226
15606,98140,41546
15607,59503,25260
15608,105428,44614
15609,66549,28258
15610,29284,12515
15611,38176,16348
15612,90308,38208
15613,30034,12851
15614,84667,35926
15615,26947,11539
15616,38084,16306
15617,105791,44762
15618,124028,52645
15619,74052,31414
15620,86282,36613
15621,29488,12607
15622,18953,8124
15623,125485,53288
15624,124156,52709
15625,64349,27310
15626,48332,20603
15627,69893,29673
15628,76532,32450
15629,124610,52908
15630,54275,23079
15631,67046,28469
15632,20346,8716
15633,80399,34082
15634,48554,20698
15635,50076,21360
15636,113515,48106
15637,114202,48392
15638,68636,29169
15639,3359,1479
15640,38436,16454
15641,56903,24188
15642,124906,53030
15643,42425,18131
15644,87445,37061
15645,64771,27492
15646,70520,29952
15647,129988,55167
15648,87361,37025
15649,10780,4670
15650,61934,26310
15651,100515,42552
15652,86121,36549
15653,65458,27797
15654,47084,20087
15655,108334,45875
15656,73111,31032
15657,55611,23642
15658,68488,29095
15659,115899,49131
15660,42387,18107
15661,108435,45918
15662,45762,19528
15663,85631,36342
15664,81533,34600
15665,23531,10072
15666,80604,34186
15667,19846,8510
15668,75591,32068
15669,61802,26248
15670,104488,44206
15671,89551,37894
15672,126092,53532
15673,89363,37828
15674,107668,45588
15675,2910,1262
15676,36902,15786
15677,96340,40757
15678,109929,46545
15679,85908,36465
15680,12285,5297
15681,66190,28095
15682,120037,50897
15683,19822,8499
15684,110733,46900
15685,22504,9630
15686,42306,18071
15687,16494,7097
15688,106786,45199
15689,105898,44813
15690,50536,21540
15691,12891,5553
15692,109775,46480
15693,18663,8014
15694,82299,34928
15695,115836,49112
15696,40412,17254
15697,40786,17420
15698,3103,1362
15699,118597,50274
15700,112903,47871
15701,73322,31118
15702,113232,47992
15703,62191,26416
15704,68321,29016
15705,130036,55187
15706,53941,22940
15707,25273,10818
15708,7692,3364
15709,74256,31509
15710,71498,30358
15711,6085,2665
15712,70155,29792
15713,13242,5713
15714,55396,23548
15715,107568,45546
15716,81491,34575
15717,122765,52068
15718,120194,50969
15719,16966,7302
15720,1641,703
15721,53829,22889
15722,64691,27459
15723,3899,1709
15724,69161,29375
15725,74184,31482
15726,107299,45429
15727,103074,43605
15728,108770,46061
15729,58019,24637
15730,73291,31103
15731,78113,33126
15732,97894,41431
15733,40355,17231
15734,34606,14821
15735,50152,21387
15736,88487,37464
15737,68160,28953
15738,55275,23498
15739,19725,8459
15740,64923,27564
15741,1137,474
15742,50902,21689
15743,45652,19476
15744,40505,17290
15745,25045,10726
15746,34962,14981
15747,94958,40191
15748,109296,46289
15749,55402,23552
15750,18534,7960
15751,8178,3548
15752,41959,17919
15753,95525,40428
15754,62620,26585
15755,104871,44373
15756,111953,47423
15757,14234,6135
15758,12512,5398
15759,59558,25282
15760,67990,28882
15761,95082,40253
15762,116943,49566
15763,110444,46769
15764,96191,40691
15765,8817,3807
15766,3905,1713
15767,70486,29933
15768,97625,41316
15769,43383,18528
15770,13786,5949
15771,3086,1354
15772,14217,6127
15773,9985,4314
15774,122239,51839
15775,39271,16796
15776,28764,12288
15777,122323,51867
15778,101348,42890
15779,20282,8690
15780,7025,3101
15781,5761,2511
15782,6714,2957
15783,22913,9808
15784,83404,35408
15785,121722,51613
15786,12843,5534
15787,87085,36917
15788,59693,25338
15789,127982,54342
15790,28836,12319
15791,120056,50902
15792,4970,2180
15793,73931,31369
15794,58420,24814
15795,99506,42101
15796,32799,14055
15797,54034,22981
15798,98082,41520
15799,58244,24738
15800,19902,8527
15801,85012,36074
15802,94448,39977
15803,95607,40457
15804,6165,2709
15805,34233,14655
15806,109604,46409
15807,75757,32129
15808,79026,33494
15809,49424,21066
15810,104491,44209
15811,30535,13059
15812,39200,16765
15813,113681,48180
15814,12854,5539
15815,16554,7122
15816,13519,5830
15817,7051,3108
15818,39343,16822
15819,65010,27604
15820,42940,18337
15821,47994,20440
15822,22860,9782
15823,33023,14159
15824,126374,53653
15825,101368,42898
15826,86391,36661
15827,44585,19045
15828,10481,4535
15829,47704,20328
15830,25181,10779
15831,12384,5338
15832,13223,5705
15833,21229,9108
15834,25937,11111
15835,117734,49901
15836,35373,15153
15837,62318,26467
15838,116688,49457
15839,26493,11330
15840,48221,20554
15841,30241,12944
15842,121954,51714
15843,36689,15692
15844,124307,52775
15845,66243,28117
15846,33910,14535
15847,119005,50452
15848,17563,7547
15849,55625,23651
15850,101100,42795
15851,118988,50442
15852,80431,34102
15853,35206,15085
15854,103609,43830
15855,84955,36046
15856,62912,26713
15857,74823,31743
15858,56870,24174
15859,39642,16939
15860,32038,13727
15861,98765,41812
15862,51412,21904
15863,117762,49916
15864,1809,779
15865,67129,28504
15866,39973,17085
15867,89422,37850
15868,36466,15596
15869,98690,41783
15870,118461,50229
15871,23608,10116
15872,22229,9515
15873,54527,23177
15874,3663,1607
15875,92113,39007
15876,112009,47449
15877,34741,14886
15878,13750,5935
15879,25590,10947
15880,47476,20236
15881,12947,5579
15882,123080,52203
15883,98916,41870
15884,108066,45752
15885,12519,5403
15886,95056,40241
15887,51095,21765
15888,83887,35616
15889,79328,33621
15890,29110,12438
15891,84763,35971
15892,85854,36441
15893,27858,11906
15894,78658,33342
15895,18649,8005
15896,34692,14861
15897,95099,40261
15898,42554,18180
15899,124698,52941
15900,105710,44730
15901,1931,827
15902,85726,36379
15903,100039,42329
15904,116662,49443
15905,3336,1465
15906,41977,17928
15907,109571,46395
15908,125021,53078
15909,107583,45556
15910,119767,50785
15911,48610,20723
15912,125376,53236
15913,77840,33003
15914,29043,12406
15915,21492,9213
15916,61878,26281
15917,79602,33740
15918,3252,1423
15919,14635,6303
15920,54025,22977
15921,40161,17161
15922,105047,44449
15923,71784,30478
15924,17305,7430
15925,76705,32510
15926,72557,30797
15927,122935,52137
15928,27302,11670
15929,74046,31412
15930,5099,2232
15931,69671,29580
15932,107039,45309
15933,21733,9314
15934,118089,50059
15935,118783,50349
15936,13989,6024
15937,45689,19490
15938,71152,30223
15939,18662,8013
15940,49355,21031
15941,47098,20092
15942,66262,28124
15943,70061,29751
15944,44014,18789
15945,31258,13376
15946,82115,34846
15947,91471,38733
15948,75958,32212
15949,7776,3393
15950,82453,34992
15951,104009,43988
15952,50814,21652
15953,115429,48928
15954,124088,52674
15955,102061,43185
15956,110183,46651
15957,68247,28984
15958,36808,15742
15959,52900,22503
15960,26903,11516
15961,39723,16976
15962,43556,18605
15963,20566,8822
15964,15487,6664
15965,115675,49048
15966,120588,51143
15967,23231,9943
15968,106982,45284
15969,129637,55021
15970,46407,19786
15971,108175,45797
15972,73000,30985
15973,71735,30460
15974,67679,28742
15975,103684,43854
15976,1136,473
15977,118013,50021
15978,128919,54727
15979,48274,20578
15980,17009,7322
15981,32829,14068
15982,83064,35241
15983,63607,26994
15984,80418,34092
15985,77237,32725
15986,19765,8473
15987,64815,27512
15988,93595,39611
15989,89071,37726
15990,89284,37801
15991,124107,52683
15992,67458,28651
15993,485,204
15994,103504,43781
15995,118285,50151
15996,61848,26268
15997,12095,5223
15998,32881,14094
15999,6364,2806
16000,82746,35115
16001,2777,1199
16002,116760,49488
16003,119314,50576
16004,125930,53466
16005,69349,29442
16006,11317,4904
16007,118133,50078
16008,80802,34283
16009,113610,48148
16010,117788,49927
16011,114959,48719
16012,29080,12423
16013,1486,643
16014,63832,27097
16015,119594,50700
16016,29337,12539
16017,93050,39391
16018,95874,40556
16019,60101,25522
16020,25463,10896
16021,121347,51452
16022,94934,40179
16023,4899,2150
16024,115790,49092
16025,126839,53867
16026,3816,1673
16027,72489,30771
16028,93653,39634
16029,78498,33288
16030,33097,14197
16031,39749,16986
16032,74622,31654
16033,28151,12043
16034,93613,39618
16035,62181,26411
16036,105597,44683
16037,126401,53665
16038,40477,17280
16039,49350,21029
16040,118112,50068
16041,61969,26325
16042,85769,36400
16043,94632,40057
16044,74533,31627
16045,67134,28506
16046,8347,3615
16047,10999,4772
16048,86558,36719
16049,88565,37498
16050,128151,54414
16051,80403,34084
16052,35405,15162
16053,80718,34241
16054,49665,21166
16055,90831,38433
16056,705,302
16057,41530,17735
16058,104137,44048
16059,77220,32718
16060,109403,46330
16061,64469,27372
16062,22413,9590
16063,65887,27971
16064,37872,16213
16065,3383,1488
16066,82582,35049
16067,128469,54546
16068,7663,3355
16069,95349,40356
16070,17326,7440
16071,114200,48391
16072,127010,53939
16073,23806,10201
16074,128746,54654
16075,57179,24295
16076,87212,36971
16077,72238,30669
16078,92895,39330
16079,102132,43220
16080,110744,46905
16081,110634,46851
16082,123773,52529
16083,118909,50410
16084,2178,935
16085,54068,22992
16086,25556,10934
16087,14884,6418
16088,103795,43899
16089,43136,18416
16090,29335,12537
16091,37836,16193
16092,24314,10409
16093,62188,26413
16094,35932,15386
16095,123295,52300
16096,66375,28177
16097,17703,7603
16098,60452,25656
16099,14572,6276
16100,122508,51944
16101,34479,14767
16102,103357,43718
16103,125337,53221
16104,39669,16953
16105,16391,7049
16106,39097,16711
16107,55233,23480
16108,29336,12538
16109,66573,28272
16110,109386,46323
16111,100224,42424
16112,111691,47302
16113,13481,5814
16114,4981,2187
16115,18978,8130
16116,112353,47619
16117,118435,50219
16118,88140,37331
16119,22036,9432
16120,20454,8770
16121,105785,44758
16122,54234,23062
16123,44331,18927
16124,123403,52357
16125,82939,35190
16126,124091,52676
16127,25935,11110
16128,88380,37428
16129,29315,12526
16130,128509,54564
16131,118606,50279
16132,68244,28983
16133,50428,21497
16134,36239,15498
16135,58580,24879
16136,26564,11368
16137,76180,32309
16138,49177,20961
16139,109050,46183
16140,17134,7375
16141,64868,27540
16142,568,239
16143,24086,10317
16144,39290,16802
16145,47529,20264
16146,1514,653
16147,126282,53613
16148,16685,7178
16149,106127,44905
16150,128005,54351
16151,84585,35895
16152,67566,28694
16153,17509,7528
16154,28301,12105
16155,23295,9969
16156,20464,8775
16157,129152,54824
16158,14173,6107
16159,95896,40567
16160,19630,8416
16161,109894,46528
16162,123123,52222
16163,40353,17229
16164,54152,23024
16165,61956,26320
16166,28746,12282
16167,46215,19706
16168,96333,40752
16169,1873,802
16170,81145,34423
16171,125861,53437
16172,14396,6205
16173,63096,26783
16174,80325,34047
16175,118261,50141
16176,116212,49257
16177,55069,23416
16178,106751,45178
16179,128982,54750
16180,85427,36243
16181,28178,12050
16182,1133,471
16183,20496,8793
16184,112981,47896
16185,124921,53039
16186,3363,1481
16187,13479,5813
16188,32268,13844
16189,22076,9447
16190,37882,16217
16191,79530,33715
16192,123790,52537
16193,26464,11318
16194,119346,50592
16195,51172,21800
16196,108684,46022
16197,114701,48598
16198,82689,35091
16199,33890,14527
16200,1663,716
16201,8169,3543
16202,35129,15051
16203,56205,23892
16204,51815,22081
16205,24310,10407
16206,15703,6759
16207,24458,10465
16208,101160,42825
16209,46037,19640
16210,62626,26589
16211,45637,19472
16212,71534,30373
16213,60494,25683
16214,60689,25760
16215,121334,51445
16216,53969,22954
16217,49024,20896
16218,70358,29876
16219,4022,1768
16220,105346,44575
16221,116951,49570
16222,38944,16643
16223,104480,44202
16224,106222,44948
16225,19558,8375
16226,120450,51077
16227,86700,36773
16228,116318,49295
16229,112148,47516
16230,127313,54051
16231,14320,6176
16232,98173,41559
16233,106771,45192
16234,84063,35683
16235,79702,33785
16236,77829,32997
16237,36528,15623
16238,32766,14040
16239,62891,26702
16240,37093,15874
16241,47217,20141
16242,17631,7578
16243,126015,53495
16244,52469,22328
16245,102247,43264
16246,30715,13137
16247,36141,15459
16248,129271,54873
16249,130193,55257
16250,38797,16588
16251,74738,31708
16252,5989,2625
16253,55496,23596
16254,116237,49268
16255,3211,1404
16256,119539,50676
16257,124537,52871
16258,64054,27189
16259,51401,21901
16260,60717,25774
16261,45372,19371
16262,18020,7741
16263,58213,24724
16264,113450,48084
16265,49806,21236
16266,13157,5675
16267,69692,29588
16268,23245,9948
16269,59062,25073
16270,87559,37105
16271,114546,48527
16272,15460,6657
16273,106939,45262
16274,111915,47396
16275,59205,25133
16276,44442,18977
16277,43206,18449
16278,1887,809
16279,107739,45613
16280,4683,2049
16281,53915,22930
16282,52494,22339
16283,59792,25381
16284,71674,30434
16285,41389,17670
16286,63885,27117
16287,128191,54433
16288,67500,28665
16289,79575,33733
16290,579,243
16291,14776,6364
16292,41375,17661
16293,13499,5824
16294,33348,14300
16295,93926,39739
16296,9750,4217
16297,115410,48922
16298,4837,2115
16299,69977,29711
16300,77188,32701
16301,75273,31924
16302,42467,18146
16303,69657,29574
16304,113946,48283
16305,46156,19689
16306,99776,42215
16307,103164,43640
16308,54268,23076
16309,81873,34745
16310,47897,20402
16311,45877,19575
16312,52136,22203
16313,52135,22202
16314,33915,14537
16315,28069,12006
16316,119724,50766
16317,70164,29797
16318,100356,42481
16319,85677,36362
16320,37858,16208
16321,37749,16156
16322,45135,19273
16323,31137,13321
16324,37303,15972
16325,112807,47820
16326,55133,23434
16327,43987,18777
16328,72914,30954
16329,79941,33880
16330,15162,6535
16331,812,350
16332,92444,39134
16333,91313,38650
16334,97841,41406
16335,62261,26442
16336,10685,4631
16337,20522,8804
16338,546,231
16339,121668,51590
16340,77304,32757
16341,42732,18257
16342,30303,12969
16343,66406,28187
16344,124723,52955
16345,114886,48686
16346,78967,33473
16347,123012,52167
16348,67552,28687
16349,127259,54030
16350,112470,47681
16351,45766,19530
16352,69357,29445
16353,67106,28493
16354,122687,52025
16355,4524,1982
16356,92623,39214
16357,117696,49886
16358,34228,14652
16359,32573,13965
16360,40540,17305
16361,89580,37907
16362,75693,32103
16363,110535,46807
16364,91776,38861
16365,118316,50164
16366,129788,55094
16367,25692,11006
16368,60900,25848
16369,26324,11258
16370,51831,22086
16371,99170,41965
16372,42466,18145
16373,38741,16567
16374,78932,33458
16375,38919,16633
16376,123427,52372
16377,124717,52952
16378,61978,26329
16379,31181,13341
16380,10079,4361
16381,125961,53473
16382,109816,46493
16383,11952,5165
16384,63154,26811
16385,57944,24608
16386,65674,27882
16387,38600,16515
16388,73270,31100
16389,103546,43807
16390,99512,42105
16391,33867,14513
16392,38768,16578
16393,103476,43768
16394,38644,16537
16395,105590,44678
16396,93544,39590
16397,93474,39554
16398,79767,33809
16399,103016,43580
16400,15994,6886
16401,72898,30950
16402,22874,9785
16403,108232,45828
16404,85882,36456
16405,129662,55032
16406,63115,26795
16407,9071,3922
16408,111727,47313
16409,124539,52872
16410,63528,26955
16411,2184,936
16412,46829,19961
16413,62128,26393
16414,33888,14525
16415,11329,4911
16416,99188,41973
16417,110767,46914
16418,103569,43816
16419,39911,17058
16420,128027,54357
16421,107796,45636
16422,83743,35547
16423,57265,24324
16424,9991,4318
16425,94244,39885
16426,60729,25780
16427,104752,44325
16428,62215,26426
16429,13405,5777
16430,45055,19238
16431,19956,8554
16432,53745,22853
16433,111319,47141
16434,42262,18051
16435,18656,8010
16436,53541,22773
16437,112561,47718
16438,82101,34841
16439,36670,15686
16440,116895,49544
16441,123057,52192
16442,37408,16011
16443,29534,12622
16444,36533,15626
16445,102883,43530
16446,82527,35025
16447,19027,8148
16448,107854,45659
16449,6198,2726
16450,126608,53751
16451,84287,35765
16452,54341,23104
16453,82258,34915
16454,48091,20488
16455,35168,15063
16456,7131,3136
16457,123106,52212
16458,111510,47221
16459,75764,32131
16460,61527,26123
16461,59289,25166
16462,68871,29253
16463,51514,21950
16464,49471,21085
16465,55612,23643
16466,57330,24347
16467,32700,14015
16468,82331,34940
16469,120644,51164
16470,89210,37780
16471,100476,42531
16472,122282,51851
16473,116459,49358
16474,20855,8954
16475,111059,47037
16476,83236,35330
16477,89403,37842
16478,69143,29368
16479,45844,19563
16480,107293,45428
16481,75655,32089
16482,128075,54382
16483,106866,45231
16484,90472,38276
16485,8224,3565
16486,127659,54209
16487,123413,52364
16488,21576,9252
16489,21241,9115
16490,18357,7888
16491,386,157
16492,118232,50123
16493,72939,30961
16494,72828,30920
16495,38779,16583
16496,105596,44682
16497,3830,1678
16498,105976,44843
16499,48371,20623
16500,114476,48499
16501,55670,23667
16502,16755,7211
16503,4086,1800
16504,10604,4591
16505,113364,48049
16506,125408,53254
16507,87721,37166
16508,125856,53434
16509,26728,11441
16510,114634,48567
16511,42748,18261
16512,23406,10018
16513,109227,46260
16514,55969,23797
16515,41494,17719
16516,85258,36178
16517,129395,54917
16518,49393,21050
16519,85819,36420
16520,96232,40711
16521,2326,1005
16522,2201,944
16523,53408,22709
16524,122412,51899
16525,49956,21308
16526,111398,47171
16527,85244,36169
16528,10751,4656
16529,109956,46555
16530,77544,32869
16531,94122,39821
16532,125470,53281
16533,99113,41944
16534,12981,5594
16535,119723,50765
16536,31452,13460
16537,104574,44239
16538,105906,44818
16539,120892,51270
16540,60781,25800
16541,54810,23303
16542,39096,16710
16543,48184,20534
16544,119243,50546
16545,18618,7989
16546,125570,53323
16547,63669,27022
16548,119496,50654
16549,85376,36229
16550,125574,53324
16551,107650,45579
16552,109842,46506
16553,59270,25161
16554,78906,33445
16555,10411,4507
16556,3513,1549
16557,63743,27057
16558,11354,4925
16559,79893,33867
16560,2934,1272
16561,50345,21470
16562,91362,38680
16563,66273,28132
16564,69030,29323
16565,65480,27808
16566,104389,44157
16567,3355,1475
16568,120201,50971
16569,91791,38867
16570,20345,8715
16571,4740,2078
16572,12505,5393
16573,80212,33993
16574,56450,23999
16575,44556,19034
16576,72504,30776
16577,93617,39620
16578,119222,50541
16579,7325,3217
16580,111435,47187
16581,104272,44107
16582,111704,47303
16583,43268,18482
16584,113629,48158
16585,45099,19254
16586,95237,40311
16587,108196,45806
16588,41148,17571
16589,23629,10125
16590,65789,27931
16591,26979,11550
16592,47653,20309
16593,51263,21837
16594,74922,31771
16595,16109,6933
16596,72359,30716
16597,39018,16670
16598,121013,51310
16599,24743,10596
16600,122110,51784
16601,66721,28334
16602,61994,26337
16603,67697,28748
16604,100614,42610
16605,100969,42746
16606,67324,28581
16607,17805,7652
16608,49892,21275
16609,52715,22427
16610,8845,3824
16611,13049,5624
