csv_row_index0,working_index0,rx_time,x,y,receiver_ids,official_error_m,rssfit_error_m
50998,21726,2019-01-09T11:46:34.713930803+01:00,598140.6718246009,5673444.245543461,69;27;32,453.57395620822774,5720.028793149137
77790,32976,2019-01-21T10:42:51.825+01:00,597838.7280738152,5673885.324558432,27;18;32,279.8797940855744,5817.86312109631
86313,36626,2019-01-17T09:58:22.240+01:00,598918.0075649035,5674812.85051245,9;2;12,722.1036499073408,3613.525779791784
42378,18102,2019-01-15T11:57:19.528+01:00,599148.5973602016,5672402.725345328,2;10;69,409.8599463788576,3179.075825695985
104375,44150,2019-01-03T08:12:36.468+01:00,598558.3914615853,5674491.486448407,27;14;32;18,582.7565045481796,3824.674840271561
89515,37882,2019-01-17T10:07:32.960+01:00,600509.4318636762,5676258.157596693,11;7;37;5;6;1,970.7892373145162,2616.8786245899
23604,10112,2019-02-04T18:40:18.824+01:00,599126.1061032455,5672371.313465849,10;2;69,231.24038632168256,1524.3866147600722
106539,45090,2019-01-23T15:54:53.35436380+01:00,598368.5096529303,5674719.964965132,32;14;27,354.6826401770578,3493.9925044827582
76343,32370,2019-02-05T07:18:04.124390809+01:00,598384.4928312676,5676533.958085274,32;5;14;9;34,1017.6386705739942,4089.3967539894875
12524,5406,2019-01-08T08:21:10.952688246+01:00,598379.4009448411,5676745.6131626135,5;32;6;4,1487.3629181207143,4580.968946609541
57044,24242,2019-01-09T16:10:25.043+01:00,598802.3697826031,5676331.934098925,4;17;9;11,1137.2869679141743,4882.397273249138
82148,34864,2019-01-11T09:06:11.513511638+01:00,599921.2912689515,5676379.916762552,37;9;14;7,1205.360094043203,958.7806930355804
119939,50857,2019-01-23T12:41:33.40284886+01:00,596255.1226936622,5676428.634106503,11;5;15;6;19,1132.7894910983441,3775.6518048969197
84994,36069,2019-01-31T16:24:29.507173280+01:00,598306.6196857534,5674705.624255865,14;32;27,269.4985067831402,3754.9214241563
125605,53334,2019-01-23T09:39:52.204+01:00,597429.6278095094,5673723.929970681,27;18;69,286.21159234758426,6463.74559500159
42287,18060,2019-01-07T20:06:10.198+01:00,599131.0764709028,5672414.269056286,10;2;69,102.73422726940507,686.1653920852805
47289,20162,2019-01-15T09:54:10.244811930+01:00,597441.1453098619,5673738.576435615,18;69;32,474.5507846565595,1853.8293611046759
44636,19067,2019-01-03T10:46:57.983+01:00,599149.7202671522,5672398.079135866,10;2;69;1,172.31556983941547,808.8845790088113
94767,40111,2019-01-15T08:33:36.010+01:00,597685.0091459334,5674318.629821683,27;32;19,382.234770747305,4799.650260250502
44269,18897,2019-01-10T19:04:14.704+01:00,599133.8155291763,5672410.502741688,10;2;69;1,113.58362996605807,618.9160044740505
28668,12249,2019-02-04T17:46:04.885+01:00,599127.6802103554,5672370.919490905,2;10;69,319.898724460673,2407.6311099440363
27879,11915,2019-01-02T18:04:57.19808075+01:00,597964.1592455031,5675654.2929396825,5;14;20,751.98588797303,4496.431778550727
44244,18887,2019-01-08T09:03:27.449+01:00,599132.9831681694,5672412.1840896085,10;2;69,98.52520014618085,742.5177031696926
113558,48128,2019-01-17T14:36:20.272379539+01:00,598162.3603073201,5674864.541464955,32;14;27,130.0463143949549,3782.058211869409
40713,17387,2019-01-30T12:54:51.373638062+01:00,596233.9874771438,5676452.849781804,5;6;11;14;15;19;32,1091.5403569367772,5215.857306891671
113885,48258,2019-01-31T10:27:26.227594751+01:00,599440.3505182797,5676965.519865218,9;11;5;6;14;17;70;4;7,414.2685194811086,4036.117546526341
78108,33123,2019-02-01T15:55:06.830661778+01:00,593597.5643697011,5674292.546438209,15;19;50,278.9664571358584,2482.2555837318605
68315,29012,2018-12-31T10:15:23.130267134+01:00,597077.6281153854,5673482.597494564,18;27;69;15;19;1;25,274.68480298666174,1650.5764498813867
98329,41627,2019-01-16T09:11:30.487+01:00,599025.8052358874,5673633.527258655,2;32;17;69;1;27,755.7593667750638,3631.914861348722
69610,29553,2019-01-12T11:28:52.922955583+01:00,598675.1705511169,5676394.836456673,14;9;11;5;20;6;32;4,119.88041787001448,4148.224029173102
15931,6861,2019-02-04T08:11:33.411481116+01:00,599014.9153006056,5675570.919421419,9;11;14;32;2;4,548.2371162069411,4224.233174307021
84335,35786,2019-01-05T14:29:56.802+01:00,599130.3669132178,5672409.5874773655,10;11;69,114.0059331330982,772.984408957937
94977,40201,2019-01-15T09:22:03.196+01:00,597814.9518700186,5673923.063077312,27;14;69,262.61925279444233,6102.976706060679
48900,20845,2019-01-04T16:48:11.491+01:00,599134.0148635621,5672408.809176247,10;69;2;1,100.7937652764892,765.059645581012
154,70,2019-02-04T11:22:01.648575881+01:00,598374.2903280125,5676857.544673401,11;34;20,1060.4324253902632,4874.406115874146
36291,15522,2019-02-02T13:39:53.622+01:00,599101.3528361423,5672424.304310804,10;69;2,100.549409374074,826.3769642509723
121464,51505,2019-02-05T09:58:50.906+01:00,599135.3879197922,5672405.0164983375,10;2;69,115.8478587585082,587.6221644047281
48644,20741,2018-12-31T09:37:07.443+01:00,598784.2903302978,5673507.085562152,69;2;18;1;27,770.5741675246691,2961.8593534259358
82444,34988,2019-01-03T10:53:36.569+01:00,599583.3788145942,5673404.975065225,2;1;27,883.5205219054187,3365.220856486289
84919,36034,2019-01-24T08:38:24.11694708+01:00,597366.6064779939,5674868.05484032,19;23;18,2966.483878408573,2777.861543196305
123764,52525,2019-01-08T09:11:11.305+01:00,597841.3690726222,5673946.057062876,27;18;32;69,323.75797029901776,5604.076137038619
16818,7237,2019-01-09T13:20:53.66634335+01:00,599500.4423111115,5676212.602769905,11;14;9,573.135650001204,3897.4258471864327
121996,51738,2019-01-18T08:53:12.455544767+01:00,597222.9969245875,5673323.246684107,18;69;25,299.4447211021858,2126.4451603877087
121350,51453,2019-01-14T08:18:23.366242672+01:00,598461.5386456326,5676465.41792543,14;11;5;20;6;4,381.44048552756857,4403.399859417836
80417,34091,2019-01-10T07:49:19.632+01:00,596991.7205553581,5674043.66021045,19;6;27;32;69;25,1147.7113748393028,3535.4464907811825
98617,41753,2019-01-09T10:19:53.51353087+01:00,596916.9444350651,5673650.574385332,18;27;15;19;23;25,763.9643185509909,580.3727522385776
55089,23424,2019-01-09T12:26:30.346+01:00,599129.9267430438,5672413.398160655,10;2;69;1;11;27,123.89889350311746,664.5265671413981
48822,20805,2019-01-31T11:39:27.549116805+01:00,598067.9605171382,5676496.919053015,5;4;34;20,2012.9584823889413,4856.317608589817
59613,25300,2019-01-23T10:33:22.039+01:00,599832.8200886043,5674934.106396222,12;9;17;14,212.76534251982204,4027.505147331545
72360,30717,2019-01-21T15:49:33.252+01:00,599115.0494364626,5672360.491273515,10;69;2,153.31337218833167,1063.1542126215693
61696,26202,2019-01-30T10:42:52.75295556+01:00,599082.5409598905,5674733.699408114,9;14;27;2;18;7;4;12,186.0437373118345,3086.7011434122837
79338,33626,2019-01-23T14:21:26.479824660+01:00,598873.4616678455,5676158.045125433,11;9;14;32,923.4678753460335,4256.653899774237
57514,24430,2019-01-15T12:36:35.886+01:00,599195.3233961195,5676943.376456839,4;11;6;5;32;70;7;27,955.6597730609886,4299.01816369197
86605,36736,2019-01-21T07:40:31.823+01:00,597014.2352376878,5674077.6091921795,27;14;19;18;69;25,709.508769053598,5534.087588706504
83946,35639,2019-01-24T15:43:41.767299879+01:00,598627.6958596803,5676264.0709645655,14;32;9;5;27;20;11,850.2460297421424,3727.197411911984
108689,46025,2019-01-09T09:53:25.972012548+01:00,598378.6826789285,5676758.754368272,14;6;5;4;20;18,316.11129806858844,4356.318088237916
5575,2420,2019-01-18T12:38:18.166+01:00,599114.7413933242,5672360.909682504,10;2;69;1,176.3378527830291,752.1801885108525
31445,13455,2019-01-15T06:31:18.905+01:00,599150.8327329681,5672387.067427193,2;10;69,245.28409662894262,1721.3852925709373
36891,15783,2019-02-04T08:08:43.178988820+01:00,597919.3209394484,5676000.132985659,20;14;9;32;4,813.8848772103859,4475.735298064484
125033,53085,2019-01-25T08:22:51.844791131+01:00,599139.4381270176,5675140.90580201,14;12;9;20,180.99667856551432,3199.118660728415
88201,37355,2019-01-22T13:01:52.887+01:00,599112.3179758507,5672362.135979452,10;2;69,186.90209965741272,434.83458195893866
28230,12073,2019-02-02T13:00:14.237056635+01:00,598903.6579052624,5673489.438854975,2;69;1;27,1034.0009659320835,3810.6107853182716
5270,2300,2019-01-23T08:01:27.773+01:00,601042.7480587016,5674102.699886617,7;17;1,560.5123245899259,3852.7709792544847
10600,4588,2019-01-28T09:53:35.469945713+01:00,599134.6955912291,5674960.46329954,14;9;11;12;69;5;20;32;4,518.9020037313991,3584.9156099989186
28439,12165,2019-01-08T11:08:20.715412573+01:00,597060.9970411557,5673412.265578742,18;27;69,537.8831805410358,2080.7031958725856
123022,52172,2019-01-09T11:54:18.891+01:00,598142.1675450327,5674101.59467157,27;69;14;32,615.2334594431762,5719.7287725324995
89460,37864,2019-01-09T16:08:49.763743272+01:00,598601.7128070336,5676454.95540021,9;5;11;14;6;32;4;27;34,351.8831924882843,4439.318459182357
95165,40288,2019-01-28T08:50:38.765931776+01:00,599423.2234159991,5676962.641686526,11;14;5;6;4,650.0401183370633,3813.3011348082982
81192,34445,2019-02-04T13:26:38.677374002+01:00,597916.2000315904,5676343.374714915,14;5;6;9;20;11;32,452.2879800794343,4859.94332535438
20746,8903,2019-02-01T08:40:01.56877468+01:00,598370.8636468615,5672767.565999275,69;18;25,96.28328383366079,6409.071023375938
53911,22927,2019-01-09T19:01:34.681+01:00,599131.734058097,5672413.0086881295,10;2;69;1,145.63528456992202,406.12797883719327
94311,39920,2019-01-17T10:24:58.749+01:00,597209.5076350346,5673551.715356282,27;18;25,448.88862909014495,6063.681713939873
63255,26851,2019-01-17T10:43:01.511+01:00,599098.8318657547,5674675.028622471,14;9;12,539.801034140628,3849.530202180792
62004,26341,2019-02-01T12:32:46.177+01:00,597801.0494108713,5674289.0130386995,14;27;69;1;18;32,802.429813925711,4381.127475148814
63488,26942,2019-01-09T09:24:44.266+01:00,599134.2509276912,5672417.300795645,10;69;7;11,99.19825204356016,766.5391901084175
106357,45002,2019-01-03T15:59:45.50117902+01:00,598612.1285799562,5676318.513435154,9;32;14;20;27;5,1003.0767617878649,3926.989714274545
73573,31217,2019-01-09T12:19:34.818+01:00,598808.8199713982,5675848.293735086,14;17;9;5,766.8738080104492,4171.848742558994
100845,42702,2019-01-28T11:55:44.488816591+01:00,598583.7658191428,5676096.030947323,14;5;9;20;32;18;19;4;27,803.5745497123825,3923.3448352780865
80470,34120,2019-01-30T08:19:19.273649676+01:00,598398.1848628002,5676689.958708333,5;20;34;11,1881.9059737258508,4754.157813111633
128841,54695,2019-01-08T18:56:00.271+01:00,599136.164676327,5672411.396787699,10;2;69;1,99.84121687892267,746.3165207390896
22408,9589,2019-02-02T11:36:56.141+01:00,599675.7550601015,5675883.734353467,9;37;12,721.075979502742,2581.0104016759537
6907,3045,2019-02-04T15:53:39.153564680+01:00,598616.1948934232,5676330.473530759,14;32;20,1191.732322386124,4096.066071611374
93455,39547,2019-01-21T11:35:31.545+01:00,599114.7419693599,5672362.607105933,10;2;69,153.56680546669978,715.5610997538137
54289,23086,2019-01-20T15:32:10.616+01:00,599116.5241687518,5672361.79278984,10;2;69;1,197.84418636203898,527.7160464313066
114455,48492,2019-01-29T15:31:26.75498910+01:00,593593.8134229355,5674295.448429216,15;50;19;34,307.20292227593404,3877.7459914762526
122986,52157,2019-01-29T10:39:54.753309502+01:00,598111.6330824259,5675834.490188211,14;20;32,591.9933502069996,4227.011627745413
1193,497,2019-01-30T09:46:59.763+01:00,599204.7444837026,5674712.720437238,12;9;11,1124.4647970797607,4653.648632254636
107208,45387,2019-01-05T18:05:46.439813070+01:00,599134.7156623595,5672412.21752722,10;2;69,108.5446394133324,611.0116442503167
135,61,2019-01-22T08:57:59.324990009+01:00,601332.9725547682,5673474.002316195,17;70;1;27,436.21507722597505,4793.776384848126
95059,40242,2019-01-20T17:05:59.717+01:00,599114.9675825051,5672364.733224817,10;2;69;1,166.0561977794322,587.017205661162
119508,50658,2019-01-28T14:32:07.394318038+01:00,594960.9978345663,5675083.953275669,19;27;15;18;32,1162.7830506095154,2331.795559117606
75604,32072,2018-12-31T08:37:28.410338428+01:00,598600.4838937379,5676357.75457738,32;9;14;20;11;1;27;4,1193.1363498255214,3721.1938576071343
46747,19918,2019-01-08T09:06:58.561+01:00,598201.88281355,5674130.743859392,27;14;69;32,177.2577470087111,4666.206558826559
78363,33227,2018-12-28T17:08:12.97871877+01:00,598369.2918626477,5674719.131251022,14;2;27,361.0567620084027,4223.452352078901
89570,37903,2019-01-29T12:36:57.047+01:00,598514.0724997168,5676528.806649146,14;5;4;20,796.9721574912717,4371.681143808786
35118,15045,2019-01-14T17:36:20.177590896+01:00,599154.9318928956,5672390.541382255,10;2;12,169.86746265566543,385.3373237856738
97471,41245,2019-01-20T19:59:57.178+01:00,599114.7507307447,5672363.88033423,10;2;1,201.46074484207512,416.84048570986454
17596,7565,2019-01-08T19:18:43.541779488+01:00,598534.1590072147,5674617.054090751,14;32;27,488.902973521684,4073.8829305310633
118919,50413,2019-01-07T15:53:37.605442768+01:00,598582.3277419901,5676347.6454806635,9;14;20;5;27;32,929.5124037924332,3856.0043492943946
95588,40451,2019-01-30T12:52:45.947208668+01:00,596235.4283955363,5676454.14985939,14;6;19;32,1415.943405348967,4836.295448080736
56041,23825,2019-01-31T10:23:45.312+01:00,598953.8631892923,5674046.733796462,2;69;7;18;27,759.1399438609344,2661.933087439189
55929,23780,2019-02-01T08:21:11.904+01:00,598094.9228800443,5675858.358792572,14;20;9;4,661.3746273260728,4419.064729142677
71265,30271,2019-01-15T11:46:14.846+01:00,599149.9207346733,5672399.780418324,10;2;69,141.9814179807973,646.7686648594458
71681,30437,2019-01-28T11:45:16.779785021+01:00,599082.0829198608,5674785.037482716,14;9;11;18;69;70;32;12;27,222.51302586567368,3460.2628162552296
119439,50628,2019-01-30T11:37:32.057+01:00,598568.2189310212,5676241.285761727,5;14;20;9;11;34,1075.692428623057,4402.74672262017
63794,27082,2019-01-29T10:14:24.077+01:00,597715.8353839193,5673889.349300506,27;18;69,272.5936434695293,6022.89633175031
36235,15496,2018-11-22T09:47:52.392+01:00,599414.1633442178,5674258.468637662,2;9;14;17;1;11;18;12;27,575.4258559617066,3133.9742742734434
80673,34222,2019-01-16T09:12:51.7652181+01:00,599645.436939242,5677019.150089362,11;7;14;9;4,988.6248268070959,3719.0751379286394
118286,50152,2019-02-04T19:43:30.691+01:00,599128.1215238768,5672370.50365463,10;2;69,172.02513943116577,927.3858791488794
85661,36354,2019-01-14T11:44:03.197474415+01:00,597707.1336993771,5673224.226819092,18;27;69,135.80874819496904,689.4274105438957
129786,55092,2019-01-30T16:10:56.30930714+01:00,598518.3667201952,5674813.226472695,14;32;27,335.91720020654054,3541.471841083373
124566,52886,2019-01-04T10:01:15.55297300+01:00,598572.6735682425,5676844.8036163375,11;32;5;34;4,475.4635845826528,4066.508671001546
124109,52684,2019-01-10T12:05:25.417381629+01:00,599841.5906444701,5676640.193780361,11;7;9;14;2,905.2421121124313,3674.54122377779
70632,29996,2019-01-10T11:21:15.782+01:00,598050.6525987176,5673431.068292158,18;27;69,331.78688685924027,3355.7772383487345
111424,47180,2019-01-18T09:56:54.956+01:00,599535.6762133562,5674220.509558992,2;70;17;27;7;12,1236.3169227838646,3333.39162333641
77260,32734,2019-01-18T09:52:55.758465025+01:00,600512.0321631344,5676091.435277698,9;11;37,408.62303540836484,2674.3405456501246
66636,28296,2019-01-03T13:42:54.284199921+01:00,599223.4106780044,5675055.111502996,9;14;11;1,354.18100768143034,4454.2531601949295
22322,9557,2019-01-24T14:37:03.779822692+01:00,594963.2367525778,5675083.570360379,19;15;27;25,794.8493240619467,2412.173525801879
44399,18955,2019-01-31T10:07:03.315254809+01:00,601017.7298776747,5673672.331677801,9;17;7;70,1666.2298443151303,4306.094101520226
44973,19207,2019-01-08T10:40:22.728762616+01:00,599134.1153840388,5672410.508528973,10;2;69;1,106.59096069078124,676.0162696865256
36585,15649,2019-01-09T16:51:32.417+01:00,600514.0795846096,5676087.2317965105,7;9;11;17,853.2522068325052,3262.511518398
19147,8200,2019-01-07T08:54:54.951+01:00,599427.6679140341,5676965.273987448,9;5;70;14;32,1401.6083627848132,3623.573672484033
41716,17816,2019-01-25T17:35:09.969318817+01:00,598156.3259874503,5674850.846779811,14;32;27,226.84788309399286,3945.735370305042
6588,2909,2019-01-04T10:13:48.569+01:00,599132.9984038053,5672407.940852074,10;2;69,114.21019486747235,601.6778479457212
77358,32778,2019-01-30T09:30:58.427306016+01:00,598524.9676688291,5672232.4421327105,1;2;69,1378.901548827598,5657.2301485027365
27914,11931,2019-01-07T07:54:39.621991836+01:00,598302.7294879167,5676037.1697323,14;9;20;32,871.8611195495147,4360.52678394732
37215,15927,2019-01-04T09:32:17.917128742+01:00,598654.3402977362,5676960.100928873,5;11;6;4,1741.6442226605668,5029.591323732877
115952,49150,2019-01-10T11:01:47.674+01:00,597940.4441747006,5673323.301638082,18;27;69,216.39074416246743,2569.951413874355
91950,38933,2019-02-05T07:12:39.257+01:00,599140.5760884384,5672402.146163127,10;2;69,136.86554692445108,414.0848923415867
62110,26384,2019-01-10T15:44:05.176+01:00,599354.4295180825,5674315.02445037,17;9;18;11;27;7;69,179.1264404913821,3520.7963891434565
89670,37942,2019-01-14T16:15:48.169+01:00,599154.2983009698,5672388.831738478,10;2;69,122.36781001934483,818.2857582584298
70860,30090,2019-01-07T13:24:41.718250610+01:00,597706.2695040479,5673213.601625036,18;69;27,69.72124006480242,709.9915514064284
40407,17249,2019-01-02T11:47:32.522+01:00,598095.5171460916,5676800.858667021,4;5;14;11;34;32,1001.2328368585695,5100.347057303571
127712,54234,2019-01-04T19:16:44.534+01:00,599134.5905807182,5672411.790759932,10;2;69,111.8870558439587,579.561608252424
92618,39212,2019-01-17T20:49:28.596+01:00,599114.5245413336,5672360.056791933,10;2;69,176.67820061550236,506.8574576187065
75341,31955,2019-01-17T11:00:41.389+01:00,599101.3006539323,5674662.770003651,9;69;70;15;18;1;11;12;27,847.3357912243031,2790.3179687213715
34972,14985,2019-01-24T11:45:08.647456781+01:00,598370.436982286,5676442.02804199,5;9;14;32,1713.7111410122689,5181.694282152885
13628,5878,2019-01-18T07:23:36.132+01:00,599113.9423489727,5672362.591676322,10;2;1,234.59870813672802,543.5443659787863
85029,36078,2019-01-08T19:39:10.834+01:00,599133.1579411733,5672411.7631095955,10;2;69,101.5729731511298,710.2282697862414
17866,7675,2019-02-05T18:54:28.295174652+01:00,597836.4814578083,5675839.844848242,14;20;15;19;32,818.8735380001599,2993.087268643111
65824,27948,2019-01-07T07:46:59.134402013+01:00,597877.3758615163,5676269.645158102,5;14;19;20;6;11,443.92674735356695,3638.6736841563284
112534,47704,2019-01-15T11:54:17.694211360+01:00,597341.7841258106,5674822.60286557,15;23;32,3894.5421558650655,3831.0728937099116
101246,42863,2019-01-16T11:20:44.139871946+01:00,597894.7006564556,5674212.293185844,69;14;27;32,696.7667527943876,4884.983960919941
114077,48339,2019-01-22T09:49:26.428+01:00,600512.5564465119,5676088.475033539,11;7;4,1447.0921613964772,3890.364124190955
105378,44588,2019-01-21T07:50:00.616+01:00,596965.5210664656,5673444.409561461,27;18;14;32;69;6;15;19;1;25,732.9497511951942,5493.371973581115
20016,8572,2018-12-31T08:31:09.667+01:00,599285.9920912902,5674211.855130317,18;69;27;12,1462.6578283654562,1901.2225973185405
35608,15255,2019-01-10T12:36:02.446175480+01:00,599384.1227918434,5676875.315046,9;4;17;70,1904.5325972162952,4201.597569521602
24870,10652,2019-01-21T09:52:47.720880748+01:00,598853.8496471671,5675286.466845952,14;20;9;15,577.167452225993,3240.6666104881347
27510,11759,2018-12-31T09:34:31.417363545+01:00,598398.6174407352,5676842.734561699,5;14;9;6;11;34;4,1019.9278096901849,4876.09089797621
18636,8000,2019-02-01T13:56:02.461645178+01:00,598386.3354553678,5676484.768350353,4;14;20;18,305.97312565318646,3815.898119263638
107248,45406,2019-02-05T10:15:18.500787990+01:00,598920.620701088,5675477.4400789505,9;14;20;69;4;27,244.68895380628203,3969.164322245238
40153,17156,2019-01-20T17:45:00.364+01:00,599115.2253612714,5672363.465139761,10;2;69;1,168.43582483441023,607.819792945086
72370,30721,2019-01-17T08:55:09.140+01:00,598384.1066324473,5676526.312304013,14;20;11;9;5;4;18;15;34;25,972.3387861084724,4358.333616284241
120381,51043,2018-12-31T10:21:42.421336476+01:00,597208.4450155247,5673544.481305614,18;27;69,444.3926684925451,1247.2583167737066
108554,45966,2019-01-28T08:39:02.81270205+01:00,599227.4152242681,5675113.325604253,9;14;12,241.35370020973744,4228.364096847641
19937,8544,2018-12-31T10:11:38.425884903+01:00,597991.24112738,5675868.683757772,14;20;19,587.4024172507457,2482.1295991066786
60185,25553,2019-01-08T09:05:06.561796720+01:00,598383.3938463406,5676627.719274079,5;14;6;9;20;11;32;4;27,370.75218150409336,4439.422921109992
80404,34085,2019-01-14T11:24:35.712611612+01:00,597617.9550384068,5673378.691493176,69;18;27,437.09264867670186,3245.083517001845
23617,10120,2019-01-16T12:29:12.754801876+01:00,598931.0965564628,5673879.5239971075,14;69;27,638.6064143339535,4218.734700087193
71414,30326,2019-01-22T08:18:57.987118688+01:00,598620.2538404254,5676450.219566147,9;5;6;20;32,753.2574759056945,4188.749283097746
56859,24170,2019-01-03T09:51:49.902361059+01:00,597050.8086659622,5673521.13056841,18;27;25,507.58250009384864,1407.5376906373695
6564,2901,2019-02-04T10:59:12.447621115+01:00,598573.9013361108,5676174.346952984,14;32;5;20;11,531.2720142997716,4060.9434700011598
78235,33180,2019-01-05T14:04:09.371133059+01:00,599140.6373689382,5672411.058762645,10;2;69;1,116.1087963973325,532.1856556709158
29854,12774,2019-01-02T11:22:48.329866849+01:00,598078.9852379921,5675127.318939558,32;20;9;14;18;11,154.6622592849676,3488.541068853351
63651,27015,2019-01-11T12:43:36.724+01:00,598782.631981128,5673546.51848953,2;14;17;69;1,1054.7170290690817,4147.286336984068
52073,22172,2019-01-23T10:22:58.392000642+01:00,599427.002949052,5676968.655953816,5;11;9;17;6;34;4,1003.5419516064425,4159.608160160747
112264,47577,2019-01-04T20:08:51.922+01:00,599136.7048029151,5672407.588034043,10;2;69,110.31205615768707,615.9947550824164
56862,24171,2019-01-09T15:33:16.166+01:00,598030.5911603123,5673214.690618227,18;69;25;27,363.67453320330367,419.4861652847601
56372,23964,2019-01-07T08:15:05.595528022+01:00,598521.5784620121,5672878.240365419,69;2;25,270.1415754705986,6146.978657839838
39307,16805,2019-01-09T12:56:32.632769842+01:00,597684.2090840413,5674400.938646671,32;14;23;18;19;1;27,344.79977353207966,2420.688684658411
44939,19189,2019-01-09T08:30:44.56326316+01:00,599249.8763386494,5674423.758501555,9;17;18;69;1;27;25,882.3502873166144,3097.119832272592
59513,25264,2019-01-21T06:54:03.803+01:00,599114.1340687452,5672363.019728848,10;2;69,161.44186819922103,628.1907031952444
104620,44262,2019-01-08T10:38:59.242+01:00,599097.7329828572,5674623.236138867,14;18;27;9;1;4;12,635.5374627678092,2477.2917941713986
30720,13140,2019-01-11T09:10:52.200499182+01:00,597226.454433628,5673325.433893537,18;27;69,297.6302803266958,2051.724564200708
72714,30872,2019-02-01T09:51:33.405709260+01:00,599049.8914099794,5674971.980900835,14;9;15;2;69;12,395.531399486355,3481.6786590277416
37452,16031,2018-12-31T12:46:17.873296656+01:00,597907.0987212949,5676319.437250088,14;5;20;4,26.178661440887005,4803.4669539312035
49849,21253,2019-01-07T10:11:34.542+01:00,598787.2132673704,5673528.359449261,14;32;27,1362.6607400389921,3864.912421778225
13422,5784,2018-12-31T10:05:39.921710216+01:00,597763.504161636,5675876.645468847,14;5;20;23,740.072909175221,4211.124365997392
101641,43013,2019-01-21T08:21:36.121654+01:00,599136.8140974031,5675135.338494719,9;14;12,94.03922722937232,3750.9036808263254
8970,3877,2019-01-22T11:42:50.590+01:00,599110.2593195799,5672358.277078934,10;2;69,202.24897116842462,401.2136902151065
18202,7821,2019-01-28T09:15:41.332+01:00,597489.5710234276,5673809.937805114,27;18;19;69,263.7826620145786,6467.727870024125
118084,50056,2019-01-09T13:59:38.635+01:00,598645.1929504055,5673299.449054983,69;23;10,934.5323673652063,5126.000985123761
27441,11730,2019-01-30T08:05:12.855080149+01:00,601548.8715771659,5673383.210937999,70;17;1,326.0188094384594,5504.30625119537
71379,30315,2019-01-20T14:43:09.723+01:00,599113.250866382,5672362.15398038,10;2;69;1,170.91589498111458,682.976615004652
102730,43462,2019-01-09T11:33:57.373+01:00,598075.6237761643,5673456.581911243,18;27;69,367.4817473510097,3320.3137717712434
116642,49437,2019-02-04T07:49:05.352+01:00,596963.7079578419,5673436.312705014,27;18;25,552.4872374817666,3450.8893333829915
30104,12884,2019-01-28T08:03:49.712+01:00,601133.3268735398,5674306.478729557,1;7;70,1327.6486945749343,4591.503523205789
57319,24343,2019-01-07T07:37:49.114129468+01:00,598564.568442162,5676086.326294364,14;32;20,895.5507178865031,4123.883446788765
96143,40674,2019-01-09T14:46:34.395+01:00,599131.7253016256,5672411.735459659,10;2;69;1,137.59733143783222,514.3078359627348
79430,33668,2019-01-20T15:47:59.403+01:00,599114.9915627581,5672361.763216002,10;2;69,150.57842480469856,763.5290166642502
112298,47593,2019-01-20T14:39:28.094+01:00,599113.0006966845,5672361.3004469825,10;2;69,151.7271410594232,775.8864855091288
45087,19251,2019-01-28T15:36:43.478140999+01:00,598446.41177909,5675875.6998588545,14;20;32,614.0554221042272,4080.729896052409
108120,45772,2018-12-31T11:09:38.687+01:00,597781.4659660972,5674230.9282366615,27;18;32,342.6779800056444,2782.937854392732
74374,31557,2019-01-29T11:50:40.188696697+01:00,598352.1292153519,5676446.769244315,14;20;6;4,28.514169699789118,4303.563379215736
114549,48528,2019-01-21T13:04:50.438423974+01:00,596799.2183449827,5676324.722294574,14;6;5;32,1245.4505928806425,6078.121025910665
94742,40099,2019-01-15T08:41:11.620+01:00,598352.4598100084,5674046.634293056,14;18;69;27,316.7857476733442,3408.0761724273007
117132,49645,2019-01-17T08:32:00.217+01:00,599362.8063836752,5674317.732722299,12;2;69;1,417.873455020971,3188.440528144501
66563,28264,2019-01-29T09:51:44.668+01:00,597830.2385242663,5674168.20483906,27;14;18;32,168.12476998806045,4279.760984749158
1025,421,2019-01-17T11:20:34.689095373+01:00,599080.0525961298,5674762.507489384,14;9;18;70;11;27,443.93160486386967,3347.255569063072
96868,41001,2019-01-03T10:58:47.905409487+01:00,598376.1742711113,5676599.573432703,14;5;20;6;11;32;34;4,527.9256884547732,4422.90015722767
6296,2770,2019-02-05T06:39:30.779+01:00,599140.9507659584,5672401.729041819,10;2;69,145.59929757139741,401.01914716240066
13139,5666,2019-01-25T14:22:20.485876939+01:00,594972.5502493945,5675044.703025989,19;15;25;14;27,814.8623265582964,3761.2107471337617
96370,40768,2019-01-22T12:34:28.834+01:00,599112.8931355247,5672363.420136856,10;2;69,159.03642791042807,653.5355674681066
105172,44498,2019-01-07T08:37:13.920601383+01:00,597236.4465890711,5673323.925704449,18;27;69,343.69869842019153,1320.0767685498122
104387,44156,2019-01-03T09:50:17.023+01:00,599603.9758693515,5673203.805927774,2;70;1;27,712.8803173746115,3679.149222437753
55557,23622,2019-01-14T09:47:52.311312932+01:00,599113.8417159212,5674962.18229829,14;9;12,321.0900468273902,3652.4714028170083
67334,28588,2019-01-04T09:11:13.932796726+01:00,598517.756008648,5676924.800235446,5;11;6;34,1242.2764075771615,5196.654209058039
110665,46868,2019-01-14T13:01:13.616248459+01:00,598507.1820856957,5673628.643111973,69;2;18;14;1;11;15;19;32;25,743.5933189391643,4258.049104162015
42682,18234,2019-01-22T08:24:17.102194044+01:00,598755.6585924785,5675986.882896517,9;14;20;4,655.7215487115276,4244.918035831734
80993,34368,2019-01-23T08:56:12.35653068+01:00,601294.9114835745,5673513.1411255915,17;1;70,430.0613991012709,4931.02193039224
84332,35784,2019-01-22T08:31:00.23581459+01:00,598520.3705845666,5676483.521681191,14;5;9;32;6;4;27,617.4528123878116,4299.908302374964
120537,51115,2019-01-28T08:22:00.882+01:00,599296.7927651517,5674246.012427913,2;9;12;17;69;11;18;27;1;4,262.9064221882317,3271.9537162536817
130258,55286,2019-01-24T09:49:18.942865258+01:00,598480.1088437426,5674202.697074305,18;69;32,933.7526978679131,1215.8690538900019
102039,43177,2019-01-07T10:54:17.389+01:00,598075.9198871204,5673339.891012721,27;69;18;32,290.30985959177957,5289.37280119229
77365,32781,2019-01-03T12:17:34.814+01:00,599142.5406744842,5672398.789257583,10;2;69,122.98239515496621,1175.7444680133842
89180,37769,2019-02-04T17:03:57.593+01:00,599126.1995854025,5672376.831860428,10;2;69,138.4631277739943,883.4867193534986
61048,25911,2019-01-14T14:00:29.247542266+01:00,600187.9605691084,5674579.898593657,17;9;70;7,836.7885180646648,4408.632875115502
26369,11281,2019-01-30T06:25:12.306+01:00,600758.74193134,5676246.922505489,11;14;4;17,762.2011464942809,2976.4498520095253
34812,14914,2019-01-22T11:08:03.121+01:00,598570.692781336,5676246.001192681,14;20;32;19;27,1366.360170362341,2161.6007595039
121128,51357,2019-01-02T16:10:53.024+01:00,599463.2298229627,5674224.6219727285,2;17;12;70;27,1124.8030489628584,3570.3236053823116
9896,4277,2019-01-10T19:26:54.923+01:00,599135.0892017116,5672408.405558225,10;1;69;11,107.37364459301668,780.1526328976121
106311,44985,2019-01-21T07:16:43.388+01:00,599113.8342111241,5672363.013942766,10;2;69,153.5689395858414,719.225847118256
19627,8413,2019-01-08T16:28:28.242+01:00,599134.2977755223,5672407.965930217,10;2;17;37,154.10795040440195,669.306785719643
49098,20927,2019-01-21T12:41:43.712+01:00,598378.9951916705,5676636.546346893,5;6;11;34;4;20,2156.2711546872806,5281.047167940604
107394,45468,2019-01-08T10:14:58.242572083+01:00,600202.0159963497,5676509.3052758975,11;9;14;4,1115.0685937138426,3831.352490590754
37777,16171,2019-01-24T18:23:37.248+01:00,598081.8860499351,5675118.462980371,32;14;27,241.9324095184239,3536.0156575990973
65599,27851,2019-01-03T14:34:27.582+01:00,599097.6943956814,5672418.717136098,10;2;69,143.40727030809367,527.975261393974
99069,41929,2019-01-09T18:06:15.573+01:00,599140.1937903125,5672404.684903246,10;69;1,98.1012603487759,803.673460970428
41095,17548,2019-01-15T12:42:48.902+01:00,597766.8735638735,5673597.519096356,27;18;69,133.070225788086,5142.472718228115
31623,13533,2018-12-31T10:09:17.518611984+01:00,598518.9000061996,5676853.106262141,11;5;14;9;34;27;4;32,276.4072601928878,4452.363620752658
73949,31373,2019-01-18T18:49:25.545+01:00,599115.6660986372,5672361.351879002,10;2;69,151.04214869621555,758.5123576722316
101763,43069,2018-12-28T19:06:50.063+01:00,598431.5787112644,5673882.228880135,27;2;18,697.7225993918446,2480.530673355013
31461,13464,2019-01-16T07:56:54.80782436+01:00,598385.1251187854,5676476.682408883,14;11;19;4,950.3512985177441,3690.7817743634732
129234,54862,2019-01-21T06:57:44.877+01:00,599114.2088891016,5672362.596819512,10;2;69;1,153.50242453539343,753.3254775061702
63130,26802,2019-01-05T14:13:37.945+01:00,599136.8982226169,5672413.10835841,10;2;69;1;27,98.67275818225868,728.4871703718778
20326,8706,2019-01-17T11:49:47.273470358+01:00,597380.4796854556,5674656.567263359,19;27;32,468.68844582149876,2299.4507957212827
7938,3454,2019-01-23T11:43:59.372305315+01:00,599138.9996009449,5674825.601571337,9;14;2,316.12768162552635,4110.9144625072695
72666,30851,2019-01-11T14:01:46.80805918+01:00,597032.5736574358,5673466.89367339,18;27;25;19,369.2667398505755,762.5406763473788
28038,11992,2019-01-08T08:07:44.71482015+01:00,598772.7698221169,5675914.64763754,14;9;27;32;5;1;11;17;4,703.796529866928,4085.1409549540967
125203,53152,2019-01-31T09:26:36.710+01:00,598784.3175854342,5674004.428035773,1;18;27,1332.2057400540393,3226.8316041729963
123821,52556,2019-01-25T08:20:49.797199426+01:00,598501.4862368829,5676462.790014225,14;5;20,626.4020327880452,4172.744503295626
115513,48967,2019-01-31T11:45:19.147345217+01:00,598071.9427909682,5673174.742513657,18;69;27,328.3963296855129,1646.6236991278997
80653,34210,2019-02-04T18:39:47.503+01:00,599126.0394683247,5672371.312179895,10;2;69,185.7614164080578,1235.494923805582
100591,42598,2019-02-05T16:26:06.327+01:00,599126.031281995,5672371.736375027,10;2;69,242.0735990246899,1282.321951407961
119006,50453,2019-01-21T20:57:23.583+01:00,599118.0573496674,5672363.519787568,10;2;1;69,163.45885693820497,655.287069556743
120564,51133,2019-01-18T13:09:52.934200955+01:00,598014.9610020904,5676494.208678505,5;14;20,235.66980409160615,4584.236839652211
64719,27470,2019-01-30T07:50:48.679+01:00,597002.2777000302,5673488.387357652,27;18;25;69,532.1611691537965,3682.790161356271
63212,26836,2019-01-16T16:05:19.631+01:00,599134.573291846,5672385.056177477,10;2;1;11,168.68960435727448,407.9133841328622
129197,54840,2019-01-14T19:56:55.658724676+01:00,597938.0887775687,5676358.644908104,5;20;6,1414.3018553761406,4623.915114017098
122175,51814,2019-01-09T15:03:33.249+01:00,598231.0478614187,5675355.55869235,12;14;32,863.0269496803048,3709.439069314021
113270,48010,2019-01-24T16:42:19.624555645+01:00,598369.6752285806,5674719.987304081,14;32;9;18;27;1,143.8713855789003,3416.668592624002
129010,54759,2019-01-14T10:03:13.263+01:00,597348.2840402282,5673678.679001153,27;18;69;19,323.74642060384303,5944.365393701353
116473,49363,2019-01-02T12:57:00.522815167+01:00,598028.6535484288,5673204.469208306,69;18;25;27,373.4591005053122,4207.107023585442
26914,11523,2019-01-07T16:46:08.141+01:00,599133.5899267788,5672408.376621701,10;2;69,100.64453218724593,743.0621104575695
99135,41953,2019-01-16T08:36:46.118448424+01:00,598373.8303373631,5676909.307080122,5;4;34,2058.9104711081145,5129.135815914215
83009,35221,2019-01-10T19:52:44.553+01:00,599133.8652205372,5672409.654994415,10;2;69,112.15481662441508,602.4787990577435
60294,25592,2019-01-23T12:44:42.378720706+01:00,596251.2602557531,5676437.472952742,5;15;11;19,328.713278251571,3577.3944182630735
109095,46202,2019-01-05T16:45:13.883368941+01:00,599133.1568029085,5672408.368262342,10;2;69,108.38819133765477,661.1904472686523
121983,51731,2019-01-21T08:37:36.593425350+01:00,601331.8818552459,5673471.85899266,17;70;1;7,256.39932750497064,4690.610290366551
10672,4625,2019-01-28T16:21:53.332627471+01:00,598172.986254731,5674887.235387282,32;14;27,297.65393270143153,3432.4939867761827
8843,3822,2019-01-08T16:20:24.5702063+01:00,598745.5765097509,5674714.050522607,14;27;9;18,244.81513144900057,3445.2145416867997
109058,46185,2019-01-07T09:28:18.814055279+01:00,597963.6329024035,5676409.206296563,5;14;6;9,1158.4529053700533,5416.454915493654
80520,34147,2019-01-07T08:28:15.174036877+01:00,597217.3934161798,5673158.068914102,27;18;32;69,507.5932103484857,3365.894490681883
29975,12830,2019-01-14T08:09:26.483557590+01:00,598374.4391021023,5676893.193290888,5;18;32,1562.1908150612164,3031.0961710704955
55733,23699,2019-01-21T09:55:27.196+01:00,600410.0405696582,5676319.8651546845,7;11;4,1014.656777828688,3476.9290951339826
100800,42681,2019-01-12T10:17:24.380932460+01:00,593637.8754661726,5673894.4016633695,15;23;19,461.64160673253747,3824.8825036777894
81633,34636,2019-01-03T11:17:36.020+01:00,599424.2233575487,5673229.602927269,2;1;27,835.82828480255,3900.154601818239
80936,34343,2019-01-09T17:13:45.274893627+01:00,597905.7088225507,5676071.164429751,14;5;6;9;23;20;11,291.9226116760583,4573.814786263554
121434,51493,2019-01-22T12:50:48.644313626+01:00,599676.9543393059,5676540.238352676,11;6;9;5;34;4;12,1739.016585473782,3996.5994179107693
119345,50591,2019-01-14T13:36:08.533569453+01:00,599995.2707477299,5674310.918054367,2;17;69;27;1,1538.157494898038,3134.4727927803024
70049,29747,2019-01-30T10:26:13.092+01:00,597051.5320392696,5673451.126733491,27;18;25,587.8424438975462,5297.834018709815
39999,17093,2019-02-01T16:02:41.826406539+01:00,598617.3004421601,5676453.133270011,14;9;6,739.1827783368036,4408.0447345517305
6893,3035,2019-01-22T19:42:03.814994735+01:00,598082.5940596783,5675233.051653969,14;20;32,598.9055778830118,4649.646704455348
120532,51112,2019-01-24T11:28:48.769631403+01:00,598408.9709278311,5676441.918422921,5;9;14;20;32;18,574.4014004671061,3932.5380222191607
69612,29555,2019-01-24T09:41:26.184212109+01:00,601102.6459615924,5673766.51342368,17;9;1;70;12;27,515.1616750833585,4462.337089555529
94749,40103,2019-01-24T08:44:26.813043103+01:00,598593.432885802,5676374.593238178,5;27;20,1252.804477604334,3585.2534448295887
124382,52801,2018-12-07T09:40:35.184661685+01:00,599687.3244609255,5676721.216208162,14;5;11;9,763.2579561272837,3525.416926012894
122506,51943,2019-01-28T10:40:57.391+01:00,599060.0460859833,5674608.080604885,14;9;27;32;69;12,453.843877407321,3560.347394636155
90149,38147,2019-01-15T10:50:14.716051104+01:00,599063.2041494158,5674667.126837328,14;69;12;27,404.9997038491056,3498.2516493438197
69329,29435,2019-01-10T11:55:46.932851671+01:00,599744.3534548777,5676893.341098308,11;14;9;7;4,665.6034570318002,3597.655144578088
64869,27541,2019-01-23T10:56:00.519406594+01:00,600287.9499723935,5675532.413338818,9;14;17;1;70,1239.9615940922624,3401.7666501862254
45346,19363,2019-01-25T13:51:15.581401604+01:00,592717.790201914,5673618.007845267,50;15;23,432.6606429755118,5789.49550422912
9815,4245,2019-01-11T11:36:28.141406324+01:00,598076.4567342091,5675099.263363508,32;14;20,46.54212375747873,3798.3847633165233
123953,52613,2019-01-23T10:28:56.713+01:00,597023.0237178504,5674060.376978704,27;18;19;14,675.4858071562835,5381.825485639856
113506,48102,2019-01-16T08:55:12.377544565+01:00,598316.90815549,5676447.791490483,9;5;6;20;4,993.0352414224321,4744.467879350882
64411,27342,2019-02-01T10:03:38.489+01:00,599199.8090716469,5674718.141660807,9;12;14;2;1;4;27;32,257.3485526404764,3928.498816656289
62461,26524,2019-01-29T10:26:34.614265340+01:00,600940.7444247041,5673657.662447964,17;14;1;27,1100.0505506019126,4139.992123038833
77372,32784,2018-12-31T08:35:35.820285405+01:00,598385.920362595,5676468.210579763,5;14;32,767.1994475359816,4345.888187208261
117520,49811,2019-01-21T12:06:07.392491144+01:00,598517.2381144253,5676657.022506431,11;5;14;20;32;34;4,703.1120634509792,4663.8750823035325
18639,8001,2019-01-09T18:26:17.060+01:00,599133.2415187041,5672412.613428974,10;69;1,98.5676062927304,775.5246701141234
61730,26221,2019-01-04T12:24:48.599171104+01:00,599617.2221074748,5675597.854144496,14;9;4,657.1342982471167,3385.9628749016156
49346,21028,2019-01-08T08:53:27.961765151+01:00,599134.7320366659,5672411.369136926,10;2;69,106.74165198314522,638.9153077806134
50843,21663,2019-01-02T08:34:19.787106110+01:00,598518.7956648683,5676478.823534884,9;32;11;27,1076.9967328837624,4254.83245003366
18387,7903,2019-01-31T09:38:01.847+01:00,597459.6739621088,5673740.201170827,27;18;69,282.41360381071405,6233.163072081024
76912,32593,2019-01-25T12:52:09.095+01:00,598612.7330633675,5674109.763623061,27;18;32,1148.0233718579116,2125.119528026879
127860,54286,2019-02-05T10:20:59.615+01:00,600546.3935486486,5676205.836942673,7;9;17;70;11,1413.3069555522775,3289.228428460869
122559,51969,2019-01-08T10:38:24.117403679+01:00,598733.9137503193,5676064.545641377,14;9;11;32;5;20,757.6836355727438,4161.015214927071
31835,13629,2019-01-16T16:52:14.409+01:00,599138.4141126168,5672388.100779801,10;2;69,129.66171085313107,567.2714751524236
107080,45326,2019-01-08T11:50:34.993+01:00,600090.8293749898,5674958.227785116,7;27;12,515.1057958924195,3628.6540098712717
118766,50343,2019-01-07T11:45:54.756543199+01:00,598094.2949400424,5676836.905345568,5;4;14;9,1412.2143793525586,5413.090793429123
6997,3090,2019-01-17T09:48:54.546404487+01:00,598973.7837050078,5674997.246941003,14;11;27,306.39492398247296,3787.945387975959
23512,10065,2019-02-04T08:55:18.443517405+01:00,598547.754343136,5676306.24317221,14;20;32,1039.3072085643205,4216.6338085276575
95188,40296,2019-01-14T08:55:18.896781226+01:00,599136.3935699649,5675148.485379127,9;14;12,185.3858213721895,4182.410821071418
107719,45606,2019-01-10T14:42:49.815764765+01:00,599131.1086485533,5672410.874852062,10;2;69,131.6781237592982,443.4342831738343
61166,25963,2019-01-08T09:49:49.134617725+01:00,599132.0163999964,5672410.46801835,10;2;69,111.71755916462136,612.0268172496467
68581,29141,2019-01-08T11:02:29.402+01:00,599132.6254352583,5672413.45024482,10;2;69,112.28201261648609,577.5471017506753
3596,1582,2019-01-04T09:33:02.161+01:00,597060.222880232,5673412.675293468,18;27;14;32;25,553.7746030683006,2507.3225515713802
104952,44405,2018-12-31T10:55:51.480052011+01:00,599696.3920279653,5676746.429546999,9;11;14;7,864.0462656753376,3568.9817559909984
46492,19812,2019-01-07T07:51:50.609267790+01:00,597868.2065964703,5676305.11584217,5;9;32,1060.6683939073987,5477.708622659688
85250,36174,2019-01-09T15:19:16.674149958+01:00,598441.0594627177,5675894.268730175,20;14;32,532.4338125085823,3975.3985195778037
91893,38910,2019-01-18T07:49:19.279323034+01:00,597550.3891419463,5674338.9847067995,32;18;14;19;27;25,69.02684174505312,1695.1025979575882
55464,23580,2019-01-10T13:16:56.620+01:00,599130.270381625,5672419.770090075,10;2;69,97.43340350003598,702.8897885516944
82007,34801,2019-01-02T16:15:37.335+01:00,599422.3735564597,5674517.48438743,12;14;9;17;69;2;27,140.76792018975178,3628.011928023914
85816,36419,2019-01-21T12:49:16.281760188+01:00,598755.2008141159,5676053.922130899,9;14;20;32;4;27,613.9159955674219,3796.462714941729
110384,46738,2019-01-09T08:57:20.80419982+01:00,599415.7427037075,5676965.467179012,5;11;6;32,1406.8159800635472,4194.85925285433
114286,48426,2019-01-18T13:57:22.578+01:00,599113.8920845436,5672361.74200027,10;2;69;1,167.50185155642995,663.2632300117333
121609,51567,2019-01-31T09:24:36.741244359+01:00,598200.6920399172,5676137.484783409,14;32;9;23;5;20;70;11;19;4,844.5445711679463,3315.6950876458664
112552,47712,2019-01-08T09:45:24.929+01:00,597989.1087694854,5673684.079686701,27;18;69,348.0672917453274,4661.784934203889
124735,52959,2019-01-24T16:46:57.469+01:00,600514.9120205038,5676090.642980896,11;9;7,602.4400280170045,3526.2655138277846
40329,17218,2019-01-15T10:26:06.474+01:00,599157.0342541672,5672400.766444264,10;2;69;18,156.93400670491675,1091.9387184348714
57625,24474,2019-01-12T09:45:22.244356762+01:00,595203.5158587873,5674436.6530008465,19;25;15;27,489.48462656403365,2911.1898534623706
83083,35253,2019-01-02T09:50:31.916052165+01:00,600346.5255661281,5676420.468551301,11;9;7;6,776.3214146774693,3680.224037742147
45614,19463,2019-01-08T13:02:46.571+01:00,597147.0877715484,5673953.6654813755,27;19;18,202.82121364529073,3644.5100767764584
79,34,2019-01-22T10:12:24.469079786+01:00,598907.3547361555,5674776.150744713,9;14;27,208.22432060138826,4224.282955672832
35241,15098,2019-01-02T09:26:52.466990383+01:00,598522.1098959513,5676847.2269526655,14;5;11;6;9;32;34;27,467.8799646534395,4431.636526452829
8117,3523,2019-02-05T11:35:23.568027338+01:00,598018.1319942565,5676526.944461893,14;5;6;11;20;32;4;27,376.05613784971456,4705.992751622762
113644,48164,2019-01-07T09:31:28.168599439+01:00,597962.2184718461,5676410.027991315,14;5;6;9,190.54082625431275,5066.524154255207
20369,8729,2019-01-19T06:59:01.878+01:00,599115.0254562077,5672363.461282328,10;69;1,148.02531356912988,820.5490631106295
88121,37321,2019-01-02T09:45:50.898+01:00,598647.1769018243,5676856.420509811,4;5;32;9;6;34,1171.6846634177898,4328.068181022753
11210,4859,2019-01-04T09:51:42.160+01:00,599132.4430446585,5672415.992843643,10;69;2,95.01123236947124,752.5884747507289
83131,35276,2019-01-02T08:05:08.825+01:00,597828.7132520981,5674180.057600217,27;14;32,392.2492083032116,4621.401938661365
57521,24434,2019-01-07T09:55:18.705+01:00,598644.8653946251,5676969.678855307,11;9;14;4,1539.579658206046,4750.437095614451
83758,35552,2019-01-22T16:51:40.024+01:00,599111.276370493,5672360.842821776,10;2;69;1,169.594367192041,755.6139235772577
92517,39162,2019-02-05T15:26:42.517+01:00,596186.3534477418,5675837.075847562,25;19;15;5;6;50;1,2776.233884441755,3311.8778010883575
15295,6591,2019-01-21T14:59:06.642506713+01:00,595832.8712612223,5674021.048026211,14;19;23,141.67894422762302,1511.558238884105
97466,41243,2019-01-04T11:30:15.729672630+01:00,598095.9000596151,5676834.814275905,5;20;4,1463.3665164506376,5132.360661086154
1647,706,2019-02-05T08:16:17.073+01:00,599138.393524018,5672401.255330449,10;2;69,119.97028337480418,554.217486203796
35614,15257,2019-01-04T10:47:11.058+01:00,599376.5893642177,5676867.106296359,11;5;12,757.9895490064863,4339.747382937135
97444,41234,2019-01-21T08:36:19.085+01:00,599113.2754221284,5672360.881394988,10;2;69;1,158.74511623872604,734.2412569743469
42919,18329,2019-01-15T12:17:49.708866336+01:00,598790.088324076,5673025.556607062,2;14;69;18;10;27,484.1630482342492,3662.899018455037
112067,47474,2019-01-17T20:25:13.692+01:00,599113.4711765627,5672373.19141152,10;2;69,146.99463602641922,693.3262629023825
21126,9061,2019-01-14T12:29:19.981+01:00,599386.6251367128,5676899.127525084,9;14;70;5;11;17;20;32;4,1355.754219914152,3612.5492671799134
65621,27860,2019-01-09T19:37:24.355+01:00,599135.5883916492,5672406.717780208,10;2;1;69,151.11286673590388,533.839785078312
80732,34248,2019-01-23T14:20:23.466+01:00,598870.9489439953,5676160.542829707,14;9;11;17,1016.5165465724883,4186.5879541332115
99447,42082,2019-01-03T12:28:26.361971003+01:00,598590.4662657828,5673404.061762957,69;2;15;18;32;27,956.009439269737,2075.250582868286
52010,22145,2019-01-25T07:55:13.218+01:00,597006.9275907208,5673549.15703193,27;18;15;32;2;1,427.6800165395154,2881.365847900847
39698,16966,2019-02-01T13:10:59.6470522+01:00,596788.776249405,5676694.558458,6;5;14;9;18;69;11;34,1394.2194478473173,6240.201488953799
4498,1974,2019-01-08T09:40:20.230207042+01:00,599132.4243934402,5672410.05153944,10;2;69,109.72390273095309,636.0704041675916
53351,22684,2019-01-29T09:49:06.167569254+01:00,597740.8410034056,5674313.7516866615,18;14;27;15;32;69;19,798.7136790860822,1229.9819524520929
98492,41700,2019-01-29T11:54:16.886862269+01:00,598072.7467130108,5676481.733838911,5;14;6;34;11;15;20;25;4,1057.2182315742805,4245.117014012829
3268,1432,2019-01-18T17:02:53.656220522+01:00,600610.9811998012,5676188.431379815,11;37;7,1907.706933651645,2837.5609600746707
7250,3186,2019-01-05T10:12:27.733+01:00,599131.7738534324,5672407.492865141,10;1;69,104.18839251277836,779.5096168014857
88233,37367,2019-01-08T15:07:52.696+01:00,599133.0153470214,5672408.7898853915,10;2;69,110.4786665147892,634.7310780510161
28366,12127,2019-01-16T09:39:42.778736331+01:00,597256.0242012509,5673479.608205505,18;27;69,362.4149943922394,2346.720874870939
49464,21081,2019-01-16T09:21:32.255820868+01:00,598012.1279743573,5675666.242169895,14;20;9;27,761.7205756780846,4279.781712106726
111960,47429,2019-01-14T11:23:58.588+01:00,601474.7017632261,5675305.796173724,7;9;17;1,890.1773895682159,2634.5692383525525
49679,21174,2019-01-22T16:33:59.530149856+01:00,598716.3679916086,5675932.658076362,14;9;20;4,709.0491132546213,4165.778575910556
69065,29336,2019-01-18T07:48:26.193598357+01:00,596910.7483330029,5673671.67484477,18;27;32,704.9853860802326,2621.17069953067
4514,1978,2019-01-21T07:57:06.77079422+01:00,601333.3300714497,5673479.526048324,17;70;7,354.078087461841,4501.437961224993
69408,29467,2019-01-08T16:56:23.609+01:00,600515.0365852948,5676080.885155232,11;7;37,1419.4760889081265,3227.73032951688
102738,43465,2019-01-18T13:47:53.295+01:00,599116.4230651697,5672358.396014244,10;2;69;1,165.505977653628,742.2247733572341
3765,1648,2019-01-10T09:55:00.722+01:00,597365.2266744882,5673686.638558804,27;18;69;25,436.0979729737097,3231.796586063635
77306,32758,2019-01-04T10:09:34.761+01:00,599091.3464801752,5674620.991065971,9;69;18;32;2;27;12;4,678.6396872511582,2498.3228184694353
62711,26627,2019-01-22T11:38:06.600131924+01:00,599373.7989718083,5676925.189136039,11;14;5;4,1447.4137048882376,4394.537057939736
110931,46982,2019-01-16T09:44:37.469620931+01:00,598901.9937450042,5674777.744853842,14;27;12,373.9731413761351,3737.389188651313
53518,22761,2019-01-20T19:53:37.690+01:00,599113.8096552225,5672364.286528161,10;2;69,155.25660606768452,683.1562435004973
101694,43036,2019-01-04T17:06:06.475+01:00,599131.940439564,5672407.496080229,10;2;69;1,107.23227552437153,728.8429888997773
11333,4914,2019-01-21T11:04:57.717+01:00,599114.360258203,5672366.843271142,10;2;69;1,164.98513114591833,927.818935308444
61018,25896,2019-01-18T11:54:48.857367261+01:00,598275.0244327948,5676474.9962655315,5;6;9;14;20;4;11;32,968.7811613784712,4671.873997347314
79846,33844,2019-01-18T16:22:21.243+01:00,599116.4733292416,5672359.245690323,10;2;1;69,234.56409589822167,660.6155608055548
23300,9973,2019-01-17T11:05:05.669253516+01:00,598565.6599656915,5676211.53178889,14;71;32;5;9;6;4,12983.07534183044,2971.2581986091045
48955,20871,2019-02-04T16:47:40.867744982+01:00,594526.6949734597,5675143.405970803,15;19;34,1188.3595996338902,2660.5059491547195
81662,34653,2019-02-01T14:02:20.297425635+01:00,597915.2210018116,5676317.894862418,5;14;6;20;9;32,884.7835469811422,4987.35280028119
115414,48923,2019-01-23T17:03:26.305115538+01:00,598374.7227829921,5674706.929109437,14;32;27,329.702225610327,3699.0233023333026
24586,10523,2019-01-14T09:00:31.776+01:00,597894.6944620165,5674216.11222864,27;69;32,656.6468085715326,5131.5418644457795
3026,1324,2019-02-05T10:41:03.296+01:00,599105.0358448916,5674705.701947511,14;69;18;32;12;27,1094.3742263661356,2020.53179467134
47768,20349,2019-01-26T08:55:16.284+01:00,599554.4680625551,5674359.638241043,17;70;1;11;7;12;2,1625.2751543631948,4957.21582282762
53550,22777,2019-01-09T10:25:06.715717328+01:00,597995.9297950049,5676113.20048038,14;5;6;9,193.04751308050567,4931.036576969973
116085,49199,2019-01-02T10:44:24.725473205+01:00,598510.8732716276,5676782.084865373,14;20;32,1602.383214080385,4594.916482670519
12179,5251,2019-01-06T16:31:02.801+01:00,599133.4560888187,5672406.676625976,10;2;69,108.25249846597984,668.5724505563713
108259,45840,2019-01-06T17:52:39.496+01:00,599135.4983322988,5672411.383926825,10;2;69,97.72233023109496,737.2301398412716
108947,46138,2019-01-22T07:07:44.291+01:00,599112.6932304603,5672363.416279513,10;2;69,155.76840861215237,752.4193182691553
32191,13808,2019-01-25T14:54:55.48851603+01:00,598399.3007234636,5675206.015071639,14;9;20;32;27,300.0300292600253,4374.438829813801
97374,41207,2019-01-03T07:37:17.134099933+01:00,597101.9430732748,5674365.703120455,23;19;15;20,3164.1204074359184,2089.794288761064
122941,52140,2019-01-09T06:24:00.729+01:00,599136.1144164543,5672410.547111316,10;2;69;1;11;7,124.82612444766278,633.1288817566002
21439,9190,2019-01-17T09:49:20.236+01:00,599136.0573363156,5672389.328351632,10;2;69,280.307572337018,1537.5760859947293
15391,6630,2019-01-15T13:06:22.864+01:00,599151.1687241006,5672395.560976848,10;2;69,162.5985337303803,913.7512443249233
114517,48517,2019-01-31T19:00:21.395+01:00,598413.6064123684,5673641.276616363,69;18;14;27,547.7422422892826,3528.8103428295635
100921,42727,2019-01-16T13:11:50.371903745+01:00,599133.7070401706,5672385.039458681,10;2;69;11;1,153.25632884152014,513.151028300727
100838,42697,2019-01-04T06:11:09.822+01:00,599100.5269332347,5672420.469198136,10;2;69;1,158.8880590188495,463.8581939702165
62857,26686,2019-01-05T08:58:50.559067670+01:00,598940.67824145,5674934.652854119,14;9;32;27,314.56682513669705,3728.4389406541
28001,11973,2019-01-02T12:50:50.386999708+01:00,599587.2422798416,5675692.328084004,9;11;4,60.705722147483385,4084.7425641634104
64690,27458,2019-01-18T11:28:54.525+01:00,599547.9306704565,5676900.982665926,6;11;4;7,1357.8010689068346,4197.659917994574
59761,25365,2019-01-07T09:48:30.037+01:00,599132.3817504542,5672407.080244332,10;69;2,101.53013655888611,761.1042718694077
98864,41846,2019-01-09T09:27:12.872525942+01:00,599191.88878403,5674709.077134538,9;14;12,567.2508388279842,4106.448798464541
48377,20627,2019-01-04T09:04:22.607+01:00,598416.2226135504,5676832.887830835,5;6;9,2627.4095420467984,5280.159207836058
62360,26487,2019-01-08T08:50:42.947428414+01:00,597999.7580750611,5675984.270362688,5;14;20,284.5345062727812,4417.586458256372
70352,29873,2019-01-23T09:43:33.643+01:00,597299.9792376787,5673642.966708123,27;18;25,376.44743916113873,6099.013817016466
68880,29259,2019-01-04T13:50:10.248+01:00,599133.3081530909,5672412.614715027,10;2;1,103.36095990703242,704.2833703530702
15587,6710,2019-02-04T14:36:34.835+01:00,599125.7384666366,5672367.911546133,10;2;69,160.48244953598885,1345.2849406952919
94215,39871,2019-02-01T15:26:18.370930913+01:00,599772.8207322748,5673384.464323925,2;17;1,806.3699555038272,4014.4662524286655
73614,31237,2019-01-17T11:56:44.325791819+01:00,598510.8266373704,5676548.68897263,14;5;11;32;4,684.274004103206,4353.893754158766
83683,35522,2019-02-04T10:02:47.428970829+01:00,598858.3847276527,5675327.716594877,14;9;20,204.7956168887394,3929.992318588193
93658,39636,2019-02-05T16:41:22.374+01:00,599124.633093908,5672375.1042171735,10;2;69,164.57823821003484,813.3589195106925
69185,29382,2019-01-20T14:25:45.907+01:00,599111.6919739646,5672358.3047226975,10;2;69,238.06476271805855,664.1555312316807
72098,30611,2018-12-31T11:39:21.868931717+01:00,598387.6027406148,5676489.884905924,4;5;32,1550.2728981939954,4989.9925360647385
71204,30243,2019-02-04T08:26:48.271+01:00,599266.9008454415,5675145.491521995,12;14;9,125.3268999082945,3383.3666685136077
75513,32030,2019-01-22T14:06:41.513+01:00,599113.7675760977,5672363.012656972,10;2;69;1,176.22435337153703,719.7984537678583
25164,10771,2019-02-01T15:47:50.862009724+01:00,598073.1519596807,5675099.624559611,32;14;27;20,350.1556146086492,3753.284201149983
41217,17597,2019-01-03T13:50:16.152226605+01:00,599221.4517012985,5675046.162167954,9;14;11;12,379.2751436012964,4315.948808115544
113991,48302,2019-01-12T11:05:13.447+01:00,599305.970457739,5674489.769730655,27;12;17;9;70;18,494.4796651387903,4404.605940464926
46255,19724,2019-01-04T08:06:22.261634998+01:00,597881.322089436,5676087.248848341,14;5;20,203.99222603596453,4815.769712269745
35853,15351,2019-01-15T09:05:22.778551939+01:00,598354.5867737433,5676136.18933049,11;5;6;18;20;32;19;34;4;25,889.3451052446331,2547.300536643875
123794,52540,2019-01-24T11:14:46.727003915+01:00,598266.0340912351,5676488.827710478,14;4;5;18;6,240.20035337979093,4324.213812798078
110308,46704,2019-01-10T09:00:50.636343879+01:00,600396.4210830036,5676598.827046571,11;4;9;6;7,1267.9140361475966,3843.493621440493
129,59,2019-01-29T14:16:17.44814026+01:00,597991.3926587388,5676383.850965521,14;5;20,284.7181361523425,4612.549671695192
4335,1895,2019-01-16T11:14:39.754953119+01:00,597984.1319559336,5673218.471760468,18;69;27,231.98184932204515,1813.720881100302
101693,43035,2019-01-10T12:39:07.644+01:00,598597.8178727741,5673868.020346992,14;27;1;32,322.72342240616337,4584.350341675213
57500,24424,2019-01-26T10:51:44.395548982+01:00,599208.0175695539,5674772.617756987,14;2;27,571.1224604690132,3432.134302649631
84973,36058,2019-01-22T19:20:16.504+01:00,599114.4748531074,5672360.904539288,10;2;69,206.88176687785128,437.24895834209826
107680,45591,2019-01-16T09:28:39.901100279+01:00,597061.1673028786,5673417.360979257,18;27;25;14,472.19201772969114,1324.3278310758672
28125,12030,2019-01-22T10:07:57.493720075+01:00,598812.5167769229,5675874.25057063,9;14;20;32;27;1;4;11,630.8712758049409,3970.4776291980975
16295,7008,2019-01-23T09:56:41.469670562+01:00,600550.1057022482,5676206.758417978,9;17;70;1,2522.265075149631,3472.161001186548
88582,37505,2019-02-04T19:40:02.534+01:00,599141.2102495702,5672405.553228857,10;2;69,111.45291867082206,587.0130460562667
85305,36195,2019-01-23T11:05:01.697312617+01:00,599554.887368304,5676818.792354565,11;14;5;6;9;4,644.3570567869174,4030.63802162888
83537,35459,2019-01-08T08:42:16.309+01:00,597168.7266705029,5673525.058147427,18;27;25;19,203.91048589063277,1861.7298269940557
12646,5462,2019-01-10T18:20:30.265+01:00,599136.0554011111,5672408.424206438,10;2;1,128.23368506090378,601.6559743075171
114975,48730,2019-01-05T08:50:18.674+01:00,599134.7571667116,5672411.793975115,10;2;69,104.55688805311573,655.2103069955564
25386,10862,2018-12-12T11:15:32.906+01:00,599129.7066724731,5672378.172602755,10;2;69,253.9068854988433,1046.1624619618117
41099,17551,2018-12-31T10:15:25.483280924+01:00,598576.7384233193,5676253.75573841,20;9;19,890.502110729354,2091.106024311171
9415,4073,2019-01-09T10:09:20.616+01:00,597072.5181898392,5673326.340627832,18;27;25;69,430.57613749585516,1902.043998794047
50305,21453,2019-01-10T17:59:56.713+01:00,599137.1379268549,5672407.5963937,10;2;1,118.1928813082158,740.7467538067453
115688,49054,2019-01-24T09:48:42.491335569+01:00,598838.5740711142,5675240.766685875,14;9;12,118.0140388288228,3941.866479357154
126757,53827,2019-01-23T11:00:49.407303508+01:00,599088.4796735432,5674715.99115995,9;14;18,323.96011486387937,3101.607223816865
43398,18539,2019-01-11T08:45:29.582496800+01:00,598943.2401719054,5674976.288981486,14;9;18,275.511860694838,3413.4568824854277
5594,2432,2019-01-02T09:04:07.337+01:00,597642.2611887689,5673891.344273515,27;14;18;69;32,252.68192161449988,6292.402172907373
10630,4605,2018-12-31T09:27:53.650848681+01:00,597803.0766842954,5675895.646806639,5;9;20;19;6;27,794.6668690750745,4180.239320323734
110657,46864,2019-01-23T08:03:46.029+01:00,599116.0179471413,5672367.2996115815,10;2;69;1,177.53657265138958,626.9224765189208
104357,44144,2019-01-09T09:54:17.54951268+01:00,597720.0116702938,5675685.70728062,5;6;20,2565.397305429017,5537.028625165193
57076,24254,2019-01-10T16:16:45.843+01:00,599498.7321945482,5674220.217712473,9;12;17;27,373.7111783550322,4704.584445978108
70009,29727,2019-01-09T09:49:09.095+01:00,598333.2501365475,5674028.443512531,14;18;69;1,789.1343422152676,4103.414202645678
101271,42873,2019-01-16T08:21:03.254070964+01:00,598116.5010735291,5676469.839949423,14;20;34;4,1053.8381562184566,4698.935785755976
34206,14644,2019-01-05T09:36:54.255+01:00,601256.0681092553,5675253.94909867,7;9;17;1;37;5,411.62082668496475,2629.5296156733402
89069,37725,2019-01-17T11:47:15.196607258+01:00,598096.4275724288,5676471.153453599,14;5;11;20;1;69;32;4,995.4625285195973,4621.09980786
20860,8955,2019-01-23T11:44:16.508+01:00,598192.2278725889,5676450.919973549,14;4;11;32,895.8178954468191,4539.919640291713
3800,1668,2019-01-03T10:53:31.938883066+01:00,598374.6924934803,5676598.696306311,14;20;5;11;34;9;4;32;27,484.2603273091553,4127.487336713118
102470,43357,2019-01-08T16:00:24.822+01:00,599456.4879032071,5674563.9756745715,12;9;69,329.2102061451659,4324.822021848761
33750,14474,2019-02-05T09:43:39.873451920+01:00,599201.0330558219,5674718.589672367,2;12;9;14;69;4;11;27,764.4565523269882,3180.939425456694
5712,2487,2019-01-15T07:30:53.334+01:00,599154.9985275716,5672390.542668588,10;2;69,146.68194420954828,1036.3699109063803
108234,45830,2019-01-14T10:41:49.45110450+01:00,599431.0562119436,5676970.856316414,14;11;5;6;9;70,546.3366095877826,3736.488608791484
80471,34121,2019-02-05T07:47:01.016+01:00,601293.0054097448,5673503.34325125,17;70;1;7;27,100.84789399044386,5012.838140229358
93771,39681,2019-01-30T08:30:04.835407822+01:00,597867.919272635,5676281.770967122,5;14;20,671.9616860774253,4819.923903856211
113263,48008,2019-02-04T16:13:19.824536555+01:00,599613.1698617135,5674371.810305936,9;70;12,1056.7411702050676,5145.529437678202
64028,27178,2019-01-03T13:51:17.822+01:00,599149.277261926,5672393.40269933,10;2;69,116.18430074651431,670.949744646357
101416,42920,2019-01-22T15:51:20.656+01:00,598975.766695407,5675669.887561527,4;17;32,795.8029447215947,4178.999318475027
68670,29177,2019-01-08T12:22:30.965+01:00,599129.4842922555,5672410.419149535,10;2;69,108.89609855288211,664.0971845520942
9260,4002,2019-02-05T10:16:21.760256546+01:00,598919.7882688232,5675477.424031623,14;20;9;69,386.1030359590618,3674.399632556525
73232,31082,2019-01-28T08:27:20.772731430+01:00,598526.9756435934,5676476.010161634,5;20;32;27,1344.3310843356446,3986.0861911763377
71420,30329,2019-01-28T09:55:11.389+01:00,597097.4561784967,5673494.854174477,18;27;15;69,371.02825884578175,2202.008358439648
91214,38605,2019-01-04T09:23:32.210651515+01:00,597075.9244574885,5673429.946061506,18;25;27,437.4048302596984,1573.1983308504025
51220,21819,2019-01-16T17:50:46.339+01:00,599136.0994093735,5672390.602223124,10;2;69,268.2121143221065,1522.3423998943456
10969,4756,2019-01-09T08:23:06.104039636+01:00,598757.6788300502,5675980.556463376,9;14;20;1;4,859.8438258987459,4164.7025005101805
1173,489,2019-01-09T10:24:48.970+01:00,599131.7428145488,5672414.281916591,10;2;1;69,127.2589457321992,462.3241286186069
91667,38818,2019-01-09T08:26:48.437941716+01:00,597458.1062135762,5675100.213909786,19;23;5;15,2417.8344158582267,2880.8802963577023
41660,17790,2019-01-08T08:36:56.316679276+01:00,599139.8300464919,5675143.035148758,14;9;12;11,152.97875468682656,3622.8545671406073
92704,39246,2019-01-02T10:50:16.660019565+01:00,598137.5207237572,5673453.945396537,18;69;27,511.8998929223814,1676.1875761181586
92817,39300,2019-01-25T08:22:07.917069941+01:00,598404.6031531127,5676445.653820524,5;4;20,1809.1323507341567,4917.755711603812
13633,5882,2019-01-15T10:48:25.468+01:00,600719.1896787662,5676312.34599527,11;37;2;7;9;14;6;1;4,253.69057547136424,1472.7660883826609
91391,38699,2019-01-31T06:17:48.934280196+01:00,601158.1748546523,5674058.293509888,70;7;17;1,753.8805697702063,4584.776627343176
47478,20237,2019-01-14T10:52:44.365300808+01:00,596914.3943764623,5673647.980160689,19;27;32;18,719.087438103863,2737.567105934492
54037,22983,2019-01-22T11:33:33.276+01:00,599252.562505294,5676916.051903843,11;5;4;9;14;6;34;70,466.0664916154581,4204.328033496172
21596,9258,2019-01-10T17:10:55.438515600+01:00,599135.7058544494,5672409.2661663005,10;2;69,113.40269705457163,576.4209839016797
54997,23389,2019-01-29T13:44:59.878312410+01:00,593171.1475792667,5673968.2319780085,15;23;50;25,295.409135972614,4310.824795632166
127764,54253,2019-01-22T13:44:46.441+01:00,597414.0268407459,5672735.324466166,18;19;23;27;15;2;25,1398.6673392869413,1041.9314120301513
122678,52021,2019-01-12T13:43:56.144+01:00,599301.463378706,5674479.9223691495,9;17;27;37;70;12;10,846.9646384551961,4409.59782169071
20353,8720,2019-01-08T08:09:03.622+01:00,598381.1302705649,5676665.867736,5;9;4,750.425532045409,5154.541339174247
62941,26726,2019-01-15T14:17:10.635519483+01:00,599055.4099187374,5676276.979730519,11;14;4,1994.8033758392585,4770.072413303957
22666,9695,2019-01-16T17:07:32.180+01:00,599138.8887429883,5672387.685587507,10;2;69,259.23460891995535,1281.223186432421
39384,16835,2019-01-23T14:16:10.385377306+01:00,598918.0644238573,5676228.499200867,14;9;11;17;27,1120.685896237869,4237.08114418833
124148,52706,2019-01-11T15:42:37.929+01:00,599209.7511727912,5673246.672521866,11;69;1,1399.3387392902284,6584.241166294294
78207,33167,2019-01-10T06:36:53.574+01:00,599129.7508299125,5672410.424293563,10;2;11;69;1,120.55832616584404,750.2591055998239
49526,21107,2019-01-15T10:00:07.425314943+01:00,596914.3770815085,5673647.131137638,18;32;14;15;27;19;25,364.4937625790551,1551.1085460018714
41236,17604,2019-01-17T16:09:14.441279251+01:00,600052.6929106521,5674103.253380917,17;7;12,1128.4082617280687,4482.300002163853
119548,50679,2019-01-05T17:15:14.277+01:00,599132.8651349115,5672407.938279974,10;2;69,103.36762159715232,727.2968228008078
53582,22786,2019-01-19T10:11:30.199+01:00,599116.2593550525,5672366.879916842,10;2;69,153.68516272905188,697.9865923768895
40716,17389,2019-01-28T14:03:39.309037102+01:00,597987.8836854813,5676374.023818996,14;20;5,835.1396457486808,4737.976450145674
42914,18327,2019-01-21T09:09:31.365+01:00,599111.0185926085,5672362.110907014,10;2;69;1,156.9758963410131,772.9491889618166
79501,33700,2019-02-05T10:52:42.563003061+01:00,598567.5743316397,5676170.830552203,14;11;32;20;27,759.3521344818291,4194.1591816499995
55531,23611,2018-12-28T17:44:35.499201191+01:00,598277.3475131947,5675213.013897082,14;20;32,420.788985246091,4495.510952859464
94412,39966,2019-01-02T09:52:42.93588084+01:00,598648.4663339924,5676855.1722444575,11;5;9;6;4;32;7,736.5319155550791,4695.869488200091
22968,9833,2019-02-01T10:30:26.401190287+01:00,599443.4631102952,5676966.428928243,11;5;9;17;32;34;4;12,700.2109498078493,3724.7462410460816
48607,20720,2019-01-23T14:59:56.46430415+01:00,595786.0423688486,5674977.074354471,19;5;34;25,53.41637079540622,5255.11561304822
85238,36163,2018-12-31T11:31:46.903499402+01:00,598163.8889587896,5674376.990028148,14;18;69;1;27,910.121320498469,3346.577579207299
93555,39596,2019-01-19T11:44:28.615+01:00,598343.8432542969,5674032.041245854,14;27;69,132.26244762107723,4839.04259467856
81686,34665,2019-02-01T08:08:09.45922513+01:00,601310.6784587041,5673484.171380865,17;70;1;7,304.49887028129973,5180.19475088066
22764,9737,2019-02-04T10:40:13.686433009+01:00,598637.8900756538,5676430.189630352,9;14;32;4;18;11;19,864.7456647414211,2633.88360843939
86681,36765,2019-01-25T07:42:02.795134861+01:00,597451.4150702682,5675077.171909215,32;23;19,1745.613422506017,2243.584899234673
128301,54472,2019-01-21T12:11:55.979471266+01:00,598510.5705004622,5676693.813295514,5;6;11,2099.1857211086203,5274.193261955895
63487,26941,2019-01-09T13:08:05.868+01:00,599130.6585813191,5672410.017459601,10;2;1,150.20931493340865,377.32929721297916
76803,32549,2019-01-17T16:46:19.854908897+01:00,600935.126983095,5676062.3981387615,9;17;7;1,1527.4615109813872,2705.4901717808116
5323,2318,2019-01-24T14:05:28.752157906+01:00,594255.0479917423,5674069.491389909,15;19;32;25,782.703223889739,2228.0937051295505
95441,40397,2019-02-05T09:22:47.513+01:00,601151.875104339,5673662.6663079,70;7;1,986.8506765988562,5275.71467778494
16048,6908,2019-01-05T12:52:57.449817547+01:00,600522.2060681278,5674349.217357229,17;70;9;1;7;12,768.5600075768541,4585.082463608216
81543,34603,2019-01-16T17:12:48.546+01:00,599138.1721359132,5672386.823049941,10;2;69;11,175.74434927844004,482.4987603281342
64186,27246,2019-01-04T18:37:19.465748724+01:00,598075.4627259678,5675125.129858379,32;20;69,287.70224334069775,3437.9464482012663
107775,45627,2019-01-11T09:24:10.716691229+01:00,599251.9583657878,5674397.064401016,14;18;27,1218.2047387063278,1309.815422785818
118790,50352,2019-01-21T15:39:32.110+01:00,599116.7661522996,5672363.070518552,10;69;2,143.232742414947,996.4284780709962
26595,11383,2019-01-04T07:23:45.818+01:00,599100.1604446986,5672420.462127178,10;2;69,128.3988152936935,625.3466436272478
99963,42302,2019-01-25T14:27:36.595+01:00,594959.9341522127,5675085.630970996,15;25;32;27,1717.914580017709,4152.059794310388
40453,17271,2019-01-25T19:00:35.450246042+01:00,598140.1846861979,5675052.105478734,14;32;18;27;11,324.1590691877114,3887.1618574409013
94946,40185,2019-01-14T12:03:47.845963683+01:00,599916.7882937657,5676612.801653929,14;9;7;12,1587.5165405548144,3016.0523259864126
23046,9868,2019-01-10T09:28:29.734+01:00,597058.6252115569,5673414.34248747,27;18;69;32;25,596.2652562406935,4433.008976810347
22151,9482,2019-01-28T08:04:04.417+01:00,598559.1049584973,5674485.55920454,14;27;9;18;11;32;2,258.55478561794973,3800.87302981057
77484,32835,2019-01-10T16:45:37.543+01:00,599133.4566578959,5672408.374049586,10;69;1,100.65736975554275,786.560517112345
3673,1610,2019-01-29T11:42:59.771+01:00,598384.2049320769,5676503.823421806,14;5;6;11;4,990.1399414656806,4896.8318761442415
68450,29077,2019-01-08T16:11:04.804+01:00,599132.6073534333,5672409.206364257,10;2;69,128.88976577833608,469.0010096188983
95877,40558,2019-01-03T12:08:46.233445612+01:00,597990.946039771,5674758.997019686,14;32;27;18,223.91722339278323,3784.8995897130712
85653,36352,2019-02-01T11:38:38.844404156+01:00,598083.9575450221,5675083.281328117,32;14;27,122.16004567960861,3869.8490473226616
66731,28339,2019-01-31T08:34:24.936161292+01:00,598440.8667502651,5676721.755539406,5;9;32;6;11;4,357.4632645916072,4524.922806744247
83277,35352,2019-01-16T10:19:28.617+01:00,598813.0921883236,5675877.232135961,9;14;4,472.41671501631697,4352.316871976377
24616,10541,2019-01-17T11:52:43.929+01:00,599132.931414364,5672382.054017128,10;2;69,153.13167376724988,466.29806233772877
113713,48195,2019-01-08T11:04:12.854511513+01:00,599070.0161836934,5674775.044392526,11;9;14;12;27,1706.2587336457993,4863.260757111155
102592,43401,2019-02-05T10:05:25.867+01:00,598100.9355780366,5674086.802976337,27;14;18;32,465.007106633172,5113.048183305557
38516,16487,2019-02-05T13:36:41.412626084+01:00,595136.2448978561,5675209.834673338,19;15;32;25,992.4419728499108,819.5631451603841
38220,16365,2019-01-24T08:42:20.516+01:00,598597.5861627928,5676375.097418333,9;5;14;20;27;32;70;1;4,1159.1896864338844,4183.0186794908695
110361,46725,2019-01-15T13:43:15.791+01:00,597672.3480325999,5673716.235536503,27;18;32;69,81.47379879367327,6383.111223526991
23526,10069,2019-01-08T09:10:42.848069922+01:00,598385.9222115534,5676567.085123114,14;6;5;11;20,507.2705036991142,4568.545094710336
111991,47442,2019-01-25T08:29:41.254898284+01:00,599197.1337560571,5675156.448785079,12;14;9,45.3056426969206,3190.7062133285185
33868,14514,2019-01-28T11:26:47.60477888+01:00,598556.928296386,5676189.2976087835,14;9;11;20,835.4806432793719,4310.677356884157
51947,22125,2019-01-21T10:50:47.780512198+01:00,599094.0176642798,5674720.765979343,9;11;14;18;69;32;27;12;4,408.90333906068713,3366.4095503313256
12989,5596,2019-01-21T12:32:57.980+01:00,599115.2919962922,5672363.466425573,10;2;69,153.62260763086243,712.1905701314844
10656,4617,2019-01-25T12:20:22.890113188+01:00,598804.9747005801,5673375.9341104785,2;18;69;1,885.3673590760623,3579.0403303386315
98049,41501,2019-01-04T17:23:29.998+01:00,599133.8313343937,5672407.956927769,10;2;69;1,104.5027946050033,720.1844493242659
111320,47142,2019-01-04T11:21:18.808509748+01:00,598098.6487865581,5676806.01080363,5;4;34;11;20,1563.6140218798384,5341.166722384471
65773,27924,2019-01-07T09:19:54.397060248+01:00,599925.4198957927,5676383.392047389,11;14;7;37,1222.4680632371735,3233.503117338114
14367,6195,2019-01-12T12:09:54.393909990+01:00,596186.0453138631,5675846.405726574,15;5;18;25,1434.6541783715209,2973.162735719101
123103,52211,2019-02-01T10:55:53.893+01:00,599135.8297995013,5672406.298086358,10;2;69,123.50067811611518,565.2494428135763
126979,53924,2019-01-22T07:55:19.818675400+01:00,597675.5930024935,5674319.723694392,14;32;69,708.0768949991117,4538.059948610064
46387,19778,2019-01-15T12:58:28.631+01:00,599151.8508840154,5672393.028025812,10;2;18,168.19910919649502,702.3850073916587
26226,11215,2019-01-08T09:04:03.361407178+01:00,599682.8450118364,5676710.095853878,11;9;5;7;14,288.1770463727551,3966.4785870611663
31065,13298,2019-01-24T11:10:57.379+01:00,597322.5053838858,5673620.054432405,27;18;69,367.80896857988813,6482.044056743904
105334,44570,2019-01-20T07:35:34.132+01:00,599116.1161730071,5672362.209270001,10;2;69;1,170.3515709015564,666.8235943252365
55448,23573,2019-01-22T12:25:36.750248044+01:00,598387.2993934347,5676481.392005866,5;14;11,902.4226826366402,5016.91017723706
125894,53448,2019-02-02T09:22:42.186792796+01:00,600587.7746758327,5674612.755312319,14;9;17;70;7;1;12,1338.9152789517054,2696.356756538039
87100,36923,2019-02-05T10:11:32.168+01:00,600511.7242115204,5676091.853603808,7;9;11;4,667.7267802363783,3231.2211474308297
5748,2506,2019-01-21T16:09:40.957503641+01:00,598387.0110369404,5676525.94365613,14;6;9;33;11;32;1;34;4,811.3384253154503,3818.0693570366134
66310,28147,2019-01-21T10:54:54.898698143+01:00,598805.0839271792,5673037.726978297,2;69;18,350.62381286915553,1921.6958336482344
62758,26647,2019-01-15T13:20:37.803976718+01:00,598082.4621470503,5674108.516276134,32;69;18,321.4354108577412,2586.2773471781434
61803,26249,2018-12-28T17:11:37.478+01:00,600323.1865448062,5676391.155638843,11;7;1,1206.0457582869753,3624.2536598859356
69494,29504,2019-01-08T08:06:41.937528586+01:00,598759.4553205596,5675967.860018481,14;9;32;17;20;70;5;27,881.4501073535835,3970.504080318602
29836,12766,2018-12-31T09:41:15.400539816+01:00,599924.7946614196,5676376.165781633,11;14;7;9,1037.675319214588,3819.9082080109206
64391,27329,2019-01-21T11:36:35.721+01:00,598241.7895374421,5674381.87517027,32;14;27;15,1009.8614245403601,2610.562452898647
116886,49540,2019-02-05T08:34:09.162773634+01:00,598439.6365004957,5676725.126763895,5;11;4;20,1186.6006174656522,5134.42415702555
51522,21953,2019-02-02T09:54:52.580+01:00,600593.3051623199,5674689.2482433105,9;14;1,1019.3963707540581,3272.6141766533688
57930,24599,2018-12-31T09:30:15.100+01:00,598483.1635989574,5674144.195003767,2;32;1;10;27,1284.822598999098,3371.8222868969933
9740,4212,2019-01-31T11:50:00.268161469+01:00,597915.7267121754,5676329.786392079,5;6;20;32;34,1998.4989102354373,5627.087909043277
128995,54755,2019-02-05T11:20:17.704+01:00,599122.8305130214,5672364.884956331,10;2;69,211.4179332434033,703.6197362821625
66228,28109,2019-02-04T10:11:13.733034178+01:00,598856.0387278575,5675331.914945486,14;9;20;27,233.24098376678802,3897.165186561454
63702,27038,2019-01-09T12:09:46.018+01:00,599265.2696571789,5676694.7836695,5;4;70,653.9490922551241,4654.661542911755
104235,44095,2019-01-11T09:32:29.410+01:00,597362.238432149,5673513.87168176,27;18;69,349.75173197920753,6699.541246983514
9070,3921,2019-01-21T19:56:15.132+01:00,599114.0002224176,5672361.319733826,10;2;69;1,210.9812425799194,460.64930462588916
50253,21430,2019-01-07T18:20:22.068+01:00,599135.1897218486,5672410.104910974,10;2;69;1,114.55363299003888,581.2918944087326
70151,29790,2019-01-08T10:35:45.754330314+01:00,598580.3053786999,5676451.149123094,14;4;5,273.26058528374017,4356.041783862012
28611,12231,2019-01-15T16:28:58.886991624+01:00,601148.0405174152,5674068.702816832,7;70;17,643.9985051403687,4301.060983265797
23050,9870,2019-01-02T14:49:53.662879649+01:00,598417.1068745822,5674704.771173523,14;27;18;32,549.6491482803755,2803.7845143792165
108210,45815,2019-01-04T13:00:51.683138127+01:00,598414.7684785001,5676071.992956252,14;20;4,838.7937441123784,4435.526735047769
22484,9621,2019-01-07T07:41:30.416297339+01:00,598569.7016838246,5676080.908311599,14;32;9;20,926.2076969494643,4316.589342566228
55832,23735,2019-01-10T06:48:29.437+01:00,599131.6990320863,5672407.91577426,10;2;69,109.74406589978717,661.1501347439389
125660,53356,2019-01-11T12:52:26.301+01:00,598994.0873810838,5673564.17033187,7;11;17;69;1;2;10,1509.8941845577192,4927.904664076482
2611,1130,2019-01-03T15:40:46.722952404+01:00,598445.6060422566,5675879.503582957,20;14;32;4,374.16367654246807,3938.3478406326703
38210,16360,2019-01-26T12:30:59.616+01:00,601221.6933767212,5675272.3671849435,2;7;9;1;17;70;5;11;14,1482.9088353786192,2107.703087661438
2690,1161,2019-01-21T11:52:55.253+01:00,597714.135820805,5673971.640958825,27;14;18,231.52240793334767,5554.275263241464
114357,48453,2019-01-07T18:51:22.919253490+01:00,598071.6845421063,5675127.603769244,32;14;20;27,109.22368555296312,3764.517086845435
86107,36544,2019-01-08T14:50:49.562424426+01:00,598682.9155864917,5675250.925996834,14;12;20,119.22620712680829,3949.933046530206
123009,52166,2019-01-10T11:59:28.744+01:00,597010.3531999155,5674074.989738745,27;19;25,630.9560626325489,5949.931793167015
34503,14775,2019-02-02T10:42:49.672571886+01:00,598592.4902247466,5673501.7016963335,2;23;18;69;27,1140.058592098429,2955.5193947037646
448,187,2019-01-11T10:42:50.989041033+01:00,598865.9290277746,5673431.000219834,2;1;18;69;27,932.0278129560422,3050.8458893146217
37941,16243,2019-01-08T17:39:04.470+01:00,599138.3127846697,5672408.892129145,10;2;69,146.27317706798397,373.76062707922654
115626,49025,2019-01-10T08:53:46.904+01:00,599196.8213494084,5675141.5903122695,12;14;9,350.88836838747756,3742.6411132953663
101759,43068,2019-02-01T12:21:01.21242899+01:00,598363.6204641515,5676441.472975881,5;32;6;9;1;20,594.2554334228385,4244.729460663509
96717,40932,2019-01-07T14:48:50.567433260+01:00,598532.7835269215,5675295.993112097,14;12;20,450.43951958699694,3537.9234109946096
50066,21356,2019-01-21T20:55:17.099+01:00,599117.649353925,5672363.936267623,10;2;1,179.69089095798148,557.8833348855072
82355,34951,2019-01-02T09:39:00.961733544+01:00,598524.6004590394,5676852.791404472,14;6;5;9;11;4,419.42172555714546,4484.657471737608
65695,27892,2019-01-18T11:13:25.810+01:00,599114.4929521116,5672365.14841931,10;2;1,202.3157301242236,424.4581491574729
34163,14626,2018-11-26T09:01:46.045+01:00,599037.3103963893,5673624.413386331,2;7;17;69;18;32;1;27,752.6846499923226,3347.9005315658865
83865,35610,2019-02-01T10:43:09.824+01:00,597181.7952009093,5673552.888158201,18;14;25;27;69,519.1932627266787,2362.5262894362363
36277,15515,2019-01-17T08:30:42.764455039+01:00,597676.0431959516,5674334.584536239,32;14;18;27;19,65.63723766001625,1967.0335404716027
87708,37162,2019-01-02T09:31:37.312415502+01:00,598523.0501185588,5676846.820658327,14;5;6;11;9;32;34;27,528.6718454420616,4387.268955238094
9540,4129,2019-02-05T19:47:53.173054932+01:00,597836.4814578083,5675839.844848242,14;20;19;23;15;18;27,1325.9746559698306,2925.7529570526763
44865,19163,2019-01-28T11:45:53.20675420+01:00,599859.1942386543,5674114.338266389,17;70;9;12,860.7844262905458,4992.532372220899
21103,9052,2019-01-04T14:12:58.375678618+01:00,597883.0641906837,5676091.949963654,5;9;34,1713.2606168361042,5628.800349383439
74969,31791,2019-01-22T10:37:08.337928470+01:00,599449.9287566348,5676964.43250779,9;11;5;6;4;32;7,477.4213392579627,3853.2910143436306
95755,40509,2019-02-01T18:58:46.817849315+01:00,598080.1706875106,5675117.581491828,32;14;69;27,332.84207710030523,3505.2652762089097
121560,51554,2019-02-05T20:55:57.577239284+01:00,597836.4814578083,5675839.844848242,14;23;20;19,1045.715073546654,3534.868526225161
8316,3599,2019-01-18T10:10:09.033+01:00,597226.2647423607,5673053.847088259,27;18;25;69,666.2596534963741,6695.2964857864135
69433,29473,2019-01-02T09:25:04.532992310+01:00,598206.6522902241,5676121.897800216,32;14;9;5;20,595.1704279362824,4154.346989200016
4445,1952,2019-01-20T08:03:31.117+01:00,599115.7491045897,5672360.504774565,10;2;69;1,198.9517155228456,437.1939562209665
120933,51284,2019-01-03T15:32:52.131928055+01:00,598450.3516323371,5675882.140764797,20;32;14;4,345.0272862693123,3770.691961453655
71925,30539,2019-01-09T16:13:34.712124668+01:00,599456.6592184547,5676591.553131913,11;5;9,1188.0481722749266,4571.0106054775015
19119,8189,2019-01-10T13:20:37.712+01:00,599131.5194898632,5672418.945491225,10;2;69,121.79833605210368,467.05269748559925
48254,20571,2019-01-15T13:43:10.411+01:00,599590.3863386993,5675955.91466226,14;9;12,925.8620097729038,3242.2587007435195
129221,54853,2019-01-04T11:27:38.104+01:00,598097.6257894582,5676807.264298883,5;4;14;34;9;20,1032.5956800350455,5052.101963850747
122092,51775,2019-01-16T07:53:52.570418078+01:00,596969.4171083967,5673442.785744358,18;27;14;19;32;15;11,526.4838045847714,1149.6687314200503
85870,36449,2019-01-25T13:42:18.519990385+01:00,592786.8708272359,5674072.873222326,15;23;50,642.0331623339216,4712.352662301497
105191,44505,2019-01-04T14:34:24.026+01:00,599133.4490398986,5672410.495668365,10;2;11,108.50771325485252,705.4438229145906
117850,49954,2019-01-20T09:31:02.448+01:00,599114.0335399422,5672361.320376725,10;2;69;1,170.28483360208824,634.9637245621241
41848,17870,2019-01-14T13:49:52.058+01:00,599171.4303079973,5673758.976321006,2;12;18,1168.0505768527219,4612.468122814943
24229,10380,2019-01-22T11:28:04.845325022+01:00,598297.2404993412,5676408.798379443,14;9;4;23;20;32;19,1154.5218097492034,3626.9240275463135
69415,29470,2019-01-05T13:22:34.452+01:00,599129.9594900857,5672411.701380054,10;2;69;1,122.84010928725058,530.3504861748712
38329,16410,2019-01-18T15:57:31.979631733+01:00,600081.0367983461,5674105.5033006165,17;9;70;7;12;27,569.1522690967377,4879.860872986921
118864,50389,2019-01-07T17:12:27.305443302+01:00,599134.1399453357,5672409.235943529,10;2;69;1,113.61799859791468,624.7519634056266
107851,45658,2019-01-29T13:44:20.566881971+01:00,592788.4723911855,5674080.1159204515,15;14;23;50;19;32;34,575.0196299638483,4610.829574358797
10986,4763,2019-01-17T17:19:06.531+01:00,599114.9342650026,5672364.732581913,10;2;69,172.00145426483704,921.2357453724603
88562,37495,2019-01-20T10:21:39.588+01:00,599113.826602119,5672365.135561321,10;2;69;1,152.35595789197708,777.5502384200176
9376,4054,2019-01-22T15:39:34.237225156+01:00,593340.9006054085,5673981.075380179,15;23;50;25,344.15224074264745,4231.0638248961395
94266,39896,2019-01-15T12:29:38.581+01:00,597763.4790756413,5673588.543102416,27;18;69,195.51401729311263,4302.542988708777
112591,47733,2019-01-06T09:18:43.502+01:00,599131.5090246538,5672412.579991858,10;2;69,177.596744474897,496.6864582510499
10532,4553,2019-01-07T09:46:56.069+01:00,600512.348476001,5676092.290193591,9;14;7;4,909.3274580427876,2745.4258400197787
21750,9324,2019-01-28T09:21:30.910467328+01:00,598492.3305765288,5676046.322742012,5;20;32,1484.8224992356327,3982.46858203912
10582,4580,2019-01-07T09:30:33.247925314+01:00,598518.9421389417,5676854.380135506,5;6;11;14;34;32;27,919.0049780401257,4608.0891090568375
63241,26847,2019-01-02T09:16:22.228970340+01:00,598874.4034579513,5675474.8519055275,14;9;20;11;5;6;27;1;4;12,143.4519463983893,3886.4832749757284
59226,25143,2019-01-30T09:32:02.178079943+01:00,600497.8694159508,5676204.03742499,11;9;17;6,753.4308558315672,3533.577469505102
72176,30643,2019-01-14T10:13:14.636162506+01:00,599059.002325525,5674624.185932832,14;9;37;15;32;2;7;12;27,590.5610631509337,1841.1508163615524
40637,17349,2019-01-15T11:51:55.033+01:00,599083.044854846,5674773.174121217,2;9;27,1521.336434437166,4086.392626381698
6182,2718,2019-01-23T19:13:09.300+01:00,598533.3893931067,5674608.552253429,14;27;18;69,598.8325880819747,2929.972690926571
39644,16940,2019-01-05T13:31:57.768097488+01:00,599613.4545635551,5675613.482199062,14;9;4;12,631.3970416183638,3240.2549572038297
67528,28677,2019-01-18T10:17:07.843407739+01:00,599097.2772698761,5674786.603894706,14;37;2;4;27,1569.4910011578013,1988.2196339811765
9272,4003,2019-01-31T09:19:25.196+01:00,601239.711766921,5673757.332292267,17;9;1;70;12;7,411.7401576427989,4648.371973898492
92903,39335,2019-01-09T11:45:02.459009624+01:00,599938.6175595752,5675550.210446745,9;14;11;12,407.08158690433595,3360.280500538755
32779,14045,2019-01-20T08:23:33.267+01:00,599110.9274023904,5672363.382206659,10;2;69;1,171.33673026389155,654.4706892960088
14294,6164,2019-01-15T09:10:29.97386019+01:00,597237.560742441,5673321.400709334,18;27;69,313.1245618333207,1363.7640247597144
98853,41839,2019-01-18T11:45:59.418909058+01:00,598569.8753956902,5676241.741943303,9;32;20;27;4,937.0572060937346,3660.344529821108
74725,31703,2019-01-09T20:31:19.734+01:00,599692.1804162981,5674964.472392208,12;14;9;17,69.08274119629827,4058.539799180017
44481,18998,2019-01-14T20:49:00.161+01:00,599143.8120897048,5672389.902381743,2;10;69;1,318.23966949234847,1861.5933378698103
17932,7706,2019-01-03T11:21:22.398509228+01:00,599700.1197936259,5676743.107142489,6;14;9;11;4;7;27,778.4788781551764,3490.7765305922117
102947,43554,2019-01-31T07:34:10.205+01:00,597013.2120021463,5674078.862901967,27;14;19;69;18;32;25,634.6892932834273,5215.18806415583
14904,6425,2019-01-25T08:12:06.851583710+01:00,598695.0916443231,5676803.024818086,4;11;9;32;5;20,944.8540758608975,4507.090202603241
32848,14076,2019-01-03T11:33:33.64078785+01:00,598076.450116,5675118.783443507,32;18;20;27,455.9437779160256,2984.3812725586567
54250,23066,2019-01-30T08:19:47.872614941+01:00,597629.7138150223,5672735.60088605,18;27;25,643.0823407767266,2951.0258565114773
48076,20478,2019-02-05T08:50:42.197+01:00,599122.4908721026,5672370.394992335,10;2;69,218.85929865096665,1557.2313820004551
107318,45437,2019-01-04T11:23:37.360314513+01:00,598495.9029384649,5676465.653286601,11;5;9;14;32;20;4,602.1380616419382,4481.0072352648
98343,41634,2019-01-07T11:03:11.153231427+01:00,598427.8816039918,5676464.772010755,5;14;9;32;34;4;27,1457.6964209064504,4660.314112518364
124310,52778,2019-01-21T12:30:22.501+01:00,598604.8913286673,5676726.179171427,11;14;5;4;9,977.4268381038037,4791.394286089564
26423,11299,2019-01-22T09:44:46.432654882+01:00,598861.8447007786,5675319.296161118,14;9;20;11;27;12,92.49488817277559,3854.761538214463
20916,8981,2019-01-25T08:28:26.431081394+01:00,598581.871235904,5676371.40056044,5;32;4,1219.8069547053599,4158.616601985613
57053,24248,2019-01-31T11:45:00.577698686+01:00,599634.3640448743,5675610.493315372,9;11;14,494.09770417897374,3804.5049409653525
29213,12485,2019-01-09T13:35:49.325+01:00,598674.9632961896,5676396.9542438965,14;5;32;11;9;4;20;19,227.8077087572702,3402.2904577643153
39381,16834,2019-01-11T10:31:19.58322208+01:00,599448.305885283,5676963.976683192,9;17;6;32;5;4;34,1336.2473933911738,3494.5280020344862
27606,11793,2019-01-22T16:36:54.656+01:00,599114.6402885179,5672357.512906963,10;2;69,186.03314544895014,464.83702356962885
128026,54356,2019-01-03T07:56:47.575+01:00,597009.7246177885,5673513.988955377,27;18;25;1,690.7828401387162,5876.163877379188
12828,5530,2019-01-11T11:32:58.584546964+01:00,597755.1151516023,5674891.989732356,32;14;27,162.151883761547,3786.2219070508622
107127,45352,2019-01-17T12:55:45.082+01:00,598661.8096793048,5673326.078158737,18;27;69,875.8720996072467,2651.3845478117846
101721,43054,2019-01-07T09:09:29.174149591+01:00,598401.610453702,5676836.002311698,5;14;11;70;20;32;34;4,623.9853039727143,4590.08728689072
98403,41662,2019-01-09T17:37:48.107+01:00,599135.4316978964,5672411.382640742,10;2;69,125.32428736333551,466.4469310418441
99656,42171,2019-01-17T10:11:52.103528739+01:00,598902.494417504,5675536.500341655,14;9;20,373.19030737335294,3924.244108961213
79627,33752,2018-12-31T12:25:17.662299019+01:00,598440.8339283338,5676470.112804203,5;14;9;20;6;11;32,590.8855354089577,4456.91886538942
2736,1181,2019-01-02T09:04:50.465202437+01:00,599198.9928391434,5674744.860248413,9;14;12;2;32;1;27;7,98.37057405879078,3820.732158290889
18891,8096,2019-01-29T12:19:33.89407191+01:00,598613.8432545981,5676529.026296672,14;11;19;20;4,353.7974974851508,2175.0073930382887
44133,18844,2019-01-07T16:12:42.646855313+01:00,598430.3014300076,5674720.3009004835,14;27;32;18,131.1907367755262,3765.643076181455
13435,5789,2019-01-07T13:58:36.742+01:00,599135.539836719,5672410.960374715,10;2;69,97.36339449625723,744.0206244230825
19680,8438,2019-01-11T12:27:32.262+01:00,599408.0684928761,5676959.377432746,11;6;5;14;4;32;70,995.4118544605797,4317.118731631265
64725,27474,2019-01-09T14:37:42.574+01:00,598233.4144271137,5675343.297761294,12;14;20;32,907.234328020738,3502.0691620287216
124062,52664,2019-01-14T13:18:11.937267873+01:00,598664.2803527057,5676384.442475323,5;14;9;20;34;18;4,871.0553286072495,4080.626170940837
49105,20929,2019-01-17T15:31:08.114614966+01:00,598443.3279178204,5675904.496746953,20;14;32,569.6070328298567,3973.95922845299
127346,54069,2019-01-21T10:32:50.811778489+01:00,598757.04461098,5676110.39680699,14;9;20;27,958.1871074773787,4080.5729660200063
25158,10768,2019-01-29T10:03:19.925752883+01:00,598379.6437035335,5676427.352211234,5;14;32;6;9;27,570.6224330676786,4311.105125706327
70976,30147,2019-01-17T13:28:41.399+01:00,599134.8240256164,5672387.607135591,10;2;69,125.57106047275434,646.9528029432728
25048,10728,2019-01-07T17:48:46.928+01:00,599135.9063259646,5672410.967448189,10;2;69,123.48431601525598,483.6137095113346
29136,12452,2019-01-10T14:52:36.510226770+01:00,598523.7972762961,5675306.005061358,14;12;20,234.56353800825337,4196.766353438343
50862,21672,2019-01-09T18:04:41.897790714+01:00,599139.6525268462,5672405.098809276,10;2;1;69,169.33215351093386,444.4465641343823
41600,17764,2019-01-08T12:38:39.684+01:00,601219.9357999527,5673338.94828753,17;1;70,366.7603594816197,5223.889187345434
46199,19699,2019-01-07T14:06:46.149683631+01:00,598002.9125492307,5673159.845397809,18;69;27,233.5986030926165,1503.3399870160188
90073,38119,2019-02-04T16:18:40.701+01:00,599126.2060556277,5672371.3153947815,10;2;69,219.3980110290372,1315.7045874105922
129001,54756,2019-02-01T06:19:43.175069876+01:00,601149.647091591,5674075.099866058,70;7;17;27,562.1850985075406,4650.459912991267
33498,14370,2019-01-10T14:34:47.230451181+01:00,598006.7196837607,5673192.593066663,18;69;27,228.64289724307793,2299.379383500923
98144,41548,2019-01-31T12:30:29.585114757+01:00,598383.9252416716,5676492.360496997,14;32;11;5;6;9;4,493.12454201693,4397.905575392994
76961,32609,2019-01-23T09:47:14.755570391+01:00,598852.0950367891,5675268.61015936,14;20;12,182.3282573814419,3838.8512315268645
8677,3745,2019-01-14T16:43:23.360+01:00,600675.635636032,5676250.807590254,5;11;7;4,1584.8449579786593,3501.134018278995
108027,45738,2019-01-21T09:21:37.646686116+01:00,597058.8984770231,5673412.225910352,18;25;27;69,480.66688536159126,2120.0718931493225
829,356,2019-01-30T10:39:54.902+01:00,597918.9021501159,5673996.760006807,27;32;18,369.7131996352781,5549.740265179264
115171,48815,2019-01-06T13:06:12.342+01:00,599128.2058596812,5672423.1250712285,10;2;69,117.44858916029787,503.16995817785715
75950,32207,2019-01-04T13:49:38.928+01:00,599133.2666488615,5672413.038267154,10;2;69,110.36245922290384,599.0583134412607
90878,38454,2019-01-03T17:36:08.379+01:00,599107.1471263625,5672415.929047266,10;2;69;1,153.6796917398759,461.7702174566254
47418,20211,2019-01-21T08:30:31.625928199+01:00,599109.1707701389,5675172.996516153,14;9;12,43.45348030412363,3479.8565239620534
125771,53397,2019-01-22T07:57:49.579335935+01:00,596951.8886152529,5673532.840928616,18;27;69,647.4859826022845,1740.338765301489
129104,54802,2019-01-04T19:12:31.838+01:00,599136.7146941136,5672412.256109806,10;2;69,102.8570346723894,655.2983325336135
56243,23908,2019-01-04T15:56:14.652732205+01:00,598586.5598327279,5676337.117948474,5;9;20;23;27;32;19;4,1440.393158809667,3186.2568596783676
34757,14890,2019-01-22T11:28:05.387+01:00,599114.4596346125,5672365.147776408,10;2;69;1,152.44644738319124,787.9186688007235
75590,32067,2019-01-03T11:34:01.849147014+01:00,598728.1070853936,5676094.563078783,14;9;6;5;37;11;70;32;27,573.8141850095911,3982.682491310084
103108,43619,2019-01-17T16:42:12.469+01:00,599116.6410677776,5672362.643751754,10;2;69,148.00774933189282,777.1234217556236
1485,642,2019-02-05T19:14:54.929622506+01:00,597836.4814578083,5675839.844848242,14;23;19;20;15;18,1029.038959835939,3666.111406400727
2011,866,2019-01-14T16:48:39.756602687+01:00,600727.6753949394,5676551.851763789,11;4;9;7,966.1441051134652,3492.584922806862
11100,4815,2019-01-02T09:46:22.675961022+01:00,598647.6429382877,5676856.429473088,11;5;6;14;32;9;4;7;27,471.7553875478985,4480.831631847804
29542,12626,2019-01-23T11:27:17.473426688+01:00,597493.1880582138,5675168.352031239,32;5;19,152.92560413714443,3100.269754513894
19525,8360,2019-01-18T10:13:18.731+01:00,597224.6059410016,5673051.693939352,27;18;25,625.5901476319954,5479.7462413381845
129551,54983,2019-01-25T15:48:40.308929936+01:00,598519.8203890186,5674766.999873227,14;32;27,264.46534967556875,3802.8113857885064
96959,41040,2019-01-02T09:59:32.744680616+01:00,598648.7016257204,5676969.328284619,5;11;6;9;14;4;34,1135.546255619625,4928.4811097840175
76200,32322,2019-01-06T09:28:43.866+01:00,599130.4767616204,5672414.2574820835,10;2;1,99.5718997954883,747.7134625822999
41040,17531,2019-01-23T09:42:00.908136560+01:00,601031.9743600329,5673918.740265349,17;1;9;12;70;27,582.8345605736304,4408.1061293057855
31656,13546,2019-01-11T17:58:29.277671943+01:00,598153.654696935,5675002.713846488,14;32;27,314.5404521884424,4263.3260444500365
92049,38973,2019-01-07T08:47:34.774763685+01:00,598890.1351345003,5674722.35031195,9;69;12;27,467.04103344626003,4646.357854041415
73365,31133,2019-01-09T11:14:28.397420552+01:00,599551.3267654174,5676904.44344067,5;4;6,2871.39426358081,4216.567902446376
38140,16328,2019-01-31T10:43:37.319690778+01:00,601030.0173758257,5673569.4542055335,17;1;70,763.5219820915668,5263.139892815942
104684,44295,2018-12-31T11:13:03.389+01:00,599122.5565047781,5673803.438399246,1;69;17;37;27,1880.256573569963,5762.750440198362
33569,14403,2019-01-21T08:32:08.687042755+01:00,598569.4397244272,5672872.793476702,69;18;25;27,386.4626000329457,5612.709019421397
15873,6832,2019-02-04T16:41:26.795+01:00,600512.7727783759,5676085.933115502,9;17;7;11,881.3917440389142,3272.854827365088
130427,55373,2019-01-23T10:19:55.398680312+01:00,598712.3384741003,5676280.5513770385,14;6;32;4;5;17;20,379.01079618791033,4013.0846032939594
113672,48176,2019-01-08T06:42:48.196+01:00,599133.2485675479,5672408.794386574,10;2;69,104.4938180938444,701.743965781224
220,102,2019-01-08T09:54:01.657+01:00,597952.9977112549,5676411.549325243,14;33;4,618.146959590858,4503.167364597425
19654,8426,2019-01-29T09:27:41.879704439+01:00,598293.2719318069,5676429.940025421,5;6;32;9;11;27,1735.8864709686159,5241.650028907913
55505,23598,2019-01-26T10:03:19.026+01:00,599431.2669914257,5674232.065520762,12;17;2;69,478.4811110738029,3669.466282953273
24802,10623,2019-01-14T14:21:33.750393433+01:00,600634.4383985471,5674513.097002014,17;7;9,85.83573991114658,3796.932411920045
96439,40801,2019-02-04T16:57:38.494+01:00,599126.9074377374,5672376.421167888,2;10;69,318.0301680100471,2409.9335574330917
79330,33622,2019-01-16T13:28:57.626+01:00,598270.3343647581,5673484.068402521,69;27;18,510.45426954216674,3801.002136152598
3599,1583,2019-01-29T10:51:17.258+01:00,597879.0403035188,5673918.767977324,27;69;18,480.0603403949937,5077.159270947307
125457,53274,2019-02-04T14:22:07.31693409+01:00,597211.1904581077,5673112.546174729,18;27;69;15;25;1;32,256.5025054778622,1360.6548458122334
43753,18676,2019-01-22T11:17:59.790+01:00,598449.082197164,5674011.991998399,14;27;18;32;69;1;7;25,328.2567248192025,3728.192495343823
79384,33646,2019-01-22T10:38:33.186+01:00,597425.2847747931,5674368.859383182,27;5;32;19,415.5776622666104,4892.46168214535
85973,36489,2019-01-20T20:24:44.098+01:00,599115.7350363146,5672368.1428585695,10;2;69;1,168.2380111123132,596.6440798002105
117740,49905,2019-01-07T10:08:28.203794229+01:00,598705.0711603471,5676917.792752888,11;4;5;9;14;32,1435.9166302518943,4835.97665735453
65184,27682,2019-01-30T11:22:50.348331061+01:00,599096.9255231643,5674963.553057183,14;9;32,355.4513914817758,3737.716830350052
71457,30340,2019-02-04T08:04:20.560624778+01:00,601382.6207791537,5673484.3182845535,17;70;37;1;7,668.250055898586,4684.668559804906
130337,55332,2019-01-03T19:02:27.682+01:00,599106.4141486305,5672415.914904442,10;2;69,192.63857954023578,545.4281043692611
44888,19175,2019-01-28T11:10:02.768669269+01:00,599095.8816489858,5674639.750226212,9;14;27;12,415.00815757785284,4119.251309050277
126470,53690,2019-02-01T11:34:25.860684546+01:00,597749.3486557641,5674983.115440814,32;14;69,202.04391140047244,3862.8152442663386
18331,7877,2019-01-08T09:56:46.523414906+01:00,597952.4740440487,5676412.812384634,11;14;6;20;33;18;32;34;4,864.2608761796756,3660.2493432797132
63005,26753,2019-01-02T09:01:39.491010579+01:00,598494.1669926894,5676039.1439784635,14;32;20,897.9805454122767,3981.2305449320124
46444,19796,2019-01-31T12:13:59.223743834+01:00,599632.1324810067,5675607.055130374,9;14;11,258.1684343538342,3777.187950558326
40633,17346,2019-01-12T09:54:17.940+01:00,599268.5595336985,5674107.126727521,2;69;14;17;12;70;27,1426.871756538357,4392.852216974136
128890,54717,2019-02-05T18:49:14.105854451+01:00,597836.4814578083,5675839.844848242,14;20;23;15;19;18;32,1323.9583722771663,3365.947401248339
108735,46042,2019-01-28T11:43:38.64198233+01:00,598564.5335581249,5676225.089486916,14;20;19;4;27,1000.6220348593504,3799.1746004566703
80171,33978,2019-02-01T14:07:18.765564286+01:00,599595.343340071,5673679.764914244,2;17;1;27,1091.7274337559836,3835.811680520613
91897,38911,2019-01-18T07:06:44.286+01:00,599116.2997071136,5672363.061517747,10;2;1,218.07446906954598,467.1686051792514
114046,48325,2019-01-03T10:12:32.291804339+01:00,599927.9588586248,5676446.246500342,11;7;14;37,1717.9007631105023,4069.142985828553
33172,14228,2019-01-31T12:16:52.256129829+01:00,599826.8694788457,5675724.567819514,9;11;14,364.3892023713888,3681.521023487258
6040,2642,2019-02-05T13:27:44.412381926+01:00,596603.5530291505,5676107.586220585,5;32;14;18;1,1529.8852907246842,5200.511952899899
42666,18224,2019-01-16T10:39:29.260990902+01:00,598572.7633027581,5676179.841693048,32;5;20;11;4,394.8016649644848,3571.129170874799
10200,4408,2019-01-21T14:41:01.991+01:00,599111.568043131,5672361.272802843,10;2;69,150.78144460267515,798.9077658531398
78449,33270,2019-01-24T10:34:32.190079230+01:00,598823.1837483455,5675863.422793488,14;9;32;20;4,483.0752874154808,3886.5995632943814
27275,11659,2019-01-24T10:18:20.787+01:00,599049.2185570692,5674646.063555912,2;14;9;69;12;19;27,715.1628737406005,2663.9598564299163
16255,6986,2019-01-30T10:35:29.313974524+01:00,597955.9211017317,5676542.730214894,5;9;6;11;14;20;32;34,786.2974832577462,5158.293450902193
15601,6719,2019-01-09T12:15:01.150380004+01:00,598383.1730062806,5676522.89956462,5;9;14;11;32;20;34;27;4,314.0932760888066,4552.130247075797
93069,39397,2019-01-28T19:55:25.127015334+01:00,597935.2464128552,5676350.527939666,5;6;14;32;4,1592.7347277401714,5230.002324621093
106094,44891,2019-01-06T13:45:10.901+01:00,599132.4108659856,5672419.387047893,10;2;69;1;27,108.5997541356915,624.9887252076621
95434,40391,2019-01-24T08:13:02.558695495+01:00,598427.9452529094,5676457.983565153,11;5;14;20;4;32;34,746.163158541012,4587.266636406356
87565,37107,2019-01-16T19:55:43.334+01:00,599134.5247384657,5672389.298771862,2;10;69,411.0705967061288,3004.0063936555207
80716,34240,2019-01-17T10:04:17.954771791+01:00,597961.1764122023,5676550.044575954,5;6;11;34,1955.6702495892296,5779.259572457481
67638,28725,2019-01-08T12:24:26.179512492+01:00,597435.1706187312,5674787.0320535125,32;19;27,297.32077887192355,985.2319543062893
19310,8273,2019-01-25T08:26:51.256842066+01:00,598596.4793921867,5676375.500500526,14;9;32;5;20,888.4142698008623,4080.151330294395
1378,590,2019-01-21T14:43:39.838+01:00,599112.4342987683,5672361.289517856,10;2;69,161.23429305481804,654.9251613096612
98508,41708,2019-01-04T14:42:02.554897995+01:00,598285.8333020624,5674762.938122025,32;19;27,660.2518105096922,2285.471128872007
46842,19966,2019-01-25T08:39:20.165702125+01:00,601217.9882721263,5673530.720343588,1;17;7,1269.8131577301367,5505.936059586823
7454,3271,2019-01-14T14:44:27.651194535+01:00,598669.8137342804,5674629.420194544,14;27;11;9;32;69;12;4,219.0654529930406,4271.581609947676
32840,14074,2019-01-19T07:48:36.026+01:00,599115.2335466869,5672363.040944637,10;2;69;1,200.1388698598828,543.084131624909
77045,32642,2019-01-03T14:48:22.278+01:00,601109.5817432004,5674036.966968146,1;70;7,1325.6625600706475,5186.74629776357
23346,9997,2019-01-30T16:05:00.289636261+01:00,598767.980042055,5676332.969289118,9;11;69;27,1149.418461449576,4627.0054194588865
79279,33598,2019-01-17T09:23:56.481067671+01:00,598116.1610644861,5675750.979254284,14;20;9;5;11;32,535.0560593429329,4316.022259554235
64714,27468,2019-01-22T10:45:33.847051366+01:00,597240.8166673923,5673357.107675515,18;69;27,334.47382363918643,1710.7187626004525
12109,5226,2019-01-15T09:06:25.141022803+01:00,598354.3034019662,5676135.335190328,11;14;20;32;5;6;19;34;4;25,752.1323228165788,3192.1445972345823
99856,42257,2019-01-14T16:15:22.354603623+01:00,598350.7060998179,5674711.985432886,14;32;1;19;27,136.98103141187423,3212.8640603707354
121373,51465,2019-01-18T16:50:15.601608384+01:00,600515.5693804658,5676084.29046906,9;1;7,1593.9170934254948,3269.011517171806
106205,44940,2019-01-03T12:10:24.598588176+01:00,598090.5344800841,5676805.431264608,5;14;34;4,1313.3643298594816,5088.587401077875
60337,25611,2019-01-09T08:45:27.875670394+01:00,598070.3797431644,5675115.696969875,32;9;20,99.75019940371902,3597.6651424236193
34697,14865,2019-01-30T13:06:26.721951690+01:00,596786.3330437916,5676688.147104377,5;6;34,2023.1281909819845,6681.939563839527
43570,18609,2019-01-15T12:58:13.543+01:00,599132.9262629811,5673811.701344228,14;1;27,261.0571950805641,4771.486416659276
7372,3240,2019-01-24T17:05:23.725835629+01:00,600715.2364188635,5676298.264497907,11;9;37;14,781.7091223801765,2521.9229715553597
26076,11163,2019-02-04T10:09:36.073+01:00,599115.7054760982,5672428.400429148,10;69;2,100.04330994342604,734.4745476770476
30233,12940,2019-01-10T18:16:48.633+01:00,599136.4552077584,5672408.431922993,10;2;69;1;27,102.7720852479736,745.6524517236307
20869,8959,2019-01-21T12:28:47.114787724+01:00,598603.7431879028,5676727.005809468,5;32;9;20;4;34;7;15;27,1304.749501070205,3413.2958444392334
114206,48395,2019-01-04T09:51:30.602+01:00,597117.7628854484,5673501.179105346,27;18;14;19;32;25,642.4116327786419,3540.1541861417813
44616,19059,2019-01-07T09:49:36.306375005+01:00,599099.5913795837,5674628.788629422,14;18;32;27,985.7931139832207,2001.4977298355702
76423,32407,2019-01-29T09:22:43.548+01:00,599740.652194137,5676521.956054462,9;14;5;7,1160.2786646023205,3396.1945660573288
105251,44535,2019-02-05T18:52:54.321688058+01:00,597836.4814578083,5675839.844848242,14;20;19,950.0192376189406,4503.660338549195
67656,28734,2019-02-01T12:22:36.979064241+01:00,598387.5775137648,5676470.364133983,14;5;9;34;32;4,725.3164938908552,4262.768352532453
40869,17459,2019-01-21T19:09:19.602+01:00,599114.3836620257,5672362.1758388765,10;2;69;1,168.2369951002215,703.1024142699943
101750,43064,2019-01-03T12:34:06.872927313+01:00,597818.203837235,5675991.414443626,5;14;9;6;25,1367.5621666177115,5614.985773261866
14484,6241,2019-01-04T07:47:12.687641407+01:00,597979.0027271307,5676485.034671634,5;9;6,1258.4151979585006,5643.826954082854
56563,24050,2019-01-10T10:01:44.67918411+01:00,597102.2984433316,5673407.954275362,18;25;27,390.2172801418054,1092.2459242491443
84788,35979,2019-01-29T11:36:40.908063276+01:00,598464.4016062708,5674305.937833365,14;27;32,546.7842570359097,3975.9084882522006
48624,20731,2019-01-15T14:26:26.901284014+01:00,598937.0337736149,5674916.335356185,14;69;9,251.25561555777603,3756.4772525258686
53249,22635,2019-01-04T18:07:13.481+01:00,599136.5715340108,5672407.585461848,10;69;2,96.7344392120988,781.307343967664
121714,51608,2019-01-14T17:03:10.351+01:00,599155.1978693983,5672388.849103922,10;69;17,165.04582136459186,1195.1202698668744
12383,5337,2019-01-09T18:25:13.853+01:00,599133.9739281224,5672410.930151986,10;2;1,155.930333364634,419.6320413772329
52417,22315,2019-01-07T11:36:25.676+01:00,599137.554676039,5672408.45314368,10;2;69,117.15594206656318,536.4793389294781
73243,31090,2019-01-14T09:30:22.719916078+01:00,599741.3216715564,5676830.052812683,11;14;5;6;9;4;27,633.121485043707,3655.7126849300985
107924,45694,2019-01-03T13:20:48.817+01:00,598611.2733543061,5676470.415945954,14;5;32;4,738.2755196033913,4006.0452422931867
77420,32805,2018-12-18T12:34:28.683343668+01:00,600308.5474391212,5675802.707988249,14;37;17;5;11;20;1,71.92738344135604,1875.1181076166624
66807,28374,2019-02-04T14:59:50.441796601+01:00,594959.3856615324,5675086.469510658,19;15;14;27;32;25,897.9042280209025,3377.927320003966
48450,20663,2019-01-14T08:41:38.882868296+01:00,598747.5683438985,5676031.708773478,14;9;20;6;11;27;32;4,778.5322457227553,4121.855944092579
4331,1892,2019-01-15T07:42:29.033+01:00,599153.0994392931,5672390.506008454,10;2;69,185.12319474551518,1061.2340760585282
17063,7344,2018-11-20T11:38:14.864442535+01:00,598080.4506856163,5675111.645910484,14;20;32;9,433.2865717243483,4029.560694738586
108091,45761,2019-01-10T13:41:42.459+01:00,599134.0750173067,5672414.326928345,10;2;69;27,98.78400567920615,710.1575338929239
82855,35156,2019-01-04T12:31:43.359+01:00,599129.9851906525,5672413.823641824,10;2;69,100.93961550122678,725.1922338754181
47218,20142,2019-01-10T15:12:20.488+01:00,599127.7687415333,5672411.234746991,10;2;69,141.89172626912213,409.9369591454905
112987,47899,2018-12-31T10:41:43.333265821+01:00,597951.5305292464,5676518.033899561,5;6;9;11;32;70;19;4,618.3131381114113,4676.055426247815
94347,39935,2019-01-23T16:13:21.925379489+01:00,598367.1961745594,5674724.183319806,14;32;27,244.9930666873448,3684.3614345196243
96845,40987,2019-01-25T16:09:45.104891299+01:00,598519.5014600889,5674761.052806224,14;32;27,300.4144741209144,4006.4738023950163
7205,3168,2019-01-02T09:48:34.134847125+01:00,597891.4826252444,5676376.851203082,5;6;9;11;4;25,1654.4111151943362,5813.5271835497815
84388,35810,2019-01-05T09:31:17.274086113+01:00,596912.2773324853,5673645.394110663,18;25;19;32;15;34;14,202.76778929941187,723.6548521405589
40575,17323,2019-01-14T14:07:13.800+01:00,600223.347983672,5674690.498062214,12;7;9;11;27,488.66641164449686,3755.572737544428
72641,30837,2019-02-04T11:16:54.343+01:00,599123.7405635407,5672371.267814998,2;10;69,356.98244441865836,2487.3508157187675
47687,20323,2019-01-21T08:41:03.474+01:00,599111.6756037425,5672359.153112955,10;2;69;1,162.10157748590245,806.3125394594923
7919,3448,2019-01-10T08:37:36.121+01:00,599134.499384909,5672413.062059312,10;2;69,106.95156455232389,627.2538333739033
56813,24151,2019-01-31T10:52:50.799+01:00,597688.2566915423,5674263.526027542,27;32;18,382.56135723864406,3689.3735229745107
37142,15893,2019-01-10T10:44:07.120135208+01:00,599450.2361843975,5676962.316682816,11;5;6;32;17,740.7121296397448,3985.908427485072
103071,43603,2019-01-31T11:48:25.146758936+01:00,597916.9351180932,5676332.77992657,5;32;20;9,1769.4956605837876,5625.188882508778
129457,54944,2019-01-14T10:09:44.791796215+01:00,599423.4912588566,5673792.283081369,17;11;27;12,1310.3908164891632,5568.671536439838
102800,43494,2019-01-24T07:55:49.289728276+01:00,598022.2617914529,5676481.617589028,5;19;20,1635.2970305105778,3943.3879452837227
16046,6907,2019-01-10T08:31:42.351244623+01:00,598385.0460005804,5676486.016681271,14;6;32,628.061066134553,4451.7127322758115
51251,21831,2019-01-29T11:39:35.661+01:00,596900.249619985,5673662.989725228,18;27;32;25;69,676.6988273629104,2111.149165600973
8507,3683,2019-01-22T13:17:15.610131158+01:00,598310.5534459009,5676456.156777101,5;6;32;15;4,1946.7796246655043,3641.915281032404
54635,23229,2019-01-04T12:21:07.902791855+01:00,599614.7918137596,5675599.504389563,14;9;4,699.617849446442,3325.3146381856864
114552,48529,2019-01-16T08:52:11.870473058+01:00,598280.3285658917,5674222.20774296,14;19;32,1087.8711598824757,1315.1537108747193
27116,11603,2018-12-31T11:45:41.181316140+01:00,598107.3385435003,5676504.886034166,14;5;6;20;32;9;4;11;34,65.2657502518389,4514.2529802742
94852,40143,2019-01-28T09:45:49.662+01:00,600519.2076896996,5676119.583585187,7;6;11;37,973.7975535698516,2534.3095917438513
81682,34663,2019-01-18T10:07:10.170+01:00,599083.0672284056,5674687.454910373,9;27;14;4;1;12,257.1308720057843,4638.853138878543
53482,22742,2019-01-28T08:42:20.755652552+01:00,597821.5075404673,5675900.241700517,14;20;19,877.1926260215932,4013.4362897556716
64713,27467,2019-01-10T18:51:04.426+01:00,599136.4481565463,5672412.2509654155,10;1;69,97.63823771163273,785.3065551892549
44085,18817,2018-12-31T08:47:56.917+01:00,598238.1047769734,5674168.77987286,27;14;69;1,594.6707544889699,5560.965827619989
16557,7124,2019-01-07T09:39:37.219+01:00,598495.3242481104,5673722.197502085,14;27;18,603.7003126878919,2677.233491881942
1156,481,2019-01-11T10:43:24.834620383+01:00,599451.1016645058,5676962.333464679,32;9;11;6;17;5;4,1350.7771252638122,3048.9269016107496
88357,37419,2019-01-29T08:02:20.993809121+01:00,600847.8867798034,5674676.420933838,17;70;7,1165.6804975856498,4122.914023797817
77231,32722,2019-01-24T11:23:32.574266507+01:00,598353.3212957218,5676339.430553652,14;71;20;4,11491.446998981291,3692.7053778576756
65440,27788,2019-01-06T06:43:57.012+01:00,599135.3890566975,5672408.4113455815,10;2;69;11,108.59110278701343,745.5672278224608
96602,40874,2019-01-31T13:53:05.348535652+01:00,592785.9512036433,5674075.826968594,23;15;50;19,968.2375415853212,4063.8571028441684
110866,46952,2019-01-21T10:15:44.145882406+01:00,599097.4543578107,5674715.315721052,14;2;18;4;27,541.4186540371724,3023.0056584139147
106793,45204,2019-01-07T09:39:53.43615848+01:00,597958.3746766621,5676412.500706544,5;9;14;6;20;32;4;19;25,1080.0469012710648,4741.246067335401
62304,26461,2019-01-08T15:50:10.531+01:00,598368.4690032284,5674722.085950049,69;32;19;4;27,631.2828521461427,2999.361595044421
122862,52100,2019-01-28T08:33:07.777235220+01:00,598751.8281025846,5676049.1893084375,14;9;11;20;32,659.2391816154848,4081.7069740672327
35919,15379,2019-01-22T11:15:25.705569889+01:00,598583.4655084572,5676258.977260415,14;71;9;11;20;4,16221.683789807441,2854.190772099742
128099,54393,2019-01-31T11:30:46.752+01:00,599031.9968279655,5675469.403844541,14;20;9,454.0630627652554,3708.6963561120997
119561,50685,2019-01-07T16:41:35.596917927+01:00,600515.0201621731,5676088.523302629,11;14;9;17;7,369.603885689079,3093.206015109894
453,191,2019-01-07T14:05:27.801348681+01:00,599136.9304040803,5672409.71415417,10;2;69,103.08308538465167,676.6396854725652
119850,50818,2019-01-21T11:02:47.654948637+01:00,597709.2524559831,5673216.204483535,18;27;69,171.37017367782306,1039.942307548794
8180,3549,2019-01-28T15:44:06.114749120+01:00,598576.075427943,5676281.326036559,9;20;14;1;18;25,1353.3436029881718,3817.9070698300643
61833,26260,2019-01-28T12:41:33.422423643+01:00,598453.5215381787,5676537.828629623,11;5;20;32;4,349.13773633194853,4022.382304072615
64870,27542,2019-01-24T11:06:09.152169670+01:00,598560.205714798,5676245.79970202,14;11;20;9;5;32;27,528.2832105900861,4059.51239635208
91331,38661,2019-02-05T08:08:26.456764377+01:00,597870.0194296641,5676286.903264663,14;5;6;20;11;32;34;4,669.1993918844521,4746.361984100174
124997,53071,2019-01-24T13:31:01.863163609+01:00,597875.1176507019,5674346.439107104,69;14;19;1;27;32,723.4436535802597,3842.686138964864
112833,47834,2019-01-21T15:28:36.464676386+01:00,593595.4507134077,5674293.356579939,15;19;50;34,364.33783297041515,2559.380481370434
78592,33321,2019-01-17T10:19:55.312+01:00,599134.4487785419,5672386.32683378,10;2;69,129.1017802565808,776.7499811883263
31816,13618,2019-01-16T11:31:16.127365212+01:00,597875.3807567598,5674355.355500244,32;14;18;19;69;27,214.917267456881,1630.5798874937298
8810,3804,2019-01-14T17:46:51.881+01:00,599158.8879060609,5672389.34469198,10;2;69,158.05081017029164,716.581331837579
47200,20137,2019-01-17T10:22:15.623820811+01:00,599440.8831210779,5676965.53019148,14;9;6;4;5;32;70;7,882.7609898535188,3580.702475641292
67284,28569,2019-01-25T16:52:45.172150115+01:00,600513.5552501593,5676088.494601947,9;17;11;4,595.5299693301858,3325.6712886691485
45694,19492,2019-02-02T15:43:08.283+01:00,599100.6263049438,5672418.773703068,10;2;69,109.17125498504025,840.7329676113982
101964,43148,2019-01-18T12:40:54.353873451+01:00,601181.7560590438,5675750.25853086,37;11;5;7,2027.4864925364507,3327.4058040484256
75982,32219,2019-01-20T20:51:05.628+01:00,599119.3993847377,5672366.516156503,10;2;69;1,192.05044016750193,469.977454686812
60220,25566,2019-01-15T11:40:27.148+01:00,599150.4117418046,5672398.516836838,2;10;69;18,218.32770403528392,2283.306452666889
79949,33883,2019-01-08T10:38:36.680314808+01:00,599445.8923340372,5676963.081171125,11;14;5;17;32;6;20;27;4,592.9607938635688,3502.7665180710806
17677,7595,2019-01-09T14:04:58.143+01:00,599133.540804467,5672410.921792594,10;2;1;69;11,118.04745157929129,738.2970556822372
128122,54403,2019-01-10T20:28:04.085+01:00,599135.7818126293,5672412.238104502,10;69;2,95.01205673214766,758.6921366624999
115002,48741,2019-01-18T13:16:46.909+01:00,599110.9431952201,5672360.836392984,10;2;69,278.5900171267918,1059.708195969146
99555,42125,2019-01-22T09:56:08.229610971+01:00,600551.4123958641,5676204.662231195,11;17;7,747.3983988124938,3452.313136865339
66255,28122,2019-01-30T16:49:27.465224764+01:00,598517.2514834879,5674814.0537720695,14;32;9,314.121451124777,3887.331026583083
125836,53422,2019-01-18T10:27:02.527+01:00,599112.5692990198,5672366.384359671,10;2;69,158.2975982213341,644.7514715269534
42398,18115,2019-01-11T14:13:53.242+01:00,598258.8287316165,5674133.955277354,14;27;32,806.0630515227468,4290.897771752377
21958,9399,2019-01-31T09:26:47.347+01:00,601241.2521789912,5673758.635746481,17;1;7;12,541.2875402779785,4563.872230656238
84212,35734,2019-02-04T17:18:00.124+01:00,599138.2450152317,5672405.495995755,10;2;69,145.56227438612797,399.5854059902007
85101,36106,2019-01-09T16:42:59.794+01:00,599133.4566578959,5672408.374049586,10;2;69;1,127.38091833953932,500.09021520645433
85214,36152,2018-12-29T09:57:29.403+01:00,600404.8232475733,5674719.082000598,17;7;11,719.6008758484315,4150.212017996255
105836,44784,2019-01-28T11:27:50.220811921+01:00,598556.0848494043,5676162.122729193,14;9;20;5;32,798.4025204094957,4236.79989508067
79043,33499,2019-01-08T06:09:06.334+01:00,599134.9243212104,5672413.494613931,10;69;2;11,108.14648215747671,765.1298176578517
9771,4226,2019-01-30T10:08:26.986670944+01:00,598871.1806267618,5675424.291606845,14;20;9;11,99.79167181162968,3756.3853242698992
92145,39018,2019-01-09T17:18:30.21068621+01:00,597901.2404608764,5676088.901966211,14;5;6;9;23;20,390.50492186658374,4481.180454559124
73488,31174,2019-01-17T10:26:28.953011902+01:00,599442.2064034677,5676965.980205094,11;14;5;9;32,401.2832888821861,3648.7330750738643
25488,10905,2019-01-29T09:59:30.301+01:00,600557.2468326439,5676199.259915064,7;17;9;6;14;37;1;4,871.8798182580892,2433.4175923368884
107460,45499,2018-12-26T16:10:29.884+01:00,599406.6318855631,5674241.348579628,11;17;9;12;27;69;4,932.4297296172356,5151.226573121921
35385,15155,2019-01-31T19:49:50.468634684+01:00,597800.1472350463,5675911.2919947095,14;20;6;32;19,273.31642940079223,3753.8775790682143
6325,2784,2019-02-05T18:35:13.501926820+01:00,598054.9532477749,5675098.428105027,32;14;69,216.9322046099285,3546.900918476964
22156,9486,2019-01-10T06:35:50.312+01:00,599129.5176094628,5672410.419792538,10;2;69;11;1,115.77443741117578,734.4569654011327
97239,41153,2019-01-03T11:09:50.776259754+01:00,598102.3368473187,5676505.21472975,14;4;5;6;11;9;34;27,461.1023827735223,4904.429791894489
99692,42182,2019-01-16T09:40:37.775+01:00,598032.5103087574,5673871.62275407,27;18;32,436.82403828334515,2304.01057153404
115337,48888,2019-01-02T12:03:49.078+01:00,599413.9893817027,5675134.335041529,12;9;14;11;69,229.50394518927294,3917.5979463297053
35080,15032,2019-02-01T13:07:32.376823330+01:00,597393.6602179852,5674671.245257717,32;19;15;69;27,423.1307124150304,1625.9115377631608
63362,26891,2019-01-24T18:57:53.638798137+01:00,598112.2396841204,5675384.687861717,20;32;27,220.81605485191426,3481.4065446765417
93750,39673,2019-02-01T15:19:30.749+01:00,598708.5057319562,5673741.568319786,18;1;32;27,387.38861653097194,2303.4847337862716
23779,10190,2019-01-29T11:30:05.109+01:00,599081.5424485012,5674761.263186182,14;9;12;18;69;70;11;4;32;27,255.6395547376744,3517.0543957842515
112,49,2019-01-15T12:56:28.204+01:00,599171.5520809735,5673828.572768061,1;18;32;70;27,570.1635291689347,3015.122801409888
77508,32849,2018-12-28T18:08:51.281871595+01:00,598069.0871816936,5675127.554133931,32;14;20;69,221.43326379656222,3549.5279727178563
29103,12435,2019-01-05T18:33:09.52104090+01:00,599134.7811595749,5672408.823966037,10;2;69;1,122.07783835243643,533.6115098782045
4317,1885,2018-12-31T10:25:06.843173539+01:00,598648.2910800319,5676853.8958086725,9;11;32;5;6;20;34;7;4,297.21266498297786,4125.93403985339
115376,48906,2019-01-17T09:46:38.834536294+01:00,598395.0021079889,5675906.115852676,14;9;20;27;32,826.1782756280215,4031.8635324150414
77892,33024,2019-01-30T11:23:46.311005484+01:00,599096.8087021158,5674962.702091767,14;9;32;19;5;11;2;7;12,510.9012065099895,3014.330585654336
53937,22938,2019-01-07T11:49:04.367490214+01:00,598094.6188741754,5676835.638480096,5;6;34;4,1934.2837511876069,5519.845218800543
111742,47322,2019-01-21T19:59:24.923+01:00,599114.933113101,5672361.337735059,10;2;69,162.90014780651617,614.9587254239943
99998,42313,2019-01-09T14:08:39.574+01:00,599133.715577555,5672410.5008125985,10;69;1,99.18693326018148,848.1661327242404
65862,27962,2019-01-09T19:32:33.253934707+01:00,598084.0371950237,5675108.743989935,32;27;69,291.61603948068193,3463.280022926272
116718,49470,2019-01-08T11:24:09.348529711+01:00,597079.4535416724,5673416.009280606,18;27;25,445.75063607900194,1623.984170326271
38958,16649,2019-01-14T13:40:21.375405945+01:00,599994.9129085597,5674312.184154037,2;17;69;12,1335.2961468817189,2858.150418438941
66356,28166,2019-01-24T11:04:58.919+01:00,598867.0689331434,5673783.659768808,27;1;32;2,432.5386059016827,4278.960339623066
8636,3731,2019-01-28T09:24:44.089+01:00,598800.9498017229,5673347.8493684875,2;69;18;1;27,738.8839908333995,2866.832524872375
116041,49179,2019-01-18T16:48:41.117553063+01:00,600516.8844975563,5676085.164954221,11;14;9;17;4,385.26477295349434,3040.552770780509
48144,20513,2019-01-10T15:28:56.459+01:00,598743.4233300161,5676343.954133786,9;4;20;32;70,902.5217358420989,4305.756649601805
50925,21698,2019-01-04T07:50:43.722167578+01:00,596938.7745916061,5673957.366096443,19;18;25,569.5324444924295,3372.333759174304
91642,38806,2019-01-10T13:33:48.447+01:00,599133.3671694308,5672414.737619864,10;2;69,116.2342943889096,526.3914723632071
28615,12233,2019-01-24T09:41:33.392+01:00,600528.0159802148,5676205.476792154,7;11;6;70;17;27,290.8851117716946,3446.5145165388035
125689,53367,2019-01-20T17:26:01.753+01:00,599114.1416778357,5672360.898110288,10;2;1;69,265.11918016956304,859.4379940673314
34579,14809,2019-02-04T09:42:39.141584969+01:00,600243.0807984879,5676519.443492294,11;7;14;37;5;4,1226.977864073266,3680.437323557065
68230,28978,2019-01-02T09:40:34.535912678+01:00,598524.9258883555,5676854.91942921,14;5;11;6;9;34;4,482.9636762951357,4417.303913910251
120631,51160,2019-02-04T10:32:41.529495454+01:00,599638.1967802226,5677018.160713128,11;14;5;6;17;9;12;4,465.05886266472805,3894.2637032810626
10499,4541,2019-01-08T09:14:52.168+01:00,597839.6299873017,5673948.145673994,27;18;32;69,322.87062865865516,5507.528957535984
65830,27949,2019-01-14T14:27:48.934856933+01:00,598134.5830787765,5675989.393599372,14;20;5,341.8602793625467,4404.68764644662
77296,32753,2019-01-31T10:58:05.910+01:00,598381.3587620918,5676636.591679106,32;18;20;14,1788.3937812096276,3921.656549183444
13154,5673,2019-02-05T11:32:45.197866852+01:00,598019.6795646354,5676526.125327231,5;14;4,862.2278056836776,5203.771620138695
90845,38440,2019-01-08T12:06:51.675689157+01:00,599800.9227224819,5676409.400425369,5;11;12,1136.8285215829176,3967.6014001362196
36821,15749,2019-01-10T10:46:06.689+01:00,597591.8457870249,5673775.811128989,27;18;69,368.0987756974344,4880.202101927816
46735,19915,2019-01-07T06:35:47.512+01:00,599134.8133395223,5672405.429761831,10;69;27,100.01958975906635,786.281012729279
90995,38506,2019-01-20T10:01:37.406+01:00,599114.1352211164,5672366.414575703,10;2;69,165.0239623769177,562.7063971697213
71606,30408,2019-02-04T15:54:20.248+01:00,599143.240337441,5672398.802762442,10;2;69,157.76185567795469,417.7456134151024
74139,31456,2019-01-22T10:58:02.944+01:00,599115.8683062363,5672368.145430211,10;2;69;1,154.03093353729008,730.826509135395
3004,1312,2019-02-05T14:47:50.8064976+01:00,598420.8765276325,5674645.434051163,14;32;2;1;9;18;19;20;27,287.1332436815351,3076.225190110824
71850,30501,2019-01-28T11:08:20.869470429+01:00,598797.5355828495,5675832.375306091,14;9;17;32;11;2;4;27,707.1586246968116,4061.347841483891
80216,33995,2019-01-21T16:55:58.234+01:00,599113.8178405236,5672363.862333027,10;2;69;1,163.36625965457742,650.5080389911263
76452,32418,2019-01-23T08:13:05.476791586+01:00,598381.6530815199,5676605.619469466,5;9;14;6;20;32;4,337.8796004504203,4450.529710721637
88259,37375,2019-01-09T11:13:57.587587189+01:00,600158.0494971101,5676100.213648583,11;17;7,1090.8268950525478,4084.9570246643625
102389,43321,2018-12-31T10:02:33.033+01:00,599060.8418016298,5673917.671550062,69;27;2,1254.092636478268,4536.542530866888
43205,18448,2019-01-28T11:44:09.371871662+01:00,598564.7088622646,5676226.365918139,14;9;32;19,1071.306615493972,4130.11123731014
26253,11227,2019-02-05T17:45:31.746+01:00,599140.5176415198,5672401.720681847,10;2;69,110.92015226617684,633.8467274289758
41877,17881,2019-02-01T10:55:54.122741914+01:00,598380.4551001779,5676398.936052836,5;20;32,1213.50903371564,4055.763264529763
34807,14911,2019-01-24T10:07:12.432585618+01:00,600938.4382287619,5673641.067115815,17;7;14;1;70,208.70799443890678,4287.5025189596145
22459,9608,2019-01-08T09:03:31.387116505+01:00,598378.0834215386,5676739.646933107,5;14;11;18;23;34;1;32;27;4,1165.7771467138168,3877.8073850864607
9820,4248,2019-01-11T09:45:32.690+01:00,597245.5990916672,5673625.386834,27;18;14,450.92333692051767,6121.671607410801
108836,46084,2019-01-11T15:47:12.558023138+01:00,598609.2505277458,5676322.701657269,32;14;5;19;20,1148.0654228556182,2554.4314899492147
106339,44995,2019-01-02T09:35:37.883311523+01:00,597936.0107949135,5675909.215754591,14;20;5,251.00024898561594,4523.153750932022
75208,31898,2019-01-31T15:19:25.799689999+01:00,596187.8829897144,5675844.318438061,2;15;5;19;27;32;18;1,2315.87480212992,4460.147149231734
98973,41896,2019-01-30T07:37:36.850597124+01:00,597875.2375175139,5676086.708412243,5;20;1;32;4,425.4199877429557,4695.8310910081345
71875,30514,2019-01-17T11:37:40.220+01:00,597878.3829128823,5674363.899769277,27;69;1,1376.5016152141527,5887.645551936861
108502,45941,2019-01-07T17:52:27.727+01:00,599135.8648215141,5672411.391000295,10;69;1;27,96.6150305583253,784.1760814953761
117441,49771,2019-01-18T11:23:22.43470790+01:00,599561.4380524924,5676824.436151501,11;14;4,550.5331392735445,3721.896422400344
77381,32787,2019-02-04T11:25:30.404857823+01:00,598070.2673665835,5675107.63212866,32;14;27,138.48783592358794,3732.8084655498665
43531,18595,2019-02-04T16:16:26.753+01:00,599145.0072842373,5672402.231693853,10;2;69,105.8926735307706,656.1523687638288
39896,17054,2019-02-01T08:22:45.926092791+01:00,598110.1848453754,5675934.609790801,14;20;18;32;69;4;25;27,1285.732700528278,3179.784196610487
16074,6917,2019-01-17T13:12:38.214+01:00,598078.7114197622,5674069.404268745,14;32;27;69,256.5681146106503,4353.137817673932
76368,32380,2019-01-02T09:41:03.657+01:00,600542.8546101853,5676136.596980106,9;7;14;17;37;11,622.3569823094784,2016.3184501564492
126270,53610,2019-01-14T19:53:42.935+01:00,599154.125213092,5672394.344988794,2;69;10,172.94604068501323,2433.8795805918485
105983,44845,2019-01-02T09:53:40.35407212+01:00,600226.5527539524,5676528.456425732,11;7;9;37;4,1208.8371948773447,3470.7265885782676
100494,42540,2019-01-09T13:35:30.845454040+01:00,598516.7367096839,5673636.040424789,27;18;69,837.4630407564587,4328.394059517769
41541,17740,2019-01-16T12:41:09.548305803+01:00,598961.9840211732,5675109.897714372,14;12;9;4,42.749307926558814,3426.4539442057103
66843,28389,2019-01-11T19:56:58.335693865+01:00,597927.8619950004,5676393.67095628,5;14;6;32;34,1438.5914743092253,5252.302879637017
32789,14049,2019-01-31T09:51:12.383+01:00,597589.5642169261,5673909.8624125905,27;18;19;32,216.98751034628725,3430.9971613447105
125310,53209,2019-01-09T14:01:17.280+01:00,599135.4486406704,5672412.231674077,10;2;1,120.108549613664,624.2804485919551
107104,45341,2019-02-04T15:44:09.801059962+01:00,598633.8434109632,5676256.126421066,9;17;32,1596.7594910474497,4263.1671797800755
127610,54179,2019-01-17T12:54:56.760+01:00,599137.2474371016,5672386.380849295,10;2;69,129.9539414498798,590.8472718938034
2154,924,2018-12-31T12:49:27.203897967+01:00,597905.9658938014,5676317.718218844,14;20;9;5;6,357.2080727045795,4745.151411478812
123565,52434,2019-01-23T11:01:29.972+01:00,597806.1500658226,5674239.885502068,27;18;32;69,597.409969408265,4390.110130785237
93099,39407,2019-01-18T15:40:08.279424210+01:00,600068.5745195997,5674124.356417636,17;9;14;70;12,308.68081178160895,4380.448202673034
90262,38191,2019-02-01T13:22:33.246371134+01:00,596769.8106899507,5675390.598613415,32;20;19,1120.6042559681002,4750.758995793122
101620,43002,2019-01-09T09:27:17.219503979+01:00,600191.6679174969,5676196.775122699,11;6;9;4,1646.2910307940315,4007.345429545053
50461,21513,2019-01-30T11:13:58.278821819+01:00,599642.4987174211,5676625.289140078,14;11;9;5;6;34,1527.8303084426332,3510.4823429805797
100111,42365,2019-01-29T11:11:46.420280777+01:00,599087.8136286355,5674715.978301524,14;9;69;32;12;4,376.072477691712,3795.6321874122973
114346,48447,2019-01-04T11:46:51.278351070+01:00,598124.7362395185,5674745.0033740755,32;69;19,811.7211781012064,2730.8697621209335
3049,1340,2019-01-03T08:37:38.308772486+01:00,598118.795205816,5673619.508899552,18;69;15,1007.8691535899062,565.4368531050671
64353,27313,2019-01-07T08:29:41.218074872+01:00,599211.101464431,5676342.793038076,9;11;5;37;4,421.8140771387379,4086.667534679677
4693,2054,2019-01-22T13:13:56.858431159+01:00,598033.5509071365,5676309.121607156,14;9;20;5;6;11;69;4,520.1616193617883,4717.506067404621
43241,18465,2019-02-05T08:35:12.356238181+01:00,598412.8914806477,5676654.170737496,5;34;4;6;14;20,2082.7312927808184,4783.60103349274
63625,27001,2019-01-18T10:26:30.869540182+01:00,599082.6921843658,5674763.831509669,14;9;27,404.45817059926344,3947.890660742061
125022,53079,2019-01-06T06:26:03.134340380+01:00,599138.5465725531,5672410.594054216,10;2;69;14;27,110.9682991020093,626.2369429193043
83679,35520,2019-01-18T17:04:31.449+01:00,599113.9669048938,5672361.319090929,10;2;69,159.11615623995712,670.4262276097469
120830,51242,2019-01-10T13:44:49.213719295+01:00,597949.9216964662,5672877.065615847,18;69;27,480.54552361039276,1163.839775156193
58522,24851,2019-01-16T12:27:44.699568544+01:00,599203.6563006917,5674832.791873177,9;12;32,538.2106835449488,4510.519203144411
32393,13893,2019-01-10T17:54:09.084+01:00,599136.8801443032,5672408.86447778,10;69;1,100.11811651198026,858.917869153978
65424,27780,2019-01-08T13:11:04.484+01:00,598589.5044427263,5673452.419475972,69;18;14;27,525.7373177880866,2906.8063835287203
63627,27002,2019-01-22T15:31:40.657876410+01:00,593595.1331368018,5674292.502108715,15;50;34;19,433.96253901918146,3554.3413831215194
51711,22031,2019-02-05T10:15:47.9566726+01:00,597958.4393901672,5676663.718928374,11;20;32;34,251.53449595206658,4090.6218842332346
28780,12295,2019-01-17T10:32:56.415555932+01:00,598818.4552755945,5675861.634300882,14;9;11;20,479.85170463864273,4041.6197496533873
125520,53300,2019-01-09T10:08:12.460+01:00,598829.1965383455,5674733.058475287,27;14;32,802.4399261263471,3559.474775719024
19161,8206,2019-01-22T11:26:30.269+01:00,599114.9342650026,5672364.732581913,10;2;69,157.12539671909886,648.0385327546794
113418,48071,2019-02-05T19:05:28.346715792+01:00,597836.4814578083,5675839.844848242,14;20;19;32,687.9779510370154,3108.1177290371384
67303,28574,2019-01-16T09:48:18.890441256+01:00,598834.9955057789,5674722.56128902,2;14;32;27;12,630.4666270891425,3717.7688844587924
88726,37572,2019-01-16T08:44:49.652+01:00,598247.5243475331,5674378.165760198,14;32;18;27;69;1,333.61503375047437,3693.8734140869224
1729,748,2019-01-18T14:55:22.555+01:00,599112.2010760966,5672361.285017646,10;2;69,163.11539064807718,663.3980004085668
28309,12107,2019-01-25T08:35:50.278+01:00,601275.2936412133,5673492.384883594,37;70;1;27,1282.3464496636097,5402.467451147486
6180,2716,2019-02-04T14:06:47.379298351+01:00,598814.4632201493,5675233.512691882,14;12;9;32,139.1090446573907,3956.1599573341196
17407,7477,2019-02-04T14:01:08.665+01:00,599138.9026052252,5672404.235628486,10;2;69,114.97851365822947,680.6745717217706
73081,31018,2019-01-07T20:09:22.649597750+01:00,597934.5220197032,5676412.893978477,5;14;20;18;4;34,1719.868628138454,5491.311500053923
11338,4915,2019-01-08T11:22:02.851967883+01:00,597078.8551827932,5673417.695362013,18;25;27,439.8534325814217,1684.5241153144486
6898,3037,2019-01-09T14:56:03.147+01:00,599132.5991664616,5672409.630559398,10;2;69,140.92430651958284,390.1585382724262
111388,47168,2019-01-22T17:30:39.884+01:00,599116.2570530296,5672360.090223098,10;2;69,157.7471054920513,680.0295403424659
109839,46504,2019-01-12T08:59:32.333479257+01:00,598803.9364469895,5673021.155143996,69;18;27;10,702.949015191376,3592.827419508368
18345,7883,2019-02-02T14:34:08.184+01:00,599103.4910011005,5672417.131562533,10;2;69,119.69572806792357,690.9314944321037
52962,22532,2019-01-05T09:08:12.784+01:00,599133.5326174134,5672411.345987747,10;69;2,97.81295210747408,757.1012382812734
99129,41949,2019-01-25T12:59:29.106867307+01:00,596256.2278015713,5676426.533100085,11;15;25,1798.626826169418,4112.1967771975615
41553,17745,2019-01-09T08:55:30.439961362+01:00,597195.957809783,5673005.321991746,18;27;25;23;69,123.36951095780552,2127.059082325427
111921,47401,2019-01-22T17:00:37.325+01:00,599113.333871929,5672361.306875909,10;2;1;69,187.26122696027494,595.6634156931877
66085,28053,2019-01-15T10:01:05.704196280+01:00,600280.0533407535,5676449.298177937,11;14;4,989.1985073683273,3600.1827839545394
75975,32217,2019-01-05T11:15:08.35321468+01:00,599134.6654022634,5672411.367850853,10;2;69,109.67073185010815,607.3654409395363
64694,27461,2019-01-17T09:52:19.397+01:00,597378.5213874308,5673693.680285862,27;18;69,332.7877541340791,6240.463586432792
8009,3485,2019-01-04T14:54:24.594+01:00,599133.596975725,5672404.557579324,10;2;69;1,105.45389254928071,759.3755788892303
81668,34656,2019-02-05T10:41:39.71429870+01:00,598877.1496991407,5675543.225926062,14;11;4,294.0738838205311,3952.5159473019294
69672,29581,2019-01-18T08:24:45.745159377+01:00,598383.8920328805,5676511.455794342,14;9;5;32;6;11;20,679.165722161133,4437.468104612692
3897,1708,2019-01-09T08:15:49.636459198+01:00,598626.215364947,5676266.5886288835,14;32;5;9;6;11;20;4;27,344.30990706154523,3917.8691324237507
97273,41166,2019-01-08T08:49:45.472+01:00,599134.0656926371,5672411.356276236,10;2;69;14;11;1,106.28005245719946,732.5735173680154
74475,31600,2019-01-22T12:48:08.585841773+01:00,599675.930578013,5676539.794101832,6;14;11;9;34;4;12,2956.5167390404376,3762.351655332458
58641,24900,2019-01-14T20:28:58.696+01:00,599147.3022224118,5672390.394102915,10;2;17,230.4818515423513,711.6880036091418
13160,5676,2019-01-20T17:50:48.524+01:00,599115.2335466869,5672363.040944637,10;2;69;1,154.08363631231933,743.3408490229292
53215,22623,2019-01-06T16:09:27.195309273+01:00,599136.1810508684,5672410.548397407,10;2;69,111.54151011068184,581.096577222775
66004,28022,2019-01-22T10:03:29.854+01:00,600350.2040071895,5676416.2969163945,11;7;37;17;1;6;4,1076.5191405956186,3236.346999220986
56321,23939,2019-01-05T09:47:58.713+01:00,600877.8942272398,5674909.135231936,7;9;1,387.03261834251344,3517.287465995039
108138,45782,2019-01-06T07:18:10.59940066+01:00,599130.6580113464,5672408.320035988,10;2;69,106.93175087493097,698.7146533703545
78085,33112,2019-01-20T09:46:19.553+01:00,599113.5255918049,5672361.7349284105,10;2;69,155.65747418143818,707.5943707652933
77353,32774,2019-01-05T11:43:09.72088771+01:00,599973.1877997273,5673869.15711519,17;1;70,1524.595857865434,5562.506808500787
123566,52435,2019-02-04T11:07:38.679220669+01:00,598561.0819005137,5676210.595123484,14;32;9;20;5;6;11;4,747.0504605181337,4281.772845486248
21762,9327,2019-01-03T14:32:21.295+01:00,599099.4350717766,5672418.326366667,10;2;69,130.72999620716237,612.2470448959092
101063,42779,2019-01-18T10:24:24.651+01:00,599113.1935696249,5672365.123346312,10;2;69,216.2238850462314,532.81332987863
2427,1053,2019-01-22T11:40:09.181547021+01:00,598313.9905375048,5676455.798295773,5;14;6;20;9;11;15;32;4,693.9221649828309,3951.8741316814394
53016,22551,2019-02-01T14:45:08.206169729+01:00,594954.700183202,5675087.655847873,15;19;25,1301.7504842671908,1038.813369286927
76805,32551,2019-01-10T14:36:30.404209559+01:00,599131.4669509181,5672411.306120374,10;2;69,116.21904614603197,565.2336496838587
82893,35172,2019-01-25T07:54:37.202685664+01:00,597454.4155063726,5673260.58633422,18;27;69,63.7638414292749,1756.620952717531
92963,39356,2019-01-07T09:35:17.817680877+01:00,598520.258071606,5676856.951540225,14;11;6;4,441.03073196101167,4520.790215418622
7296,3204,2019-01-21T09:59:08.146193606+01:00,600339.1940011078,5676434.328993052,11;7;17;4,1090.6215109482093,3835.4698800865713
61351,26048,2019-01-02T11:13:18.884129423+01:00,598077.6162094364,5675136.204174455,32;14;20,75.36476262009052,3848.956854275693
95478,40411,2019-01-09T16:56:16.781+01:00,600514.1878258017,5676088.5069953725,7;9;11,340.4630014533549,3294.9439092431016
10614,4600,2019-01-25T08:41:21.541612570+01:00,598515.8216746184,5676052.7147302395,9;14;17;23;20;70,1616.8446817515032,3762.4678211284863
103070,43602,2019-01-23T13:14:34.792883243+01:00,599070.7867761888,5675782.478089895,14;9;4,612.379604098558,3812.709349563879
74508,31611,2019-02-04T15:29:18.992856312+01:00,596593.2152203373,5674712.132994597,19;27;32;14;15;18;20;23;25,354.80079473922797,1528.4223007691967
78679,33354,2019-01-29T10:30:29.508157747+01:00,599447.465855635,5676966.082181265,5;11;70;6;14;32;4,373.034415115255,3910.302239826525
14867,6405,2019-01-04T16:51:05.199724296+01:00,600512.2152517736,5676090.590145915,14;9;11;5;7;70;4,624.7506695332759,3063.823370994517
82356,34952,2019-01-02T13:25:16.375+01:00,598896.6544731726,5676001.905122706,14;69;9;2;4,1217.7824544642217,3807.300314047881
36366,15555,2019-01-08T09:56:06.546368448+01:00,597386.2021752597,5672687.694056548,18;25;32,565.964149791511,562.9116048135427
80930,34339,2019-01-14T10:20:15.912+01:00,599054.8482143228,5674625.378826226,9;12;7,889.1320119698978,4872.986506930833
28507,12190,2019-01-08T09:31:24.802738123+01:00,597687.5164315064,5675531.048856867,20;32;19,420.6776759072476,1214.5767287988665
63109,26790,2019-01-11T16:10:52.816+01:00,599410.2352924331,5674234.204321921,2;9;17;1;7;11;12;69;27,838.8949906139342,3480.0179253986535
37207,15925,2019-01-19T19:43:24.326+01:00,599114.0843805871,5672363.86747621,10;2;1,244.1650961540523,655.8736345850041
86192,36580,2018-12-31T10:43:20.974+01:00,598203.1766588152,5676390.447004139,5;4;20,1412.202714314821,4795.2262995591855
30752,13152,2019-01-03T07:47:39.416307844+01:00,598564.4969938673,5676074.443002219,5;20;4,1954.5623582942023,4504.828100799036
42406,18119,2018-12-31T08:50:17.75363212+01:00,597060.7213017822,5673410.987320983,18;25;27;19,330.36095080157924,936.6087688122464
98351,41638,2019-02-04T14:52:09.128585710+01:00,598607.3541066805,5675192.610100282,14;27;32,94.2759596903215,4165.231257837429
104552,44228,2019-02-05T20:41:49.612480345+01:00,597836.4814578083,5675839.844848242,14;19;20,839.514445899301,3730.022647498947
17433,7492,2019-01-16T11:31:48.205+01:00,597875.2889315328,5674354.929398129,1;19;27,975.3625294916737,4083.756449639864
93021,39376,2019-02-04T12:31:13.647+01:00,599268.4128651386,5675134.487527928,12;9;14;11;70;1,407.6254212698273,3944.7000699665846
1056,439,2019-01-28T19:34:50.968+01:00,598536.6760501256,5674603.947463456,14;27;32,314.7646238402905,3789.9283467624264
110678,46878,2019-02-05T14:47:41.385+01:00,599125.1060069619,5672369.596753142,10;2;69,189.6223169615325,797.4930294147993
61312,26029,2019-01-30T17:14:47.322867943+01:00,598749.5387222276,5674949.643149462,14;9;69;19;27;32,162.11168449567987,3638.486623430085
12177,5250,2019-01-28T08:37:58.237415870+01:00,601313.9343404472,5673486.357421463,17;70;7,428.46676832386936,4477.080013726854
35234,15095,2019-01-02T16:22:46.90583912+01:00,599946.3083294233,5676369.370803861,11;14;7,811.6855977240048,3630.878479267055
66322,28149,2019-02-05T08:26:53.151177308+01:00,597817.2548818362,5675901.433677086,20;14;19;5;32;6;15,218.67333984807226,2852.5814612737463
43139,18417,2019-01-03T08:12:54.610410972+01:00,597841.4227495443,5676015.620920242,14;20;32;5;9,623.9976080869958,4603.755642947451
24730,10591,2019-01-28T10:52:32.684289383+01:00,598843.4652467752,5675714.864947082,14;9;27,632.3136143681604,3942.6935743636627
127015,53942,2019-01-09T15:31:51.803+01:00,599131.3336821119,5672411.303548314,10;2;69;1,105.92575806732874,762.5362927242987
46575,19847,2019-01-05T10:35:38.210+01:00,599131.6084066181,5672410.884497282,10;2;69,130.10028152217026,454.05257046359895
97986,41475,2019-01-16T11:31:11.507+01:00,600144.9353357427,5674529.409154812,9;17;70;27;12;2,313.2723771719627,4045.8996612492333
112218,47552,2019-01-21T11:06:24.56868901+01:00,598607.8111781329,5676449.556014004,14;6;11;32;9,221.2274917469353,4245.075643961436
50850,21665,2019-01-28T08:10:32.011+01:00,601182.3259227664,5674116.058024574,17;1;70;7,809.6531256144323,4440.926950451895
130150,55235,2019-01-05T09:24:05.805949069+01:00,598075.0081294633,5675131.486455534,14;32;20;69;18,458.48843933700635,3420.6437401957523
20573,8825,2019-01-02T07:43:54.636640472+01:00,598618.0077068801,5676452.722512293,9;5;14;32;11;34;4,521.6065105201492,4209.490565462288
41287,17628,2019-01-11T10:00:50.484+01:00,600408.1180205795,5676321.100602407,11;9;7,1457.7301080368884,3990.592379949202
46222,19709,2019-01-07T16:53:43.681+01:00,600515.0534556279,5676088.523954921,9;11;7;17;14;4,324.8726818776222,3146.3962780385295
84806,35987,2018-12-31T11:07:32.300+01:00,599242.3156462387,5673860.069319097,69;11;12;7,1321.352617915798,5414.153350936199
108276,45845,2019-01-23T10:25:54.303518549+01:00,597968.3846744004,5673189.739807976,69;18;27,178.03893371706062,3044.2562794741166
6721,2960,2019-01-18T08:35:15.91984394+01:00,598514.8604779906,5676784.283218061,5;6;4,2334.2510049415077,5198.534603021879
93176,39432,2019-01-28T12:28:57.51851068+01:00,598719.371331577,5676126.221577078,14;9;11;17;20;27,982.9259050793536,4132.595645721956
104613,44259,2018-12-14T09:55:06.952556776+01:00,598454.8642186937,5675865.6775572905,14;32;20,730.573842977966,4062.9103223829175
55450,23575,2019-01-20T20:01:00.449+01:00,599114.9839533,5672363.884834558,10;2;69,173.60600068188242,503.0049715049057
48028,20455,2019-01-28T09:42:41.478222887+01:00,598379.320662614,5676942.51202924,11;6;14;32,721.1511577687833,4658.009169491024
122189,51820,2019-01-11T15:17:07.713+01:00,599105.7221174234,5673684.718636221,27;1;12,1036.3335726976566,5794.772765192917
24668,10563,2019-01-11T09:02:58.186+01:00,597193.657716062,5672956.054028514,18;25;27;15,300.02855415228765,2919.772561858299
45917,19585,2019-01-04T06:43:24.348+01:00,599102.8345793667,5672421.786781268,10;2;69,136.20537674588167,530.3630567368631
62264,26445,2019-01-04T13:00:53.762300445+01:00,597707.4142844124,5673219.988657628,18;27;69,197.0312604024451,1791.9830946053987
125565,53321,2019-01-07T15:33:41.143018943+01:00,598423.0400293425,5674716.766826448,14;27;18;32,109.38299320656449,3693.150593731263
69244,29401,2019-01-04T18:31:27.504+01:00,599136.7714373677,5672407.589320141,10;2;69;1,120.84507897003495,533.0637354278865
16017,6899,2019-01-10T10:59:31.339+01:00,599039.7898391997,5673642.708425376,2;17;27;69;1;32,1043.6601368041431,3946.359652071344
119738,50770,2019-01-19T13:33:23.652+01:00,599110.0746289088,5672354.029984652,10;2;69,227.75734906180568,526.0162948807866
75998,32228,2019-01-05T16:20:29.480+01:00,599133.390592524,5672410.070187156,10;2;69,106.71796378428273,662.3045504113475
18279,7850,2019-01-30T10:28:43.075+01:00,597922.1144784247,5676103.3039803635,5;14;20,1780.663010658623,5702.634982748057
9331,4032,2019-01-31T13:52:02.187567349+01:00,592977.9257358646,5674419.6201133495,15;50;19,746.9522425002666,4638.518826754705
123620,52459,2019-01-18T07:27:49.083+01:00,599113.3928981856,5672363.429780246,10;2;69,173.8984361716044,517.2182893522546
41912,17896,2019-01-15T09:23:23.125164930+01:00,599993.7856045157,5676930.449141895,11;5;4,898.649805153031,4012.3220120342507
33171,14227,2019-01-02T10:07:40.352703566+01:00,598738.1448189928,5673148.044233655,69;2;10,552.9190158110996,3193.803383770442
4719,2066,2019-01-22T13:54:02.497+01:00,599113.151490365,5672363.849475128,10;69;1,146.29971027361873,936.4221212243543
28168,12045,2019-01-08T10:49:07.705+01:00,597706.0436159146,5674267.259352811,32;27;18,36.22523129807376,3042.157136655358
101008,42758,2018-12-28T17:10:50.37841439+01:00,598367.8273499311,5674720.800594101,14;32;1;27,400.39647484056803,4242.951645712237
51023,21738,2019-01-09T19:35:17.764229802+01:00,599134.963551406,5672406.281367305,10;2;1,279.8054793775966,1087.4536468679141
111972,47434,2019-01-24T16:56:57.915+01:00,600514.6123795344,5676090.6371102715,11;7;1,1007.559019639924,3736.7756146322627
62479,26533,2019-01-25T19:26:26.649917503+01:00,598539.2226321143,5674601.450233208,14;27;32;69,178.33762088532876,3996.6710702049895
50473,21519,2019-01-09T09:58:30.828333899+01:00,597762.6158504136,5675661.05774237,14;20;5;32,315.6688470817974,4512.946026290183
86886,36851,2018-12-31T08:25:53.422038364+01:00,598519.8772632875,5676477.9955988815,14;5;18;19,808.9495310191448,3780.7281740332523
74185,31483,2019-01-25T07:35:19.190828929+01:00,598382.9583173802,5676488.947119397,14;32;6;20;5;4,356.16927096054474,4177.100524909987
119718,50762,2019-02-05T20:11:27.383365542+01:00,597836.4814578083,5675839.844848242,14;20;19;23,1193.0199154298555,2681.2334895708723
97387,41213,2019-01-17T10:15:10.581+01:00,596907.9958638306,5673665.682016114,18;19;27;69,321.2710647041683,1106.3812991039267
81649,34643,2019-01-07T08:23:30.868149126+01:00,597191.617238964,5672908.9127274165,18;27;32;25,646.9870758252376,2379.4455571838607
8769,3786,2019-01-09T15:10:29.135+01:00,598774.2211007781,5676216.391842209,14;2;9,1357.1856150579567,4405.583820122746
92530,39168,2019-02-05T10:14:13.801+01:00,598141.7291864726,5676491.540225411,5;14;20;4,1194.238804562682,4974.213779300817
126067,53523,2019-01-20T12:51:55.821+01:00,599114.1171218747,5672362.170695678,10;2;69;1,158.60409916674277,770.9695954908899
121591,51563,2019-01-11T10:13:31.593382194+01:00,597713.6880545999,5673224.7758863745,18;27;25,228.89218784141664,1984.8561985407923
55164,23450,2019-01-11T08:12:12.334134214+01:00,597836.1930821517,5675980.724299066,14;20;19,788.0966170199163,2689.810136800337
69439,29477,2019-02-04T16:44:23.003+01:00,600512.4564651325,5676085.078199592,9;11;17;7,687.2232779781092,3220.346504714115
106625,45122,2018-12-08T18:09:13.349706384+01:00,599134.4868678233,5672375.718740355,10;2;69,171.88409551412957,378.5586912795958
23417,10023,2019-01-19T10:02:25.742+01:00,599232.1049644422,5674383.101208353,9;12;14;27,625.9326890943352,4148.841096014813
14917,6431,2019-02-05T07:53:12.320+01:00,596966.8859310605,5673432.129236186,27;18;69,720.4798956104732,5705.939158307836
114681,48587,2019-01-03T11:42:58.677121673+01:00,597785.0201214543,5675890.634761505,5;6;19;14;20;25;27,1791.1484890479715,4242.227727863315
35814,15336,2019-01-24T10:51:59.452387244+01:00,597153.0545902334,5673583.746073848,18;15;32;69;25,662.2825495602311,1276.4266294870197
69192,29386,2019-02-04T10:12:56.692+01:00,598243.2424825092,5674356.441844464,27;69;1,1212.968874825657,5743.271220418949
53936,22937,2019-01-14T20:46:53.805+01:00,599142.8792041441,5672389.884375202,2;10;69,230.19934848648302,1933.8717061416735
92693,39242,2019-01-28T10:41:29.17547918+01:00,599062.6524575006,5674609.403970803,2;14;32;69;27;12,835.6892881457993,3221.3980192167232
97300,41179,2019-01-02T07:59:03.561989114+01:00,598564.0406076072,5674481.834798873,14;2;18;69,399.7116638242987,3290.937693753118
83460,35435,2019-01-05T08:23:58.895+01:00,599133.7231956617,5672408.379193819,10;2;17;69;1,117.31512541625288,654.9538505198445
23256,9950,2019-01-21T09:34:56.297520634+01:00,598022.7703840928,5676109.89406861,14;5;6;9,475.04108222801216,5034.0777918751
124591,52897,2019-01-22T10:04:59.107910227+01:00,597307.6784442994,5673124.133650067,18;69;27,271.70112925156565,1016.9827975318681
44657,19077,2019-01-08T08:32:48.325039735+01:00,597876.0373525807,5676303.14347796,14;5;9;32;34,433.85985527302444,4883.631028644365
86043,36518,2019-01-15T12:25:14.389983718+01:00,599047.7432456486,5674971.090732705,14;2;32;9;18;69;4;12;7,311.07661330019107,3477.2666513517042
114928,48701,2019-01-11T12:16:30.102037781+01:00,599893.1954515652,5676451.086079225,5;9;14;17;34;11;12,1881.3147977107785,3313.6026945632607
46213,19705,2019-01-30T11:24:42.520255174+01:00,598069.6132132414,5675098.283877551,32;18;27,410.8382782731228,3146.8675551315946
31294,13389,2019-01-18T11:06:21.556+01:00,597712.8631572288,5674197.795633993,27;18;69,729.0313145687146,4725.9714377616365
17458,7505,2019-01-19T06:54:48.705+01:00,599112.8843736734,5672362.146908567,10;2;69;1,175.2007119073316,527.2604926710392
125238,53171,2019-01-23T09:42:16.235672380+01:00,599391.573392275,5676712.506357293,14;7;34,1458.3622405452852,3644.074843307726
38109,16318,2019-01-30T09:37:32.146854484+01:00,598996.0593465468,5674743.9125632355,14;9;11;69;27,563.4940013027848,4433.529210329136
23370,10005,2019-02-01T08:40:05.032+01:00,599224.5176593772,5675111.57215873,9;12;14;1,249.79042131992355,3830.724208658717
41323,17640,2019-02-04T10:51:17.982806965+01:00,599089.4345274984,5674707.94685543,14;9;11;27,713.5679429788553,4043.295767437968
1127,468,2019-01-03T13:17:49.748557841+01:00,598044.5865858933,5676472.284114844,14;5;4,799.8075745629981,4876.593997047696
23455,10041,2019-01-23T14:03:00.318886241+01:00,598818.5610138557,5676271.138834636,11;14;5;9,461.36111916316406,4513.723899969221
112825,47830,2019-01-03T11:38:42.73786441+01:00,599424.2137670951,5673224.934842083,2;1;27,754.0714918044285,3711.943969813966
53675,22824,2019-01-05T14:24:09.632+01:00,599132.9995421895,5672411.335699312,10;11;69,106.4055714285153,766.4281023526811
83335,35376,2019-01-05T20:42:42.490+01:00,599134.7735410229,5672410.9455848085,10;2;69;1,106.23066026888019,677.4508062136524
26266,11233,2019-01-14T08:31:09.871288640+01:00,597889.1763885296,5676251.623153785,5;20;6,1757.1102795261284,5047.2793098267475
71524,30367,2019-01-22T09:55:21.222563466+01:00,598123.5342477143,5675981.968270586,14;20;32;69;27,1163.8002320312428,3989.8757054269236
58025,24641,2019-01-19T08:02:49.931+01:00,599115.3001817133,5672363.04223045,2;69;1,587.6620254167763,4204.907699096453
41682,17799,2019-01-31T15:30:16.749364499+01:00,598443.8702934292,5675869.285786935,14;20;32,671.0811581072327,4199.005252696138
18746,8044,2019-01-02T09:51:39.074+01:00,598648.599487301,5676855.174805423,11;6;5;9;4;32;27;7,698.4119612890131,4693.194593243801
14286,6158,2019-01-04T14:10:52.121878711+01:00,597752.9983439279,5675830.190926074,6;5;19;32,2246.1411437264237,3826.9324446744267
72339,30709,2019-01-03T19:53:31.114+01:00,599100.369111649,5672421.739212399,10;2;69,127.57650298552224,624.1571679543819
13199,5694,2019-02-05T10:32:21.252+01:00,599122.0092024751,5672374.629228235,10;2;69,161.3216864010618,731.7384488804901
35121,15048,2019-01-14T15:59:47.375548495+01:00,599804.6689423273,5677034.9769565705,11;14;5;7;9;32;12,850.3310997214429,3739.3814368676453
86225,36590,2019-01-21T12:26:40.992+01:00,598583.1296310651,5676791.111511129,14;9;4;6;32;18;70;25;27,1015.9407468745254,3672.2495099329567
76645,32491,2019-01-22T08:54:18.2609151+01:00,601331.5899068512,5673476.521188081,17;1;7;27,673.1777633523039,4433.336006598732
2237,963,2019-02-04T07:56:58.380610538+01:00,601387.2172304653,5673487.803921703,17;70;7;9;37;27,464.1299467494728,4458.634821737579
12876,5547,2019-01-03T09:20:54.351324332+01:00,599268.4070493083,5675143.398879693,12;9;14,245.296601122765,3821.598206623995
46681,19894,2019-01-08T11:09:56.74079885+01:00,598366.2528009863,5674790.788632374,14;32;27,215.80116186815204,3838.4783947931437
59393,25216,2019-01-10T11:47:36.679+01:00,598379.4687255237,5674238.534747706,14;27;32,506.6748175353509,4072.085146413099
98810,41827,2019-01-04T09:36:13.632+01:00,597432.4040847619,5673716.34436133,27;18;69,295.46649125872113,6188.280118347132
34590,14814,2019-01-23T19:12:06.891236575+01:00,598534.0887539574,5674608.565679047,14;32;27;69,312.67304153507064,3920.735584359813
58701,24921,2018-12-31T09:07:01.209+01:00,599106.9502210409,5674625.535877047,9;32;12,679.7942091144703,4267.633185911491
129294,54884,2019-02-05T14:49:49.583+01:00,599142.284022783,5672403.452188674,10;2;69,150.91620039001344,607.4168697123284
68961,29293,2019-01-21T08:04:49.672281234+01:00,597894.2810591552,5676163.879569048,5;14;11,1820.339726217276,5882.319429216026
119340,50587,2019-01-15T12:21:52.874331365+01:00,599940.1606248765,5676450.727787265,11;37;7,1989.7146792374774,3658.415334290764
75522,32034,2019-01-04T12:28:47.944+01:00,598533.9890877301,5673556.593229138,69;18;27,791.8540447499333,3106.731604622972
77125,32679,2019-01-10T15:08:24.744817173+01:00,598527.7463722115,5675313.719248213,14;12;9;20,301.52992525881126,4028.298883344991
29219,12489,2019-02-04T11:11:10.025+01:00,599114.7457412034,5672422.865318789,10;2;69,106.1793308844354,721.0198879433818
97805,41390,2018-12-28T17:01:41.329+01:00,600375.0186667437,5676041.648935235,9;7;11;14;17;1;37;4,626.1794284857717,2747.4092671336994
82210,34897,2019-01-17T13:58:26.739+01:00,597220.603599193,5673139.88269418,27;18;25,467.33927997578064,3831.914241077534
67359,28606,2019-02-05T09:30:33.316985028+01:00,599919.0446956889,5676384.116583825,11;14;7;37,1011.6435262942709,2624.0550886904052
106772,45193,2019-01-10T20:54:56.940+01:00,599135.3235590892,5672411.804906772,10;69;2,95.38591795155287,759.9526695275717
77001,32620,2019-02-01T10:27:07.054+01:00,600910.239495988,5673361.70921286,1;17;70,707.5704830702773,5619.260040716587
92891,39326,2018-12-28T19:36:20.484121084+01:00,598151.6264750386,5674958.966757237,32;14;27;69;1,306.3840077479741,3577.766798007487
109850,46513,2019-01-29T11:22:22.820+01:00,598323.9625729182,5674248.92880501,14;27;32;69,167.02320869921044,4374.269667833074
121005,51304,2019-01-08T10:05:25.196+01:00,597105.7894042234,5673549.328399362,27;18;25;69;15,245.60003664751696,4270.63931363928
12740,5500,2019-01-04T09:24:23.203045717+01:00,598656.0059786193,5676963.527809508,5;6;9;11;14;4,1461.88818527152,4836.300420642061
31765,13591,2019-01-17T13:06:00.882+01:00,599135.1653862976,5672387.189370829,10;2;69;1,165.08879895654735,671.6170427561908
45995,19621,2019-01-06T10:29:48.549+01:00,599132.9323385869,5672409.636989635,10;2;11;69;1,112.90171393733127,718.9882149837662
102740,43466,2019-01-11T13:31:43.266+01:00,597755.639217036,5673596.032139471,27;69;18,174.84549941137462,5210.371457766959
63015,26756,2019-01-10T19:47:28.242+01:00,599134.0984410248,5672409.659495637,10;2;69;1,100.49497843812102,753.4884725912116
9988,4316,2019-02-04T08:08:10.559+01:00,597628.9626375971,5672733.04050972,18;27;25;69,406.2084285987717,3589.957188967743
45842,19562,2019-01-09T09:38:58.336+01:00,599133.382405485,5672410.494382309,10;2;69,101.11901586579924,728.012207119601
113206,47985,2019-01-17T16:36:24.784+01:00,599117.2238367042,5672361.806291091,10;2;69,162.5661980521015,657.2532303408317
126459,53684,2019-02-05T16:32:02.851750040+01:00,597827.1285849487,5675815.054083478,20;14;18;19;32,775.3607469153883,2783.7944614330563
91105,38557,2019-01-03T15:36:36.198+01:00,599100.0938104191,5672420.460841552,10;2;69,119.49996143309559,687.5418588192804
15508,6671,2019-01-08T14:07:50.407+01:00,599134.0984410248,5672409.659495637,10;2;69,136.04874992762055,422.83103984725307
42903,18324,2019-01-11T16:57:42.582+01:00,600501.5939934296,5676070.012819235,9;14;37;11;7,517.6452095383531,1582.7753012385238
58724,24931,2019-01-23T10:39:22.742976817+01:00,597878.2054508149,5674359.228521429,32;14;19;27,536.9816730624758,2221.7012204861517
129100,54799,2018-12-31T09:07:20.462+01:00,599458.6141892659,5677026.557085359,11;14;5;4;6,166.03174749444798,3778.681340717339
10975,4759,2019-01-03T18:58:07.646269026+01:00,598077.6271940346,5675125.171223724,14;32;9;20,490.7164495972165,4184.451403899301
22087,9452,2019-01-17T10:45:31.704+01:00,597551.3524862855,5673935.870253534,14;27;69;18;19;32,366.97892555069944,3359.3726176451105
41727,17821,2019-02-02T09:51:52.334508720+01:00,598518.9874597699,5673603.832828604,2;18;69,1034.0538791865592,3418.62724246459
91981,38944,2019-02-01T11:17:29.704776930+01:00,598381.5536195687,5676739.289137637,11;14;34;4;5;6;20;32,350.2016581906615,4397.841392839201
34425,14743,2019-01-29T11:35:01.439031263+01:00,598341.2033494173,5674242.893776327,32;18;27,671.3081470783975,1660.832792322594
108034,45740,2019-01-22T08:10:28.001+01:00,597554.2360489032,5673754.303214012,27;18;32;19,118.06132091031306,5276.143278699466
60374,25626,2019-01-21T09:27:36.287+01:00,601238.1458132531,5673762.393730061,1;17;70;7,1203.356790064933,5267.9239514649535
107485,45511,2019-01-04T10:48:01.180+01:00,599133.2660798013,5672411.340843523,10;69;2;14;1,100.49178782192074,812.3558610281325
30796,13169,2019-02-04T07:35:23.939777812+01:00,597091.0407796941,5674174.115415183,19;18;32,449.6949499867058,1874.8032395503728
30145,12899,2019-01-21T08:01:45.192221585+01:00,597868.3371955726,5676315.727149286,5;6;14,1754.5967326624411,5637.964443167901
49078,20916,2019-01-31T07:53:29.738911355+01:00,597871.3612277337,5676305.600378956,14;5;20;9;11;19,476.85869396211456,3464.3034275558266
65336,27747,2019-01-08T08:15:53.724+01:00,597013.6850645988,5674076.750097467,18;27;14;19;25;32,617.6255175131046,1502.965662142354
67650,28730,2019-01-02T14:23:30.400699895+01:00,598207.7000044986,5675223.138091455,14;20;9,496.6066128168443,4526.416762278642
39665,16951,2019-01-20T16:50:11.056+01:00,599115.2253612714,5672363.465139761,10;2;69,153.0460621297443,709.287146541474
128303,54473,2019-02-05T13:26:41.268681341+01:00,596602.1360618164,5676105.013443854,5;32;1;19;20,897.7582027740953,5749.38742253087
26429,11302,2019-01-10T11:29:40.494444075+01:00,598308.755934537,5672968.792355105,69;18;27,232.58915945246898,6120.621878559692
30688,13122,2019-01-21T10:21:14.130+01:00,597996.807519573,5673677.012656145,27;18;69,444.8717351222538,2802.94801051559
20695,8881,2019-01-18T08:06:24.999216016+01:00,598383.4481316207,5676505.081969082,14;5;20;32;4,517.7605124656039,4089.3407316630883
122762,52065,2019-01-22T19:39:25.352255485+01:00,598081.9158678686,5675111.673912916,32;14;69;20,255.99337165413945,3800.9706569642144
9609,4158,2018-12-28T17:11:05.575+01:00,600450.6298022617,5676271.009730407,7;11;1,1116.250367137236,3522.2664479862788
39558,16907,2019-01-09T10:43:15.899+01:00,599132.3665153602,5672411.323481869,10;2;69;1;11,106.70114056731681,741.0237739667062
24464,10467,2019-01-08T19:50:13.953+01:00,599133.1333800997,5672413.035695048,10;69;1,97.7307862739404,769.4763713919127
31713,13569,2019-01-10T11:56:42.123+01:00,600152.3046890518,5674682.7459568,7;12;17,816.934163553323,3749.4632652673336
93371,39509,2019-01-11T09:01:04.941364677+01:00,598521.6777888123,5676044.340102295,14;9;20;32,790.5538795709629,4060.8693945856535
96145,40675,2019-01-02T12:07:05.990668816+01:00,600240.6758057703,5674047.086183309,17;70;11;1;2;27,674.9230073908698,4575.391123281165
42394,18112,2019-01-30T15:57:06.395622401+01:00,598593.894864328,5676322.830864174,32;5;9;14;18;19;20;4;27,1024.98920714004,2791.1822918373014
112247,47569,2019-01-30T11:19:26.236+01:00,597701.6847129957,5674315.976727342,27;14;19;32;1,362.4059915800736,4450.701401271732
58320,24770,2019-02-04T09:48:14.750935811+01:00,597061.219723634,5673409.299348547,18;27;25,450.51893105126317,1444.575810371999
45610,19461,2019-01-24T11:39:55.309+01:00,598237.8694969211,5674130.5836853,27;69;9;19;32;1,297.4651943932503,4557.737300265599
20299,8698,2019-01-10T17:48:33.973656011+01:00,598084.004765216,5675110.440779454,32;14;20;27,214.74886413443767,3560.686199790501
558,234,2019-01-09T17:09:52.677+01:00,599134.6899637034,5672410.095265405,10;2;69;1,106.25594294895828,723.0994780422201
110277,46685,2019-01-17T11:16:09.532+01:00,598561.172576338,5676249.213112686,14;5;27;4,578.120113974813,4217.580267458352
37078,15868,2019-01-30T08:45:11.526556586+01:00,601334.361990827,5673486.3361693565,17;1;7,331.6069306518411,4564.302686040326
116523,49388,2019-02-04T11:58:30.32130530+01:00,598380.9875279221,5676492.728508362,14;5;32;11;6;4,464.2325124102265,4443.365950836716
11684,5047,2019-01-11T11:29:31.672025287+01:00,599011.7052535173,5675000.100175604,9;14;32;12,326.9512734807663,4185.554227616664
58208,24720,2019-01-22T11:40:44.987107164+01:00,599550.4023474626,5676821.675805384,14;11;5;2;4,685.8758555310758,3544.7336815571857
107874,45671,2019-01-02T15:54:18.864517728+01:00,598627.5035915092,5676261.945495321,5;14;20;9;6;70;4;27,265.6305936106665,4200.657439971352
89098,37733,2019-01-02T12:25:27.233107618+01:00,597707.8322214618,5673222.542710149,18;27;69,194.03410534732248,1655.7580032298383
93010,39372,2019-01-24T07:57:26.528+01:00,601040.333480377,5674100.106205832,17;7;9;70;1,131.3205338521761,4194.951454276609
77291,32749,2019-01-09T17:02:30.004+01:00,599135.5638300134,5672407.990365648,10;69;1;2;27,100.07709429137651,816.3976839381004
6509,2881,2018-12-31T09:11:42.166658016+01:00,598866.0633721198,5675523.9163483055,14;9;20;11;27;5;2;7;4,292.9541403245313,3952.4258618537674
96179,40684,2019-01-14T20:43:44.270+01:00,599143.2456949003,5672389.89144918,10;69;1,140.61128955958463,1563.8215869717785
29832,12764,2019-01-06T06:33:25.369+01:00,599139.3286762513,5672408.063030747,10;2;69,107.54899720159082,621.8112908587092
52807,22462,2019-01-08T10:03:03.153871711+01:00,597915.7284748377,5676317.48019582,14;5;20;9;6;32;34,265.51050230473743,4835.352203748635
90806,38424,2019-01-21T19:49:55.527+01:00,599114.276100295,5672364.295528742,10;2;69,160.14411593204116,622.7678390977161
65970,28007,2019-01-20T18:41:56.282+01:00,599114.3918473683,5672361.751643755,10;2;69,148.85318584449328,792.1868500936841
11965,5170,2019-02-01T15:29:54.532437179+01:00,598079.9161497639,5675108.240875993,32;14;69,337.33566741619615,3596.2165934981003
111025,47025,2019-01-03T11:35:24.537+01:00,600044.0914299273,5676562.238148452,14;11;4;33;34;9;5;6,1855.0709713818499,2339.0551688029514
10855,4704,2019-01-24T10:15:16.815+01:00,598118.9000347572,5676440.181099058,5;20;4,883.0076154618788,4332.44541620385
16389,7048,2019-01-14T15:51:30.481+01:00,598460.1071394412,5676465.390448795,14;5;9;11;32,381.4222842036337,4674.576583462375
12726,5493,2019-02-05T19:02:08.259759912+01:00,598124.2135511641,5675077.26123136,32;14;27,129.49335705412264,3663.4978842738337
39195,16761,2019-01-17T07:53:34.056+01:00,597032.7451875309,5673473.68649048,18;27;25,488.235592358059,2091.047507797273
96859,40995,2019-01-24T17:20:50.589143490+01:00,598370.0554666359,5674714.053652435,14;32;9;18;19;27,345.0947775202485,2199.6062228960823
9677,4190,2019-01-22T11:57:35.524997483+01:00,598066.9601823759,5676676.4013883835,5;14;4;9;32;11;34,378.331245676987,4944.761113449837
3601,1584,2019-01-23T10:45:35.056+01:00,599264.4496168084,5676991.817443924,4;11;5;9;6,1123.3178614021808,4405.8821886702435
73615,31238,2019-01-16T10:54:42.494203952+01:00,599136.7476766447,5672386.371203555,2;11;69;1,668.6362598268935,3955.3625293098075
87397,37038,2019-01-21T10:13:52.466541909+01:00,598924.7922116495,5675480.490981326,14;11;27;4,160.79770586711422,3813.2175419878695
95381,40372,2018-12-31T12:18:20.938+01:00,598110.2763123992,5676622.912474565,5;14;4;9;11;34;6;32;2,622.4650965090092,4921.316255346773
61484,26110,2019-01-14T10:14:16.708+01:00,597074.7726984606,5673483.816555176,27;18;15;69,121.89176992299366,2743.4746059022973
97051,41078,2019-01-04T13:27:31.919+01:00,599130.8841848176,5672412.143579441,10;2;69;1,108.8053939389196,665.8234863775118
50952,21713,2019-01-07T11:33:16.141+01:00,599135.7643016467,5672409.691647526,10;2;69;11,107.76945471482271,760.8136838649156
28417,12151,2019-02-04T14:25:16.851+01:00,597153.2025718519,5673206.078505623,25;18;27,404.3824932551187,4234.134922904694
76306,32358,2019-01-22T17:43:18.599+01:00,599114.7080757975,5672360.909039603,10;2;1,174.82078856546684,586.325026958514
81796,34709,2019-01-06T06:27:06.412+01:00,599139.2544214182,5672410.183363401,10;69;18,92.80812362393594,771.7810210789027
73216,31074,2019-01-09T08:42:34.744+01:00,599133.7412766032,5672412.623074403,10;2;69,132.78523373413915,437.27827489992495
58573,24876,2019-01-02T08:41:13.327013576+01:00,597058.5308237968,5673410.521566832,18;14;32,527.5203804256936,2050.5175242813107
93822,39700,2019-01-30T11:22:36.834817950+01:00,599096.9741301422,5674959.310447058,14;12;9;18;32;70;11;17;7;2,164.84757469482113,3305.8018902255435
21826,9353,2019-01-16T08:19:15.094+01:00,598384.0036945045,5676500.424729412,5;9;14;32,467.571556319799,4458.499565248028
28676,12250,2019-01-15T12:26:11.845380090+01:00,599047.5516288341,5674970.662679881,32;14;9;12;19,797.5681711944162,2888.6050181312667
42648,18213,2019-01-18T07:29:24.226+01:00,599113.5594857391,5672363.4329947205,10;2;69,151.0779595522994,750.4971599098373
76439,32412,2019-01-04T15:46:48.681356550+01:00,598624.8878053791,5676255.954242632,32;4;9;20;14;6,339.13408970801675,3630.874449914503
11080,4807,2019-01-10T11:57:53.581+01:00,597010.5117150352,5674075.417083053,27;19;14;18;69;32;25,727.7243514393284,5793.270180979477
31323,13401,2019-01-28T08:35:59.409004492+01:00,597823.4423889644,5675907.06822652,14;9;20,1155.3061967199683,4776.387496245356
77651,32914,2019-01-07T06:35:15.618+01:00,599134.4135326424,5672405.422045406,10;69;18;27,98.86345699367706,786.8974123667343
81657,34649,2019-01-02T09:18:08.26948910+01:00,596973.4281745681,5674168.92187743,23;19;15;5;32,3760.6669944337777,2836.203320665979
30609,13088,2019-01-04T14:02:27.97808483+01:00,597376.5662420238,5674897.94832325,19;23;5;6;15,2131.6084169363194,1915.1287646144087
21612,9263,2019-01-23T07:27:24.663+01:00,599116.4499236448,5672363.913122573,10;2;69,214.2977035549825,530.0575202856213
44384,18950,2019-01-08T08:24:20.38527661+01:00,596946.9601106674,5673456.789528908,27;18;14;23;32;25;19,516.6120393202106,3978.519565426163
123250,52277,2019-01-09T17:21:47.207363410+01:00,598452.0509683095,5675255.403085656,14;20;32,24.656183884731387,3878.1432694902655
15044,6485,2019-01-24T10:34:36.083+01:00,597522.1334344478,5673869.116525293,27;18;69,291.69213777553597,6295.917811491786
77793,32978,2019-01-15T13:09:03.7264538+01:00,598086.6865749251,5674114.113561115,69;32;27,496.24707586583264,4398.7417670069635
128109,54397,2019-02-01T09:27:38.77180750+01:00,601027.3946092525,5673917.8014228,17;1;70;9;2;27,585.5976749722939,4243.922745940735
107251,45408,2019-01-15T10:55:32.623568+01:00,598014.0423170463,5673212.252966298,18;69;27,264.73887904016374,1550.5948000216972
19411,8311,2019-01-02T09:49:27.987+01:00,600346.3591096951,5676420.4652951695,7;9;6;1;5;4,713.8071638302629,3420.830477625583
117695,49885,2019-01-14T09:26:52.099+01:00,597816.1102649833,5673939.210478911,27;69;14,325.98897755540014,5944.063822087197
53836,22894,2019-01-21T10:03:13.248+01:00,599407.0770953145,5674256.209632169,9;17;1;12;27;4,514.7657469855828,5148.8313962850125
90518,38303,2018-12-31T08:47:29.966081497+01:00,598452.2546107268,5676416.438996418,20;5;4,722.0299281068839,3730.867951705764
63635,27008,2019-01-18T11:00:02.299+01:00,597772.3039364094,5674311.3804034805,14;27;32,717.1189258387583,4702.04717264178
100005,42317,2019-01-07T12:38:34.856567266+01:00,599597.1085879623,5675664.512046948,9;11;12,210.84969737645065,4070.8626075830844
96457,40808,2019-01-18T17:35:05.600+01:00,599114.7566118852,5672356.666445418,10;2;1,187.12238735450836,481.80198334009094
53769,22865,2019-01-18T11:03:25.143+01:00,599117.0163212772,5672363.924052144,10;2;69,188.14207394834864,445.68200953489276
37060,15856,2019-01-28T08:35:20.382943282+01:00,598774.4728190694,5675995.732175909,9;14;20;11;4,547.3227264039012,4030.3422042719503
119178,50526,2019-01-17T10:01:31.374890671+01:00,598921.3038254154,5674811.216625464,14;69;9,365.6367527631531,3929.905892773569
116963,49575,2019-01-21T11:04:27.837+01:00,598565.990123231,5676204.748462462,14;5;20;19;34;32;27,886.493301140406,3321.494878363506
53743,22851,2019-01-17T09:50:57.574+01:00,597325.9272209094,5673421.948189944,27;18;69,421.92436281713265,6793.512850445946
57909,24590,2019-01-30T08:54:08.895+01:00,597194.6511978467,5672912.364934588,25;18;27;15;19;32,848.5540848941746,3095.7476831404806
43835,18711,2019-01-10T19:17:35.911120812+01:00,598535.6628626616,5674609.868956993,14;27;32;19,351.09003820626384,3547.370053363849
15796,6798,2019-02-01T11:11:05.039+01:00,597934.2959895415,5673947.828910915,27;32;18;69,188.06855677920345,3315.99729437677
37414,16015,2019-01-21T09:12:46.731+01:00,597839.3344258815,5673940.926076301,27;18;32;69;14,198.16938895049432,4926.609220018715
42072,17968,2019-02-05T17:57:55.211000166+01:00,597836.4814578083,5675839.844848242,20;18;19,936.191990524569,2648.3991885319037
124190,52724,2019-01-02T08:54:12.185385510+01:00,598324.5929202802,5675996.426399933,14;20;32,728.4931459616591,4207.6828245178285
98724,41798,2019-01-07T20:37:45.873+01:00,599134.9418324991,5672416.041070914,10;2;69,96.3531693503175,718.0640987549957
946,396,2019-01-03T09:05:01.888445698+01:00,598421.5665036781,5676835.536497589,5;4;6;34,2248.054422092804,5186.704670075272
56660,24086,2019-01-21T08:19:32.265+01:00,598695.7228512777,5676799.642122834,4;5;11,1457.3457504309176,5033.892365156412
122362,51882,2019-01-11T09:14:02.942771774+01:00,597227.261932498,5673325.024834337,18;27;69,299.3250718891092,1717.5869513245605
63598,26986,2019-01-07T08:07:56.179+01:00,599132.4658976116,5672409.627987309,10;2;69,140.07442079999464,398.885170101528
114988,48736,2019-01-04T07:52:59.319614431+01:00,597817.1532642304,5675973.147266275,5;9;14;20;19;32,78.40796336381403,3225.1525929517225
71051,30178,2019-01-10T10:11:33.490444353+01:00,598908.0237885246,5674784.650722829,14;2;9;32;69;12;27,533.8771304679345,3442.3170209839172
122358,51881,2019-01-09T08:37:33.429841632+01:00,598068.9883927775,5675113.548620087,32;14;20,177.90773520241459,3938.2537311380297
73771,31301,2019-01-22T11:40:50.178922745+01:00,599074.8219976295,5674755.616844061,9;32;4,719.5792580529317,4790.612494600122
104261,44102,2019-01-17T11:37:46.276341628+01:00,598030.2063770862,5676491.1051766,5;14;32;23;6;11;18;9;27,687.1795343992992,4337.760355851312
47436,20220,2019-01-19T19:10:43.404+01:00,599115.1008525143,5672364.735796437,10;69;2,144.63932418433575,808.6825119712911
17400,7473,2019-01-21T10:14:33.456405066+01:00,601070.0521684072,5673638.13957247,17;70;1,293.3988211469462,4675.7133148024695
47826,20375,2019-01-04T09:07:46.836+01:00,597755.850759852,5673898.173741696,27;18;69;32,292.54349088948385,5521.907444381152
8702,3756,2019-01-18T11:24:25.165914000+01:00,599561.1549232127,5676823.581940887,5;11;9;4;7;12,139.84383858394017,3910.6172699256863
24038,10298,2019-01-22T11:52:35.790918853+01:00,599073.6646163729,5674755.170148258,9;2;14;4,603.7497956901265,4586.118805833162
67505,28667,2019-01-30T12:38:27.283532089+01:00,598078.5973921522,5676464.871568175,5;14;32;20;4,898.5404330690156,4923.96941861489
126129,53551,2019-01-28T08:51:57.447+01:00,598218.5263716168,5674296.983919946,14;27;69,255.1951299505779,4669.922392996906
43561,18606,2019-01-19T09:44:56.283+01:00,600085.1035951694,5674194.273175566,2;1;7;12,1342.6185030053932,3203.89772482184
29242,12498,2019-02-05T08:45:23.829094704+01:00,598107.3210594879,5675950.256088883,20;14;18,1129.0687918756769,3889.290083079401
99839,42248,2019-01-18T08:23:02.659294829+01:00,599159.092020331,5675165.049408093,9;14;12,118.98535573935118,3870.279424592022
77667,32924,2019-01-02T12:28:26.138+01:00,599207.0018424509,5674828.612989179,12;9;14;1;2;17;11;37;27,682.5580958005195,3860.6256036601135
23660,10142,2019-01-18T12:34:05.083+01:00,599114.5245413336,5672360.056791933,10;2;69,160.38604407213896,676.2572664981255
4004,1760,2019-01-11T11:37:30.620321610+01:00,599643.2646782438,5676842.999443832,9;11;14;5;6;7;27,716.2468476056182,3624.444359510034
86470,36686,2019-01-10T17:05:49.456661794+01:00,600702.382866919,5676559.418011462,11;4;9,1226.7766102798537,3640.0874241684837
67216,28543,2019-01-20T17:27:36.920+01:00,599114.6829436336,5672360.484201576,10;2;69,151.10533676847146,774.3735328507788
56668,24090,2019-01-03T14:01:10.926483955+01:00,597867.4129850648,5673226.43033604,18;69;19,389.63683838992324,987.3758241549675
26140,11184,2019-02-05T14:31:29.498+01:00,598238.6083699972,5674704.746415483,15;1;69;19;27;32,1573.367513810522,1557.4577300433498
54279,23081,2019-01-04T11:03:24.236131142+01:00,598106.9032204775,5676550.283521549,5;14;9;6;18;20;32;4;34,456.5883685063108,4414.752645669784
83822,35588,2019-01-29T08:54:52.262082000+01:00,598615.6277405497,5676453.525467858,14;9;6;5;34,583.1431797079995,4312.527448075499
103913,43952,2019-01-15T08:50:28.656+01:00,599142.2806248683,5672393.267646895,10;2;69,139.41558659887772,635.0907953864715
67825,28812,2019-01-22T08:15:43.189+01:00,599113.8014699213,5672364.7107232865,10;2;69,172.24352687334184,570.5531856900104
57416,24386,2019-01-08T10:30:23.081+01:00,599133.3163401292,5672412.190519874,10;2;69;1;27,112.64681521387296,629.3927619891409
114817,48651,2019-01-06T13:53:05.83614687+01:00,599137.8895509068,5672413.551845172,10;2;1,123.91399918768305,461.54202859405325
21995,9412,2019-01-17T17:26:29.365+01:00,599114.9915627581,5672361.763216002,10;2;69,279.55353219192256,1287.717733025504
104782,44337,2018-12-14T22:01:35.431091924+01:00,597783.2108588932,5675767.113828491,20;14;9;19;32;18,736.1124505214641,2659.3943179291477
69387,29455,2019-01-18T11:03:23.332+01:00,599263.726397555,5676994.773943866,4;14;11;9;5;6,1074.2147554447517,4132.8478781620615
105808,44772,2019-01-14T10:17:39.142610081+01:00,599967.679611187,5676800.510905452,11;7;14;12,1376.7455046119123,4007.1788303947574
8168,3542,2019-02-05T16:43:03.195478304+01:00,597836.4814578083,5675839.844848242,14;20;19;37;9;18,1073.8354996036526,2096.9896098742665
54738,23272,2019-01-08T10:47:00.888362377+01:00,599646.910465295,5677022.149222422,11;9;5;4,545.1750931219548,4086.721362090815
96998,41057,2019-01-22T14:39:01.742933743+01:00,594662.246818199,5674877.295096421,19;15;25;14;32,979.4918954999091,3349.598179191815
84031,35672,2019-01-05T10:51:05.360+01:00,598715.3378090966,5675937.730509693,14;4;20;32,196.9504985748456,3634.6495445630344
80358,34067,2019-01-08T09:51:59.101661353+01:00,598075.7571874144,5675114.9510301035,32;9;20;27,69.47199003722753,3602.694331545273
75740,32122,2019-01-08T11:28:05.877+01:00,598006.2374470525,5674038.315565301,27;32;14;18,190.52235972988814,4179.456074634059
44790,19135,2019-01-05T11:13:22.66553382+01:00,599799.5140679186,5673917.549573979,2;17;12,708.6767051614538,2951.0079225473255
93406,39522,2019-01-05T16:31:32.911+01:00,599133.8073421014,5672410.926936831,10;2;69,102.29559566633864,706.4106975124391
3107,1364,2019-01-14T11:56:32.623062958+01:00,598879.4561100483,5675995.632660399,9;37;4,2443.3628084595184,2503.621319722473
44861,19162,2019-01-20T13:26:43.730+01:00,599111.4587511577,5672358.3002225235,10;2;69;1,159.64591289064825,816.0529196100441
3889,1704,2018-12-31T10:13:19.49983755+01:00,598571.6507958863,5676248.141372338,14;32;9;20;11;5;19;27,695.0341292402408,3408.426706394387
29316,12527,2019-01-04T16:46:52.490+01:00,600513.0475878022,5676090.606452856,11;14;9;17;5;6;7,815.5551581747067,3205.091118185476
84395,35815,2019-01-07T06:07:51.714+01:00,599135.1067130646,5672410.952015189,10;2;69,105.66186377079515,649.2052404409624
1369,587,2019-01-11T11:44:47.93371788+01:00,598492.6825831908,5676466.864516459,5;14;11;6;20;34;9,784.372185425441,4416.900848452243
118099,50061,2019-02-05T20:32:24.143433751+01:00,597836.4814578083,5675839.844848242,14;19;20;23;15,898.6874393144577,3862.726991397579
9225,3989,2019-01-05T10:43:31.899+01:00,599132.2414335004,5672410.8967146315,10;2;69;1;27,102.97030491349584,733.4273787339147
35053,15019,2019-01-18T10:56:21.423+01:00,597775.8080314393,5674309.325391737,18;14;27;32;69;19,636.3643852151677,1457.1568169499044
70804,30066,2019-01-07T18:16:09.415+01:00,599136.3225069768,5672410.1267744405,10;2;69;1,110.66747375032513,619.5050069147769
33584,14412,2019-01-17T08:59:38.874+01:00,599028.7253552955,5673625.520858038,2;69;32;27,864.0553257665173,3765.448939245096
119535,50673,2019-01-10T14:58:59.258+01:00,599069.6129537155,5673677.232097437,2;69;17;1;11;27;70;12;7,1066.854821128337,3804.683833826165
13996,6029,2019-01-15T12:04:53.436595914+01:00,598382.2068355916,5676521.183617684,32;14;5,1131.3828342951122,3999.911878682024
76163,32303,2019-02-05T11:45:56.271372392+01:00,598424.5368429039,5676505.445835372,5;9;14;32;11;20;34,481.08968538963194,4370.679602413863
67787,28795,2019-01-21T09:44:53.710322668+01:00,598430.7003496028,5675845.69365211,20;14;32,418.3611104683728,3986.909612686936
37910,16228,2019-01-07T14:23:04.191874730+01:00,598027.7819128947,5673194.268148647,69;18;27,199.82509426412514,3117.111892447904
92564,39183,2019-01-09T12:23:52.088+01:00,599130.4259308706,5672411.710382154,10;2;69;1,109.45939464895748,671.1518481975694
61261,26011,2019-01-15T14:32:49.156+01:00,599152.8012720593,5672395.592491063,2;10;69,279.7400790041259,1777.8887112643865
37773,16170,2019-01-16T09:23:36.35217787+01:00,598938.3395972899,5674936.729541807,14;9;2,84.4658687349249,3929.788678923014
29738,12720,2019-01-24T19:42:10.830228653+01:00,598074.3713267143,5675107.286203694,32;14;69,185.9700747247694,3598.896965898018
112374,47636,2018-11-28T12:30:05.636+01:00,598404.0669685912,5674225.851294581,27;18;69;32,990.0379077218182,3819.9139916626846
62520,26546,2019-01-17T20:55:48.139+01:00,599114.116545625,5672360.473272266,10;2;69,161.42364071055144,808.1483340835263
94915,40172,2019-01-10T06:54:17.629+01:00,599131.582706645,5672408.762235505,10;69;1,100.9431881299598,777.2169323530362
2551,1103,2019-01-03T10:51:24.544090436+01:00,598374.3344391598,5676598.265085326,14;9;11;5;20;4;34;18;19;32,598.9595100938694,3851.845212524639
71468,30345,2019-01-21T17:30:13.490+01:00,599115.3317716408,5672357.950603082,10;2;69,179.25753005713352,489.5131751884164
80167,33975,2019-01-11T10:25:00.927+01:00,599448.8220379554,5676964.835405713,5;9;11;6;17;32;70;4;27,666.1250954833489,3760.5838262936263
31217,13355,2018-12-31T09:34:32.608939346+01:00,599198.8597037514,5674717.274602153,9;14;32;69;11;1;7;12;27,384.71767161561326,4407.232048314672
118737,50330,2019-01-19T20:53:30.397+01:00,599115.4369059548,5672373.229342739,10;2;69,157.75914576807378,572.2592683573075
62969,26735,2019-01-03T09:02:24.198004184+01:00,598420.9680409561,5676837.22243153,5;6;4;34,2544.1729875119368,5207.488843255076
114590,48551,2018-12-31T10:03:16.584+01:00,597176.5180993406,5673579.9466102505,27;18;69,536.4612382089299,5501.465463272235
97901,41433,2019-01-16T08:15:47.799221519+01:00,598406.9054016671,5676533.963647751,5;14;32;6;9;11;34;4,1359.7265866595153,4761.990596731764
51252,21832,2019-02-01T11:54:12.097+01:00,597299.2510153479,5673637.4363672035,27;18;32,361.2448173123615,4926.600860080697
123176,52244,2019-01-24T11:42:15.217939159+01:00,599548.8334880072,5674227.554380475,2;17;12;7,1181.3026005732152,3505.6152127390383
84199,35730,2019-02-01T11:15:06.530+01:00,599076.4925742358,5674772.623278913,11;14;9;18;70;12;27,846.4725678805256,3727.7195974396122
114315,48435,2019-02-04T08:29:36.630807092+01:00,601245.5549676125,5673501.558674235,17;70;1,244.06453980254815,5049.351710732871
73883,31349,2019-01-29T16:38:22.232256684+01:00,600514.7203717611,5676083.4251163,7;9;14;4,700.7274186136239,2979.836306624413
113812,48229,2019-01-24T09:46:48.448547383+01:00,600347.4661194473,5676421.760027572,11;17;7;9;1;37;14;4,737.7821650332708,3406.1985706252285
15651,6739,2019-01-28T16:43:07.217+01:00,600513.1556784392,5676086.789335992,7;9;11,493.9430621450843,3253.3626998011387
74495,31607,2019-01-15T10:35:32.372+01:00,598480.5151394687,5674198.885694209,27;32;1,758.8234237116076,4860.918241783541
27857,11905,2019-01-03T11:18:13.217+01:00,597909.7823401744,5674548.242750498,27;32;18;69,659.6113695312416,3980.973180500247
49552,21120,2019-01-07T10:16:53.787633087+01:00,598640.7010535374,5676874.5432300735,14;5;6,1007.8312584171186,4373.346332535089
95779,40518,2019-01-23T08:39:35.801+01:00,599116.1506415936,5672365.604759796,10;2;69;1,173.55647498555211,639.2079830916266
21024,9016,2019-02-04T08:50:06.692506121+01:00,599167.5040237227,5676857.967211969,9;5;32;34,1610.2185501710214,3599.9086394641336
56793,24145,2019-01-07T16:17:20.734449543+01:00,599452.8402573444,5676596.147013599,14;9;5,1280.661864295753,3560.2705909391143
116054,49184,2019-02-04T16:01:50.069+01:00,599126.2130977275,5672367.49635267,2;10;69,245.40083107019407,1737.4568598350047
62309,26463,2019-01-21T11:27:06.816+01:00,598076.0702838665,5674209.389848354,27;69;32,542.2539728759684,4849.270219336152
3732,1637,2019-01-19T11:32:40.409+01:00,599114.9670065797,5672363.035801394,10;2;69,154.91459730674313,752.4936526838922
47870,20395,2019-01-03T18:33:51.472317228+01:00,598089.1360792068,5675133.029528928,32;14;9;18,199.838350675988,3535.686161029764
58087,24673,2019-01-16T12:29:30.303+01:00,597507.4589350609,5673525.963118248,27;18;69,199.1109147814084,6186.552388684489
10038,4343,2019-01-15T10:57:50.706954753+01:00,599645.2873067891,5677019.995897749,11;17;9;14;7;70,1509.8371534826338,3933.5718555951144
98155,41552,2019-01-08T10:02:58.994474586+01:00,598225.8226401026,5676108.685496485,5;14;6;9;32;19;20;4;27,546.0148656294142,3370.001154773157
78630,33331,2019-01-29T12:49:50.753+01:00,597457.4689505164,5673691.3590951525,18;27;69,486.20786443608523,2595.48601396928
19976,8561,2019-01-23T11:22:23.846760411+01:00,599756.0493911786,5676620.706455425,14;5;4,1737.1776259139383,3258.5738050221967
89111,37738,2019-01-21T13:51:11.43152523+01:00,592719.4736333408,5673618.886921025,15;23;50,453.5980685200807,4360.118308287234
130108,55217,2019-01-09T10:01:26.783+01:00,600554.4939440367,5676304.022782318,7;5;9;6;4,994.916852330293,3181.309189373957
46947,20019,2019-01-25T14:39:11.732005667+01:00,594652.936838202,5674896.218842934,19;15;25;32,996.5959172510438,2332.938320994399
99538,42117,2019-01-21T09:40:14.332+01:00,601096.2009066232,5673763.8403554475,7;17;27;70,609.5747766683116,4439.980709056398
94192,39862,2019-01-24T10:48:48.828129572+01:00,599074.9087785576,5674740.766106173,9;14;11;2;4,1001.9898766592864,4224.917493944479
56964,24213,2019-01-02T08:56:45.016+01:00,597681.4265718808,5673871.296136314,27;18;69,303.658086285137,5691.531359325593
4258,1863,2019-01-08T07:56:09.434832336+01:00,598612.1239575706,5676265.044674222,9;32;4;20,585.6625274459145,3965.796054280843
112838,47837,2019-01-10T14:27:01.362+01:00,599131.1255920464,5672411.723885385,10;2;69,132.88152250484495,427.3088430709758
64729,27476,2019-01-06T07:22:54.156+01:00,599131.2244041014,5672408.330967189,10;69;27,100.67050986304648,772.7038683184653
46515,19824,2019-01-02T13:56:04.647+01:00,598210.0757512011,5675349.64068752,14;9;20;12,742.2304491696664,4067.153639432362
119851,50819,2019-01-08T16:54:14.160249427+01:00,598368.5324778522,5674715.297521827,11;9;32;1;27,1403.8932614114904,5265.641701735707
105819,44778,2019-01-18T13:22:35.400+01:00,598032.1409411908,5674037.537093034,27;32;69,422.69635082740297,5480.3230578792
87672,37152,2019-01-28T18:29:59.576988272+01:00,598077.3124166192,5675112.010285896,32;14;69,221.9743742002768,3638.396198739018
26790,11467,2019-01-03T08:42:10.565125019+01:00,599425.9040618745,5676966.9372226875,5;14;6;32;4,1915.968220028101,3503.99491275878
50170,21394,2018-12-29T09:34:53.857+01:00,598375.2867906082,5676871.567478247,5;4;20;32,1055.7577742717317,4321.790025457707
52690,22419,2019-01-07T18:59:50.632+01:00,599136.1395463938,5672410.971949502,10;2;69,127.56159111586439,442.69381122645456
42567,18188,2019-01-28T08:33:32.471+01:00,598204.2709608043,5676486.371862951,5;4;14;32;6,1065.622306261453,4750.425414418601
27503,11755,2019-01-20T19:17:47.016+01:00,599112.6844685595,5672362.143051226,10;2;69,180.16751081158395,463.0673502737207
16217,6975,2019-01-23T09:55:26.743+01:00,599130.3644550749,5675169.162313474,12;9;14,398.4355733852986,3783.745335533399
35308,15124,2019-01-11T08:02:10.763704086+01:00,597863.6770621478,5676301.6346101165,5;6;9,1938.9983760196071,5941.950804773727
58424,24816,2019-01-07T16:10:29.795455563+01:00,598566.940095738,5676453.43842155,32;11;9;5;14;20;27,544.0723443782579,3971.056371067076
68178,28960,2019-01-02T07:44:57.849+01:00,598617.9322993674,5676451.447998596,14;9;5;11;4;20;32;34,342.93150212925303,4051.2738998014975
77297,32754,2019-01-10T19:07:24.451+01:00,599133.1906892654,5672410.066328993,10;2;69;1,116.91337754593873,584.3804510531646
66480,28220,2018-12-31T09:11:21.759+01:00,598564.1472205624,5674478.0176678365,27;32;69,1146.129114263185,5019.91952902289
125266,53183,2019-01-14T14:54:36.826779165+01:00,600800.1505417747,5674377.583170129,17;2;9;1;7;27,1007.5515653341597,3070.2103151797555
94297,39912,2019-02-01T09:48:25.315+01:00,600403.6235266584,5676319.315197215,7;2;11;6;9;37;4,930.1561795744051,2645.6319973350055
21485,9210,2019-01-29T11:19:18.949137570+01:00,598606.7771355392,5676444.443881318,14;11;32;4;9,676.1715244818995,4209.97387818562
52868,22491,2019-01-19T10:26:47.625+01:00,599114.7431213444,5672366.001952792,10;2;69,193.27696974893738,398.21911308767034
119525,50667,2019-01-17T11:14:45.746+01:00,599135.4663799846,5672390.590005331,10;2;69,155.12830355338866,429.48575731273104
33894,14528,2019-01-23T10:15:42.441111330+01:00,598714.8473894243,5676290.359814919,9;32;14;5;20;6;34;27;4;1,558.7882864042251,3995.420295788009
34998,14996,2019-02-05T07:40:08.197+01:00,599124.1240007228,5672372.123920826,10;2;69,167.26477101142424,815.6678351464218
118839,50376,2019-01-09T08:55:27.558490767+01:00,598346.5460114996,5674024.879033494,37;18;32;1,2430.643281351828,1651.531271805482
18137,7795,2018-12-28T19:31:04.279153561+01:00,598606.9185412967,5674781.827440248,14;9;32;27,374.0520708049745,4114.794957096933
92936,39347,2019-01-03T18:10:52.541+01:00,599103.4483416686,5672414.160267839,10;2;69,133.18175798615968,589.1621873886924
54145,23018,2019-01-02T09:03:10.995805694+01:00,598399.0161650928,5676841.044793505,5;34;6;4;11,2203.1056363249027,5193.029960697654
124113,52687,2019-01-19T12:49:25.074+01:00,600899.3578051025,5674879.851983915,17;2;7;9;1;11;27,913.0802192493053,2675.2132810827115
111379,47164,2019-02-04T08:56:32.665876181+01:00,597915.5144740159,5676368.822796161,5;14;9;6;20;32;25;4,206.51982266966183,4927.77422552141
123601,52449,2019-01-02T16:30:22.41410375+01:00,599085.2580812725,5674228.770010535,11;14;9,2380.6405868246006,5158.545291376184
22189,9498,2019-01-18T10:40:39.357017276+01:00,598786.3863629922,5676003.175585997,9;17;6;20;32;4,438.80509866770353,4180.571463411844
80448,34110,2019-01-29T10:52:06.413+01:00,597224.3204096665,5673334.3048134055,18;27;69,334.107310572725,1091.0468149445408
14654,6312,2018-12-19T09:43:03.922+01:00,597812.2204797502,5674298.985959764,27;14;32,181.55472425371278,4676.931498140652
117172,49665,2019-02-05T17:23:28.359+01:00,597935.4533626295,5676348.410126442,5;20;4,825.9692201719586,4458.764836862516
116742,49481,2019-01-17T14:06:07.781+01:00,599136.7225465309,5672385.9463653825,10;2;69,149.19073112141686,444.2961654515848
108590,45982,2019-01-07T08:59:08.618358695+01:00,598921.7673172107,5675423.144774721,14;9;69,433.20913217983974,3812.110434682391
101980,43156,2019-01-03T15:48:47.54915198+01:00,598395.0320581001,5674787.521105061,14;32;19,416.26653301716107,2548.988285727564
120501,51101,2019-01-15T08:57:20.134+01:00,599137.3250996047,5672394.445058221,10;2;69,172.7319230284705,1150.4174019056586
88299,37389,2019-01-22T13:37:03.421178016+01:00,599267.9464304274,5675015.658995034,9;7;4,437.2467423583725,4586.611998368289
112097,47489,2019-02-01T08:51:14.646457165+01:00,598667.4661289516,5675929.595629742,14;20;32,743.9391956414727,3767.9765634445384
106646,45131,2019-01-09T07:50:56.770+01:00,599129.7929040913,5672411.698165027,10;2;69,114.72127041482631,586.1422775528436
120617,51155,2019-01-02T10:42:49.807+01:00,598434.9619165123,5676730.978014304,20;4;14;9,645.6013954252961,4110.918755060733
106830,45218,2019-01-16T08:22:06.354678840+01:00,598152.24725934,5676470.948149383,34;20;4,3022.908627399567,3588.1173993376638
72106,30615,2019-01-02T16:16:08.610+01:00,599422.490337725,5674518.335360247,12;9;2;27;69,53.860974380409274,3563.142400387871
19905,8529,2019-01-29T17:16:07.733920537+01:00,598512.610167467,5674766.012769907,14;32;27,385.8660709046989,4185.032179834282
12158,5245,2019-01-16T11:04:45.754+01:00,599193.5483948645,5676964.559954342,4;9;14;11;6;27,250.2034921154532,4000.6847099886204
62633,26594,2019-01-10T15:22:30.605556648+01:00,598437.3393520934,5675876.374494795,20;32;4,254.53793671069084,3537.1277758690517
120585,51142,2019-01-08T09:02:51.128+01:00,598539.125772076,5674472.86938072,27;14;32,767.7340626714341,4502.704899570168
55879,23751,2018-12-31T08:31:14.285311927+01:00,598761.268901602,5675965.348800853,14;9;32;20;37;69;11;1;4;27,787.6947447768614,3626.265644933187
27665,11824,2019-01-06T20:34:50.992+01:00,599133.2584618252,5672413.462462298,10;69;17;18,99.81351961545548,777.2136768871595
3206,1401,2019-01-24T16:23:51.255802954+01:00,598367.8346971819,5674718.678970939,14;32;27,186.58113481412138,3813.1343038044834
80735,34250,2019-01-02T16:57:57.115110738+01:00,600513.230676632,5676089.761321121,11;9;7;4,721.7411478218421,3607.1701415815596
1161,485,2019-01-29T14:27:11.590952418+01:00,594957.4445372992,5675085.16056029,19;15;27;25,740.5834293335399,2556.354162595678
82534,35028,2019-02-04T18:59:32.398+01:00,599140.8601352167,5672404.697764721,10;2;69,171.46201134332594,495.6757922555765
113272,48012,2019-01-02T10:52:10.786649511+01:00,597331.760939351,5674785.494309064,19;23;15,2525.934445081423,4204.566220016381
17864,7674,2019-01-21T08:51:05.546486229+01:00,597229.8188565626,5673325.497598404,18;27;69,343.7735671837204,1294.3334732174558
119848,50816,2019-01-11T11:40:19.233310027+01:00,599644.4380162745,5676842.597880815,11;9;14,692.1800182073106,3804.4226997345527
104722,44313,2019-01-16T14:37:47.846+01:00,599136.5395852249,5672386.791540411,10;69;11,406.7006964228381,1591.6215364828781
84367,35800,2019-01-09T07:17:45.373+01:00,599127.5513232441,5672408.684432152,10;2;69,119.23509860146477,581.2566299787037
37351,15988,2019-02-05T13:20:22.541664167+01:00,596814.0972520168,5676355.131918898,6;14;5;9;11;18;20;4,1575.1166606690526,5671.803824770245
2250,972,2019-01-19T20:59:49.874+01:00,599114.6285259416,5672371.940684686,10;2;69;1,218.88513436568465,530.3434779168241
95913,40575,2018-12-31T12:40:44.881545103+01:00,600308.3294622019,5676379.407409547,11;5;6;7;27,1244.1509090302088,3950.4426958598006
41960,17920,2019-01-18T09:32:24.151451730+01:00,599113.8837407193,5674963.456174617,14;9;12,317.4760760132868,3706.7873995177974
39143,16738,2018-12-31T11:19:21.907046123+01:00,598449.6537126853,5676640.448142168,5;34;4,2731.496462284271,5096.279958515551
94092,39803,2018-12-31T08:54:51.247647102+01:00,598296.486461806,5676434.2451593,5;6;20;9;4,1483.4385465147466,4808.899271825449
54597,23213,2019-01-05T14:30:59.978+01:00,599130.4838084696,5672410.438439708,10;2;69;11,111.66017935057718,754.8769328729959
118255,50137,2018-12-31T11:12:30.309181176+01:00,598448.6430775903,5676651.461958524,5;6;34;32;33;11;1;4,2261.147241634263,4392.066718717485
115757,49082,2019-02-05T08:48:05.606157807+01:00,598387.435444763,5672259.086244203,69;2;18,510.80004769345373,4349.031997547635
20068,8592,2019-02-05T13:31:57.317+01:00,599144.0580251124,5672403.062077351,10;2;69,185.21411843723996,635.198189783736
55045,23408,2018-12-31T09:45:55.665664431+01:00,598728.7147399203,5676227.39780984,14;9;6;4;5,240.44610911774052,4214.380267584963
39939,17069,2019-01-26T11:25:58.032+01:00,599331.6099406662,5674144.4164869785,17;69;9;1;27;12,586.4516295143465,5072.039552595464
107324,45440,2019-01-18T16:29:43.848515820+01:00,600335.0024109719,5676348.950820078,11;6;7,1574.7130723520202,4013.9522946805573
27832,11898,2019-01-18T13:23:06.389+01:00,599111.16707833,5672357.870241466,10;2;69,189.23126064705437,454.82374598871127
91622,38793,2019-01-30T11:33:50.209234657+01:00,598567.1617276118,5676240.841094588,14;32;5;6;20,574.8676857003312,4186.202425987712
3836,1681,2019-01-14T09:38:27.485+01:00,597685.1186038267,5673862.879375347,27;18;69;32,227.30900436986903,6285.020620459258
4042,1778,2019-01-21T07:29:28.842260562+01:00,597979.7828555307,5676480.806042138,5;6;34,2079.2412391075063,5796.436016074598
100282,42446,2019-01-02T09:56:46.082+01:00,598532.725939774,5673486.975198631,14;17;69;18;27;19;32;25;7,613.0998130987234,3526.6744689770194
43693,18657,2019-01-09T15:40:28.906+01:00,598426.1134919985,5674719.796234975,14;27;18;1;32;69,431.3613651435167,3718.958596970526
70008,29726,2019-01-19T12:49:10.248+01:00,600819.6238973527,5674997.5300647495,7;17;70;9,1098.022447091112,3301.3226129071672
55549,23619,2019-01-29T09:54:00.436+01:00,601089.6897283236,5673752.678808013,1;17;70;7;27;12,343.57395383373745,4884.013098992982
22405,9588,2019-01-22T10:16:03.383622155+01:00,597224.8531040235,5673059.76124356,18;25;27;23,62.74339197640868,1142.6314973970727
76976,32615,2019-01-10T11:54:03.612+01:00,597810.4217256376,5674312.955270659,14;27;32;69,383.6540333075556,4726.755339819939
84857,36008,2019-01-05T11:58:21.648374707+01:00,596029.8375983824,5675956.780479512,5;15;19;27,633.4456673057776,1611.9803160287913
64024,27176,2019-01-10T15:44:36.518+01:00,599354.7958716386,5674315.031541166,14;17;1;2;7;12,749.3306060832591,4089.7411000272164
89662,37940,2019-02-05T18:44:58.497+01:00,599141.7263835915,5672404.714484765,10;2;69,111.70678019672181,587.9406783501124
118674,50307,2019-01-08T08:26:26.751+01:00,596948.4004604913,5673456.392375976,27;18;14;32;25,750.7003366094222,4658.262023127059
43954,18758,2019-01-10T16:03:06.340285367+01:00,598580.026440141,5676316.623379256,5;14;32;9;4;27,672.6613033814644,4214.390079727707
127909,54308,2019-01-24T08:31:44.181875196+01:00,599202.4437610845,5675152.307875349,12;14;9,350.3517107916616,3729.8152825734132
50967,21717,2019-01-31T12:26:38.124424917+01:00,599626.8788146134,5675601.436484511,9;11;14,367.21534980140257,3930.0277719832447
120470,51088,2019-01-06T09:33:27.862+01:00,599131.0682840438,5672414.693251443,10;69;27,95.60385070419052,771.3565474984139
15585,6709,2019-01-03T08:43:51.372+01:00,597893.2249711374,5673985.6615418475,27;18;32,395.7195851949549,5970.681301959569
13586,5858,2019-01-25T12:36:28.162072501+01:00,596252.0700366629,5676420.938553046,11;5;15;19,1422.4616265439533,3518.4176858245996
3883,1701,2019-01-04T07:50:12.570+01:00,597018.5372783502,5674073.871353181,19;27;25;18,271.9602536684594,3421.6306745864326
45979,19614,2019-01-10T10:10:10.983641084+01:00,596926.5598223882,5673658.394166582,32;18;69,1096.085765658743,3426.1817465727704
61441,26091,2019-01-16T10:59:28.420937055+01:00,599045.858690624,5674631.9950208925,14;9;18;19;32;12;27,831.9103107874643,1623.9151400031021
77613,32896,2019-01-16T10:40:19.564+01:00,599223.6160541277,5674648.1589130275,12;18;25;27,552.4256215058801,2327.783823373399
11575,5007,2019-01-23T15:35:43.613275652+01:00,593586.9211262304,5674302.536554164,15;19;34;50,246.8028474266837,3119.0204791579026
110178,46648,2019-01-03T14:37:06.236+01:00,599575.135355501,5674331.6072787065,9;27;12,763.8408232491897,4574.098873232633
53494,22748,2019-01-07T09:11:35.588711221+01:00,598402.1260567049,5676835.163494794,5;11;34;9;32;70;4,238.7353220096179,4761.599112615902
123137,52227,2019-01-12T12:38:11.236101912+01:00,598949.7567837784,5673599.385869008,14;18;1,53.16022205692545,2440.623077573643
43339,18508,2019-01-08T14:58:44.978417747+01:00,598689.1934002939,5675253.592847112,14;12;9;20,156.41604996049801,3839.3126671245723
2566,1108,2018-12-31T10:17:29.676+01:00,597077.7280456453,5673482.599383896,18;27;32;69,551.739842916813,2580.4824899220976
30558,13068,2019-01-15T13:38:32.924+01:00,599148.1941668227,5672392.533085904,10;2;18,152.9626626356301,446.4335960468278
97752,41367,2019-01-14T11:10:17.346+01:00,600612.7932291843,5674599.241830834,14;17;7;9;12;1;27,763.5929559156443,3053.5531302178188
110529,46805,2019-01-22T08:38:55.783033166+01:00,598891.8586750904,5674722.80787405,2;14;9;27;69,1163.1118478014137,3879.8152481621664
8772,3788,2019-01-07T08:21:07.062+01:00,599135.2727306527,5672409.257806762,10;2;69,114.24678983553125,571.7146419207976
30942,13240,2019-02-04T11:36:06.841170199+01:00,598378.4850319452,5676404.414873105,14;6;20;4;27,133.92430881401538,4236.975889711301
25798,11053,2019-01-05T13:15:35.427+01:00,596953.6763584058,5676145.168571647,32;1;5;11;20,2156.8810434548095,5593.46379945321
54911,23352,2019-01-10T15:20:00.107412082+01:00,598776.7727362572,5675242.971581625,14;12;9,112.44420977177,3981.4818725754762
96738,40940,2019-01-16T13:04:27.417450051+01:00,599133.7409268939,5672386.737525279,10;2;11,339.67628534123355,1311.9161537875261
60459,25661,2018-12-31T07:50:44.834+01:00,596960.5165072957,5673444.739403864,27;18;32;25,703.5774983377511,5241.999337865698
82901,35178,2019-01-17T11:24:28.861607252+01:00,597953.8793632223,5675172.032569133,14;32;20;69,518.6980903621989,3996.5360608381357
3425,1512,2019-01-09T17:28:19.059+01:00,599135.3983806949,5672411.381997701,10;2;1;27,114.00215890081431,689.8886972119793
104995,44422,2019-01-14T10:07:21.422497865+01:00,597266.6706136196,5673364.386934142,18;69;27,279.8698692959074,2218.1433403108176
14830,6388,2019-01-08T12:58:39.191896877+01:00,600294.7742962785,5674049.415865881,17;2;27,861.8200440317235,3052.30365645057
93998,39761,2019-01-14T11:33:27.317+01:00,601475.2419121475,5675312.172275954,7;9;11;17,614.4673374610056,2769.097031156632
86920,36860,2019-01-07T13:29:38.760+01:00,599131.1436749782,5672415.967765943,10;69;2,95.62443206570632,757.4743546395274
45221,19319,2019-01-14T15:48:26.092+01:00,599151.2576701993,5672387.499983149,2;10;69;1,389.67378934469735,2556.544488658898
117926,49982,2019-02-05T07:45:26.390+01:00,601290.4641621964,5673517.296987611,70;17;1,606.6793345587164,5428.0740245327115
46654,19881,2019-02-01T18:52:58.647779444+01:00,598078.3904684088,5675120.093582994,32;14;69;27,284.23655388598957,3519.29129351083
83899,35621,2019-01-08T10:56:14.366195625+01:00,597892.8843065317,5676135.845646626,5;20;6,1540.313341096642,4602.787403305266
21712,9304,2019-01-18T10:42:45.764554186+01:00,598718.3660961394,5676263.2688177265,9;32;6,385.20790725135896,4127.6849847291305
64966,27583,2019-01-25T14:34:59.920038442+01:00,594957.8931292035,5675084.320171978,19;15;27;32;25,969.5133412445538,2446.543803879652
74128,31451,2019-01-10T08:58:17.374+01:00,598345.1796361142,5674023.15544913,14;18;69;27,267.44370532258597,2556.334689768761
112308,47598,2019-01-29T14:07:17.909+01:00,598239.9342737471,5674384.810128815,27;14;18;19;32,681.0065287741658,1611.9468654642455
90368,38229,2019-01-28T09:45:53.456796345+01:00,601033.59942922,5673892.037613991,17;1;12,598.0518265625843,4297.320861524399
128503,54561,2019-01-10T11:58:13.955918653+01:00,598672.4847276204,5676401.150115655,5;4;17,942.7652471367466,5100.371511930391
69714,29599,2019-01-03T12:39:16.484290272+01:00,598674.9577467669,5676404.168168422,9;5;27;32;17;11;18;1;4,1205.9472090969819,3920.3440557140866
22114,9465,2019-01-15T09:04:03.876+01:00,598496.1242201388,5673704.814399659,27;18;69,793.2075670733232,4427.467990648459
32422,13908,2019-01-14T14:23:56.817077556+01:00,598790.6430290267,5673038.2978591705,2;14;18;1;27;10,372.6740321097451,2980.277755940757
53435,22725,2019-01-05T13:32:24.224660093+01:00,596357.2986182701,5675970.982750862,32;5;25,974.4202918122095,5376.6303157357615
61772,26232,2019-01-15T13:58:34.465+01:00,599147.0673062876,5672385.297330228,2;10;69,281.771042318792,1766.1498944702596
86183,36574,2019-02-04T12:41:13.532+01:00,599123.4395603328,5672367.867181389,10;2;69,165.89208740229185,735.9652075124317
17351,7450,2019-01-10T15:58:53.333661488+01:00,598588.9989900503,5676359.23125964,32;5;20,1185.8900371881136,3582.4674820437594
38812,16594,2019-01-24T16:23:14.104073762+01:00,599942.9914075419,5676397.7381732,11;7;9,1119.4736760666588,3976.315978140913
20404,8746,2019-01-22T13:46:00.798365033+01:00,599276.1141682614,5675018.787473875,9;12;14;32;7;4,383.6329242009961,4339.206837283888
5011,2197,2019-01-10T11:24:31.383507637+01:00,598084.449245953,5675116.814559674,14;32;69,478.42726715471645,4377.901037582861
118429,50215,2019-01-23T08:32:34.971986093+01:00,598388.922713778,5676011.238989702,32;18;14;9;20;4,1188.722499367964,3412.383737390762
113365,48050,2019-01-22T10:12:57.620+01:00,600067.6506595274,5676694.673211864,11;7;4,1446.6452468293955,4061.694355922428
68037,28903,2019-01-04T14:13:34.210254794+01:00,598832.7267169141,5675231.318271451,14;9;20,107.06488178957126,3928.9887824475963
61940,26313,2019-02-05T15:42:25.960+01:00,599142.3074534982,5672398.784755985,10;2;69,140.31111060776038,575.795641817093
42561,18185,2019-01-16T08:14:16.730+01:00,597669.5971358246,5674317.912205397,27;32;14;19;69,62.246839494210484,3882.8050334518916
100632,42620,2019-01-07T07:35:50.562+01:00,599131.4161205546,5672408.759020427,10;2;69;11;27,113.43400781465378,740.4753067040621
13401,5776,2019-01-09T15:08:33.895240404+01:00,598036.266709604,5673207.160654336,18;69;27;25,437.21434894746596,1134.9474068986044
53262,22643,2019-01-17T06:36:23.840+01:00,599136.7897495942,5672387.64507505,10;2;69,287.8166749886766,1548.5344681917259
120273,51003,2019-01-05T19:24:45.668+01:00,599132.7073050796,5672409.208293326,10;2;69,110.6705682905576,632.0845245393023
17756,7628,2019-01-30T15:20:44.865684879+01:00,598763.026585328,5675969.201828353,14;11;32;20,666.5539135797684,4060.9648758534136
86738,36796,2019-01-04T11:43:12.653+01:00,598242.950389075,5674389.111375624,14;27;32;15;19;1,938.7377210991027,1826.8585025494012
61604,26161,2019-01-22T14:47:34.982+01:00,599516.7652132064,5674350.420049723,2;1;17;11;70;12;27,1344.4508930184943,3857.8997483825656
11490,4972,2019-01-21T06:45:05.902+01:00,599113.8166878559,5672360.467486185,10;2;1;69,158.00267063979666,744.5271382451524
28952,12371,2019-01-31T12:34:00.609717766+01:00,599629.6452317971,5675615.06961338,9;14;11,133.9186139640165,3782.428553429464
37422,16017,2018-12-31T09:55:24.515605453+01:00,598631.369687676,5676441.946188538,9;14;11;20;32;4;27,910.6705399938626,4143.841539911367
118472,50234,2019-01-18T08:28:58.916697268+01:00,597914.1907682816,5676321.270020488,5;14;20;6,610.3426196568568,4931.250249002799
57150,24281,2019-01-10T08:21:43.702+01:00,598579.1220058282,5676530.056336459,32;9;5,968.7343598926668,3772.322811670643
115029,48752,2019-02-04T10:22:17.865742726+01:00,598854.3462988227,5675696.402963534,14;9;20,456.41761889493404,4024.685370393927
61567,26141,2019-01-11T09:46:10.512+01:00,597980.4253845423,5673353.344583532,18;69;27;25,431.79780035947795,3429.2851086356463
41444,17695,2019-01-19T08:32:53.699+01:00,599113.0673317331,5672361.3017327655,10;2;69,174.27128723588197,536.3176401383604
33912,14536,2019-02-04T11:26:37.420708771+01:00,598570.7246942503,5676242.606970675,14;32;11;5;9;20,745.7575154972076,4226.637952587774
127640,54196,2019-02-01T08:54:40.411103804+01:00,598296.2302347245,5676456.306648491,5;4;11;6,1943.2128576570574,5572.601091426319
81404,34536,2019-01-21T12:55:05.942+01:00,599113.5758562947,5672362.584604459,10;2;69,148.71947399966925,804.2608101157358
100427,42510,2019-01-21T17:00:11.194+01:00,599112.8516327931,5672363.843689101,10;2;69,156.37225187306825,687.1831399319108
52422,22316,2019-01-03T09:52:57.326602744+01:00,598645.710252227,5676851.300041729,11;5;9;34;4;27,846.1797311709472,4915.07176452817
60814,25819,2019-02-04T12:34:22.710+01:00,599123.4565055979,5672368.716214603,10;2;69,249.27762481327986,1513.9516456463216
54455,23152,2019-02-05T07:41:42.709+01:00,599123.9240959916,5672372.120063042,10;2;69,207.18512896298958,1356.5699900098014
38696,16554,2019-01-31T08:34:08.587534795+01:00,601295.7401231375,5673469.448429958,17;1;70,413.6307843321222,4748.062970244879
47143,20112,2019-01-31T09:28:53.353141186+01:00,601241.2938523277,5673758.212208549,17;1;9;70;12;7,380.8236405609238,4717.4057815495835
52104,22184,2019-01-03T13:52:13.765+01:00,597702.475908512,5673206.315494488,18;27;69,177.6162901191544,1634.162517852422
121414,51485,2019-01-08T09:09:47.790+01:00,598524.2018221188,5676490.38493629,14;4;11;27,710.4539910707322,4381.638872473606
12407,5352,2019-01-30T10:22:00.240+01:00,597142.1804472742,5673573.7803038675,27;18;69,551.876387437705,4195.141254048736
47713,20333,2019-01-21T07:15:40.131+01:00,599114.1592009306,5672363.444566872,10;2;69,153.0294758268229,718.9110964070491
107681,45592,2019-01-10T10:35:31.15311910+01:00,600352.9729585632,5675319.383548243,11;9;17,409.1263076895003,4031.5953249879
18440,7920,2019-01-18T08:04:45.426220526+01:00,597858.9379561121,5675914.534764911,14;20;9;15;19;32,1060.4881254519232,2383.1222407965984
25061,10735,2019-02-01T08:56:47.918312977+01:00,598063.2110596041,5676485.795071241,14;5;11;4;20,346.6803722811404,4856.703932474372
104808,44349,2019-01-09T16:42:43.762414757+01:00,598513.3551190854,5674833.074878808,14;9;27,336.9658957828927,4252.166810664086
66687,28319,2019-01-31T10:43:34.133997657+01:00,598789.7410459303,5675958.682928575,14;4;20;17;27,544.9343423248043,3883.963123249041
98695,41785,2019-01-09T08:15:17.777767355+01:00,598597.96325316,5676339.8832385065,5;9;32;14;20;17;27;1;4,774.955403003891,4033.0090168542947
82384,34962,2019-01-30T10:28:19.520+01:00,597068.2957373459,5673486.240197571,27;18;32,607.0955550636429,5509.695581202382
31578,13514,2019-01-29T12:48:44.85411121+01:00,601111.954143836,5673791.309572019,17;70;1;7,533.6474569379595,4843.981564099026
34921,14962,2019-01-30T15:28:42.735746420+01:00,598507.8493617162,5674807.508008259,14;32;9,347.45637320907315,3948.2233674715553
118535,50249,2019-01-08T10:20:22.823+01:00,597132.8597097351,5673243.885038395,25;18;27;15;32;19,599.5085377979203,3752.1661905250025
56201,23890,2019-01-25T16:30:13.947+01:00,597019.4204105434,5672662.081026849,25;18;27,492.9174065299507,5677.125186322204
125853,53432,2019-01-09T11:01:10.899+01:00,599137.472234558,5672410.997671504,10;2;1,103.63540159536089,674.4237198522966
6024,2638,2019-01-07T07:47:38.485608603+01:00,597865.8870254619,5676309.7394693205,5;14;6;11;20,1161.3218485087734,5239.956442802512
23858,10229,2019-01-31T08:16:15.805700859+01:00,601324.6268077408,5673488.265849246,17;1;70;7,595.293298850932,4422.881972062795
66431,28199,2019-02-04T09:50:17.048+01:00,597696.306673008,5673815.98936569,27;18;32,154.50837746855797,5434.286452779099
95174,40292,2019-01-29T10:15:28.542364591+01:00,598387.2876676037,5676511.520922049,14;11;23;32;5;6;70;34,765.009979179589,3958.135265176191
68487,29094,2019-01-07T11:44:51.541348692+01:00,598094.1203852331,5676837.326360772,5;4;11;34;6;20;32,1782.2708898843775,5484.759901235567
64460,27368,2019-01-28T19:58:03.101023136+01:00,597934.6552633913,5676350.0923012085,14;5;6;20,677.8291922265381,4761.047448116319
70297,29851,2019-01-19T20:41:23.216+01:00,599114.3029607184,5672369.812637078,10;2;69,157.30936836347658,602.7002706928123
106300,44980,2019-01-04T12:26:55.128264095+01:00,599615.9317767456,5675597.404737244,14;9;4,665.8981980892023,3357.2407296017777
101429,42928,2019-01-02T09:17:56.453957675+01:00,599750.8838764421,5676588.354812396,14;11;5;6;4;12,1363.9720320735407,3483.069830679833
49435,21070,2019-02-04T08:47:55.652161644+01:00,598530.6480267806,5676380.1765991505,14;9;32;5;6;11;19;27;4,653.8117895637595,3854.1856969727673
4654,2037,2019-02-04T09:48:42.375106770+01:00,597597.4626006576,5673769.552646798,27;18;32,164.9603354386952,6239.386190054245
51610,21989,2019-01-11T12:06:51.259378298+01:00,597176.1957498046,5674487.623527959,19;23;15;5;18;20,2048.275617596873,3013.1713245494084
75473,32011,2019-01-30T16:13:16.771704881+01:00,594262.3105717147,5675127.085682509,15;18;32;50,1661.2368217965698,4733.2136724995535
111819,47358,2019-01-23T16:29:42.996088856+01:00,598367.2507349155,5674716.121662378,14;32;27,239.6153347468305,3753.8905194838344
114802,48644,2019-01-17T11:35:10.231946187+01:00,599198.5789938689,5674976.55011345,14;69;11;37;20;12;27,311.2928112664533,3132.7217102887307
61622,26166,2019-02-04T11:56:25.164+01:00,599106.4661466671,5672421.856851084,10;2;69,115.00134253677791,705.1562136642341
3878,1698,2019-01-03T12:58:08.342154246+01:00,598614.4695411485,5673372.271906786,69;2;18;23;27;1;25,825.0177972922634,3735.7468835468862
96239,40716,2019-01-16T10:10:05.124005151+01:00,597291.7157421275,5673358.071830068,18;27;69,251.82860205690773,1860.6228050157586
78395,33243,2019-01-11T16:55:49.135064973+01:00,598369.2787310145,5674726.769349769,32;14;27,446.44208121246453,3345.6035451777007
8280,3587,2019-01-30T11:06:47.351+01:00,597848.8706258804,5674311.141923645,14;27;32;18,276.0471254212031,3760.3881419862646
29907,12799,2019-01-15T11:17:35.709+01:00,599098.364004406,5674669.927333277,11;9;14;12;27;4,1499.5727232336358,4785.823962096129
115862,49121,2019-01-15T07:11:54.777+01:00,599149.6906262148,5672384.074908447,2;10;69,216.72753613410552,1714.9716942160976
107092,45333,2019-01-06T19:33:14.251+01:00,599133.0568512465,5672408.366333266,10;2;69;11;27,106.79981134950499,749.188032191055
44452,18985,2019-01-04T07:47:44.998005415+01:00,597903.846126109,5676338.046694105,5;14;20;6,1426.1260119630967,5450.943475053776
28122,12029,2019-01-21T10:31:13.868+01:00,599111.9952933494,5672368.495049146,10;2;69;1,157.13585942670656,774.4506707169859
80784,34277,2019-01-11T16:17:43.570+01:00,599409.1206786962,5674238.426288825,2;17;9;12;7;11;18;1;27,916.8245620306001,3280.7317627133966
73422,31150,2019-01-03T10:36:34.887452881+01:00,599113.4389147668,5674951.990001586,14;9;11,681.3353354850808,3961.7888465046562
109737,46470,2019-01-08T09:42:38.485075962+01:00,599195.6302449753,5674942.969063825,14;9;70;32,299.76512753529875,3836.064964731712
49978,21318,2019-01-02T08:56:55.366796681+01:00,599424.7969507748,5676965.642689545,14;5;11;32;4,1133.5905405356812,3459.0408787374145
13465,5806,2019-01-20T11:56:02.252+01:00,599111.1554290737,5672348.1098962715,10;2;69;1,166.91795365734322,837.9443405237289
79688,33781,2019-01-04T08:50:55.670+01:00,597835.5846286454,5673950.614685473,32;27;69,76.29284830122923,4646.405987099523
119118,50502,2019-01-11T09:22:22.416+01:00,597545.4994970213,5673791.48001869,27;18;32,210.59408691114507,6427.375819880816
84052,35680,2019-01-31T09:41:08.162+01:00,601091.8309408795,5673733.624800407,1;27;17;7,1556.7222865493736,5521.069639746726
2799,1211,2019-01-22T11:01:23.529719412+01:00,601565.963580732,5676652.405206767,11;37;9,820.7973365395701,2070.0288990272556
74062,31415,2019-01-23T08:46:41.790+01:00,599371.4022280101,5674515.648640042,2;9;12;27,492.9919466701449,3281.0403718048883
89825,38016,2019-01-15T10:28:15.309978763+01:00,597850.2910332732,5675992.450672721,5;19;20,1846.458919638111,4334.012121552386
77688,32935,2019-01-09T08:49:31.174379499+01:00,598001.5658144801,5675987.275362534,14;20;32;27,1021.8434433930172,4770.543982058238
10242,4426,2019-02-05T08:26:14.632134910+01:00,598474.1976538793,5676841.63895335,5;6;14;11,1526.4933364905403,4868.703129231074
30015,12845,2019-01-30T08:54:01.721876766+01:00,598384.8900772439,5676528.873454952,14;5;9;11;17;20;32;4;34,225.07144407768877,4465.482916989207
18726,8034,2019-01-11T09:12:38.307221667+01:00,598738.6002884512,5673141.687701611,2;18;69;10,739.8165463700382,3648.6926385150578
6591,2911,2019-01-22T16:21:37.418+01:00,599116.4809392239,5672357.124071778,10;2;69;1,177.67393526169684,680.6467282163592
30311,12971,2019-01-03T20:10:53.464+01:00,599099.8185090371,5672419.182470725,10;2;69;1,132.20293440753798,635.3809308284854
25948,11115,2019-01-08T09:01:57.077+01:00,598379.4356120997,5676710.816779623,14;5;4;6;34,710.0477887674421,4568.630014131358
72299,30688,2019-01-03T08:54:43.552813229+01:00,599552.573392645,5673467.606611242,2;17;70;1;27,1190.4063065103337,4032.457342938995
91122,38564,2019-01-07T14:28:51.591199205+01:00,598029.820939849,5673176.484338405,69;18;27,197.86803180789823,3017.4445706710408
13619,5873,2019-01-04T09:26:27.34240073+01:00,599109.4674041427,5674950.6402405,14;9;12;27,322.81805773217116,3709.43911715484
99409,42066,2019-02-03T06:31:25.063+01:00,599096.1454387686,5672419.535958027,10;2;69,118.05670653824266,931.5867562617144
93009,39371,2019-02-01T11:24:15.897+01:00,598258.3836588043,5674143.28250469,19;69;27,1160.3932338797565,3967.6547032669932
12710,5487,2019-02-02T12:41:28.857+01:00,599996.47584782,5675962.115995296,5;17;9;1;11;2;12;27,1084.887867196493,3442.7309165686893
50918,21694,2019-01-02T09:06:51.39493980+01:00,598400.8130028871,5676839.381847716,5;34;6;4;11,2156.4234311769787,5182.855876971819
121792,51638,2019-01-06T19:13:13.687+01:00,599134.0154324175,5672410.506599876,10;2;69,178.6018133354561,485.9176773703768
82837,35151,2019-01-02T09:12:43.176461287+01:00,599148.3344182399,5674940.782083646,14;9;12,470.333993521213,3598.594071029261
121155,51371,2019-01-05T20:43:14.375+01:00,599134.5485077295,5672410.5168884145,10;2;69,113.42474019768862,574.9584237830392
19670,8434,2019-01-09T18:14:10.209+01:00,599136.6551110821,5672408.435781281,2;10;69,313.79151576412255,1846.8085944141342
101700,43042,2019-02-01T11:29:09.525830645+01:00,597967.233178486,5675158.283858819,14;32;20;27,323.6964733044525,4093.319364608957
43532,18596,2019-02-05T17:33:28.405+01:00,599128.8130041056,5672370.941352609,10;2;69,145.40420828226914,793.1348332093622
62860,26688,2019-01-22T11:32:47.888344699+01:00,597306.6278226961,5674737.066188744,23;32;19;15;27,2711.769787456061,2116.5628078648383
21289,9132,2019-01-25T08:21:14.123+01:00,599025.6088259511,5676340.482089993,9;11;14;4;37;17,1245.3883562525812,3879.8810246599137
37049,15849,2019-01-03T07:53:37.821+01:00,596961.694583184,5673438.820774368,18;27;25;32,476.91645882822263,2425.4001988716377
45235,19326,2019-01-09T14:21:17.755+01:00,599130.1828133317,5672407.037805415,10;1;69,107.93589452583974,818.3520208030397
48298,20589,2019-01-22T15:56:15.520872718+01:00,598351.2625324046,5674709.025626029,32;14;27;1,329.30862091266,3855.6414756658087
74759,31716,2019-01-03T15:20:48.301+01:00,599096.1939614591,5672415.293363487,10;2;69,140.1430477174341,575.391208272096
93310,39483,2019-01-08T15:14:11.913+01:00,599134.1557506856,5672406.690129612,10;2;69,113.24606612148798,611.7534014162952
40356,17232,2018-11-30T13:03:24.374336750+01:00,600187.8126806896,5673853.396164738,17;2;27,782.0134590769597,2978.6933031886206
2873,1241,2019-01-17T20:34:11.128+01:00,599112.4910181637,5672356.622728541,10;2;69,168.1233274189129,866.3139226365472
21551,9239,2019-01-09T15:44:03.526020654+01:00,598435.4992647411,5675970.545739408,14;20;32;27,826.5098771940443,4212.517832757506
45973,19609,2019-01-10T10:07:14.120320533+01:00,598403.9349695306,5676345.069087725,5;14;20,847.5275329021024,4517.380188909982
51161,21794,2019-01-16T13:52:27.072+01:00,599135.8387832978,5672383.383189345,10;2;17;69;11,164.60308978090885,474.18837686451536
114196,48389,2019-01-19T09:43:01.654+01:00,599118.9230303005,5672361.839080243,10;2;69,230.09788893383907,656.7522643033524
93523,39581,2019-02-01T16:32:04.047+01:00,599351.1410470576,5676936.207825253,4;14;9,329.34072783806397,3710.0911256930613
96389,40773,2019-01-09T10:19:32.715005394+01:00,599131.8678963535,5672414.70868382,10;2;69,111.18893909976062,583.5641575207975
123259,52281,2019-01-19T11:54:59.177840728+01:00,600120.8438776437,5675048.777039134,9;17;11;1;7;12,515.87812612436,4184.011405953938
2824,1218,2019-01-31T16:44:32.68515651+01:00,598307.2028765687,5674706.484131202,32;14;9;69;1;27;4,286.1845571889078,4095.1371752795058
2598,1121,2019-01-07T20:28:17.91120814+01:00,599134.8074267855,5672412.643651484,10;2;69;1,104.40471473327565,681.2408119624555
15086,6504,2019-01-10T16:55:52.126+01:00,598422.9393582942,5674715.067484235,14;18;27;32,357.4027434536347,2864.5573041964735
6048,2647,2018-12-31T09:27:04.523635175+01:00,598617.3833341395,5676452.286154238,14;11;5;6;4;32;1;2;27,479.52486315175946,4347.029466577727
91672,38821,2019-01-07T13:07:02.747+01:00,599158.6576217787,5676974.494192202,9;5;11;7,380.14950245437666,4320.301008023049
123226,52269,2019-02-05T11:47:09.482+01:00,599124.3227600048,5672368.732931638,10;2;69,200.15667710557304,1168.8808737034217
109931,46546,2019-01-31T08:52:46.571+01:00,597394.7957016646,5673534.85791285,27;18;69,315.97465340631317,6765.51301766582
31989,13703,2019-02-01T17:04:21.48327552+01:00,600700.7183462164,5676559.385334345,11;37;5;4,1257.3286007236638,3592.691306446084
40508,17292,2019-02-01T11:41:42.077+01:00,599137.2480052719,5672388.07827288,2;10;69,370.9536976835658,2386.623242252996
11654,5034,2019-01-14T16:04:26.961122922+01:00,598588.8005742396,5676341.8289110195,5;9;20;32,1127.5981155025881,4400.247085240979
34393,14727,2019-01-09T09:51:22.123515633+01:00,598075.9201439024,5676023.068789267,14;20;32,804.5207035674852,4480.19617286844
18283,7852,2019-02-05T10:32:18.638412628+01:00,597959.2140349098,5676665.006781543,5;6;32;4;20,1190.174716571286,4793.928428490487
124994,53068,2019-01-28T19:34:19.496232492+01:00,598536.7678153712,5674604.373578269,14;32;9,572.7851471586652,4158.048576015663
113200,47982,2018-12-31T07:57:35.552+01:00,597150.5924863977,5673528.958487226,27;18;32;69;25,513.7874055770953,5647.8710148458185
87973,37257,2019-01-09T07:06:09.881+01:00,599129.5591133925,5672409.996240386,10;2;69,109.51792829427968,655.5570150108713
115476,48951,2019-01-24T08:46:50.022+01:00,597290.4601554318,5673739.113611553,27;18;14;25,414.0903052514164,4246.472439846161
42073,17969,2019-01-22T13:39:41.665298029+01:00,599266.7394141348,5675016.060003783,9;14;12;11;4;19,440.3362455099635,4166.647092790338
72383,30728,2019-01-17T10:12:02.216+01:00,599029.4362315084,5674469.574764051,17;18;69;27;12,1016.2509560148536,3087.3453397545895
70656,30005,2019-01-21T16:24:52.117+01:00,599117.1484408427,5672360.531776948,10;2;69,150.29212093962744,858.1054003842813
56632,24072,2019-01-02T08:08:50.181+01:00,597827.5879745206,5674177.914400822,14;27;32,832.4244474473156,4623.662005694159
82320,34935,2019-02-05T14:25:35.132+01:00,599125.2977255272,5672370.024806092,10;2;69,165.56174363372344,1497.47295661329
81806,34715,2019-01-30T08:31:26.312352709+01:00,598499.3598785608,5676472.933688978,5;11;32;9;4,847.1734646806373,4744.943304722442
1725,746,2019-01-15T11:53:06.428+01:00,599148.8966514538,5672401.033709797,10;2;18,137.26007490627433,334.870663528269
1904,816,2019-01-03T20:46:40.518394270+01:00,599100.3761364063,5672417.920170206,10;2;69,132.84878000322325,597.6295178924653
115552,48986,2019-01-24T11:04:57.233453337+01:00,598618.3813919184,5676450.607922974,32;20;6,977.9471565618327,3565.8393993206396
8611,3721,2019-01-25T08:40:33.712+01:00,598119.905081049,5676486.879195171,14;5;20;4,244.9853924706947,4536.019879885834
94209,39869,2019-01-16T10:54:59.577+01:00,600274.1872952625,5674451.72893996,2;7;9;17;70;1,1037.7798732915269,2993.922217407417
93502,39570,2019-02-05T11:09:34.999008382+01:00,598568.8154308303,5676234.507552531,14;20;32;9;5;11;27,551.4741583351478,3825.50402188834
31971,13699,2019-01-16T14:08:47.492056628+01:00,599136.5232107498,5672387.639930673,10;2;11;69,148.69028235720953,560.7293951576502
65096,27648,2019-01-20T08:59:55.829+01:00,599112.6938071295,5672365.113702939,10;2;69,149.11768174215788,759.7161374041151
93271,39471,2019-01-06T07:16:03.731800525+01:00,599131.1495828094,5672408.7538763145,10;2;69,116.47648544759137,581.8681836424023
67904,28850,2019-01-21T09:32:42.914+01:00,599115.5252188665,5672363.470925924,10;2;69,157.6074029548688,653.1358147131988
125583,53326,2019-01-22T10:25:54.918+01:00,597895.9824414642,5674211.468927301,69;27;14,755.0935244835182,5346.884163236928
32206,13815,2019-01-05T07:17:05.998+01:00,599132.6564752555,5672406.661193367,10;69;1,102.01113033152264,772.4785908084717
43505,18588,2019-01-03T09:52:23.471163560+01:00,598132.1982917158,5673451.721916706,69;18;32,386.944712868568,4329.486428858896
128398,54514,2018-12-18T11:48:08.996035101+01:00,598096.2001207648,5676465.632510779,5;4;20;9;11,1304.125203279651,5271.170576539405
49973,21316,2019-01-23T10:28:50.930+01:00,597203.9208315818,5673552.882633491,27;18;15,151.33042681228847,3515.1748330003093
126145,53559,2019-01-10T14:36:17.987899645+01:00,598172.4808585262,5675617.112302892,20;14;32;9,142.56109999406672,4112.472331460062
86663,36759,2019-01-02T11:38:28.056+01:00,598716.6959198908,5673260.085311466,69;18;27,685.3010925649783,5817.472981273576
31369,13427,2018-11-23T09:22:39.46536517+01:00,598401.7080238545,5676106.96380616,9;71;20,17822.171295959608,2698.901929809496
30208,12928,2019-01-21T08:58:33.650+01:00,598134.4431274293,5674106.5392261725,27;69;14,561.2308199491708,5610.083339553424
27971,11961,2019-01-09T13:56:01.331+01:00,599138.4302460174,5672411.440515323,10;69;2,93.83104213421026,764.2695587081938
6934,3057,2019-01-15T09:15:25.304198459+01:00,598920.7367006605,5674831.9990559425,14;27;2;9;11;32;69;15;70,261.0187430580331,3549.9053073288646
77495,32843,2019-01-21T09:38:31.031+01:00,599115.2089904386,5672364.313530029,10;2;69;1,168.87483004074514,684.6399224963139
29568,12637,2019-01-07T18:21:25.230+01:00,599134.3819216941,5672410.513673239,10;2;69,104.83829804708131,669.7630373995949
22523,9639,2019-02-05T17:45:06.951516696+01:00,597933.6025360626,5676342.433853035,5;6;14;20;9;32;34;27,949.8880870192116,4789.063322148373
26880,11506,2019-01-03T15:44:59.674274420+01:00,598568.2081536244,5676255.71360409,14;32;27,1337.9926481655816,3901.0512256850607
61952,26318,2019-01-15T09:35:44.713+01:00,597747.3472818461,5673895.041378813,27;69;32,265.5879783119024,5855.803555175617
63262,26855,2019-01-29T19:29:07.677511050+01:00,598533.1821623327,5674610.670040976,14;32;27,449.9397017916864,3963.1080887586727
103181,43650,2019-01-22T12:23:50.649554165+01:00,599857.3565909466,5676661.718582708,11;7;14,1211.2732087958705,3898.3193217920457
73453,31163,2019-01-31T11:28:45.138+01:00,599024.7346621332,5673644.115454431,14;69;17;1,1004.590103913611,4125.89179527667
16434,7073,2019-01-29T11:39:18.628945091+01:00,598377.8978372924,5676771.894297272,11;5;20;32;34,354.2885689428704,4268.844642591284
19150,8201,2019-01-29T11:29:49.570993839+01:00,598989.999812145,5675216.951070698,14;9;12;11;4;27,258.46233817358933,3748.700686525393
83267,35346,2019-01-02T10:55:46.488893968+01:00,597778.3118374734,5674940.383322174,32;14;20,242.1877021752271,3950.854423530944
64955,27578,2019-01-05T18:42:06.533+01:00,599135.5638300134,5672407.990365648,10;2;69;11,109.59159895249306,738.3665888030671
95267,40326,2019-01-04T10:36:26.343+01:00,599131.9415786619,5672410.890927457,10;69;1;2;27,100.5564794893795,772.0202204393139
73112,31033,2019-01-10T09:50:22.449+01:00,598051.8727709558,5673798.155378087,27;18;69;32,378.17563139300245,5391.537775320304
70774,30052,2019-01-22T10:13:01.095+01:00,598942.9363088764,5673737.169334932,1;14;32;27,174.05793614161547,4630.970830999221
99366,42047,2019-01-23T10:27:15.852+01:00,597201.4535427437,5673549.441132853,27;18;25,362.6178087968755,3195.651918684225
14803,6374,2019-01-18T11:01:12.985481635+01:00,598644.3608868223,5676419.280835814,14;32;9;11;6;34,660.37076788576,3904.968756803977
21453,9198,2019-02-05T17:25:34.577761191+01:00,597934.7290466835,5676347.971945684,5;6;9;20;32;34;27;4,1117.0278893423965,4940.594411857255
108184,45802,2019-01-28T11:03:40.770+01:00,597571.260001635,5673933.278113815,27;18;32,292.7244902834094,5430.2842073475085
17428,7489,2019-01-04T18:00:54.157+01:00,599136.6551110821,5672408.435781281,10;2;69;11,109.10686425633035,754.3251659708809
75456,32006,2019-01-30T10:21:28.909+01:00,597142.6467802787,5673573.789126734,27;18;69;25,520.1999493841641,5715.118369775244
26887,11508,2019-01-29T08:50:47.370+01:00,598422.1781653628,5676729.035282295,5;4;9;14;6;11;20;32,596.7072611250679,4627.929010055196
64912,27560,2019-01-07T10:34:16.893+01:00,598379.8950150027,5676714.644779026,4;5;11;27,1152.2768791550102,5257.824690759544
11516,4981,2018-12-31T11:26:43.352810341+01:00,598374.9166394733,5676597.427542624,5;9;20;33,1462.2539995330567,4448.553544059319
21693,9297,2019-02-01T11:19:30.976+01:00,598111.3592774539,5674036.504329997,27;32;14;18;19,479.9356125028665,4867.485074892113
68336,29022,2019-01-18T12:51:21.180+01:00,598185.624708665,5676322.638824919,5;71;4,5069.360495153007,4876.524800474468
48162,20522,2019-02-04T20:01:05.113+01:00,599140.259290987,5672401.291342123,10;2;69,124.80685532781722,513.6076564446373
29749,12726,2019-01-18T09:38:43.31736599+01:00,597996.7663471438,5676362.311614704,14;5;20;4,263.89878822878745,4679.729111299689
77888,33021,2019-01-31T15:44:55.710743203+01:00,598297.3908689049,5674714.358906246,14;32;27,261.77165814155796,3900.676543376883
35288,15117,2019-01-21T08:57:56.481407311+01:00,598452.3333653292,5676464.392535803,14;20;6;32;5,539.9899262736105,4185.354585005353
66566,28266,2019-01-18T09:33:28.830+01:00,600297.30055458,5676125.849477973,9;7;11,464.41502987243064,3457.17059111321
52550,22366,2019-01-07T15:59:25.269636942+01:00,598582.2978128191,5676335.338625078,32;5;9;14;20;2;11;4,777.4284487606078,3798.090220509315
106715,45165,2019-01-14T11:32:55.438+01:00,601475.7663010352,5675312.607006891,9;7;2;17;11,1096.2088627193484,2022.0558800310482
24467,10470,2019-01-08T17:56:27.519+01:00,599137.3629600767,5672408.025090218,10;2;11;69;1,145.6785847026551,619.9005480298828
80814,34287,2019-01-02T09:07:54.276862151+01:00,598400.5052690593,5676839.800298276,5;14;34;6;11;4;27,1818.1612912742191,4761.693712603064
39522,16892,2019-01-17T07:50:12.874+01:00,599137.5636680125,5672385.538246503,10;2;69,126.16400088729355,744.160128480765
120661,51172,2019-02-01T10:47:15.239206524+01:00,599652.2760530403,5677011.644528122,11;7;5,1336.5246600844569,4225.311044605225
18186,7817,2019-01-09T18:15:44.665220553+01:00,599136.7217455236,5672408.437067381,10;2;69,117.00666918888433,539.1913974581166
106582,45108,2019-01-15T12:22:11.394245234+01:00,597141.4945909035,5673956.954438022,19;27;18,753.0056063335966,3783.9779740090657
101839,43098,2019-01-03T12:30:54.040+01:00,599420.3428444416,5673108.162422735,2;17;1,685.7800396787956,4132.65868702597
9560,4139,2019-02-05T18:31:57.451666543+01:00,597836.4814578083,5675839.844848242,14;20;19;23,903.4900453591935,3590.0463101436394
5932,2601,2019-01-04T09:56:13.137868367+01:00,600514.1878756923,5676090.204433948,9;14;37;7,290.2854467006034,1238.714473889634
39825,17018,2019-01-08T13:30:58.91670489+01:00,599133.3736493848,5672409.221153836,10;2;69,104.81590852592925,695.2001449374344
37279,15962,2019-01-18T07:58:23.038+01:00,599115.6164102246,5672362.199626348,10;2;1,233.36423580861359,542.0454391884066
72451,30754,2019-01-18T13:07:41.99471140+01:00,598059.0083252615,5676486.1390832,5;4;9;32;34,1415.4283572067523,5209.632174956436
41940,17910,2019-01-09T12:59:09.157+01:00,599130.7175988371,5672412.140364385,10;2;69;1,114.45984530994632,640.8293646392508
59874,25414,2019-01-02T10:14:55.886894783+01:00,598389.976479265,5676418.214596034,5;14;32;9;20;11;4,677.0470462059241,4440.237500026649
46380,19776,2019-02-01T09:37:29.872806063+01:00,597877.7729539883,5676589.1903413525,5;9;20;6;11;32;4;27,1401.6945365006998,5569.171253406673
38891,16615,2019-01-26T11:37:15.380+01:00,601504.4562701625,5674351.996413517,7;70;1,708.1794894546654,4073.144053129703
47681,20319,2019-01-30T12:27:55.459+01:00,598075.9601569596,5676466.942912031,5;4;14;11;32;20;6;34,1142.3482631679026,5031.955162986376
21951,9398,2019-01-14T12:01:16.393606537+01:00,598686.9348144173,5676384.029537414,11;5;9;20;32,493.47332701382464,4409.38798199776
100719,42651,2019-02-05T07:39:35.519643644+01:00,598383.5258369779,5676511.448770899,14;32;9;11;20;1;4;27,1278.3698638348224,4211.291988286279
41228,17602,2019-01-21T08:17:23.816040106+01:00,599035.7819991396,5675333.683291766,14;9;4,330.66412256463786,3772.053339174296
27747,11860,2019-01-07T12:04:45.234+01:00,598663.3508493957,5673287.491687435,14;69;19;27,1172.6762873677353,4031.390070953839
130250,55282,2019-02-01T11:41:38.982+01:00,598402.9890739885,5674344.649354681,14;18;27;32,361.9347341686027,2233.756506404861
91879,38901,2019-01-19T08:04:56.475+01:00,599115.2084145861,5672362.616106596,10;2;1,203.2232819262994,426.01243680368043
42749,18262,2019-02-02T10:38:02.958646987+01:00,598484.711130546,5673121.959922723,69;18;2;27,355.2501553192853,3528.555757598592
95613,40460,2019-02-05T18:53:57.160793523+01:00,597836.4814578083,5675839.844848242,14;20;19;15;18;32,890.1620318552186,3178.3476201851304
94643,40061,2019-01-03T08:23:09.161286919+01:00,599384.2359164124,5674529.052125459,2;9;17,1445.1187534919804,4320.534353564776
74161,31470,2019-02-05T08:53:47.432989279+01:00,598387.9992448501,5676483.102845422,14;5;9;11;32;6;4;34,287.28133311137873,4453.622093824391
90746,38398,2018-12-17T11:50:33.536+01:00,599491.8927901107,5674476.8202105835,9;11;18;1;2;4;27,495.4503922224157,3148.84597198055
119647,50728,2019-01-08T09:50:08.793+01:00,597992.2155131523,5673685.412033827,18;27;69,490.31163641281006,2825.0063770796355
101660,43021,2019-01-03T08:10:39.966+01:00,597889.3627512832,5674210.918340775,69;27;32;14,352.6439911295084,4651.556863262168
27239,11643,2019-01-17T09:50:44.892+01:00,597377.7139322269,5673694.089320942,27;18;69;25,428.72437954165235,4777.232997890935
21195,9094,2019-01-17T07:10:08.657+01:00,599137.8477176209,5672388.089847835,2;10;69,289.00965516880837,1775.7664946348204
58445,24823,2019-01-17T08:52:54.791334851+01:00,599415.3095657849,5676963.7613548655,5;11;6;9;4,1075.7715110299,4358.072155202882
77510,32850,2019-01-21T11:27:31.68968483+01:00,597706.1877643614,5673216.1461698925,18;27;69,171.121139083138,1189.8452774062146
95110,40268,2019-01-18T13:43:08.337+01:00,599113.8330584384,5672359.619095928,10;2;69,218.9579713366408,533.8394750695828
80977,34363,2019-01-04T17:56:09.934+01:00,599135.6304644606,5672407.9916517325,10;2;69;11,119.29693320010414,669.8608642817521
36009,15414,2019-01-08T10:30:12.452777148+01:00,599444.7691657926,5676964.332465368,11;5;4;9;14;6;17;27;34,494.8833985320268,4072.6037481414933
24190,10368,2019-01-22T14:13:02.32003788+01:00,597955.4675083442,5676678.090179194,5;9;6;11;4,1046.4856598173083,5652.045123623366
95456,40402,2019-01-17T08:10:52.564+01:00,597464.3292486523,5674361.962276403,14;27;18;19;69;25,440.5230320088674,3054.738863678171
969,404,2019-01-08T12:04:27.868+01:00,601409.9707724547,5674282.655599776,70;9;7,15.791904614841641,4333.999480552908
103502,43780,2019-01-22T11:41:15.795616579+01:00,599550.5856127985,5676822.5280770855,5;6;4,3184.1291419846175,4273.462626279064
34797,14905,2019-01-10T09:57:07.152+01:00,597364.6018518681,5673686.202360395,27;69;25,357.34765239357966,6634.405210725802
82425,34981,2019-01-07T09:03:10.927037832+01:00,598402.2347956247,5676836.43864409,5;14;34;9,1629.6058906591493,4905.800759919794
25670,10996,2019-02-04T18:29:25.845027162+01:00,598062.523012007,5675103.240618993,32;20;69,232.55614566410645,3507.078736346926
81126,34416,2019-02-04T17:29:13.824+01:00,599127.373310093,5672374.732746165,2;10;69,302.64618914077596,1994.8221775892089
28741,12280,2019-01-08T17:46:27.062+01:00,599137.0134131744,5672408.867049983,10;2;69,137.70445028152147,389.3683167661174
14393,6204,2019-01-21T09:08:02.581+01:00,597999.5878968167,5674044.553895271,27;14;32;69,392.9352498440469,5707.614811402592
25645,10978,2019-01-04T08:11:17.826+01:00,598553.5396143221,5674476.965284266,14;9;27;32;18,464.84071105050947,3936.727399615788
117055,49613,2019-01-28T16:34:01.465265988+01:00,598169.6138883918,5674885.897823155,32;69;27,321.3171472770395,3336.5715629805445
48940,20863,2019-01-23T08:14:54.133618189+01:00,598585.8914670139,5676455.0756675815,32;20;4,867.1269396773623,3599.8575348781087
54462,23155,2019-01-07T09:44:46.652105983+01:00,598520.5665103063,5676858.230528895,5;20;11;4,651.743717510499,4138.126593714219
70671,30010,2019-01-02T09:30:40.488019689+01:00,598287.2691920112,5676028.81080775,5;14;20;19,768.4868738498437,2145.7313404111546
130168,55246,2019-01-21T09:47:11.693+01:00,599696.3197132549,5673526.410541126,9;17;12,1023.2636390624009,5185.494734520603
84423,35825,2019-01-15T07:56:38.2615306+01:00,596961.8636723995,5673442.218753558,27;18;25,659.2488512376106,4652.352987654145
104163,44059,2019-02-01T08:56:58.064+01:00,599797.4696013517,5676718.690110154,14;6;4,1652.8887965885153,3378.192686856538
111255,47123,2019-01-22T08:52:16.496+01:00,597890.8690703218,5676272.873085333,14;5;20,8.543925402588552,4762.797205419086
56791,24144,2019-01-30T08:38:49.86996952+01:00,598437.988040623,5676451.810960548,5;6;20;4;14;34;9,1841.9237754790436,4422.8542470329385
34106,14604,2019-01-02T09:12:39.117546172+01:00,598402.5610119646,5676840.264092013,5;34;6;14;70;4,1792.963482526895,4894.847700733763
104501,44212,2019-01-16T10:00:48.445+01:00,598753.8621044634,5674182.919216945,27;69;14;18;32,830.5171145696585,3115.3799424700946
106362,45003,2019-01-11T08:44:15.087+01:00,598367.5728459932,5674047.348206419,14;27;1,284.0548428499679,4936.237855118047
25694,11008,2019-01-11T08:30:45.835+01:00,597465.876273743,5674359.445548981,27;32;18;19,426.6277342741496,3645.169463206853
47116,20101,2019-01-09T19:20:00.759+01:00,599132.88150889,5672407.089889672,10;2;69,166.53507997670346,392.5134588222623
122467,51929,2019-01-18T08:52:41.143128444+01:00,597223.130169116,5673323.249206941,18;27;69,356.625260928588,1226.4961707814361
108694,46027,2019-01-10T09:24:30.464+01:00,599132.2747507049,5672410.897357653,10;2;69;27,104.27508673426587,695.3874784594841
17530,7533,2019-01-08T09:08:14.775894667+01:00,597834.7806011365,5675759.60985401,14;20;6,715.4287410281596,4674.288181200948
48097,20492,2019-01-16T11:13:57.772+01:00,598693.0837440541,5673822.747616952,2;1;18;27,1681.8264363555213,3728.062549499539
59651,25315,2019-01-19T11:56:05.291304514+01:00,600132.4300073751,5675028.633917905,11;9;2;12;27;4,1342.678428524677,3945.1422413354953
38036,16282,2019-01-08T07:23:52.690+01:00,599130.3330259181,5672407.8894107565,10;69;1,103.09028642367859,775.5810532643288
43247,18468,2019-01-28T08:39:19.703206059+01:00,597892.7520504163,5676137.5405332325,14;5;4;9;34;20;32;25;27,110.66390210803345,4724.9645100180605
97949,41457,2019-01-21T11:56:36.389+01:00,599114.6894006215,5672354.967736201,10;2;69,173.28232249353545,574.1278370604772
50293,21448,2019-01-09T08:51:26.688533472+01:00,598175.1253737488,5676486.66267993,5;14;69;4,448.7766937028393,4664.595195693194
129105,54803,2019-01-03T12:28:50.879488346+01:00,598092.209537849,5676810.131187987,5;4;11;34,1676.2465446171416,5557.248962657497
62970,26736,2019-02-05T11:21:09.426484422+01:00,598408.5706419421,5676344.73365902,32;14;9;5;20;6;19;4;27,925.3471270383332,3698.2172552042366
107047,45312,2019-01-10T15:43:57.394+01:00,599129.2784836808,5672417.629181141,10;2;69,162.96463595740522,401.7426944219766
5111,2238,2019-01-10T12:07:22.669+01:00,597025.5272355827,5674056.6051544165,27;19;32;20,438.6513685432639,3118.153274161625
15145,6527,2019-01-30T16:16:35.640690426+01:00,599945.8746067914,5676362.572624159,11;14;37,1421.303642890907,2542.768415364788
63461,26928,2019-01-04T12:12:23.766043480+01:00,599563.0295781234,5675776.305168397,9;14;12,513.5366543739538,3646.477185901941
69600,29547,2019-02-04T19:54:34.503+01:00,599127.3481791001,5672374.307908046,10;2;69,148.80601061656333,920.5396310184731
87886,37225,2019-01-19T14:52:58.204+01:00,599113.0673317331,5672361.3017327655,10;2;69,175.65939406156951,519.3707924217573
13674,5902,2019-01-04T19:57:17.029+01:00,599135.6807244597,5672408.841328106,10;69;27,97.1300822066956,778.5440134062962
120468,51086,2019-01-24T11:02:19.31760656+01:00,598371.006019293,5676902.038886615,5;20;33;34,2208.333394190276,4042.1445738985944
86648,36755,2019-01-05T08:56:13.34610632+01:00,598941.5195290713,5674935.942136084,14;9;32;27,307.89755696323886,3750.2001908957454
92853,39314,2019-01-05T20:56:24.6165263+01:00,599136.1149845879,5672412.244534948,10;2;69;1,113.87807239044669,594.1663969914405
79766,33808,2019-01-26T09:30:37.430+01:00,598806.4249029808,5674751.291624965,14;9;12;27,333.97900629202485,4066.9249779043207
94403,39961,2019-01-17T09:35:03.23251508+01:00,598941.3608010132,5673732.471083555,69;2;17,1178.1178391740766,5223.640646280638
69127,29361,2019-02-01T09:41:34.650653556+01:00,598863.7269682366,5675321.878550954,14;9;12,230.7039757453211,3926.0630694357305
114947,48708,2019-01-24T10:09:13.433+01:00,598609.2917606588,5673886.487886329,14;27;18;2,477.3496719521177,2457.811793221717
120257,50995,2019-01-09T16:14:46.370308218+01:00,598426.6234487548,5674724.473896738,14;27;32;18,410.30163531829004,3222.368509739026
25033,10721,2019-02-04T18:38:55.792881409+01:00,598055.0189675459,5675096.73195172,32;14;20;69,198.61732188027705,3549.717524562383
97578,41298,2019-01-15T10:29:54.444297060+01:00,597850.2829428328,5675992.8748707725,5;6;19;20;32,1546.9135828822357,3359.149598712025
108853,46091,2019-01-29T13:46:48.54569705+01:00,593031.1369846184,5673740.793372386,15;23;14;32;50;19;34,167.12786043403625,4208.331176439243
51162,21795,2019-01-16T12:35:27.561+01:00,599134.6404956449,5672386.754887119,2;10;69,373.6646541930571,2571.9459406610376
64345,27308,2019-01-21T07:46:14.348+01:00,599116.1822324779,5672360.513132405,10;2;69,165.08172205085876,592.44880541071
7092,3120,2019-02-01T12:50:41.052+01:00,597760.5958660593,5673853.707279914,27;69;32,219.65068196115502,6253.056748797616
116440,49348,2019-01-08T19:29:47.304521006+01:00,598152.087583656,5674948.791118185,32;27;69,523.0033488455158,3370.3571918927196
97687,41341,2019-01-09T13:40:44.835+01:00,599140.6373689382,5672411.058762645,10;69;2;1,96.27696916692707,796.2888846066774
76123,32282,2019-01-08T11:50:30.797+01:00,597021.7926219695,5674062.051107358,27;19;14;25;32,633.5575706539229,5874.646553942616
124920,53038,2019-01-16T10:22:14.011+01:00,599532.9878094321,5674364.313959305,9;11;18;27,936.3212011623395,2668.7117967490562
97146,41120,2019-02-05T11:48:13.590+01:00,599377.0915754477,5676878.998021466,11;4;17,1015.695710271329,4324.963543797121
26570,11370,2019-01-24T15:49:29.485656777+01:00,598610.286624015,5676332.906082952,5;14;32;11,473.8860434993104,3991.1231076225667
125356,53228,2019-01-03T09:56:01.898+01:00,597207.7041712339,5673544.891628719,27;18;25,350.63105287339204,5112.37133782017
9630,4167,2019-01-14T15:48:20.707195339+01:00,598668.4006785238,5676407.436881797,5;9;6;32;11;20;27;4,698.6639959755246,4267.073396847268
121731,51617,2019-02-05T11:05:39.448261592+01:00,599464.2746016937,5676959.6184084155,5;11;17;4,1241.7890714005605,4307.955381381395
29992,12836,2019-01-09T12:16:34.457686302+01:00,598796.0901788428,5673018.458073008,69;18;1;32;10;27,240.31999578094275,3503.558464058766
5364,2335,2019-01-02T13:43:24.941+01:00,598383.2760156608,5676567.8830774,5;14;9;4;6,1046.2543594359677,4909.578269293409
77441,32817,2019-01-23T10:33:35.914382222+01:00,597883.3120960863,5674245.175410962,27;14;32,137.30266821961447,5098.209379306644
109192,46241,2019-01-07T08:18:30.137143210+01:00,598701.9467496016,5676202.694511809,14;9;5;32;20;17;69,805.504872908424,4014.5020391445387
46865,19980,2019-01-24T13:49:41.235793888+01:00,592717.9444350732,5673626.073048256,15;23;50,473.2510265800858,4489.837692750911
120182,50964,2019-01-18T12:29:47.354+01:00,597580.0424773524,5673476.420038887,27;18;69,72.61419317662804,4234.3669463797205
61051,25913,2019-01-19T13:40:40.797242934+01:00,600697.0207242761,5675446.216929588,9;11;17;1,251.83478220107676,3739.525154933131
45555,19439,2019-02-05T09:28:58.498860226+01:00,599919.2945025826,5676384.970165615,11;14;7;37,1410.1651620491646,3452.9990894722505
47472,20234,2019-01-16T11:54:08.124+01:00,599548.8201505295,5676896.331998127,5;11;4;14;6;9,1035.3846903242063,3837.5262259755405
39606,16927,2019-01-29T09:50:16.180+01:00,601088.9735422502,5673753.513425305,17;1;7,589.1464675412701,4694.526764334252
48366,20620,2019-01-04T08:57:31.545871183+01:00,598414.4671961517,5676834.12721179,5;6;9;11;32;34,1691.8958522873997,4870.52358627714
629,262,2019-01-02T10:33:35.620260948+01:00,598052.9478279188,5676006.928633932,20;14;9;18;27,1055.6375385091853,3906.054630431598
87758,37181,2019-01-04T12:54:32.393863833+01:00,598845.4382209464,5675972.061983455,9;14;11,784.6482628752782,4437.30424355402
98792,41822,2019-01-29T11:05:31.168+01:00,598314.88488159,5674244.511416527,27;14;18,412.93558971971504,3310.0301455408285
123926,52601,2019-01-20T18:48:15.805+01:00,599114.7665254793,5672361.33452054,10;2;69;1,172.78619852187757,577.1523058275704
62902,26707,2019-01-10T09:14:26.388+01:00,598269.9265790563,5674199.942291413,27;14;69;32,447.8296902894085,4929.953871302654
60330,25608,2019-02-02T09:56:52.54529879+01:00,599016.630838961,5675932.503168771,9;14;11,478.9830361555931,4077.3409966474455
80086,33942,2019-01-17T12:35:23.46587173+01:00,598799.0699073718,5673035.065154875,2;18;69;27,248.92991628718676,2288.8054339111554
119458,50637,2019-01-23T09:30:22.662645877+01:00,598632.5601664736,5675894.976119539,14;9;20;32,616.4569409493539,3761.5334239797576
21239,9113,2019-01-22T11:10:10.503+01:00,599115.2680158227,5672366.436434408,10;2;69,168.36367416411358,515.1232863976115
71225,30250,2019-02-05T08:21:13.350592498+01:00,597791.6086083107,5673007.29452164,18;69;27,187.92142436949453,416.8966189312313
119016,50457,2019-02-04T13:33:55.598+01:00,599122.8071014151,5672369.552388671,10;2;69,145.22914262539746,1006.5953473452915
115970,49157,2019-01-29T10:20:24.537684222+01:00,598865.6199222812,5675424.184467554,14;9;11;20,459.1478903043844,3955.7903193180296
61776,26233,2019-01-07T18:44:31.50927963+01:00,598082.0731135169,5675126.104897639,32;14;20,83.352409247626,3834.25351140351
127496,54130,2019-01-08T19:40:51.590040892+01:00,598084.3044616594,5675110.446507397,32;14;69,229.86534425379514,3542.293835864547
56051,23829,2019-01-03T10:54:30.912+01:00,597925.7034350466,5674129.287305887,32;69;27,321.8985016798794,4595.754545490421
102650,43427,2019-01-18T11:42:25.2807583+01:00,598548.1560343632,5676189.977798831,14;32;5;9;6;23;20;70;4,751.4582094787785,3954.6656333915003
35170,15065,2019-01-17T08:26:34.466+01:00,599135.4991286156,5672388.893224784,10;2;69,209.29363772528853,1060.9827691405108
17559,7545,2019-01-29T10:46:52.500196010+01:00,598147.5481357968,5675983.70066387,14;20;9;32,833.3388799040721,4327.590904359932
31518,13488,2019-01-16T09:42:29.896683983+01:00,600782.4622012317,5674838.938515385,17;9;1,1141.0295124262461,3875.6775726312053
8967,3875,2019-01-10T14:16:16.130818282+01:00,597986.9374352053,5676346.847154521,14;20;5;6;4,119.59012494951344,4565.342677815792
13582,5857,2019-01-21T07:36:50.331+01:00,597015.5835195216,5674076.785974164,27;14;19;18;69,711.1779245289513,5544.368715534612
114798,48643,2019-01-16T14:24:05.301+01:00,599136.2730463372,5672386.786396046,10;2;11;69,154.13601698727933,512.4044930325518
16205,6972,2019-01-22T18:43:23.334+01:00,599116.8567686161,5672360.10179556,10;1;69,151.0015131338171,845.9863816538362
100623,42615,2019-01-15T14:12:52.139621940+01:00,600964.5024799837,5675729.004472539,11;5;7,2060.9671927613313,3709.1816493056017
116999,49589,2019-01-14T11:57:04.499244183+01:00,598878.515112552,5675994.341459655,14;9;4,630.0059531088408,4026.6905090808473
106469,45055,2019-01-25T08:39:04.657719897+01:00,601246.4041591308,5673504.121575958,17;70;7,176.4762643893936,4676.181539810763
98159,41555,2019-01-29T19:32:49.999746717+01:00,598589.4069288791,5674574.830953943,14;9;18;32;27,257.76406832163457,2791.662109045121
44618,19060,2019-01-22T12:28:12.412332919+01:00,598195.8393887276,5676136.967545348,11;5;14;32;34;69;27;4,331.8148385556602,4533.691699077804
42281,18056,2019-01-03T15:44:27.787261424+01:00,598573.4492666601,5676249.873346967,14;20;5;32;27,889.2754469665986,4186.185503772438
18362,7893,2019-01-24T08:31:36.273584414+01:00,598107.7074987066,5675907.403828087,20;14;32;4;27,391.77699175670995,3958.8910251474954
108379,45892,2019-01-15T09:30:36.680657021+01:00,599622.8234912733,5676789.557678255,11;14;4,175.9243162097785,3541.1027713311714
4856,2127,2019-01-29T16:27:12.164+01:00,600324.416390872,5676360.62583569,11;6;7,1300.2247498600705,3750.391930043308
24774,10613,2019-01-12T10:11:50.386222452+01:00,593638.3316702106,5673893.136963444,15;23;50,525.8413239926209,3989.5733109463213
4667,2042,2019-01-22T14:34:06.043+01:00,599109.9775645374,5672362.515173014,10;2;69,163.0880923286546,709.5042283728503
112790,47816,2019-01-08T10:15:45.173986209+01:00,599054.9142627507,5674623.682682801,14;12;9;1;32,277.0299993623716,3673.719365204354
128129,54407,2019-01-10T12:10:22.963+01:00,598150.6615418656,5674185.354373154,27;32;69,552.0453153153715,4996.890259736113
95439,40395,2019-01-11T08:15:00.927+01:00,597852.2019808741,5674209.785504518,14;27;32,508.47435974574086,4530.459350317899
4861,2130,2018-12-31T08:22:39.799812054+01:00,597672.3180944227,5674328.9970961,18;14;32;19,88.87244823475963,1066.0750076849647
46700,19903,2019-01-11T10:31:50.537+01:00,599448.0313587168,5676964.395717392,14;11;5;6;4;9;17;32;70;27,957.2439446143155,3538.829492761298
17915,7700,2019-01-05T09:25:40.777373672+01:00,598073.8165824721,5675129.341922607,32;14;69;18;20,482.7400431738908,3291.960371185899
19990,8564,2019-01-28T15:37:14.802775987+01:00,598446.3451897542,5675875.698581154,14;20;32,587.5003475339095,4009.643207739503
102603,43404,2019-01-03T08:00:08.076+01:00,597697.4590559648,5674322.685914126,27;18;69;19,726.3812349755701,4273.296433225299
84373,35803,2019-01-25T08:33:10.791890359+01:00,598603.0514338859,5676347.195064128,9;32;5;4,397.38170656673,4294.525979493949
38651,16539,2019-01-16T17:51:17.583382449+01:00,599135.9661400287,5672390.59965095,10;2;69,146.57740217204804,440.1438309240693
111477,47203,2019-01-29T12:23:46.103970208+01:00,598507.9521608999,5676741.715076505,14;5;11;4;32;27,158.18620832812113,4412.065636449867
100311,42459,2019-01-29T12:35:21.551538172+01:00,598523.8680349069,5676528.5704271095,14;5;19,1015.3410224484815,2694.8784191398927
66709,28329,2019-01-08T14:48:44.378+01:00,597714.1858971814,5674392.59783144,23;27;32;19,2105.741613266378,996.9718124324305
80493,34132,2019-01-19T06:36:52.748+01:00,599113.8915082124,5672360.044576845,10;2;69,165.12004256695494,615.2977441629832
49895,21276,2019-02-04T09:50:28.356915720+01:00,598268.4198004588,5672382.415843721,69;18;32;27,728.2855742085801,5222.250761904671
3585,1576,2018-12-31T11:40:57.967846900+01:00,598101.0312436924,5676507.311527604,14;5;4;6;20,527.8767835192699,4713.556254608338
47813,20370,2019-01-21T09:37:54.319248774+01:00,597895.8065477244,5676323.040921283,5;9;14;20;32,140.0571315838737,4810.086372927131
72444,30752,2019-01-22T10:48:30.247382751+01:00,601043.6739211363,5673579.907555833,17;1;70,557.7700563594684,4947.480037465132
117460,49784,2019-01-17T09:30:17.601+01:00,598227.2207775789,5673997.557751958,27;69;14;18,390.1910577606392,3641.694497241047
30092,12877,2019-01-22T11:07:34.712688524+01:00,599085.823658185,5674611.973000655,9;14;12;18;32;2;4;25;27,433.45300898950654,2723.5733245797687
14929,6435,2019-01-03T15:17:07.383+01:00,599095.9104748152,5672414.439188071,10;2;69,145.15146135506876,569.4927344670009
88315,37397,2019-01-08T16:20:33.808+01:00,599134.7484109707,5672410.520746631,10;2;69;11,133.88961449473513,574.578247251158
91056,38538,2019-01-18T14:10:33.086+01:00,599112.5108492352,5672365.9588787565,10;2;69;1,179.42313545483185,506.1911954210198
35931,15385,2019-01-05T19:40:02.290+01:00,599135.0810145368,5672408.829753375,10;2;69,144.42329626500936,414.931945838121
78787,33391,2019-02-05T09:59:37.888+01:00,598266.543180598,5674193.936593549,14;27;69;19,394.4702487073382,3710.7403085227875
82076,34831,2019-01-19T10:51:14.240+01:00,599137.1630012884,5673754.495343286,1;69;27,1259.705754530745,5922.3159647365555
33568,14402,2019-01-09T08:24:14.802990199+01:00,598571.8133887686,5676075.007924363,14;11;5;9;20,321.7482603124074,4241.585730480897
1081,447,2019-01-08T19:09:09.753+01:00,599132.0584736136,5672411.741889841,10;2;69;11;27,111.21297799385658,764.3708739306426
102656,43429,2019-01-24T13:48:06.797016002+01:00,592720.1558108471,5673629.083347106,15;23;50,465.7560191347786,4670.5847567123865
122458,51922,2019-01-08T16:08:58.355+01:00,599133.2234373502,5672408.369548396,10;1;69,107.50674221695225,855.5564984292836
81124,34414,2019-01-14T15:26:32.593270735+01:00,598446.3865529275,5675913.466865571,14;9;5,513.9008690312199,4470.27366715854
23049,9869,2019-01-08T12:47:24.018+01:00,598035.903027203,5673831.7985141715,27;69;32,230.7782075187242,5184.795364313004
30871,13209,2019-01-22T11:11:12.691224880+01:00,598572.9689398191,5676255.805079337,14;11;9;32;20;5;23;19;4;27,714.5133228733938,3709.5703748788032
12145,5238,2019-01-16T14:07:22.29848713+01:00,597938.3585624978,5676428.24392829,5;6;9;70;20;25,1512.7839619719555,5667.294662735521
50621,21575,2019-01-22T10:17:30.964+01:00,601153.3161174683,5673657.178025565,1;17;37;70;27;7,511.2324936098882,4880.773569331382
96495,40827,2019-01-10T09:59:44.886+01:00,597364.4766610139,5673685.775636843,27;18;69;25,411.8922657279266,4026.019632416476
61113,25942,2019-01-18T11:31:21.174+01:00,599116.2336475936,5672364.757655349,10;2;1,337.1395444141056,1582.4286275546133
29732,12716,2019-01-18T16:17:36.832+01:00,599116.1898423643,5672358.391513854,10;2;1,206.67673526590937,439.3827243559787
96156,40677,2019-01-03T13:31:42.612+01:00,597704.0839797145,5673207.619140728,18;27;69,185.96900510361172,2111.894590073868
96382,40771,2019-01-07T11:13:47.569+01:00,599135.6736738073,5672412.660370525,10;2;69,114.88509970991993,562.518490388473
58961,25031,2018-12-28T21:33:59.45769775+01:00,598105.7100237943,5675443.972385956,20;32;14;5;27,125.11644889365303,3767.05938506894
21393,9171,2019-01-17T11:17:49.333739672+01:00,598066.8401319347,5675112.658863662,32;14;27,121.1568144729488,3847.974093527446
3214,1406,2019-01-14T11:44:02.135+01:00,598982.2707097945,5674983.831274013,9;69;25;12,887.5888096936229,4322.906315810816
1589,687,2019-02-05T09:25:56.980+01:00,601152.2081968277,5673662.672870166,70;1;17;7,755.155889730832,5287.302641090603
17905,7696,2019-01-21T12:15:36.787659735+01:00,598509.7790003285,5676691.676321783,5;11;14;6;32;4,841.0647557648139,4786.678559178278
58215,24725,2019-02-04T12:33:36.864+01:00,597910.8482867626,5674172.712131167,32;27;14;19,532.5891862397975,3044.1045596806234
76308,32359,2019-01-21T16:29:05.151+01:00,599115.8326862595,5672361.355093548,10;2;69,153.33251332812904,816.7628484227927
28854,12325,2019-01-08T08:52:23.846+01:00,599134.7653538676,5672411.369779962,10;2;69;11,108.56469354601847,719.562527150363
32958,14129,2019-01-08T09:08:33.056+01:00,598200.8853299109,5674134.119593807,27;14;32;18,261.991420364308,3897.9980243642217
40638,17350,2019-02-05T09:52:34.866774477+01:00,598302.7362833153,5676469.586291578,14;6;20;34;4,822.763564340853,4223.339292242245
120135,50939,2019-02-05T08:38:29.203034617+01:00,599235.6382878278,5675106.694920381,9;12;70,492.7225242052942,4312.280523317281
14309,6169,2019-01-07T12:52:15.332+01:00,599128.7197081356,5672415.496631359,10;2;69,103.64603071581922,689.2825941150687
64550,27403,2019-02-04T08:34:52.013+01:00,599101.467418134,5672418.36557837,10;2;69,115.18204189390586,854.401338688585
66238,28116,2019-02-05T07:37:29.962+01:00,599123.5827353107,5672372.537828544,10;69;2,133.61144775264444,818.755488471167
81654,34646,2019-01-17T10:22:00.473582140+01:00,599042.3844408897,5674649.750868759,2;9;14;32;12;7;27,232.27820713182481,3543.6467107952026
110672,46873,2019-01-24T16:02:13.380244490+01:00,598367.1914774361,5674713.998762745,14;32;27,216.74093781531397,3817.6621264086757
102615,43412,2019-01-30T08:25:38.778664506+01:00,598703.771588716,5676647.877883384,9;5;6;32;34,956.5171789710116,4347.295018917238
81433,34548,2019-02-04T10:42:08.698766996+01:00,597548.2463300787,5672662.76220581,18;25;69;27,360.7282534957982,1647.2715550642386
108555,45967,2019-01-22T11:04:21.172162922+01:00,598567.4808287359,5676206.898875573,32;4;5;20,654.9272627494245,3480.5176851199603
22749,9732,2019-02-02T11:50:06.624275266+01:00,600429.4105480444,5674215.001346921,2;17;7;70;9,1623.344261918872,4025.092496411734
53498,22750,2019-01-03T17:32:27.066+01:00,599106.5228627934,5672417.190061361,10;2;69,183.85193339422446,422.07634975558057
49231,20989,2019-01-22T10:56:58.543065433+01:00,597874.0061709726,5674264.942479375,27;32;18,338.98209945016197,4288.9689653233845
127320,54055,2019-01-22T11:06:28.900+01:00,599116.4095714461,5672367.7315216735,10;2;1,177.73004945316944,465.6406754476298
23820,10211,2019-02-05T10:50:10.539+01:00,599089.7648024299,5674725.351773352,14;32;4,789.8435172191693,3581.569890243494
7644,3341,2019-01-04T12:59:05.842+01:00,599127.6027264567,5672412.928955644,10;2;69,109.01420134869107,657.7600737942373
96073,40645,2019-01-04T08:18:40.972+01:00,599400.1269350293,5674327.791074387,17;9;11;12;18;27;69;2,26.289242739351685,3610.9663823061637
128817,54685,2019-01-25T07:54:28.402917370+01:00,597872.3468294131,5675990.325260852,9;20;5;14;19,186.3583485439359,2979.6942099630073
6603,2914,2019-01-16T10:09:34.801+01:00,599783.9315435952,5675008.6911343075,9;2;12;27,625.516961251617,2999.8198959330894
9516,4118,2019-01-14T11:24:51.645842514+01:00,597881.3502039298,5674444.158748113,32;27;18,203.8130652580834,3445.921400573775
28734,12278,2019-01-04T10:09:02.80419507+01:00,598531.3965363937,5673267.983914498,2;14;69;18;27,360.1663944977259,3381.9180786558836
119286,50563,2019-01-22T14:46:55.298149770+01:00,595480.3708558417,5675192.038169174,19;5;25;32,452.20556620094936,3501.690477317247
54824,23308,2019-01-04T08:00:35.10392538+01:00,598306.7231599039,5676033.851427146,14;9;32;20,916.2905989669615,4454.201136190539
90896,38459,2019-01-23T08:49:16.353099986+01:00,598536.6581724504,5676382.838167762,14;20;32;19,1213.3001348209177,3234.6607315051633
124136,52700,2018-12-31T08:34:50.759805469+01:00,598601.3664586616,5676358.620250149,9;20;71,5761.906239685478,3536.6544275648175
40515,17295,2019-02-05T14:16:06.785+01:00,599127.6141470441,5672372.615628428,10;2;69,229.6232650878401,1292.050851902188
12829,5531,2019-01-30T10:22:28.720875361+01:00,599426.5279097601,5676965.67624485,5;14;9;11;17;4;27,972.5801134431678,3745.4609943564224
44189,18862,2019-01-02T14:01:21.34793386+01:00,598841.2612530339,5675236.150544095,14;9;12;27,148.30446207430535,4049.9512471760154
20574,8826,2019-01-24T10:16:12.420+01:00,597132.217579186,5673452.228075073,27;18;25,434.2285177029278,3230.2390361912394
84008,35664,2019-01-05T13:47:46.683+01:00,598670.1507572922,5676413.411510513,14;4;6;11;32;34,978.0739205673148,4117.193879925672
72232,30665,2019-01-16T08:13:45.413+01:00,597669.4972216816,5674317.910304344,32;14;27;19,404.05048804739664,3000.5041706626585
5350,2329,2019-02-01T07:50:00.366281044+01:00,596963.2816651175,5673434.182913552,27;18;25,585.4512253800461,3855.65197444114
114650,48572,2019-01-21T18:45:04.663+01:00,599116.3324491244,5672361.364737223,10;2;69;1,224.69576975476429,546.9526578324732
110696,46884,2019-01-04T12:29:33.27804269+01:00,599615.7234067095,5675596.127621936,14;9;4,676.7534380556316,3334.4593107521064
58091,24674,2019-01-08T18:04:53.430+01:00,599140.3527557652,5672406.809737398,10;2;69,117.7958369749517,522.0134236756195
59821,25393,2019-01-22T16:57:59.476+01:00,599112.2595259795,5672361.710498555,10;2;69;1,198.7557015353236,727.9987609630473
38962,16651,2019-01-29T17:47:46.965831126+01:00,598354.4989672456,5675119.012543485,14;9;11;20,759.3141366838878,4391.176265408804
57680,24492,2019-01-08T20:20:46.231+01:00,599133.6238129925,5672410.074688356,10;2;69,180.627964527726,481.110609960697
82863,35160,2019-01-20T08:41:28.929+01:00,599109.3527166541,5672362.078763345,10;2;69;1,201.83425451664448,407.030964392135
32699,14014,2019-01-02T09:44:50.874075184+01:00,599004.4848474254,5673602.138282557,69;14;2;1,299.73855371982216,3999.369113904899
86370,36651,2019-01-18T10:32:50.614250003+01:00,599113.2438341075,5672365.973022362,10;2;69,179.97427754357713,471.05728405985445
15475,6663,2019-02-04T16:05:03.758522839+01:00,593667.248507925,5674307.820741838,15;19;25,799.836863106738,2076.7319903208436
97564,41291,2019-01-07T16:55:57.257669366+01:00,598515.0297974797,5674836.07749634,14;32;9;19;27,299.391937648454,3273.8726965472456
60325,25606,2019-01-09T07:04:03.305710330+01:00,599130.0670583042,5672409.581690301,10;2;69,125.03936412965555,506.3131321916568
59318,25179,2019-01-07T20:10:54.811+01:00,599131.8673268597,5672413.0112602,10;69;2;1,98.34337115334478,758.9258251179353
54327,23102,2018-12-31T10:22:48.977589014+01:00,598571.824718668,5676246.02294216,14;32;20;11;34;27,869.2293902514646,3936.0384400095177
59252,25153,2019-01-30T11:11:42.59628741+01:00,598321.2549426686,5672354.14671768,69;18;2,408.8268155505856,5481.086523898633
96769,40954,2019-01-03T13:53:25.480711803+01:00,599220.4768060885,5675043.172833008,9;14;11;12,429.05580756778414,4330.260547837413
84943,36041,2019-01-17T18:45:33.768+01:00,599115.2820832788,5672358.798350429,10;2;1;69,194.0681568475627,527.2704752916354
129861,55118,2019-01-15T11:06:12.015+01:00,599085.6435165674,5674647.190955127,14;9;18;27,737.2427901808711,2272.283825925278
125787,53403,2019-02-05T11:28:43.807370283+01:00,598959.4884841656,5674994.000794346,14;27;12,305.66235338247157,3772.1819364787016
37553,16079,2019-01-24T10:25:03.163218594+01:00,598843.4021894168,5675562.520401391,14;9;11,321.7870177821971,4093.6781899025723
31019,13279,2019-01-02T09:05:19.790318963+01:00,599643.5570086587,5677023.357142929,11;9;5;4;7,258.4858989229642,4003.122079575083
83146,35281,2019-01-07T14:17:34.550+01:00,599132.8078259734,5672410.907646011,10;2;69,110.19191076633277,617.4431419413638
124803,52985,2019-01-06T13:49:23.697+01:00,599133.4010555684,5672416.435686533,10;2;11;69,104.97221470433135,754.9206037331954
117914,49977,2019-01-15T11:31:23.635758590+01:00,599087.4642275142,5674716.82026549,14;9;18;27,474.36493817190745,3091.32656490104
69627,29559,2019-01-09T16:39:33.824467417+01:00,598513.2714991578,5674832.224567273,14;9;32;27,342.7864233778518,4197.021162022559
4568,2001,2019-01-04T11:06:52.884879007+01:00,599159.526587237,5674951.1828351775,14;7;9;5;37;70;20;32;19;12,373.9622958300354,3201.258604461568
77075,32655,2019-01-11T08:55:41.113893937+01:00,598503.4884460277,5672895.291785236,69;15;18;25,282.9118110002456,6223.5277359704905
89150,37754,2019-01-26T11:59:23.002+01:00,601811.709368706,5674641.130525559,7;9;70,456.7673008337579,3069.9661414485113
3812,1671,2019-01-23T09:27:13.935930202+01:00,598727.0662295629,5675873.454290276,14;9;32;17,722.5708517928026,4169.767380650563
96619,40881,2019-01-06T19:29:01.512+01:00,599132.5822231867,5672408.781526081,10;69;27,99.72273662338958,769.8795587448941
36844,15763,2019-01-09T16:11:22.456+01:00,599136.4890930249,5672410.129989679,10;69;1;2,99.46506604486967,770.5872947194706
89351,37825,2019-01-09T06:58:15.390+01:00,599130.7667197695,5672409.595193479,10;2;69;27,109.379652163154,655.1455219453476
14121,6084,2019-01-14T10:45:21.571+01:00,597010.996648985,5673522.499957638,27;18;25;69;19,390.5317946377958,4412.901266020185
83023,35225,2019-01-16T13:44:32.032+01:00,599135.6815210037,5672386.35062614,10;2;17;11;1;69,172.67555937713476,430.53594338092745
5097,2231,2019-01-21T08:34:27.426388127+01:00,598368.3810031735,5677007.65278018,5;11;23;4;32;70;19,1042.1963084443805,3792.2275134197707
61305,26027,2019-02-04T09:54:21.231445341+01:00,598859.7908168321,5675325.621910389,14;9;20;27;11,210.21032981091702,3905.6032736425377
129585,55000,2019-01-17T10:16:45.442+01:00,599132.3246541378,5672385.861484999,10;2;69,135.4608614203198,579.5115309194479
129603,55006,2018-12-31T10:31:56.431646405+01:00,598648.458175308,5676855.596442565,32;5;9;11;34;6;20;7;4,550.6256386065554,4016.773761281282
28192,12055,2019-01-24T09:42:42.588+01:00,601030.9834804705,5673918.296406419,17;9;12,538.3160135216557,4159.917583775134
17185,7393,2019-01-30T15:35:02.791067381+01:00,598506.9080399855,5674806.216881747,14;32;9,331.1655775937335,3853.127783351313
13340,5754,2019-01-08T10:26:31.656+01:00,599444.6861408127,5676965.179569971,9;14;32;4,1503.6379394056662,3368.5892728683466
18176,7811,2019-01-21T10:12:49.993+01:00,597105.6195711686,5673498.403343734,27;18;15;69;25,386.1309583073855,6021.863773892904
63020,26758,2019-01-16T12:33:57.300574227+01:00,597346.858333127,5674702.608002559,19;23;15,2678.851655183721,3751.288992441166
1186,494,2019-01-09T14:25:34.270130132+01:00,597913.6267690076,5676371.757234736,14;9;6;20;34,208.6262362543517,4716.6922165291635
33083,14188,2019-01-18T12:30:50.612+01:00,597581.4151923745,5673474.324377137,27;18;69,148.3512369919116,5915.7556080223885
23651,10138,2019-01-16T13:07:06.005+01:00,599133.5907140718,5672385.885919875,10;2;69,175.6836615791883,414.19535377081496
37157,15900,2019-01-14T08:44:13.2335889+01:00,598557.4821898302,5676588.625802818,5;20;34;4,2180.500371877091,4042.954673340468
69585,29542,2019-01-11T10:27:50.182333499+01:00,598227.9927040673,5676473.67109097,5;4;9;11;20;15,759.8132693505506,4630.95534247632
80427,34099,2019-01-15T10:44:10.95103963+01:00,599453.032350898,5676962.370901676,32;5;11;6;20,1446.0673722521578,3062.490290804276
115719,49065,2019-01-08T09:25:07.523387067+01:00,598085.9818948878,5675118.541262165,32;14;69;9,220.25164676525296,3556.2457003960444
82350,34947,2019-01-18T08:14:11.868+01:00,599115.8245007987,5672361.779288683,10;2;69,195.98036981078613,513.9226550500036
4566,1999,2019-01-14T17:33:10.816+01:00,599155.0646000017,5672388.846531253,10;2;69;12,191.0317240103336,765.1765960544242
81045,34392,2019-01-10T16:12:24.990+01:00,599135.6970989077,5672407.992937815,10;2;69,105.32849777807995,681.5573368001025
107959,45710,2019-01-29T12:21:08.224679486+01:00,598613.418633792,5676528.593778893,5;9;19;4,1085.546013129993,3747.262508763891
51841,22089,2019-01-15T10:16:28.253963410+01:00,598383.528568197,5676460.950687441,5;11;20,1320.6942095010445,5329.531068977696
123686,52490,2019-01-24T19:23:44.331676044+01:00,598539.4897835779,5674603.15277462,27;32;14,600.3195687099683,3796.6070049351692
126467,53688,2019-01-31T10:26:23.140859926+01:00,599440.3838059548,5676965.520510607,9;11;5;6;14;17;4;32,484.48630826037686,3809.476094351095
34249,14663,2019-01-03T11:40:52.195643820+01:00,597554.4998232687,5675318.040051808,32;20;19,340.43396040929053,3607.3688757271643
42399,18116,2019-01-31T16:01:53.777257864+01:00,598457.9213467083,5676433.521926233,5;9;20;27;4,332.9565212031432,4298.778486251461
55789,23724,2018-12-28T21:43:28.817361264+01:00,598077.1668390862,5675152.745327724,32;20;69;9;14;27,239.22820552335213,3571.0091951074924
27928,11937,2018-12-31T11:18:27.45458003+01:00,599713.3637009546,5676529.488323285,9;11;2;4,822.3716960780108,3539.119889227899
54877,23333,2019-01-25T15:35:37.292162622+01:00,598629.5948526085,5676267.502310537,20;32;18;34;17;27;4,1424.5137684716217,2982.527151159759
71883,30519,2019-01-09T11:13:57.148062423+01:00,599551.5264938995,5676904.447317304,5;6;4;9;7,2155.168213274273,4083.7276648959646
4796,2101,2019-01-05T09:56:07.672328972+01:00,599131.6242107517,5672408.338683368,10;2;69;1,108.05532995938758,702.8905370913759
404,166,2019-01-31T15:32:16.198013493+01:00,598303.0238470673,5674707.252795282,14;32;27,189.61663789092592,3997.688634188094
34414,14737,2019-01-18T16:59:15.227+01:00,599113.8248731475,5672360.043291052,10;2;69,168.58415225439936,573.5425740666236
83156,35287,2019-01-28T07:38:44.797+01:00,597097.9289633423,5674259.115531279,14;27;19;32;18;25,479.2467944577827,2963.5449004166862
27037,11571,2019-01-02T11:24:54.865420134+01:00,598078.5685586513,5675126.462271512,14;20;9;18;32;27,413.2761609556157,3739.1663492221587
22966,9832,2019-01-07T20:10:22.944+01:00,599131.4260164972,5672413.4270961275,10;69;1,98.57158820223594,765.4176887213806
109715,46459,2018-12-31T09:00:04.048+01:00,598171.2272034795,5674118.700027023,27;14;18;19,424.60296354948485,4214.933621547308
113792,48221,2019-01-08T20:01:48.868+01:00,599131.8001229337,5672411.312550539,10;69;1,96.6637677994507,799.0943728693449
72435,30748,2019-01-05T16:55:13.809+01:00,599132.7739395098,5672409.209579374,10;2;69,100.77246838499138,747.7551943444324
82811,35144,2019-01-31T07:48:52.340347092+01:00,598634.0016733473,5676447.089051681,14;5;32,851.8008908695455,4041.653582741237
84474,35848,2019-01-09T13:09:29.258791165+01:00,597407.6813336309,5674724.130768617,32;19;14;27;18;20;25,197.12914282611948,1029.1452234601375
69533,29523,2018-12-31T10:05:07.18723511+01:00,597713.0509737867,5675739.891749047,5;19;32;25,1529.3136168855765,2818.2376519065483
49107,20931,2019-02-05T10:10:33.737908916+01:00,598862.0691686622,5675411.385420318,14;9;20,200.5532206788259,3823.275305990534
41957,17918,2019-01-05T08:15:33.256511274+01:00,599133.4648449351,5672407.949854447,10;2;69,113.85995132669112,601.7939428781714
101230,42854,2019-01-24T11:58:52.853+01:00,598182.5021532043,5674137.162785928,27;14;69,493.50911440609184,5469.257745223316
115059,48763,2019-01-31T16:03:28.327617699+01:00,598520.4054156952,5676447.027869694,14;9;11;32;5;4,895.338599595054,4389.943708508461
104920,44391,2019-01-21T11:08:07.408+01:00,599115.1265604411,5672366.858057919,10;2;1,189.37421306764628,435.2127913913114
11638,5028,2019-02-01T09:51:03.067+01:00,600401.7927186647,5676324.3716762075,7;2;37;4,1697.7763809185228,2637.699445560162
86456,36679,2019-01-24T10:23:47.085+01:00,599051.0490890015,5674642.704044983,14;2;19;27,685.9459827519332,2544.670618340716
117916,49978,2019-01-22T09:23:15.180+01:00,597072.7291613689,5673341.62116141,25;18;27,556.9112593401488,3570.6916300929624
59310,25177,2019-01-09T11:00:59.693876667+01:00,598385.6319480046,5676493.666293149,5;14;32;11;6;9;4,379.16599308349254,4540.014064806119
39735,16980,2019-01-08T10:17:13.025+01:00,597134.1119339466,5673248.152211134,25;18;27;15;19,793.843884542109,4460.778799120069
43916,18743,2019-01-22T09:36:18.906746284+01:00,597679.5475244808,5675639.955520408,32;6;5;19;25,1345.3438944893576,3452.672623045773
69857,29659,2019-01-03T11:04:06.515+01:00,599426.8308167985,5673232.623894781,2;1;17;27,843.0560263621712,3854.6416897209824
12881,5549,2019-01-19T09:40:12.151277350+01:00,599993.4299548175,5674306.214272005,2;17;27,1443.121957307231,3433.5753671320526
99686,42180,2019-01-08T12:34:14.691+01:00,598038.9007379839,5673831.855757069,27;69;32,290.33816384976825,5225.504026688401
74961,31788,2019-02-05T09:35:10.284+01:00,599138.9037398362,5672407.630475756,10;2;69,121.37270695813935,507.541341085541
40104,17136,2019-01-11T11:35:19.111420781+01:00,598962.7265323389,5675114.579933484,14;9;4;12,251.23575255376633,3776.917742569036
88184,37348,2019-01-20T08:16:10.403+01:00,599113.0597230783,5672363.423351315,10;2;69;1,154.65969238965877,739.6412994583396
65806,27938,2019-01-22T08:51:08.525348108+01:00,601331.5981031084,5673477.7944290135,70;17;7,612.0605588213208,5186.269234504591
67698,28749,2019-01-23T11:43:55.444740549+01:00,599378.785980649,5676865.451428928,11;14;5;9;6;70;12;4;27,431.2070758958167,3818.319918459069
50922,21697,2019-02-05T10:11:17.080+01:00,599123.8586067221,5672375.5136241,10;2;69,257.94947944874633,1511.8639110545178
6805,2999,2019-01-15T13:31:12.336020932+01:00,601311.2642261815,5674940.162761437,14;2;12,2450.326859030229,1377.564385774912
22123,9471,2019-01-06T06:16:03.536+01:00,599139.4543246753,5672410.1872218,10;2;69,111.99748763763411,555.1724595294856
66468,28213,2019-01-21T16:15:28.355+01:00,596957.9461388752,5672684.259258524,25;18;15;19,596.0434393046323,5323.772872036315
58347,24783,2019-01-23T11:30:27.736005424+01:00,597553.6675836691,5673605.345577474,18;27;69,263.193619795552,2079.969238776955
79525,33712,2019-01-14T08:27:09.165179872+01:00,597371.590196622,5673651.538231984,27;18;69;32,306.02931536860007,3810.27345297213
7827,3413,2019-01-02T11:12:46.193+01:00,598105.0269477277,5676509.08535788,4;5;6;14;20;11;34;27,1337.99349819552,5002.911078819781
100213,42419,2019-01-26T09:55:25.494+01:00,599115.0994799194,5674964.328363188,14;9;12,236.5176902978998,3635.8430050648526
46616,19863,2019-01-23T13:00:06.238+01:00,598286.1275389213,5673492.857722973,18;27;69,565.4024593886026,2968.284284640755
43113,18407,2018-12-31T09:14:21.916+01:00,598594.3841730754,5673432.568605903,18;14;15;69;2;27,1176.7940039057892,1155.7489778504462
106135,44910,2019-01-10T07:29:48.355053713+01:00,598376.7928119248,5676832.980120581,5;34;14,2361.688380163744,4696.496989059509
69722,29602,2019-01-18T06:57:15.067+01:00,599116.415455187,5672360.5176327955,10;2;69,163.3564524977761,631.3715819268836
77492,32841,2019-01-02T08:00:06.927+01:00,598564.4069485534,5674481.841833404,14;2;27;32;18,425.14757311084463,3075.0304250604077
61408,26076,2019-01-05T13:43:33.814+01:00,598863.5990952419,5676111.600351825,9;37;11,2832.498458107846,2848.1417135915062
116946,49567,2019-01-07T10:07:57.373974706+01:00,600211.1385041582,5676519.668095376,9;14;11,933.7591537599232,3014.6825999185794
78511,33294,2019-01-06T20:09:34.157+01:00,599129.7765305988,5672412.546555328,10;69;17;18,102.91003822278813,789.1914322405864
101705,43044,2019-01-04T19:08:57.342+01:00,598488.3411477889,5673711.030380323,27;18;19,837.2316812854141,5125.838414965114
115980,49158,2019-01-16T09:46:51.598+01:00,600292.199160286,5676022.206201051,9;7;14,903.8275043991245,3163.4924129985216
125999,53487,2019-01-11T12:17:08.328+01:00,598870.9069215974,5673781.61191046,2;14;18;1;27;25,946.760909867478,3545.555363821089
1958,839,2019-01-03T09:13:01.162+01:00,599138.223476871,5675143.428467828,12;14;9,379.4600541642023,3719.788550252713
98179,41562,2019-01-17T08:22:31.597+01:00,598565.9825326311,5674486.539972875,14;27;2,63.88152757843808,3993.8012302918314
121910,51691,2019-01-16T10:55:44.145711608+01:00,598000.5626396631,5673157.254446558,18;69;27,260.3085157453061,1047.0878448126643
97939,41452,2019-01-09T08:47:56.108338966+01:00,597886.8629599714,5675990.602199863,14;20;5;9;27;69,844.3763906199264,4649.3560243124975
13707,5917,2019-01-04T20:40:58.647+01:00,599137.8042713765,5672407.609254781,10;2;69,104.60691261341022,673.5914356721355
26186,11201,2019-01-02T12:42:55.670557497+01:00,599593.8978595336,5675675.4829989085,9;14;12,546.3364733208849,3477.866064789839
93673,39644,2019-01-18T07:04:06.478+01:00,599116.2663896002,5672363.060874834,10;2;69,166.10201844013568,565.9884316424979
80360,34068,2019-01-28T11:00:58.355448996+01:00,598714.7054174488,5676289.084018586,9;14;32;2;6;5;20;34;1;27,833.8017294493352,3928.8821167882684
79783,33819,2019-01-21T09:13:44.190+01:00,598997.576025395,5674748.185361529,9;11;14;18;20;32;4;19,949.1273905139832,2167.774319516557
109316,46295,2019-01-21T09:05:31.898065822+01:00,599617.0352565194,5677022.417583388,11;5;9;6;7,570.0627315982003,4048.9611348104977
26293,11244,2019-01-14T11:43:49.571746480+01:00,598374.5857261504,5676981.037459287,5;9;6,1117.697799582506,5107.198381538113
9005,3891,2019-01-31T11:44:09.467+01:00,599024.5441561705,5673647.082256442,2;69;1;14;17;27,1181.2835858097087,4369.349596426478
4731,2073,2019-01-05T10:56:22.445198702+01:00,596582.7585998058,5675612.828111668,32;20;27,1552.2655419359899,4914.510382882307
76194,32318,2019-01-07T16:01:31.793751081+01:00,598581.0075884288,5676334.889476391,32;5;9;20;14;4;27,917.0659118171961,3609.9902071846254
85565,36306,2019-01-06T09:51:53.868975333+01:00,599132.7242483282,5672410.057326643,10;2;69,120.66050358176409,522.2399353269091
33466,14356,2019-01-02T17:09:47.372762345+01:00,599184.2567553378,5674938.505698946,14;9;19,513.0051337034558,3362.2765274899016
118039,50037,2019-01-29T13:42:00.617+01:00,597843.5514652458,5674254.601833576,27;32;18,305.9383559809607,3263.746250239288
96698,40922,2019-01-02T09:24:14.666670708+01:00,598522.7430702294,5676848.936533847,5;6;4,2247.046949410739,5167.78305353432
123564,52433,2019-01-03T11:12:28.509140801+01:00,598104.1759405789,5676504.825548599,14;5;6;20;9;4,104.93543006992886,4743.936213454298
25625,10969,2019-01-30T09:17:29.155+01:00,601106.227213921,5673757.248042016,7;1;9;70;12;27,319.3118509242462,4669.333128393493
82841,35152,2019-01-21T07:01:57.858+01:00,599113.2765751397,5672364.276241835,10;2;69,150.11534399980266,753.9873029315345
68021,28892,2019-01-07T10:01:42.711+01:00,599091.6936931239,5674639.245017775,14;27;12,589.3815508265985,3544.193489954555
87518,37088,2019-01-07T15:37:39.185+01:00,599134.0978721813,5672407.962072019,10;2;69;1,111.46414722841129,661.1673955520854
12373,5330,2018-12-31T08:29:53.232+01:00,599260.9648541848,5675144.1036384925,12;9;1;27,367.7057707581738,3982.231503946993
103754,43882,2019-01-03T08:26:35.571503719+01:00,598611.8067654799,5676451.330240398,5;14;6;9;11;32;4,546.2669841652184,4397.553073228816
7355,3231,2019-01-22T16:17:56.371+01:00,599116.4558071719,5672356.699233733,10;2;69,235.0528204027761,659.487618853892
29387,12560,2019-01-21T08:00:59.858+01:00,599115.6906549754,5672360.079293614,10;2;69;1;11,173.49664085988275,757.1178198110673
10527,4550,2019-01-09T16:23:35.478+01:00,600321.9613202739,5676363.548336554,7;11;6;9;4,431.35955703148704,3482.1705101285775
117306,49714,2019-01-17T09:40:47.673865896+01:00,598547.7731092016,5675887.405902623,14;9;37;32,1385.0888348127212,2790.1976750294266
441,183,2019-01-03T10:48:15.978353269+01:00,598440.897636561,5676657.678621486,5;11;20;4,1967.9066276799026,5292.296955906644
29360,12550,2019-02-01T09:52:35.187+01:00,597453.7681129484,5673737.118618447,27;18;69,266.82744218569763,6361.078774369896
103807,43905,2019-01-20T10:32:43.617+01:00,599111.7614940855,5672366.793125532,10;2;69,172.6491299398129,514.1811094114148
11790,5097,2019-01-18T10:53:43.113+01:00,597774.4293327035,5674315.240044765,27;14;18;32;19;69,217.89365477805015,4098.377162881815
81915,34763,2019-01-20T10:02:08.773+01:00,599114.3018085732,5672366.417790202,10;2;69,156.57464305847003,642.5847602442841
120394,51049,2019-01-30T08:48:26.172057283+01:00,598385.4492227606,5676494.511496725,5;4;9;6,1342.5845012554578,5255.793058471918
87911,37235,2019-01-09T13:49:39.853397121+01:00,598589.1861662327,5673448.169840096,23;69;18;27,2462.030778116528,1278.6798365886932
48325,20601,2019-01-28T10:55:56.615009662+01:00,599050.8775499293,5674627.423972062,14;9;12,606.1911737450636,4010.8962229764725
50335,21465,2019-01-22T20:56:11.136+01:00,599115.1423554282,5672364.312244218,10;2;69;1,194.95798262153517,638.5135997982338
63839,27101,2019-01-29T13:29:21.840+01:00,597847.5365120069,5674307.7216839995,27;32;69;18,412.2677732136585,3877.956619081963
72380,30726,2019-01-08T16:41:03.756930742+01:00,598371.8107901638,5674711.116825208,14;11;32;27,1086.1520276577994,4427.970304360481
35887,15366,2019-01-21T10:57:05.162211922+01:00,598635.7778031114,5675781.31102942,14;9;32,609.6952939555412,4053.693742625916
69067,29337,2019-01-22T08:34:09.596336520+01:00,598461.605227316,5676465.419203423,5;11;14;20;32;4,1808.6248077908026,5143.923483513999
83776,35563,2019-01-23T08:37:05.440434834+01:00,597463.6925305863,5673247.607574603,18;27;69,48.50163948677175,2004.0389292662485
67161,28518,2019-02-04T11:10:48.398830756+01:00,598566.0025730407,5676235.302216264,14;9;11;27,1041.04352498879,4300.677508394121
5468,2378,2019-01-21T06:58:16.783+01:00,599114.2088891016,5672362.596819512,10;2;69;1,157.88232523166312,753.8394185837166
103631,43837,2019-01-22T15:55:43.595015722+01:00,598350.9961145559,5674709.020520923,32;14;27;1,225.97985915702452,3822.1086673126415
86157,36563,2018-12-31T10:11:12.635701522+01:00,598571.5452770876,5676213.766639128,14;32;5,830.5991221669758,4194.203162838362
76520,32445,2019-01-29T11:35:53.677436171+01:00,596900.6640534666,5673660.451457262,18;19;32,382.2596240807946,1027.8771947873606
113458,48088,2019-01-10T16:56:41.348+01:00,599133.9564162071,5672408.383695033,10;2;69,179.60553747628745,486.3356379857521
1836,786,2019-01-04T09:57:18.022+01:00,597118.4062302792,5673504.161714888,27;18;19;25,382.80415604804693,5419.694854364726
105270,44545,2019-01-10T16:51:57.025+01:00,599134.5894434011,5672408.395912668,10;2;69;1,106.79070137303663,691.4995034365911
93818,39697,2019-01-05T13:48:49.808003004+01:00,598430.205288094,5676468.635785355,5;32;9;20,1617.688600603123,4793.922406666173
110910,46972,2019-01-24T10:31:30.470335111+01:00,597217.7634108999,5673365.582482079,18;27;25,331.0610012658045,2763.9583855024753
37269,15959,2019-01-21T09:48:03.523+01:00,598792.4835036774,5675248.790615878,14;9;12,125.92718550828535,3980.0066612865253
78919,33452,2019-01-03T12:27:15.811099796+01:00,598088.0638507963,5676807.5057842815,5;4;14;6;20,1179.3103706839538,5127.273529318728
34826,14920,2019-01-15T15:30:22.502201298+01:00,598720.3234510886,5676267.125677034,5;14;20;32;9;11;19,589.8431103666068,3096.4429020857165
47516,20256,2019-01-11T10:15:01.382847556+01:00,599979.9621024368,5676792.263136376,11;7;4,1418.639516476827,4006.669678170742
37222,15931,2019-01-29T12:46:12.636264997+01:00,598843.5369671212,5675705.954879325,14;9;32,493.05628065153286,4009.108116893568
31517,13487,2018-12-31T10:12:40.205741032+01:00,600241.8410144638,5674042.0166485,17;1;2;7;27;12,820.2083975287258,4427.061758410374
99919,42286,2019-02-01T09:25:11.166+01:00,598129.060264635,5674098.7979981955,27;14;18;32;69,551.5030227113357,5558.595607212208
3196,1398,2019-02-04T18:49:32.357+01:00,599141.5849269091,5672405.136107585,10;2;69,125.907138148093,458.4826020176588
10326,4467,2019-01-24T10:50:04.62074677+01:00,598913.5031181646,5673974.664576672,14;1;27,309.13536814352,4884.641337921501
61216,25990,2019-01-02T14:07:40.865425648+01:00,598848.9300040104,5675240.966154393,9;14;20;32;12,122.33559048103618,3864.696622186775
45145,19280,2019-01-25T19:09:02.039+01:00,598493.2573914926,5673699.667174114,27;2;18;19,526.6270097821489,3819.3110865490594
18385,7901,2019-02-01T13:01:40.937167266+01:00,598362.2318870064,5676444.416827918,14;9;32;27;4,1244.0739672946627,4389.960985604007
30998,13268,2019-01-30T09:55:24.219+01:00,599195.091455125,5674700.227575974,12;9;14,515.325974534874,4098.108824649703
116686,49455,2019-02-04T11:16:41.192+01:00,597367.4327042203,5673823.320943124,27;25;18,435.64581460704375,5271.4991552452775
99877,42266,2019-01-30T16:15:40.738682037+01:00,598514.7886327205,5674817.401324111,14;32;9;19;27,349.53903765134635,3129.0764845917647
122991,52161,2019-02-05T16:50:23.982580846+01:00,597836.4814578083,5675839.844848242,14;20;19;32,629.1615446040229,2659.866709241442
48540,20695,2019-01-08T11:37:46.201+01:00,599133.2070633086,5672409.217938701,10;2;69;27,102.08549721625783,731.2064940102313
70629,29994,2019-01-08T19:11:47.968+01:00,599132.3331981585,5672411.322838848,10;2;69;17,109.85102522166227,670.8652893368032
118538,50250,2019-01-21T08:24:16.399535186+01:00,598523.6561157017,5676478.916885042,5;14;32,901.7917461483834,4087.2150207250634
121564,51555,2019-01-22T15:15:31.750933093+01:00,600424.5341648259,5673421.781680176,17;1;9;14,250.57227130315786,4947.451254380739
89746,37980,2019-01-09T12:49:12.617663883+01:00,597914.5997190968,5674346.343364086,14;17;32,1099.224038834456,4798.0810685833085
5768,2514,2019-01-09T09:39:03.173+01:00,598204.2137774889,5676122.275474769,4;11;14;5;6;18;9;20;32;27,513.000837265911,3996.9384267271475
86716,36779,2019-01-10T10:34:07.202+01:00,598908.1701187544,5674611.092680198,2;14;9;11;69;12;32,839.5035956933722,3716.1032992132336
58527,24856,2019-01-08T11:32:08.260292925+01:00,599105.9506337368,5674860.1847452875,2;9;14;32;70;19;1;4;27,1069.1421661930315,3421.320312951889
25562,10937,2019-01-10T09:52:21.702290929+01:00,597958.4133212655,5676549.991808997,5;33;4;20,2161.045167281762,5121.545457967332
8697,3753,2019-01-17T15:54:23.921719609+01:00,598607.2061262906,5676330.300741591,32;71;5;20;27;9;4;25,10655.666748317853,2582.9551565147653
69461,29491,2019-01-15T09:16:58.616486666+01:00,597955.9496156878,5676581.3468849035,5;6;20,1814.9741643568268,4959.997408263947
74255,31508,2019-01-17T14:59:23.961+01:00,599134.8742861206,5672388.456811928,10;2;69,276.57448357079346,1530.9198619319588
127142,53991,2019-01-19T07:26:58.570+01:00,599115.3334992267,5672363.042873356,10;2;1,213.49239154430816,439.0538296892596
99043,41917,2019-01-18T12:31:00.448+01:00,597154.8162001705,5673955.5091279,19;27;18,224.68475549184987,2187.789665995456
5635,2455,2019-01-14T13:00:10.555068002+01:00,600754.6301923364,5674880.40362595,9;11;7,1318.2101023488606,3865.3684571876934
2084,898,2019-01-16T15:31:03.215+01:00,599136.3642427188,5672385.515096738,10;2;69;11,156.95322215943784,604.9584856235774
75890,32187,2019-01-21T09:14:16.291+01:00,599111.6767578694,5672362.547959772,10;2;69,161.70736705852525,641.4044092510044
73668,31262,2019-01-10T08:56:11.081+01:00,598344.9960483671,5674022.303227721,27;69;18,945.0665669997112,3359.9864476732696
72120,30620,2019-01-16T09:51:43.327+01:00,597455.1692699745,5673740.540012383,27;18;25,263.4016223173037,5368.855671644267
97785,41379,2019-01-05T15:35:45.206+01:00,599132.5407190032,5672409.205078212,10;2;69,104.31644196742604,704.3452238645766
113786,48219,2019-02-01T09:47:42.82016213+01:00,597645.8264611219,5675176.770646945,32;14;20,281.9502147217874,4004.796794559818
35364,15148,2019-01-10T09:14:29.868+01:00,599131.3669993137,5672411.304191328,10;2;69,126.30214438456683,474.6835534993232
96629,40885,2019-01-21T08:54:44.746+01:00,599110.3265322059,5672359.975788075,10;2;69;1,165.32786821231738,745.0512261648065
16858,7258,2019-01-05T11:35:41.082+01:00,599142.1676955272,5672404.298649709,10;2;17;69;1;27,107.61334911974097,760.1328304339338
20772,8917,2019-01-07T11:52:45.382+01:00,599135.2317946879,5672411.3787825,10;69;2,94.32149410901475,777.4371029185849
59775,25373,2019-01-03T10:41:24.434402412+01:00,598448.8820773944,5676645.949938871,5;32;33;4;20,2216.80920622536,4568.995769380708
25672,10998,2019-01-23T08:42:25.587530481+01:00,598436.9211630584,5676467.491593119,5;14;32;15;20;19;4,1447.5467416322817,3970.0819992942793
113542,48121,2019-02-02T11:04:00.199+01:00,600959.2551852374,5674769.847648092,7;17;12,473.1541581856964,3291.062374585633
3869,1692,2019-01-03T09:17:22.475521917+01:00,600515.4362560872,5676085.985298448,7;14;9;11;17;4,569.7913496110677,2997.438146418339
96435,40800,2019-01-15T08:30:08.354515118+01:00,598964.1300176287,5675031.433496792,14;9;20;27,266.84950912578086,3754.427480461149
102214,43254,2019-01-14T18:09:29.406+01:00,599158.395773739,5672387.213425339,2;10;69;1,381.3811580877328,2865.9227522595265
44447,18981,2019-02-01T10:56:51.666616909+01:00,597709.8701243196,5673828.129295593,18;32;69,437.0573571650167,1424.88886849205
61417,26079,2019-01-05T20:20:35.221+01:00,599132.7067357695,5672407.510869705,10;2;69;11,119.61805078574868,640.2525391931074
113372,48055,2019-01-31T17:33:04.343533176+01:00,598152.2035875767,5675432.1309122285,20;14;32,219.53971203549668,4008.7244529144655
62240,26435,2019-01-16T13:57:43.513+01:00,599136.2233545503,5672387.634143264,10;2;69;1,163.7023305511128,412.50982978193764
10825,4690,2019-01-21T11:38:11.341777110+01:00,598381.9256912706,5676374.351723766,5;20;32,1011.5759326765386,3874.8738302189113
33579,14407,2019-01-22T08:26:15.234173054+01:00,598637.218700511,5676821.856239549,11;4;5;27,2289.70716426676,5244.973399754947
22799,9755,2019-01-07T12:28:56.869+01:00,598226.3270842208,5673992.0240776045,18;69;27,1016.7419859386332,1348.7354806391872
31959,13690,2019-01-17T10:44:28.487+01:00,597551.4443474426,5673936.2963491725,27;14;18;69,409.6948382912431,4721.653597539068
6719,2958,2019-01-16T11:07:18.136132809+01:00,598015.6880209073,5673206.343466977,18;69;27,197.82585035862095,2937.516611123042
11455,4961,2018-12-31T11:50:26.020+01:00,598112.8963932259,5676501.597507018,5;20;4;34,1790.5056978695911,4874.264738609241
87750,37177,2019-01-24T11:23:30.367+01:00,599348.0275799894,5676931.903947061,14;4;11;5,688.8584839104277,3627.032915491223
106520,45081,2019-01-21T12:40:20.623+01:00,599114.5923285693,5672363.452924581,10;69;2,144.59546431665805,845.0165116731231
81713,34679,2019-01-09T14:51:18.484+01:00,599133.0737944477,5672409.215366596,10;69;1;2,99.61936226840336,784.4000101578282
71761,30466,2019-01-21T11:36:03.838+01:00,598241.6896244072,5674381.873258064,14;27;32,465.0488020697285,4171.293730011894
53348,22682,2019-01-24T11:29:52.960269142+01:00,598458.2432205441,5676427.162790549,20;5;6;14;4,1008.0452257635221,4064.208929601768
61284,26021,2019-01-11T11:21:42.520355660+01:00,599071.7491151349,5674882.015228836,14;2;32;9;12;4;27,344.4786145052176,3609.0149282076163
106456,45048,2019-01-15T09:56:53.517446113+01:00,600509.5516736102,5676087.143087509,11;9;7;70,870.5569624414367,3819.6025057602965
16286,7001,2019-01-17T11:46:03.840404496+01:00,598669.6914869816,5676366.29929831,9;14;5;6;11;32;70;4;23,301.8945421583712,4319.370119116683
7012,3096,2019-01-14T16:00:50.703576789+01:00,600206.2919372666,5676784.797779585,11;17;7,964.7270036486048,3697.373296273541
3697,1621,2019-01-29T16:00:42.221261804+01:00,598523.4510230639,5674768.76697837,14;32;27,391.66180298856676,4181.437158580941
53923,22934,2018-12-31T11:09:44.758+01:00,599241.5003677658,5673862.5996863395,18;69;1;2;11;7;12;27,347.5025487054756,3193.763894464114
72874,30936,2019-01-09T09:52:42.563636386+01:00,597720.58675869,5675686.991288647,5;14;6;20,1443.1403859239247,4991.835730297333
71771,30471,2019-01-08T14:27:07.5580978+01:00,598935.7205587107,5674946.439205022,14;9;18;4,252.26526276550686,3440.834745200522
57478,24415,2019-01-14T17:29:14.580735762+01:00,598507.8418308443,5674847.821421108,14;9;32,363.07718054058194,4165.591602711677
115287,48863,2019-01-14T11:25:38.832058263+01:00,597712.2454002362,5673207.7744330345,18;27;69,161.1180778287158,1272.6432632845497
80476,34124,2019-01-16T09:54:36.260+01:00,599138.0476217372,5672388.093706168,2;10;69,348.41023117154265,2324.5563910382994
47400,20203,2019-02-05T17:42:54.222+01:00,599141.7421925988,5672402.1686708415,10;2;69,113.68573730626757,591.0199818978703
20874,8964,2019-01-10T07:19:03.868+01:00,599128.4427015102,5672409.125988112,10;69;1,103.18683324655557,772.5914060398304
94726,40093,2019-01-09T19:38:52.786234092+01:00,597851.4856081943,5675833.765696042,14;20;5;9,400.0750212606949,4602.920107760793
116679,49454,2019-01-19T19:09:40.146+01:00,599115.0675350118,5672364.735153531,10;2;1,227.12397012784015,519.5966303134908
52552,22367,2019-01-09T10:03:29.620+01:00,598486.5557087036,5673703.357788229,27;18;69,813.0042116853969,3777.566878201058
90525,38305,2019-01-19T20:12:23.447662887+01:00,599113.8189930753,5672367.257179883,10;2;69,155.9211600226624,645.3347940583797
636,265,2019-01-22T11:38:30.667118412+01:00,597868.3111204269,5674844.922243047,32;14;23;18;69;25;27,319.119679849343,3354.6349230797573
103766,43887,2019-01-16T17:01:43.865+01:00,599138.3141605591,5672388.0988506265,2;10;69,302.0362448640253,1800.1577215752277
82464,34998,2019-01-10T08:38:07.463+01:00,599134.6326536706,5672413.064631454,10;2;69,138.74949921126864,373.82238569638406
24165,10354,2019-01-09T07:29:52.232+01:00,599126.244336702,5672410.780974456,10;2;69,111.7903941968832,656.7017185287283
84467,35845,2019-01-03T13:42:13.838+01:00,597701.3927566118,5673205.446186005,27;18;69,211.92750884750015,4581.41798676083
41335,17642,2019-01-09T17:03:01.229381951+01:00,599135.5556428008,5672408.414560787,10;2;69;1,117.19372589356223,604.783729603233
124138,52702,2019-01-10T10:54:57.453132085+01:00,598116.7978435217,5673017.74078997,69;18;27,125.54135873399683,4449.908780829127
87842,37217,2019-02-04T08:16:30.335+01:00,599410.7775866269,5674333.513942874,2;9;11;17;1;12;7,854.1480602515752,3955.4525954818873
111019,47021,2019-01-17T09:42:00.213877677+01:00,597058.7541466015,5673419.861455185,18;27;25,453.9807899791076,1417.9403568987786
77664,32921,2019-02-04T20:04:34.507+01:00,599125.0645032449,5672370.020305293,10;2;69,163.19529751999326,733.2716945164848
86523,36704,2018-12-31T10:22:27.512397637+01:00,598609.9076292367,5676848.065458494,5;9;32;11;34;27,1133.6491146705234,4125.7949484732535
127085,53967,2019-01-10T08:12:32.172+01:00,598313.1376666817,5674194.828734744,27;14;18;19;32,645.7145416757746,3584.037290786128
101098,42794,2019-01-08T06:20:09.518+01:00,599136.6141745573,5672410.556757023,10;2;69;11;1,115.81876133183918,674.4783958342216
50636,21581,2019-02-01T10:11:05.885855500+01:00,598637.8085087091,5676434.431608999,9;14;32;6;20;11;27;34,478.99050829972185,4001.962504302805
24759,10604,2019-01-25T19:16:57.041+01:00,598438.2393115874,5674339.38428093,14;27;18;32,305.48115208428055,3476.947092826063
99971,42305,2019-01-02T09:15:34.191+01:00,598704.6320945801,5673819.999154622,14;1;18;19;27,322.01392493798716,2572.441371741019
76313,32362,2019-01-18T08:10:30.732+01:00,599116.2243110572,5672361.787003618,10;2;69,155.52786055207122,690.1317123715547
66071,28048,2019-01-10T16:45:05.636+01:00,599133.3233890124,5672408.371477476,10;2;69;11,117.5880080578791,711.7456162768053
61837,26262,2019-01-07T16:03:38.285130770+01:00,598581.0415648427,5676336.587547277,14;9;20;5;27;4,654.9029054442162,3976.0101079758074
119256,50551,2019-01-21T08:45:32.439590385+01:00,598374.153550682,5676887.246853202,5;14;6;4;19;27,1273.747603144404,3899.9923077471003
112701,47779,2019-01-09T10:06:01.77046017+01:00,597657.8984310494,5675515.632778128,5;6;19;32,1987.1154563560435,3434.318801315685
26024,11146,2019-01-15T09:33:42.136+01:00,597061.9895748853,5673414.40608308,27;18;25,354.57094366326965,3640.534407374935
89818,38011,2019-01-08T11:26:16.207394734+01:00,598687.6997207107,5674823.693669184,14;27;32,252.45688567493255,3862.041018459708
28286,12101,2019-01-02T10:39:13.758059679+01:00,597493.5883601906,5673310.554471562,18;27;69,106.97021369302094,2183.6565282014917
53958,22949,2019-01-09T10:20:56.308960277+01:00,596916.4448003025,5673650.564954134,32;18;19,810.4990900650985,771.745074011197
40805,17426,2019-01-21T11:29:52.341+01:00,599078.1085358005,5674775.200601354,9;14;18;27;12,530.8483504619608,4529.622848001366
31002,13270,2019-01-04T14:05:26.691+01:00,599137.7802767968,5672410.579263862,10;2;69,98.61600445663706,722.2290100454674
48120,20504,2019-01-19T08:30:15.233+01:00,599111.7346307536,5672361.276017258,10;2;69,157.0993883556895,707.6629658298431
95888,40565,2019-01-09T11:38:07.214928961+01:00,599712.3463411186,5676518.435249951,14;9;37;11;2;7;12;4,909.1467635405219,1908.531516810908
88874,37641,2019-01-16T15:29:59.936+01:00,599136.3309253501,5672385.514453693,10;2;1;11,191.4039027932419,418.554069544864
80174,33981,2019-01-02T08:49:36.642971482+01:00,597785.5243775089,5675928.8360635685,14;5;20,555.4638258699862,4851.815640426229
112466,47679,2019-01-30T09:16:40.568+01:00,598268.1320784925,5674190.996543941,27;18;69,817.8249323254104,5377.353333198967
59235,25149,2019-01-14T11:48:11.822299970+01:00,600248.8786243941,5674735.978571477,11;9;7;12,2072.652614333406,4678.477483667171
123725,52508,2019-01-18T09:49:36.949+01:00,599114.6671489596,5672363.030015263,10;2;69,153.0645165651482,722.4003529090187
11147,4829,2019-01-19T11:50:04.459+01:00,599112.658759502,5672360.020789795,10;2;69,160.4233444717021,774.7820103399197
112199,47544,2019-01-24T11:16:44.699+01:00,597394.1093344941,5673655.3601479875,27;18;69;32,299.54695172546235,6228.739553280102
86570,36724,2019-01-18T08:03:36.338089906+01:00,598511.9507627164,5676530.0389650045,11;14;5;20;32,258.7408568559944,4131.685400618162
29119,12443,2019-01-18T10:15:15.845+01:00,597501.1893359201,5673970.138374128,18;27;69,699.0015218759241,2278.0766254994473
96670,40906,2019-01-16T11:26:13.919+01:00,598490.9049451433,5673690.286293868,27;18;69,820.0970040995334,3469.638073630031
54544,23187,2019-01-10T18:47:22.792+01:00,599136.6147425256,5672412.254180657,10;69;1,96.45007532510871,794.304121766945
15553,6695,2019-01-24T07:44:45.22828477+01:00,597497.576994063,5675184.560745782,32;23;20,1441.9252013158978,3698.358097570669
3821,1675,2019-01-18T10:42:20.105+01:00,599113.0608761454,5672366.818198173,10;2;69;1,161.74870654368107,735.9550717486949
86677,36763,2019-01-31T08:42:34.897699945+01:00,601293.9997706957,5673468.1410180805,17;1;70,383.3592374728367,4890.262919748266
16513,7105,2019-01-23T07:44:57.117619822+01:00,598203.9965143545,5676486.790962483,5;14;9;6;20;4,462.38168589886163,4658.009513139838
37663,16124,2019-01-31T09:36:14.331746861+01:00,597964.2000036528,5676030.694422138,14;19;5;20;32,666.170778832834,1313.8381477532403
129067,54783,2019-01-26T12:36:08.410+01:00,600360.7852564619,5674015.0598815875,7;17;1;2;4;9,630.3710697155544,3959.0267410828756
58754,24949,2019-01-20T20:23:08.911+01:00,599115.0762962853,5672366.008381834,10;2;69,149.3728622344038,728.3006198723814
22927,9814,2019-01-14T19:41:36.695+01:00,599151.9491461967,5672387.937684292,2;10;69;1,262.70200034202725,2520.975118115231
91841,38884,2019-01-11T15:51:22.742+01:00,599499.145391112,5674343.288799094,17;9;12,612.3381086022549,4754.787911171442
59282,25164,2019-01-28T09:37:42.924+01:00,598139.570097779,5676484.284909135,34;20;14;4,2321.971001549914,3644.2763004979843
22976,9837,2019-02-01T10:15:12.721571349+01:00,600177.1210004908,5676580.111323822,11;7;14;4;9,1083.2567212543324,3657.109462184738
119495,50653,2019-02-05T10:34:16.514300736+01:00,598629.318622045,5676432.570949348,14;11;32;4,816.793953767143,4216.280214046395
13245,5714,2019-01-03T11:08:02.248901116+01:00,599146.9882494602,5672398.026399705,10;2;69;1,253.90894998536842,1203.8962796373803
129766,55080,2019-01-03T17:50:20.647+01:00,599106.3054343968,5672414.6397475265,10;2;69;1,137.02922990701126,578.0369924188959
61851,26271,2019-01-09T08:52:52.576+01:00,597185.1760328388,5672904.122997111,25;27;18;15;32,297.87234177045536,4700.6304413220105
64866,27538,2019-01-10T11:35:50.457+01:00,600322.5876505512,5674670.370227059,9;17;12;7;11,419.0006131795956,3980.8786909524474
82594,35052,2019-01-05T20:11:38.255+01:00,599134.1568883482,5672410.084976853,10;2;11;69,115.43900096015246,764.3350524032938
121679,51595,2019-01-18T09:48:57.473+01:00,598495.5323983227,5674228.878502612,14;18;2;27,476.37600200959935,2584.3309850360747
42501,18160,2019-02-01T07:50:48.634557558+01:00,597859.5560400963,5676299.434232811,5;20;32,1283.4970029344333,5009.788339051471
3073,1349,2019-01-15T13:16:25.180749807+01:00,598084.4938195101,5674108.555093688,32;69;27,152.91798386928915,3829.200701210941
109953,46553,2019-01-16T08:51:11.37549948+01:00,596950.5173229385,5674150.666486617,19;27;23;15,1328.589602753021,4284.567810623258
111679,47296,2018-11-28T01:07:26.961271054+01:00,597833.1301528312,5675830.445195993,14;20;19,612.3365066049832,2317.073204121689
118029,50032,2019-01-03T13:26:26.972+01:00,597705.6415687485,5673208.073126929,27;18;69,169.71011590908995,3268.0195305926386
29466,12597,2018-12-28T17:09:15.389121032+01:00,598369.1505239888,5674719.55289497,14;1;2;27,893.7520718593556,4456.384397599259
66717,28332,2019-02-05T10:22:55.458406696+01:00,597960.0624750932,5676664.1742786225,5;14;6;9;20;34;4,722.0434168877771,4818.82219177878
22986,9840,2019-02-04T17:45:31.467936562+01:00,598737.8688756529,5676447.389827296,11;9;70;5;17;19,1817.4869384459362,4834.334104186524
72250,30675,2019-01-17T13:45:19.913975718+01:00,598007.2614466312,5673178.17548009,18;69;27,271.2893785703849,1114.7264959102702
11039,4791,2019-01-14T19:33:44.181285642+01:00,598599.4534825042,5674608.547845446,14;9;32;27,467.4345831174356,4109.56093561823
66728,28337,2019-01-31T11:52:06.701798103+01:00,597915.8986410715,5676355.675192634,5;9;32;4;25,1324.7688396944222,5460.824036090576
62605,26579,2019-01-28T08:46:02.879327116+01:00,597883.3132140494,5675998.597170305,14;20;5,331.9600955923017,4593.817633912642
17570,7551,2019-01-22T11:20:42.784+01:00,599115.6257470984,5672365.170278089,10;2;69,147.05450406624774,772.448461710296
25648,10981,2018-12-31T09:51:22.866245302+01:00,598517.5521772862,5676853.929082712,11;5;6;27;14;34;32;4,612.4857288062576,4685.4501046147725
52364,22295,2019-01-04T08:16:34.929706577+01:00,599131.4467719725,5675142.448849424,14;9;12,191.85527294969486,3667.748968280674
103025,43584,2019-01-03T09:48:12.694377370+01:00,598645.4106570594,5676851.294279734,11;14;5;9;34;4;27,517.5403717051804,4479.956191159328
51567,21970,2019-02-04T17:47:08.070+01:00,599127.3972977645,5672371.762737264,2;10;69,338.00320323641813,2447.118421986055
67737,28769,2019-01-28T10:58:52.232728295+01:00,599742.497857898,5676894.57808652,11;14;2;6;17;4;7;32,1088.270870163626,3890.0026441468704
26685,11425,2019-01-22T08:45:20.338+01:00,597733.780050119,5673890.115228012,27;18;32;69,249.3314590211732,6087.028874155882
5218,2284,2019-01-20T19:59:25.818+01:00,599114.1095127693,5672364.2923142435,10;2;69,155.4538980838934,678.7095139467907
70150,29789,2019-01-03T08:58:42.758800005+01:00,598420.9436214713,5676838.495026237,5;4;6;34,2313.350939313891,5153.711245487847
126999,53935,2019-02-03T14:33:42.052+01:00,599098.142725763,5672414.482255154,10;69;2,103.13999047972374,1197.2127425003775
79963,33891,2019-01-07T17:02:48.212172282+01:00,598514.8721647807,5674837.347530404,32;14;9;27,245.63009934026908,3738.6217366689925
123789,52536,2019-01-11T11:55:37.844609554+01:00,599737.1723381205,5676897.869388787,11;14;6;4,1531.548464982802,4238.285295439851
1423,612,2019-01-14T17:16:35.958124688+01:00,598515.2029829463,5674832.2616412565,14;32;9,355.17300048174656,4037.179365805877
76641,32488,2019-01-05T11:56:09.531+01:00,600050.7492211597,5674317.515704897,2;7;12,1098.190165491114,3803.376431372181
48503,20678,2019-01-24T10:39:48.306929395+01:00,598712.8240981034,5676288.199107842,14;5;6;4,478.0024391675807,4185.6415306957015
75214,31900,2019-02-01T13:22:01.406336961+01:00,596792.3439269774,5675389.750549484,32;14;9;20;5;19;69;1;25;27,1171.6180483305886,4757.598985529537
1319,562,2019-02-01T10:14:41.930892278+01:00,600177.3873223837,5676580.1165249515,11;7;9;37;4,1284.9910784303215,3645.3907911265787
67884,28843,2019-01-15T08:14:02.865+01:00,597964.9703718753,5674021.826915714,27;32;18;69,386.6347678011403,5190.023951403779
122518,51948,2019-01-06T20:26:57.188+01:00,599131.5259680612,5672413.429025173,10;69;18,94.1947326626583,768.7263603461729
70830,30076,2019-01-06T07:31:51.406+01:00,599130.8824751445,5672407.051308605,10;2;69;14,117.52884594056513,607.9005003359691
30096,12879,2019-01-05T08:30:58.740548476+01:00,598385.2782885989,5676484.323720111,5;9;14;32;20;6,327.3065886602643,4565.613295276089
110250,46675,2018-12-28T17:08:59.095+01:00,600511.0338169602,5676106.692656829,9;7;11;14,470.5613005838017,2945.4060479852515
117061,49615,2019-01-18T10:02:36.182+01:00,598598.7084706335,5676455.322007532,4;5;20,1496.4248283181043,4439.614117071218
89553,37895,2019-01-08T16:59:01.778+01:00,599134.0727420463,5672407.537233836,10;2;69,132.18875232944958,437.86575731127067
113184,47976,2019-01-10T11:11:55.554+01:00,597764.1302231863,5674215.745771492,14;27;32;69,459.4402123273132,4722.6811482151525
64791,27500,2019-01-12T09:49:11.129251191+01:00,599003.7830475111,5675234.615509868,9;12;14,413.6715738727746,4064.099009313447
15408,6633,2019-01-11T16:15:33.114+01:00,598687.5975632436,5676288.986819135,9;32;4;20,347.85805949746174,3633.8649893957254
62562,26564,2019-02-05T16:55:05.431672272+01:00,597836.4814578083,5675839.844848242,14;20;19;23;18,1296.45329263404,2497.8528919255345
3799,1667,2019-02-05T11:18:57.257631317+01:00,599190.1093850832,5674744.264206933,14;9;37;17;12;70;69,1011.9569417412978,3494.274982247266
47165,20121,2019-02-02T12:48:54.921+01:00,601047.5941944655,5674543.704864071,7;2;17;9;37;70;14;27,294.1347943295336,2493.186352051912
1412,605,2019-01-24T07:35:05.390107080+01:00,598473.8799686392,5676462.684343885,5;11;32;20,1613.3723485332378,4956.966632690273
66068,28046,2019-01-09T11:40:41.451+01:00,599139.6618484837,5672408.069461417,10;69;2,94.65136986053882,799.3484572691559
107167,45370,2019-01-24T13:19:59.234848333+01:00,597999.2759765341,5674331.409531683,27;14;32,530.3197197548045,5377.668729325325
87096,36921,2019-01-14T17:34:13.968+01:00,599155.1066683657,5672390.120402959,10;2;7;1;12,267.790327435214,645.0346014523764
15715,6763,2019-01-11T08:59:30.994489981+01:00,598517.2164491678,5676044.254430993,14;32;20,842.264572634846,3953.0517250297353
70234,29825,2019-01-02T11:06:10.048+01:00,599390.0993942413,5676915.744771563,6;9;11;5;14;4;32;7,883.6505943106672,3842.9763439913554
60609,25728,2019-01-08T14:23:57.193489600+01:00,598935.2625257457,5674946.006020941,14;9;12,319.873420922025,4098.348712476733
22684,9703,2019-01-10T15:05:49.176+01:00,598819.1411996955,5674737.957114305,14;27;69,1011.2546144888089,4047.394817953286
39461,16867,2019-01-29T13:40:57.384+01:00,597667.9269837206,5674337.400560485,14;27;18;19,141.7955004042355,1776.933153270388
85237,36162,2019-01-29T08:54:30.574114424+01:00,599331.1951479849,5674570.460934654,9;27;1;12,355.2131850653796,4766.468840710001
12420,5358,2019-01-31T07:53:22.657994096+01:00,597104.3999054724,5672847.429759738,18;27;32;25,587.8607821083111,1026.7919628282066
87509,37082,2019-01-16T17:01:12.502+01:00,599138.08093909,5672388.094349226,10;2;69,122.95897776663652,647.9939357424652
22902,9800,2019-01-18T08:26:11.842601839+01:00,599158.6181469423,5675167.162027677,14;9;12,102.44649281339328,3533.595262332545
46479,19807,2019-01-03T20:12:59.759+01:00,599099.8687747396,5672420.03214669,10;2;69,140.73374821681878,523.9351667440103
92673,39236,2019-01-19T07:40:09.847+01:00,599114.3006563121,5672363.022943348,10;2;69,154.161564423099,706.5021589114978
64170,27238,2019-01-24T10:53:40.245687947+01:00,596904.8276683064,5673660.530039361,18;32;25;19;69;27,415.60721711813346,1981.8592156353563
78719,33363,2019-01-22T13:31:03.849431409+01:00,597804.7874238257,5675963.151416251,9;14;11;20;32,1386.3096320448965,4778.670183975206
2635,1139,2019-01-02T16:50:07.271050057+01:00,600513.4637307586,5676089.765887096,9;17;7;11,1071.8742132244633,3224.5616345593244
126107,53541,2019-01-31T10:03:15.448+01:00,600210.2563738975,5676520.4995802045,7;11;6;14;12;4,1070.5930687195662,3317.195924428133
105893,44811,2019-01-08T08:51:26.839+01:00,598418.9774477577,5676448.051355425,14;9;32;4,889.3749995305548,4250.212397563831
12655,5467,2019-01-09T19:52:41.095+01:00,599136.4967122688,5672408.008370901,10;2;69,177.51641764132472,483.89809402169
119109,50497,2019-01-22T08:46:17.108+01:00,599113.3186543602,5672365.550113023,10;2;69;1,157.9652438813055,752.5577755321561
39557,16906,2019-01-08T09:33:30.88216705+01:00,597687.7242883679,5675530.628462405,5;19;20;32,759.7145729798361,1847.8796168837696
116375,49317,2019-01-28T09:50:26.694298730+01:00,598208.4208791762,5676130.418723326,14;32;5;20;9;27;34,867.9889725320753,4472.001713715214
2074,892,2019-02-01T10:18:23.768+01:00,597432.7030900067,5674021.881877135,27;14;18;32,458.541874863954,6340.016383331648
14331,6180,2019-01-21T08:25:14.609+01:00,599114.4070656742,5672357.508406655,10;2;69,188.51300506979024,438.4458055829772
35002,14999,2019-01-20T17:49:13.360+01:00,599115.2668641998,5672363.041587543,10;2;69,154.279478471433,697.6000961568784
69465,29493,2019-01-03T11:48:14.809592034+01:00,598313.7094924662,5676460.036448209,5;6;14;11;9;32;4;25,1168.4088148138594,4947.87302154294
98649,41765,2019-01-16T11:34:39.685874741+01:00,598793.3530166034,5673025.6194114555,18;2;69;19;1;27;10,826.0410878062233,1441.2299238372282
113368,48053,2019-01-03T10:57:12.509+01:00,598376.3821464124,5676599.153065315,14;5;20;6;34;4,800.5171906464644,4223.726331490233
58807,24971,2019-01-11T08:24:14.677735615+01:00,598521.3581031585,5674280.720787488,14;1;32,698.1210161574912,4452.421909767505
116733,49478,2019-01-28T08:48:32.745+01:00,599371.9097784066,5676924.728176256,6;4;11;5;9,1627.3799581035184,4306.514408117363
1503,649,2019-01-21T08:10:33.724898324+01:00,598716.1229580288,5676185.993086126,14;9;11;17;18;20;32;6;27,941.4909638898814,3930.964306872608
57955,24614,2019-01-04T06:38:06.522+01:00,599101.0097419707,5672419.62980723,10;2;69;1,160.29837612449828,470.9735906835198
118063,50048,2019-01-09T08:51:47.207217403+01:00,598074.0939545986,5675118.314063061,32;14;11;69;27,112.06721073956113,3628.6314993338074
126859,53875,2019-01-03T09:36:32.560+01:00,597331.2379574792,5673677.931479511,27;18;25,336.71976897831604,3829.9851232590904
53214,22622,2018-12-31T10:36:25.636+01:00,599226.4772568267,5676992.355732886,4;32;9,482.44044992488,3432.29098048755
91659,38814,2019-02-04T09:54:01.482445574+01:00,599206.994156338,5674718.704889895,14;9;12;11;17;70;69;1;7,366.50869245217143,3948.747326356147
101152,42821,2019-01-08T10:08:08.906+01:00,600548.873799836,5676203.339396493,11;17;7;9;1;70;4,1182.0390825535458,3513.8714239840683
39750,16987,2019-01-10T19:46:56.900+01:00,599134.523377655,5672410.092050226,10;2;1;69;11,116.97464327176017,765.9967898886708
125255,53179,2019-01-14T12:39:17.174+01:00,598275.5791513169,5673227.436069395,69;18;27,418.56199103255096,3410.080690208461
114893,48688,2019-01-22T13:09:30.722050471+01:00,596723.9957887402,5676073.361518144,6;32;9;1;5;15;20;19;27;25,1072.7643629914344,4707.564719690503
128580,54600,2019-01-03T20:26:40.753+01:00,599099.8950673988,5672423.851831703,10;2;69,127.63920758459915,617.4836403484355
64496,27381,2019-01-14T11:34:30.516+01:00,601475.3001210599,5675312.597788418,7;9;2;17;11,895.7409890248077,2081.596113706492
22404,9587,2019-01-31T09:28:35.038+01:00,600513.4384970823,5676080.853845442,7;9;37;17,1017.6739201588399,2584.4605835822563
121747,51620,2019-01-05T20:19:00.709+01:00,599132.6149710573,5672407.084745485,10;2;69,102.1128659438769,755.3495536384531
65509,27820,2019-01-09T10:14:48.576+01:00,599131.1769921497,5672415.968408957,10;2;69;1,119.748317411054,527.8971070432882
40690,17375,2019-01-21T10:20:41.333+01:00,599112.1946214393,5672366.801483043,10;2;69,146.81995655621347,774.0434265403079
86302,36623,2019-01-16T13:04:51.987940729+01:00,600515.8934897319,5674501.438346877,17;7;27;1;9;2;12,811.4650697951151,3891.2269785847297
78868,33425,2019-01-04T08:58:12.651607491+01:00,597234.7588274556,5673244.116158915,18;25;27,256.274814236558,2115.573684036556
23214,9940,2019-01-20T13:54:40.069+01:00,599113.8465467487,5672350.283588652,10;2;69,179.85709717956712,547.1596328854896
25306,10833,2019-01-21T06:28:45.878+01:00,599112.692077035,5672360.021432685,10;2;69;1;11,171.8584090603495,793.7933081941575
68619,29159,2019-01-04T18:01:57.382+01:00,599135.8221805664,5672408.419705128,10;2;69,101.14691270351803,724.0352162945469
36098,15444,2019-01-08T11:36:26.332314318+01:00,599662.2806446983,5676666.411776587,11;6;9;5;12,1032.96733137201,4230.87200257527
57444,24398,2019-01-15T09:54:17.960+01:00,597016.3700441254,5673525.571923436,27;19;25,377.21665463253873,6073.20950035477
39472,16872,2019-01-24T16:29:08.094+01:00,598362.1470857495,5674733.846669357,32;27;14,417.4645716882577,3626.2244728892524
66712,28330,2019-02-01T10:08:50.718695750+01:00,598048.6996363383,5672346.390668096,69;1;32,560.3779824948373,6938.381830387668
63862,27108,2019-01-06T20:28:31.717+01:00,599131.5674721443,5672413.005473046,10;69;14,100.01735844682558,777.7620324777172
106058,44879,2019-01-21T09:11:21.588+01:00,598133.3235820706,5676152.745467366,4;9;23;6;11;17;20;32;70;34,226.15133502892667,4136.619655065436
6264,2753,2019-01-10T16:13:04.34184104+01:00,600096.4419962974,5674050.212901837,17;9;11;27,388.9191680202598,4784.274718073044
36161,15468,2019-01-17T08:58:59.841128702+01:00,598836.8956128291,5674727.690126784,14;2;32;18;12,457.2719640446122,3125.4823026347085
75987,32222,2019-01-09T16:12:57.601+01:00,599136.6889962826,5672410.13384797,10;1;27,100.54379645198796,777.4804121376624
10484,4536,2019-01-31T10:24:10.255594689+01:00,598627.078357222,5672422.389536212,69;1;27,478.12220656163237,7111.828762581743
29848,12772,2019-01-19T18:50:09.548+01:00,599114.86705404,5672363.033872681,10;2;69,155.3329318165052,688.672069331537
117808,49936,2019-01-30T12:39:03.156388012+01:00,596242.3499571034,5676450.8849268025,5;14;11;19;25,1306.9960452105124,5409.0971292047225
78690,33357,2019-01-21T14:33:50.32517784+01:00,594955.3721180804,5675085.5465587545,19;27;25,1297.0883135502877,2887.22414266157
47966,20432,2019-01-08T13:52:02.763+01:00,598730.8893747027,5673123.292280578,2;69;14;15;18;27;10,768.1356526561065,4325.826983419674
93301,39480,2019-01-22T10:03:46.120622780+01:00,601007.0819800368,5673803.673496168,17;1;70,823.3752141768236,5039.949972356751
124392,52804,2019-01-16T11:42:02.991+01:00,599262.7928640841,5676769.422491205,5;9;11;14;4;7,97.7054984267777,4110.3721030208035
120342,51028,2019-01-08T15:01:30.630364397+01:00,597692.1995117703,5673192.965131734,18;27;25,204.82562895465537,2003.0721104697716
58198,24714,2019-01-07T10:49:02.498+01:00,599132.3168242485,5672412.1712291455,10;69;2,97.22385044164123,762.8123250392687
98273,41598,2018-12-31T10:19:49.740190956+01:00,598563.8732202117,5676855.667720703,5;9;6;11;34;4,1303.8485272267526,4916.028162694929
51047,21750,2019-01-05T12:02:01.92295582+01:00,600050.2579153354,5674317.081772135,17;7;2;69;1;12,946.3125558892449,3725.520332856277
93413,39527,2019-01-10T14:49:16.491015243+01:00,599867.7940223976,5673822.972855357,17;9;70;27,596.6432112748284,5294.735549763911
50348,21472,2019-01-14T08:10:16.704+01:00,597014.9093785498,5674077.197583133,27;18;14;25,800.8168737078234,5340.2254150373665
19553,8372,2019-01-02T13:48:01.644540347+01:00,598802.6085926628,5673033.011473001,2;14;18;69;1;27;10,223.2014817611615,2976.0686730818966
129835,55110,2019-01-31T11:50:48.34007605+01:00,599633.2913682017,5675615.989124203,9;14;11,170.50349726117022,3713.6573210389192
99805,42231,2019-01-10T10:08:03.630+01:00,596925.8190178374,5673658.80452994,25;32;19,309.08966282754034,3191.450081741014
120476,51092,2019-02-04T20:00:21.773+01:00,599125.5981550429,5672371.728016346,10;2;69,166.7056964604461,814.7975830227913
52545,22363,2019-01-21T11:42:56.133747633+01:00,598456.0691542348,5676403.3572267415,14;20;32;9;5,859.8259842383674,4057.841841354917
108419,45911,2019-01-28T08:23:07.213966043+01:00,598516.919183169,5676529.710029361,14;9;20;32;27;4,1179.2678273847625,3989.1587216551147
44310,18915,2019-02-05T16:27:31.50645120+01:00,598411.5672100715,5674771.28836304,14;32;27,305.11275735997896,4078.7297940640856
8062,3506,2019-01-04T15:03:21.942+01:00,599133.122916501,5672406.670195708,10;69;1,101.82870739457394,776.6612464581099
120563,51132,2019-01-08T09:58:53.810997923+01:00,597955.5116382147,5676412.446034887,5;14;18;6;20;33;32;34;4,1168.9726843614026,3246.2740704943553
55431,23565,2019-01-25T19:58:06.993200975+01:00,597935.3498789516,5676357.31956019,5;14;18;6;9;69;19;32;25,487.73785861372977,3810.4235209076332
116909,49550,2019-01-10T16:36:08.373+01:00,599133.0568512465,5672408.366333266,10;69;1,100.8935512537118,776.1863505741524
85855,36442,2019-02-04T08:15:58.244+01:00,599410.7442818736,5674333.513297891,2;17;7;9;14;1;12,1393.9786427344911,4257.664285865835
12104,5224,2019-01-22T08:23:13.246977030+01:00,598135.9795568769,5674115.055632275,14;18;32,849.6734884071684,3780.3016004168708
93103,39408,2019-01-03T11:59:21.286990196+01:00,598104.230051574,5676698.756105286,5;14;4;6;20;11;18;34,528.9228811692983,4606.490279361397
55567,23626,2019-01-07T07:51:38.330+01:00,599131.9497655827,5672410.466732313,10;69;18,98.19278595918034,767.5315845249368
82706,35100,2019-01-07T13:59:08.636+01:00,599135.5316495004,5672411.384569866,10;69;25,90.43954832861972,801.5856400768165
34701,14868,2019-02-04T11:04:02.520+01:00,597665.8863119468,5674336.088681575,32;27;18;19,310.15722376656606,1653.667239234177
36077,15441,2019-01-14T09:22:31.479+01:00,597200.2037975984,5673015.162373109,27;25;18;14;23,291.94709780039284,5146.570384482872
9894,4276,2019-01-18T13:47:20.254+01:00,596971.1399690981,5673441.545236313,27;32;18;25,778.1093467325298,4755.437132797519
66542,28255,2019-01-09T13:48:07.155+01:00,599137.3804703148,5672410.571547202,10;2;69;1,192.29596522300048,653.9023202872809
110763,46913,2019-01-17T08:52:17.950366363+01:00,598136.5796994349,5674360.766829682,14;27;32;69,132.45409390452403,4328.836541158944
4778,2095,2019-02-02T11:16:10.340464654+01:00,598223.8441541473,5673223.051403982,69;18;27,485.36714393579456,5984.888588864667
6620,2920,2019-01-22T13:29:09.673695489+01:00,599270.859968411,5675014.866640339,9;12;14;70;19;4,332.3421708930513,4239.850346065558
88095,37308,2019-01-02T08:45:18.589512746+01:00,599037.287589567,5673630.778252944,69;17;2;1;27,929.4687802661435,4723.209634398761
62757,26646,2019-01-16T09:54:27.545264611+01:00,596913.6055296707,5673650.935708753,27;18;32;69;25,724.3434776098005,4407.113676317797
67870,28835,2019-01-28T16:04:29.330605671+01:00,598164.8770230672,5674886.231572135,32;14;27,278.5470453726075,3460.3405270207722
65075,27638,2019-01-22T19:39:46.057+01:00,599112.158996511,5672360.011146479,10;2;69,176.84767012521647,575.5293586809802
8002,3481,2019-01-21T08:26:02.71742046+01:00,601334.2299816962,5673474.451491494,17;70;1,309.102314262741,4810.893930547276
23171,9923,2019-01-24T14:23:31.639885537+01:00,597934.639964832,5676352.638126088,5;6;20;25,1946.5919922959786,5346.667243708683
8289,3591,2018-12-31T09:49:47.748638159+01:00,598517.9176520661,5676852.238683875,5;6;14;11;34;27;4,1578.371967905819,4714.471474017376
127221,54020,2019-01-08T09:14:30.230705529+01:00,598300.9956906429,5675995.549865098,14;20;32,748.63797889628,4282.446627872476
6044,2644,2019-01-30T11:42:37.333+01:00,598212.0619083506,5674155.975356625,27;14;18;1,447.06253607685915,4166.589909065239
23264,9954,2019-01-03T12:17:54.913674683+01:00,598747.1914747711,5673133.365845393,2;15;18;69;19;27;10,1061.8371640707096,521.5318089343039
3745,1640,2019-01-24T12:41:32.870+01:00,597834.871126516,5674246.798070911,32;14;27,643.0448493816245,4229.924876707025
129617,55009,2019-01-15T12:04:25.634272693+01:00,598789.9564152189,5673028.948891107,2;69;18;10;27,303.3919626030138,2498.301952202898
58839,24982,2019-01-06T12:06:09.710+01:00,599134.8986226737,5672411.37235211,10;2;1,102.12527742272856,717.1908186476281
7512,3297,2019-01-06T10:01:22.613+01:00,599133.5238613628,5672410.072759269,10;2;69;1;27,101.04776582071457,741.6959245461346
119774,50788,2019-01-19T06:55:20.955289889+01:00,599113.2175488636,5672362.153337486,10;2;69,162.46191736242116,624.725461452181
22043,9434,2019-01-09T08:21:32.421901636+01:00,598354.3665279855,5676462.088884039,5;14;15,1677.7769000820506,4488.103894195895
77744,32959,2018-12-31T11:55:42.101+01:00,598118.978785789,5676498.743372394,14;20;4,743.0884354493004,4507.327318317971
6274,2759,2018-12-31T08:56:57.627929951+01:00,598361.6926082863,5676448.225673331,14;5;6;15;11;1;4;27,598.0011007454341,4025.906414969634
60554,25709,2019-01-02T08:55:59.128258304+01:00,597243.1274469837,5673338.9044326395,18;27;25,270.7202120034421,1210.9881305429499
53290,22657,2019-02-04T09:35:55.970376410+01:00,601059.6431125615,5673635.388527012,17;1;70,684.4626661254715,4972.606557427876
31134,13320,2019-01-07T07:34:15.465+01:00,599130.2085139281,5672409.160067185,10;2;69,102.18325767360135,748.2356434297974
5799,2531,2019-01-05T09:10:48.583381598+01:00,597278.8254960163,5674669.4918717705,23;19;20,3762.990229802615,3063.9876885864537
3575,1572,2019-01-02T11:46:32.881636398+01:00,599661.8294697923,5674108.381126332,2;69;70;12,1021.043371741301,3067.977667524512
73072,31014,2019-01-08T15:04:32.954+01:00,597711.9434239749,5674387.887284647,14;23;27;19,381.5027420346639,3714.6052965696763
72502,30775,2019-01-04T12:04:48.220553986+01:00,597892.9278220743,5676278.428955338,14;5;6;20;9;11;27;4,631.9688491965687,5020.496877256783
76480,32428,2019-01-19T09:54:37.782+01:00,599115.0511641982,5672365.583543804,10;2;69,156.98393924747242,640.6514744215913
80963,34359,2019-01-09T17:53:58.744981758+01:00,598166.5993679767,5675034.787870699,14;32;69;27,242.3298452205621,4073.3421277327748
95190,40298,2019-01-11T15:09:26.101017090+01:00,598576.2838650254,5672849.5854810765,69;2;18;1;27,287.0498900739314,6065.635023647735
117268,49699,2019-01-08T16:05:43.974818985+01:00,598369.049052973,5674716.156127842,14;9;19;1;4;27,496.77389524684713,3651.841411882287
12275,5291,2019-01-14T17:13:10.720+01:00,599155.187993847,5672384.18102808,10;2;69;12,191.303112212922,919.8494631679085
42665,18223,2019-02-04T17:05:02.717582162+01:00,598070.4660515381,5675121.639551497,32;14;20,121.31278177346671,3674.0243357251793
92776,39275,2019-02-01T11:15:18.894481882+01:00,597936.3734631417,5673940.230221207,32;27;69,440.7168434039333,3997.8830726579295
88243,37371,2019-01-19T09:37:45.274+01:00,599118.3233149139,5672361.827507538,10;2;69,228.86399006301647,662.5633191048488
124595,52901,2019-01-22T10:41:38.675450999+01:00,598009.541687856,5673159.971917241,18;69;27,268.12396003980894,1125.3896296892563
123309,52308,2019-01-04T09:57:02.299111772+01:00,598573.5961335597,5676841.850862798,11;32;34;4,430.6159463954473,3923.1774245359616
39321,16814,2019-02-01T14:16:03.75172815+01:00,598859.6995733931,5675280.214222398,14;9;20;27,189.92317839451385,3885.8594540407416
93388,39515,2019-01-23T08:47:19.986323296+01:00,598784.8583295422,5676331.596858946,9;17;4;14,1173.4636539054254,4574.1143405991315
53210,22621,2019-01-08T20:07:04.649728448+01:00,599131.0338272972,5672411.297761192,10;2;1,108.35840512588648,672.6518385798124
13813,5962,2019-01-03T17:51:55.649+01:00,599106.4889678016,5672415.491994977,10;2;69,122.30066166935724,662.3671487928066
56728,24117,2019-01-04T17:38:46.532+01:00,599134.7811595749,5672408.823966037,10;2;14;69;1;27,124.7183566962857,697.9115869749555
97052,41079,2019-02-04T10:37:48.836040776+01:00,596902.5786739993,5673659.638895932,32;19;25;69,1286.6273627315773,3784.862246159537
7676,3360,2019-01-15T14:43:28.64428924+01:00,598902.9930852957,5675870.052891707,14;9;11;20;27;4,287.9057936828107,3793.5229688852864
84650,35917,2019-01-28T09:57:28.448364370+01:00,601100.536482306,5673673.9615606405,27;17;1;70;7,1377.1557521552709,4903.435340629977
56047,23827,2019-01-23T10:47:09.391+01:00,599225.7111843076,5676990.643485397,4;9;11;5;14;6,548.9482647208567,4148.210102504069
22124,9472,2019-01-06T18:03:43.187+01:00,599135.4813895237,5672410.534893489,10;69;2,96.4027936411154,765.5372359387601
88966,37677,2019-01-03T15:06:02.080+01:00,599075.3769991127,5674644.022290942,9;14;27;12,351.47231626018583,4085.226365732948
65373,27758,2019-01-20T18:51:25.584+01:00,599115.5912781474,5672361.774788319,10;2;1;69,176.4965219843322,588.8107818505531
5668,2466,2019-01-03T16:55:04.668+01:00,600521.0040987532,5676068.695652532,7;9;17;1,1703.6529133239865,3237.7946530311133
31831,13627,2019-01-02T09:00:04.514130449+01:00,599425.462704231,5676965.655595362,5;14;11;6;9;4,860.3354141137704,3808.326784813785
25898,11093,2019-01-10T10:34:39.676+01:00,599447.5657186508,5676966.084117575,11;5;6;32,1223.3246101354875,4304.4095041479495
129052,54778,2019-01-09T09:58:44.643359648+01:00,598902.4554258323,5674788.36260616,14;9;2;27,34.953775428638174,3867.748465528392
28440,12166,2019-01-18T09:36:57.752+01:00,599114.9675825051,5672364.733224817,10;2;69;1,167.37698339135983,594.7377162701046
116232,49265,2019-01-08T09:47:31.221+01:00,597990.1089600087,5673685.796180015,27;18;69,387.1882932044763,4083.2706177254886
80168,33976,2019-01-03T09:34:26.078+01:00,597331.6043547149,5673677.938425344,27;18;25,353.1059324106763,3459.0603600757477
45571,19444,2019-01-07T09:43:43.451585238+01:00,598520.0671858536,5676858.220937756,5;11;6;14;34;4,1308.566697357887,4846.68855307662
129693,55048,2019-01-09T15:39:34.486166017+01:00,598036.6458276697,5673215.23055888,69;18;25,455.24644969194645,3207.6208134494523
23734,10169,2019-01-18T14:00:00.455+01:00,599114.2749479443,5672360.900681886,10;2;69;1,163.20932037066012,815.3761940478485
89692,37956,2019-01-08T11:34:18.591+01:00,601594.1768105541,5674722.541201781,9;1;7,1057.7839431654277,3432.5413780244644
10676,4628,2019-01-29T11:12:53.686899978+01:00,598322.8456399802,5674246.361297425,27;14;32;69;11,104.4871675195226,4881.635543284313
3629,1596,2019-01-09T16:48:16.014+01:00,599133.1071116624,5672409.216009621,10;2;1,110.5592967463874,683.5352447049605
42357,18091,2019-01-22T19:56:49.570723806+01:00,597938.2514861509,5676430.363648421,5;14;9;34,1008.5252791700069,5238.206693392033
104186,44069,2019-01-09T10:20:05.357315643+01:00,597956.3034153141,5676414.582918872,5;14;4,658.9291997086956,5149.519509291006
18540,7961,2019-01-31T10:18:15.783437806+01:00,598866.9920234072,5675327.033709742,14;9;20;18;12,192.15491371350208,3610.225906894762
3039,1335,2019-01-02T11:29:39.822092783+01:00,598016.7188962728,5675101.516883852,32;14;69,151.45678180804947,3634.2252595762493
114853,48671,2019-01-31T10:14:23.346+01:00,597645.5752923333,5673795.928485613,27;18;69;32,172.9001782299277,6208.780964313673
106604,45112,2019-01-28T09:23:58.456222914+01:00,598493.3804016835,5676048.889020777,20;32;4,232.9557599689777,3507.7185458733607
59309,25176,2019-01-22T20:45:06.928+01:00,599114.6425928515,5672364.302600656,10;2;69;1,175.1961087884352,621.7234683772293
33271,14266,2019-02-04T13:00:59.894221561+01:00,596252.2690883424,5676429.853607734,5;19;11,1362.134566214688,5704.500339375998
68918,29272,2019-01-11T12:14:14.141+01:00,597170.8507348665,5673738.545861804,27;18;32,477.47916920302725,3471.859261735081
115556,48988,2019-01-03T13:39:04.490+01:00,597698.7530431161,5673205.820312771,27;18;69,271.0105616435875,5189.506035695805
84083,35688,2019-01-19T20:40:19.968+01:00,599114.2030083099,5672369.810708377,10;2;69,144.04903216928676,760.7250589812779
126593,53744,2019-02-01T15:30:32.766330068+01:00,598437.9578563004,5675958.711003129,32;14;20;9,773.9670695163242,3857.709015898549
88249,37372,2019-01-10T16:28:52.621983894+01:00,601145.6092584975,5674066.957476166,70;7;17;1;27,758.0546339842509,4695.816313636926
114160,48373,2019-01-09T11:58:17.322+01:00,599789.5785780902,5675023.229061358,12;14;17;70;15;20;4;7,147.84075279760486,3977.422072085497
29473,12600,2019-01-03T11:50:52.767456466+01:00,598247.7851960331,5674709.165593656,32;14;1;69,873.7691868905831,4165.7763920583775
41729,17823,2019-01-09T19:00:31.345215471+01:00,599131.5423418472,5672412.580634874,10;2;69,160.34152655710787,420.17138049393304
23721,10163,2019-01-15T13:14:50.155323538+01:00,598086.7010134178,5674109.870320613,32;69;27,275.9299716207198,4232.283368475943
103777,43891,2019-02-04T13:21:52.591148721+01:00,597919.4086375281,5676351.498662426,5;6;14;9;20,1166.8236423340143,5315.229094712956
42851,18296,2019-02-02T11:34:49.605070518+01:00,599670.0537556362,5675885.745380281,9;12;11,405.2984165743859,3628.0803344411293
100949,42741,2019-01-18T10:52:52.706+01:00,599113.951110555,5672363.864904616,10;2;1,301.09091759273764,1083.3330308702143
23105,9891,2019-01-09T20:19:02.222+01:00,599134.9226156081,5672408.402343034,10;2;69;1;27,102.50387570513925,755.8840705388573
63670,27023,2019-01-21T13:59:55.321+01:00,599112.8837970169,5672360.449485159,10;2;69,156.20131025315214,724.7161376561191
93359,39503,2019-01-31T19:50:53.845594655+01:00,597787.2199742517,5675909.772534523,14;5;6;9;19;27,358.51684616838435,4343.9208048559885
12304,5306,2018-12-31T09:17:01.045+01:00,598692.8573613134,5673818.924088102,18;69;27,1127.880864222265,1747.4813825825124
76995,32619,2019-01-21T13:10:54.447+01:00,599110.7257651936,5672358.286079185,10;69;2,151.3633370584079,836.060618527243
90516,38301,2019-01-21T09:01:06.140749985+01:00,598607.2329675799,5676460.578119942,5;9;11;14;32;20;4,203.19996932184728,4044.000477276521
1820,782,2019-01-16T10:02:46.394+01:00,600510.6338388342,5676091.407882388,9;11;7;14;37;1,489.17383975715484,2146.921884502982
64530,27394,2019-02-05T09:35:57.032+01:00,601007.962230392,5673665.774124265,7;9;70;27,1041.260969761052,4421.599878182541
50669,21594,2019-02-04T14:21:09.407+01:00,599140.9852165449,5672405.12453217,10;2;69,116.65836104593262,568.9798572741809
6209,2730,2019-01-14T10:14:20.196937179+01:00,598589.8146671157,5672880.8229156565,2;69;6;18;70;10;27,758.9110441505567,3735.1542755765745
6433,2840,2019-01-14T11:44:44.629+01:00,598980.0898150363,5674984.637921415,9;14;69;32;5;6;1;4;27,440.03850729689884,4313.7557455418255
47405,20206,2019-01-04T10:32:45.534+01:00,599133.3572753142,5672410.069544128,10;2;69,107.30203442178734,657.5461640356702
9632,4169,2019-01-26T09:58:44.106+01:00,601167.0489042621,5672792.60473349,2;17;70;1;7,428.24256966834423,3127.0760514256613
76129,32286,2019-02-04T11:30:19.33033672+01:00,598550.6785529067,5676232.037333872,14;32;20;11;27,945.7144272905135,4217.229479583456
97254,41158,2019-01-23T08:10:29.108934140+01:00,598384.5771020827,5676517.409891146,5;14;9;4,246.4277032314134,4708.650201716146
34562,14802,2019-01-22T13:39:09.791487855+01:00,599267.2056185127,5675016.069021266,9;12;14;70;19;4;27,277.36701109123675,4076.5707747664796
29837,12767,2019-01-09T11:24:17.394+01:00,597891.1008250096,5674207.132323635,27;69;32;18,606.7550456082865,4870.062041398148
36034,15423,2019-01-15T12:06:32.217+01:00,598776.7786903682,5673022.754469016,2;69;14;18;27,293.7701660189028,3291.4736400253464
73240,31088,2019-01-23T11:12:37.737432494+01:00,599738.495322265,5676896.6220415365,11;7;14;37;4;6;9,1269.2398262793113,3721.61198903346
102709,43451,2019-01-21T09:07:56.411325466+01:00,597215.9604922783,5673550.564482734,27;18;25,462.7843652594405,6346.282951104847
40963,17495,2019-01-09T12:42:49.449+01:00,599130.2850453184,5672413.829428888,10;69;1,97.05780948924068,789.7358586512589
128306,54474,2019-01-03T10:37:06.140759914+01:00,599113.589034117,5674952.8416105015,14;9;11;32;12,582.2782827317418,3756.064194145125
125472,53282,2019-01-07T15:55:02.654+01:00,599135.77248888,5672409.267452386,10;2;69,117.83710056571887,532.1412804968234
24785,10618,2019-02-04T13:17:18.330394437+01:00,596615.943343207,5676104.000402362,32;19;11,1376.3649508583894,2351.5238751635534
91603,38782,2019-01-03T12:42:57.83173205+01:00,598381.6241968838,5676596.707478129,5;4;34,2239.7852754563214,5316.371938695788
24505,10489,2019-01-11T08:16:35.274+01:00,599175.166385634,5675162.389539654,12;14;9,47.530640090048784,3371.9115337880116
96424,40797,2019-01-09T08:19:26.159+01:00,598383.2004791442,5676547.512630287,9;1;4;27,1910.5730695779168,4939.183407378765
20361,8724,2019-01-18T16:28:54.104701811+01:00,600889.5416188351,5673970.681565274,70;7;17;1;27,807.8851861651943,4864.569752015474
56639,24074,2019-01-21T09:25:09.44572750+01:00,599115.9494430161,5674966.89090763,14;32;12,461.8682530348977,3217.419102805859
25286,10824,2019-01-08T15:10:52.856+01:00,599155.8209428856,5676978.2585583655,14;4;5;9,622.9395838787364,3849.2100913441673
105588,44677,2019-01-14T14:33:36.664525397+01:00,600681.4281407346,5674383.316004638,1;17;70;7,2362.619253351143,5263.7520811812155
128417,54521,2019-01-31T19:14:28.946634434+01:00,598535.3202319755,5674606.891907329,14;27;32,384.83975001498897,4002.039467824842
55564,23624,2019-01-07T07:55:19.134+01:00,599132.8826473801,5672410.484736916,10;2;1;27,101.28637205703772,749.5816253955458
104129,44042,2019-01-02T18:13:55.225214716+01:00,598087.8744665566,5675124.0940156095,32;14;20,135.4263772959139,3631.290554194583
29485,12605,2019-01-09T14:07:38.364547433+01:00,597916.3197572103,5676365.018991847,14;5;20,630.9730098405917,4857.940605398987
7950,3460,2019-01-17T10:02:10.641008079+01:00,597965.3313614979,5676553.943103541,5;9;4,1723.9710325187882,5759.046994473837
44798,19140,2019-01-31T12:33:39.914824242+01:00,598736.9377143654,5676049.327069168,14;9;11,717.1130997341791,4207.239360817751
46134,19680,2019-01-19T08:02:18.600+01:00,599115.2668641998,5672363.041587543,10;2;1;69,155.95449569731946,705.2299627921991
56651,24081,2019-01-24T16:26:55.715393481+01:00,600027.1526853528,5676542.811683397,11;14;9;7,959.6049802537617,3782.718607678605
91303,38645,2019-01-11T09:20:17.65020395+01:00,598339.7260707832,5672825.53017508,69;18;27,111.60328224620937,6371.326726546117
107093,45334,2019-01-15T14:30:07.251406173+01:00,598508.0788540522,5674779.92945414,14;32;27,193.66881598434884,3843.7364237933066
37794,16177,2019-01-08T12:01:01.485789302+01:00,600385.0821123068,5675076.005474796,11;14;18;1;7;4;27;12,712.7348451011635,2350.6209140517035
79666,33769,2019-01-17T10:15:10.231+01:00,599131.6583068036,5672385.848624664,10;2;69,125.91273423918494,691.2837767780973
127369,54080,2019-01-11T08:26:21.196+01:00,598344.9383631804,5674023.575179404,14;69;27;2,400.94279164204966,4284.526930312255
101045,42773,2019-01-22T12:36:52.128338427+01:00,598238.2929247449,5676113.167804825,6;14;20,1326.1571864968644,4579.422935553758
105180,44501,2019-01-25T13:05:00.763226127+01:00,596779.5365791572,5676691.838015971,5;6;11;32;20;69,1051.202935880762,6315.727168284322
49726,21196,2019-01-04T17:55:06.711+01:00,599135.8970022482,5672407.996796076,10;2;69;11;27,112.1213368343231,772.0208195935967
