partition,prepared_row_index0,x_payload_sha256,y_payload_sha256,raw_source,raw_rss_sha256,compatible_occurrences,unique_raw_occurrence,earliest_compatible_timestamp_unix,latest_compatible_timestamp_unix,absence_mask_unique_over_candidates,first_coordinate_occurrence_compatible,present_raw_minus98_cells_first_candidate,canonical_coordinate_group_id
train,0,0ab44b8aa7b5bf671ff56a4d5a25bd0a26cc7bfe1f2b1349b40637e1df6e2afe,9727a427df0ca2c89b521baa01a6e0f86ac1b8b6808bf8fcc59808f3a99e0110,tj,15af1a79c50b04d0ecc87bf553b9a34d4187350612b5882cdab28f3ab0c9f1bc,1,True,1462269732,1462269732,True,True,0,bddfc81b506443d445c5625e92d2f5b5fa0aaf963491e012c47b81637491adb3
train,1,0ab44b8aa7b5bf671ff56a4d5a25bd0a26cc7bfe1f2b1349b40637e1df6e2afe,9727a427df0ca2c89b521baa01a6e0f86ac1b8b6808bf8fcc59808f3a99e0110,tj,15af1a79c50b04d0ecc87bf553b9a34d4187350612b5882cdab28f3ab0c9f1bc,1,True,1462269747,1462269747,True,True,0,0302ebd9038d870805459080dad15a5734911955101ab2fa1e12cda2bd622ae9
train,2,0ab44b8aa7b5bf671ff56a4d5a25bd0a26cc7bfe1f2b1349b40637e1df6e2afe,9727a427df0ca2c89b521baa01a6e0f86ac1b8b6808bf8fcc59808f3a99e0110,tj,15af1a79c50b04d0ecc87bf553b9a34d4187350612b5882cdab28f3ab0c9f1bc,1,True,1462269759,1462269759,True,True,0,aae35d46894f968b29ab63c5e21407bb852a2e046528d08fb42e48e305827ca2
train,3,0ab44b8aa7b5bf671ff56a4d5a25bd0a26cc7bfe1f2b1349b40637e1df6e2afe,9727a427df0ca2c89b521baa01a6e0f86ac1b8b6808bf8fcc59808f3a99e0110,tj,15af1a79c50b04d0ecc87bf553b9a34d4187350612b5882cdab28f3ab0c9f1bc,1,True,1462269764,1462269764,True,True,0,8721c90a3fd010aabcdc5ed4ca5e98bf6e1b57cc40e6275f725c2eef6855a0a3
train,4,0ab44b8aa7b5bf671ff56a4d5a25bd0a26cc7bfe1f2b1349b40637e1df6e2afe,9727a427df0ca2c89b521baa01a6e0f86ac1b8b6808bf8fcc59808f3a99e0110,tj,15af1a79c50b04d0ecc87bf553b9a34d4187350612b5882cdab28f3ab0c9f1bc,1,True,1462269776,1462269776,True,True,0,bc7bd550a3ab68d1036f930af47b32c22b55b313ffd9bcae2551680ff1f18c12
train,5,0ab44b8aa7b5bf671ff56a4d5a25bd0a26cc7bfe1f2b1349b40637e1df6e2afe,9727a427df0ca2c89b521baa01a6e0f86ac1b8b6808bf8fcc59808f3a99e0110,tj,15af1a79c50b04d0ecc87bf553b9a34d4187350612b5882cdab28f3ab0c9f1bc,1,True,1462269797,1462269797,True,True,0,6d638cf408930f88abf7ad692c1fa53bd65be75fa11c0e30ad6fd92d3962850e
train,6,0ab44b8aa7b5bf671ff56a4d5a25bd0a26cc7bfe1f2b1349b40637e1df6e2afe,9727a427df0ca2c89b521baa01a6e0f86ac1b8b6808bf8fcc59808f3a99e0110,tj,15af1a79c50b04d0ecc87bf553b9a34d4187350612b5882cdab28f3ab0c9f1bc,1,True,1462269803,1462269803,True,True,0,6ce1b7d6899df502425276008d313c55dee60af1262776ff85b0919d2693cbff
train,7,0ab44b8aa7b5bf671ff56a4d5a25bd0a26cc7bfe1f2b1349b40637e1df6e2afe,9727a427df0ca2c89b521baa01a6e0f86ac1b8b6808bf8fcc59808f3a99e0110,tj,15af1a79c50b04d0ecc87bf553b9a34d4187350612b5882cdab28f3ab0c9f1bc,1,True,1462269810,1462269810,True,True,0,74ecc36a0d803a49674fdb6786e4c38f39037c73b3fd26bdb5c9d148904271dd
train,8,0ab44b8aa7b5bf671ff56a4d5a25bd0a26cc7bfe1f2b1349b40637e1df6e2afe,9727a427df0ca2c89b521baa01a6e0f86ac1b8b6808bf8fcc59808f3a99e0110,tj,15af1a79c50b04d0ecc87bf553b9a34d4187350612b5882cdab28f3ab0c9f1bc,1,True,1462269820,1462269820,True,True,0,47d370bcb93630bff0f8504cae1b9803a90948b8622a45e3ce5ca8eb63621870
train,9,0ab44b8aa7b5bf671ff56a4d5a25bd0a26cc7bfe1f2b1349b40637e1df6e2afe,9727a427df0ca2c89b521baa01a6e0f86ac1b8b6808bf8fcc59808f3a99e0110,tj,15af1a79c50b04d0ecc87bf553b9a34d4187350612b5882cdab28f3ab0c9f1bc,1,True,1462269827,1462269827,True,True,0,433c37ed346247d087832a20174474394844bcc711c12238668fa5479cf972bf
train,10,0ab44b8aa7b5bf671ff56a4d5a25bd0a26cc7bfe1f2b1349b40637e1df6e2afe,9727a427df0ca2c89b521baa01a6e0f86ac1b8b6808bf8fcc59808f3a99e0110,tj,15af1a79c50b04d0ecc87bf553b9a34d4187350612b5882cdab28f3ab0c9f1bc,1,True,1462269838,1462269838,True,True,0,1a2497fe2a7b36c77c611a21ceac204b24c1896c20da5c8afa0510a437c104a6
train,11,0ab44b8aa7b5bf671ff56a4d5a25bd0a26cc7bfe1f2b1349b40637e1df6e2afe,9727a427df0ca2c89b521baa01a6e0f86ac1b8b6808bf8fcc59808f3a99e0110,tj,15af1a79c50b04d0ecc87bf553b9a34d4187350612b5882cdab28f3ab0c9f1bc,1,True,1462269849,1462269849,True,True,0,38c66c4cbbb067aefcdddc98e7db466ce205e5f979132d09cf355f326d72e7cd
train,12,0ab44b8aa7b5bf671ff56a4d5a25bd0a26cc7bfe1f2b1349b40637e1df6e2afe,9727a427df0ca2c89b521baa01a6e0f86ac1b8b6808bf8fcc59808f3a99e0110,tj,15af1a79c50b04d0ecc87bf553b9a34d4187350612b5882cdab28f3ab0c9f1bc,1,True,1462269855,1462269855,True,True,0,de3f05ba9eb03e2bafe1b1fa449c1cd5aab29772ca0f1e1fadce5cbcc2f437fa
train,13,0ab44b8aa7b5bf671ff56a4d5a25bd0a26cc7bfe1f2b1349b40637e1df6e2afe,9727a427df0ca2c89b521baa01a6e0f86ac1b8b6808bf8fcc59808f3a99e0110,tj,15af1a79c50b04d0ecc87bf553b9a34d4187350612b5882cdab28f3ab0c9f1bc,1,True,1462269866,1462269866,True,True,0,0fdb14f8396a31de8de329fe8fafdfc769b2bfbebbb3b654fbc0218dfc5f8534
train,14,0ab44b8aa7b5bf671ff56a4d5a25bd0a26cc7bfe1f2b1349b40637e1df6e2afe,9727a427df0ca2c89b521baa01a6e0f86ac1b8b6808bf8fcc59808f3a99e0110,tj,15af1a79c50b04d0ecc87bf553b9a34d4187350612b5882cdab28f3ab0c9f1bc,1,True,1462269877,1462269877,True,True,0,4ed4e9dcc8bd61f6822ce7516d0645a769667e8b32d991e1616fbb44341f3c80
train,15,0ab44b8aa7b5bf671ff56a4d5a25bd0a26cc7bfe1f2b1349b40637e1df6e2afe,9727a427df0ca2c89b521baa01a6e0f86ac1b8b6808bf8fcc59808f3a99e0110,tj,15af1a79c50b04d0ecc87bf553b9a34d4187350612b5882cdab28f3ab0c9f1bc,1,True,1462269888,1462269888,True,True,0,32523bf82055fc3a42d0a28e4c360990fd9d7fdeaceeecee46f9e2845ae02da4
train,16,0ab44b8aa7b5bf671ff56a4d5a25bd0a26cc7bfe1f2b1349b40637e1df6e2afe,9727a427df0ca2c89b521baa01a6e0f86ac1b8b6808bf8fcc59808f3a99e0110,tj,15af1a79c50b04d0ecc87bf553b9a34d4187350612b5882cdab28f3ab0c9f1bc,1,True,1462269894,1462269894,True,True,0,10aa23837dded28b65526f63228a1a717deb73f259a77915ce9208d633dec839
train,17,0ab44b8aa7b5bf671ff56a4d5a25bd0a26cc7bfe1f2b1349b40637e1df6e2afe,9727a427df0ca2c89b521baa01a6e0f86ac1b8b6808bf8fcc59808f3a99e0110,tj,15af1a79c50b04d0ecc87bf553b9a34d4187350612b5882cdab28f3ab0c9f1bc,1,True,1462269901,1462269901,True,True,0,815b87f5db7355f2ef6b182ac343bbeea679636ed748a0f01bd22a5dae43eaa0
train,18,0ab44b8aa7b5bf671ff56a4d5a25bd0a26cc7bfe1f2b1349b40637e1df6e2afe,9727a427df0ca2c89b521baa01a6e0f86ac1b8b6808bf8fcc59808f3a99e0110,tj,15af1a79c50b04d0ecc87bf553b9a34d4187350612b5882cdab28f3ab0c9f1bc,1,True,1462269911,1462269911,True,True,0,bdfb40ed2852589dfb2498570f8aa573993d7d4ef754df003d49e65424c94a8b
train,19,0ab44b8aa7b5bf671ff56a4d5a25bd0a26cc7bfe1f2b1349b40637e1df6e2afe,9727a427df0ca2c89b521baa01a6e0f86ac1b8b6808bf8fcc59808f3a99e0110,tj,15af1a79c50b04d0ecc87bf553b9a34d4187350612b5882cdab28f3ab0c9f1bc,1,True,1462269922,1462269922,True,True,0,afdb82a69b8cd51ccc4b19ae02266b2042ba3d81b5d0ad8f82eb667fbb263e79
train,20,0ab44b8aa7b5bf671ff56a4d5a25bd0a26cc7bfe1f2b1349b40637e1df6e2afe,9727a427df0ca2c89b521baa01a6e0f86ac1b8b6808bf8fcc59808f3a99e0110,tj,15af1a79c50b04d0ecc87bf553b9a34d4187350612b5882cdab28f3ab0c9f1bc,1,True,1462269964,1462269964,True,True,0,62a11c9f634fc548844f3e2e3fe179e0598c91e21f4e2dae5561e18b135c98fb
train,21,0ab44b8aa7b5bf671ff56a4d5a25bd0a26cc7bfe1f2b1349b40637e1df6e2afe,9727a427df0ca2c89b521baa01a6e0f86ac1b8b6808bf8fcc59808f3a99e0110,tj,15af1a79c50b04d0ecc87bf553b9a34d4187350612b5882cdab28f3ab0c9f1bc,1,True,1462269972,1462269972,True,True,0,4325cb7e35b72232ce68a44d0cab5086bee4523df912ddf43c7645fe93d186f6
train,22,0ab44b8aa7b5bf671ff56a4d5a25bd0a26cc7bfe1f2b1349b40637e1df6e2afe,9727a427df0ca2c89b521baa01a6e0f86ac1b8b6808bf8fcc59808f3a99e0110,tj,15af1a79c50b04d0ecc87bf553b9a34d4187350612b5882cdab28f3ab0c9f1bc,1,True,1462269981,1462269981,True,True,0,4d56c5eb37b7493e2a4bebece646ba64dc9d93adbe2becc7689c159195941e21
train,23,0ab44b8aa7b5bf671ff56a4d5a25bd0a26cc7bfe1f2b1349b40637e1df6e2afe,9727a427df0ca2c89b521baa01a6e0f86ac1b8b6808bf8fcc59808f3a99e0110,tj,15af1a79c50b04d0ecc87bf553b9a34d4187350612b5882cdab28f3ab0c9f1bc,1,True,1462269988,1462269988,True,True,0,0b3226c94bbe27279bb4c1063454da18b46ad569e666de4a7b714c6c97810c98
train,24,0ab44b8aa7b5bf671ff56a4d5a25bd0a26cc7bfe1f2b1349b40637e1df6e2afe,9727a427df0ca2c89b521baa01a6e0f86ac1b8b6808bf8fcc59808f3a99e0110,tj,15af1a79c50b04d0ecc87bf553b9a34d4187350612b5882cdab28f3ab0c9f1bc,1,True,1462270007,1462270007,True,True,0,a57dbd1875779c733f7793ca2a6862af1b925890306fd9b799f94d8aac0f8ec0
train,25,0ab44b8aa7b5bf671ff56a4d5a25bd0a26cc7bfe1f2b1349b40637e1df6e2afe,9727a427df0ca2c89b521baa01a6e0f86ac1b8b6808bf8fcc59808f3a99e0110,tj,15af1a79c50b04d0ecc87bf553b9a34d4187350612b5882cdab28f3ab0c9f1bc,1,True,1462270013,1462270013,True,True,0,efa2fd66ca8c8c0f590fcdbdfa7e19414885b414f12df8183e7ec4c75d579b96
train,26,0ab44b8aa7b5bf671ff56a4d5a25bd0a26cc7bfe1f2b1349b40637e1df6e2afe,9727a427df0ca2c89b521baa01a6e0f86ac1b8b6808bf8fcc59808f3a99e0110,tj,15af1a79c50b04d0ecc87bf553b9a34d4187350612b5882cdab28f3ab0c9f1bc,1,True,1462270019,1462270019,True,True,0,57a4ea298a891f63c3d7c8ede7be32d6c6e70c90a32e8a3d10c9f32c096a8d38
train,27,0ab44b8aa7b5bf671ff56a4d5a25bd0a26cc7bfe1f2b1349b40637e1df6e2afe,9727a427df0ca2c89b521baa01a6e0f86ac1b8b6808bf8fcc59808f3a99e0110,tj,15af1a79c50b04d0ecc87bf553b9a34d4187350612b5882cdab28f3ab0c9f1bc,1,True,1462270027,1462270027,True,True,0,20d2d28ab2da537c7256abc0a92ecae708282cf261fd09785abd69e9eafb8d76
train,28,0ab44b8aa7b5bf671ff56a4d5a25bd0a26cc7bfe1f2b1349b40637e1df6e2afe,9727a427df0ca2c89b521baa01a6e0f86ac1b8b6808bf8fcc59808f3a99e0110,tj,15af1a79c50b04d0ecc87bf553b9a34d4187350612b5882cdab28f3ab0c9f1bc,1,True,1462270035,1462270035,True,True,0,a35bc77205fc632991ebb71593d22c992d4a2a3ef449cd659ef5a49da8d9ee5a
train,29,0ab44b8aa7b5bf671ff56a4d5a25bd0a26cc7bfe1f2b1349b40637e1df6e2afe,9727a427df0ca2c89b521baa01a6e0f86ac1b8b6808bf8fcc59808f3a99e0110,tj,15af1a79c50b04d0ecc87bf553b9a34d4187350612b5882cdab28f3ab0c9f1bc,1,True,1462270046,1462270046,True,True,0,a27c0a3036dcc0640c69e86ad50bdd1c1cb3a85e9b019dd7e00aabc24e0096be
train,30,0ab44b8aa7b5bf671ff56a4d5a25bd0a26cc7bfe1f2b1349b40637e1df6e2afe,9727a427df0ca2c89b521baa01a6e0f86ac1b8b6808bf8fcc59808f3a99e0110,tj,15af1a79c50b04d0ecc87bf553b9a34d4187350612b5882cdab28f3ab0c9f1bc,1,True,1462270054,1462270054,True,True,0,71f08d7dd02f502a33764f1eda95c347674b8737da928c2a11e99a5985d3d1f8
train,31,0ab44b8aa7b5bf671ff56a4d5a25bd0a26cc7bfe1f2b1349b40637e1df6e2afe,9727a427df0ca2c89b521baa01a6e0f86ac1b8b6808bf8fcc59808f3a99e0110,tj,15af1a79c50b04d0ecc87bf553b9a34d4187350612b5882cdab28f3ab0c9f1bc,1,True,1462270059,1462270059,True,True,0,62050d0dbc749f66db1393f533ce69d2eae1f54e9e5b58838f10280ddfc155a9
train,32,0ab44b8aa7b5bf671ff56a4d5a25bd0a26cc7bfe1f2b1349b40637e1df6e2afe,9727a427df0ca2c89b521baa01a6e0f86ac1b8b6808bf8fcc59808f3a99e0110,tj,15af1a79c50b04d0ecc87bf553b9a34d4187350612b5882cdab28f3ab0c9f1bc,1,True,1462270068,1462270068,True,True,0,7a40ef6c7172a3e84376b56ef0e047880b029ed1796320ab325ac02fc26f3e1d
train,33,0ab44b8aa7b5bf671ff56a4d5a25bd0a26cc7bfe1f2b1349b40637e1df6e2afe,9727a427df0ca2c89b521baa01a6e0f86ac1b8b6808bf8fcc59808f3a99e0110,tj,15af1a79c50b04d0ecc87bf553b9a34d4187350612b5882cdab28f3ab0c9f1bc,1,True,1462270074,1462270074,True,True,0,7b80865eb455350033b363ddc4663a2509ae00b2dacdd0fe82d3e3725251a902
train,34,0ab44b8aa7b5bf671ff56a4d5a25bd0a26cc7bfe1f2b1349b40637e1df6e2afe,9727a427df0ca2c89b521baa01a6e0f86ac1b8b6808bf8fcc59808f3a99e0110,tj,15af1a79c50b04d0ecc87bf553b9a34d4187350612b5882cdab28f3ab0c9f1bc,1,True,1462270080,1462270080,True,True,0,201fccce60d416d4600ad034095935bef915b1408c22aba696bd3ecf3c09d2b4
train,35,0ab44b8aa7b5bf671ff56a4d5a25bd0a26cc7bfe1f2b1349b40637e1df6e2afe,9727a427df0ca2c89b521baa01a6e0f86ac1b8b6808bf8fcc59808f3a99e0110,tj,15af1a79c50b04d0ecc87bf553b9a34d4187350612b5882cdab28f3ab0c9f1bc,1,True,1462270095,1462270095,True,True,0,5265cce041a2f15c3d6195f419a77cc065193822842d964614875952251df0ca
train,36,0ab44b8aa7b5bf671ff56a4d5a25bd0a26cc7bfe1f2b1349b40637e1df6e2afe,9727a427df0ca2c89b521baa01a6e0f86ac1b8b6808bf8fcc59808f3a99e0110,tj,15af1a79c50b04d0ecc87bf553b9a34d4187350612b5882cdab28f3ab0c9f1bc,1,True,1462270111,1462270111,True,True,0,4d5ae7fc1bf859fc7ec3fc2f512b1b906424d595d6c32db3289e0501e0eb8d16
train,37,0ab44b8aa7b5bf671ff56a4d5a25bd0a26cc7bfe1f2b1349b40637e1df6e2afe,9727a427df0ca2c89b521baa01a6e0f86ac1b8b6808bf8fcc59808f3a99e0110,tj,15af1a79c50b04d0ecc87bf553b9a34d4187350612b5882cdab28f3ab0c9f1bc,1,True,1462270119,1462270119,True,True,0,ed62cab7083b6d149ab99e16627597623a0fc816475e68f9e62d523dd957f2b4
train,38,0ab44b8aa7b5bf671ff56a4d5a25bd0a26cc7bfe1f2b1349b40637e1df6e2afe,9727a427df0ca2c89b521baa01a6e0f86ac1b8b6808bf8fcc59808f3a99e0110,tj,15af1a79c50b04d0ecc87bf553b9a34d4187350612b5882cdab28f3ab0c9f1bc,1,True,1462270123,1462270123,True,True,0,fd7d7d5e5595ec9a4ecd82ff57b1ffeab91aef4c1b1000c13aec0c0634d87624
train,39,0ab44b8aa7b5bf671ff56a4d5a25bd0a26cc7bfe1f2b1349b40637e1df6e2afe,9727a427df0ca2c89b521baa01a6e0f86ac1b8b6808bf8fcc59808f3a99e0110,tj,15af1a79c50b04d0ecc87bf553b9a34d4187350612b5882cdab28f3ab0c9f1bc,1,True,1462270131,1462270131,True,True,0,e41096f4a5a1b7d42ff5842ef4575d2d36f658dc322d609dec2f3d2eb2faf884
train,40,0ab44b8aa7b5bf671ff56a4d5a25bd0a26cc7bfe1f2b1349b40637e1df6e2afe,9727a427df0ca2c89b521baa01a6e0f86ac1b8b6808bf8fcc59808f3a99e0110,tj,15af1a79c50b04d0ecc87bf553b9a34d4187350612b5882cdab28f3ab0c9f1bc,1,True,1462270139,1462270139,True,True,0,e6f8d6f0d0b0c0fbbbb4137395992fca257632bb6015b0e9504aea6f90165c7f
train,41,0ab44b8aa7b5bf671ff56a4d5a25bd0a26cc7bfe1f2b1349b40637e1df6e2afe,9727a427df0ca2c89b521baa01a6e0f86ac1b8b6808bf8fcc59808f3a99e0110,tj,15af1a79c50b04d0ecc87bf553b9a34d4187350612b5882cdab28f3ab0c9f1bc,1,True,1462270151,1462270151,True,True,0,8578b206bb1036bd7610aaa10b93df5b6c9ce3f6aa7435834e24bffecbb22214
train,42,0ab44b8aa7b5bf671ff56a4d5a25bd0a26cc7bfe1f2b1349b40637e1df6e2afe,9727a427df0ca2c89b521baa01a6e0f86ac1b8b6808bf8fcc59808f3a99e0110,tj,15af1a79c50b04d0ecc87bf553b9a34d4187350612b5882cdab28f3ab0c9f1bc,1,True,1462270159,1462270159,True,True,0,15f30d7f35d8dac5daa813b9a1cb068c01b78e0f6f9ae9252ed460071b36f793
train,43,0ab44b8aa7b5bf671ff56a4d5a25bd0a26cc7bfe1f2b1349b40637e1df6e2afe,9727a427df0ca2c89b521baa01a6e0f86ac1b8b6808bf8fcc59808f3a99e0110,tj,15af1a79c50b04d0ecc87bf553b9a34d4187350612b5882cdab28f3ab0c9f1bc,1,True,1462270168,1462270168,True,True,0,310844c86174af226567eec84f4838769740319aa476edc21a20f8f5586a97f6
train,44,0ab44b8aa7b5bf671ff56a4d5a25bd0a26cc7bfe1f2b1349b40637e1df6e2afe,9727a427df0ca2c89b521baa01a6e0f86ac1b8b6808bf8fcc59808f3a99e0110,tj,15af1a79c50b04d0ecc87bf553b9a34d4187350612b5882cdab28f3ab0c9f1bc,1,True,1462270174,1462270174,True,True,0,3f606de5b5577a15a073f3823b879276f766c2ad8227792a2cad3e88ae1cd433
train,45,0ab44b8aa7b5bf671ff56a4d5a25bd0a26cc7bfe1f2b1349b40637e1df6e2afe,9727a427df0ca2c89b521baa01a6e0f86ac1b8b6808bf8fcc59808f3a99e0110,tj,15af1a79c50b04d0ecc87bf553b9a34d4187350612b5882cdab28f3ab0c9f1bc,1,True,1462270183,1462270183,True,True,0,98718ec4564ef73dc5c50c947716a9e0b86dc15309daadeae69300f71803d83c
train,46,0ab44b8aa7b5bf671ff56a4d5a25bd0a26cc7bfe1f2b1349b40637e1df6e2afe,9727a427df0ca2c89b521baa01a6e0f86ac1b8b6808bf8fcc59808f3a99e0110,tj,15af1a79c50b04d0ecc87bf553b9a34d4187350612b5882cdab28f3ab0c9f1bc,1,True,1462270193,1462270193,True,True,0,3b0ceea5283d79d9fbbef274c351bb5790835162e93b722e5af52617bf10ef49
train,47,0ab44b8aa7b5bf671ff56a4d5a25bd0a26cc7bfe1f2b1349b40637e1df6e2afe,9727a427df0ca2c89b521baa01a6e0f86ac1b8b6808bf8fcc59808f3a99e0110,tj,15af1a79c50b04d0ecc87bf553b9a34d4187350612b5882cdab28f3ab0c9f1bc,1,True,1462270200,1462270200,True,True,0,51fb5ba6a25faa85ced2d786d23612810dc7941504d2993ad48b97bd65cdb0cf
train,48,0ab44b8aa7b5bf671ff56a4d5a25bd0a26cc7bfe1f2b1349b40637e1df6e2afe,9727a427df0ca2c89b521baa01a6e0f86ac1b8b6808bf8fcc59808f3a99e0110,tj,15af1a79c50b04d0ecc87bf553b9a34d4187350612b5882cdab28f3ab0c9f1bc,1,True,1462270207,1462270207,True,True,0,a02e33e6caf83b2792b12038ce15aff95fbd0724b989e5239d923a5f1f212af0
train,49,0ab44b8aa7b5bf671ff56a4d5a25bd0a26cc7bfe1f2b1349b40637e1df6e2afe,9727a427df0ca2c89b521baa01a6e0f86ac1b8b6808bf8fcc59808f3a99e0110,tj,15af1a79c50b04d0ecc87bf553b9a34d4187350612b5882cdab28f3ab0c9f1bc,1,True,1462270214,1462270214,True,True,0,57acb10ca5f5dac8d65e7c7fa25ad9b096d3333312da36f0af9a223c4b02dd86
train,50,0ab44b8aa7b5bf671ff56a4d5a25bd0a26cc7bfe1f2b1349b40637e1df6e2afe,9727a427df0ca2c89b521baa01a6e0f86ac1b8b6808bf8fcc59808f3a99e0110,tj,15af1a79c50b04d0ecc87bf553b9a34d4187350612b5882cdab28f3ab0c9f1bc,1,True,1462270225,1462270225,True,True,0,0608a9236c2757b9d130b5dd865eee9400a12cd69b744f6f178af510d6d86ef4
train,51,0ab44b8aa7b5bf671ff56a4d5a25bd0a26cc7bfe1f2b1349b40637e1df6e2afe,9727a427df0ca2c89b521baa01a6e0f86ac1b8b6808bf8fcc59808f3a99e0110,tj,15af1a79c50b04d0ecc87bf553b9a34d4187350612b5882cdab28f3ab0c9f1bc,1,True,1462270233,1462270233,True,True,0,b4f8a42f58d16912f0a39fdcd71076d5e552f63d989167aa16131eb17ac6c8b0
train,52,0ab44b8aa7b5bf671ff56a4d5a25bd0a26cc7bfe1f2b1349b40637e1df6e2afe,9727a427df0ca2c89b521baa01a6e0f86ac1b8b6808bf8fcc59808f3a99e0110,tj,15af1a79c50b04d0ecc87bf553b9a34d4187350612b5882cdab28f3ab0c9f1bc,1,True,1462270240,1462270240,True,True,0,8d991c877a82002dcd68b1f4e334766ec8fd386caed74586440017eea645fa4c
train,53,0ab44b8aa7b5bf671ff56a4d5a25bd0a26cc7bfe1f2b1349b40637e1df6e2afe,9727a427df0ca2c89b521baa01a6e0f86ac1b8b6808bf8fcc59808f3a99e0110,tj,15af1a79c50b04d0ecc87bf553b9a34d4187350612b5882cdab28f3ab0c9f1bc,1,True,1462270248,1462270248,True,True,0,1247b4952b14d6f02ead451c8b52d8a198e4679b0d2eff92256c912dfe32a3c2
train,54,0ab44b8aa7b5bf671ff56a4d5a25bd0a26cc7bfe1f2b1349b40637e1df6e2afe,9727a427df0ca2c89b521baa01a6e0f86ac1b8b6808bf8fcc59808f3a99e0110,tj,15af1a79c50b04d0ecc87bf553b9a34d4187350612b5882cdab28f3ab0c9f1bc,1,True,1462270256,1462270256,True,True,0,09e77d1bb2ba57c58ece39a49242dab0fde503b48267c175fce85c67f47dbf97
train,55,0ab44b8aa7b5bf671ff56a4d5a25bd0a26cc7bfe1f2b1349b40637e1df6e2afe,9727a427df0ca2c89b521baa01a6e0f86ac1b8b6808bf8fcc59808f3a99e0110,tj,15af1a79c50b04d0ecc87bf553b9a34d4187350612b5882cdab28f3ab0c9f1bc,1,True,1462270268,1462270268,True,True,0,56d742fb14cd9c95a83bc96575a1e97fb8ff1e54f608977ea52c46a5e2df7480
train,56,0ab44b8aa7b5bf671ff56a4d5a25bd0a26cc7bfe1f2b1349b40637e1df6e2afe,9727a427df0ca2c89b521baa01a6e0f86ac1b8b6808bf8fcc59808f3a99e0110,tj,15af1a79c50b04d0ecc87bf553b9a34d4187350612b5882cdab28f3ab0c9f1bc,1,True,1462270278,1462270278,True,True,0,9cd7a5a6e67225326123ec5834f201285e1efeb5b7017eb5a764d288faa76112
train,57,0ab44b8aa7b5bf671ff56a4d5a25bd0a26cc7bfe1f2b1349b40637e1df6e2afe,9727a427df0ca2c89b521baa01a6e0f86ac1b8b6808bf8fcc59808f3a99e0110,tj,15af1a79c50b04d0ecc87bf553b9a34d4187350612b5882cdab28f3ab0c9f1bc,1,True,1462270285,1462270285,True,True,0,dc820f98a9a73225133bf00d201e30259e202394ebff51e9a2c4704ba34c1e85
train,58,0ab44b8aa7b5bf671ff56a4d5a25bd0a26cc7bfe1f2b1349b40637e1df6e2afe,9727a427df0ca2c89b521baa01a6e0f86ac1b8b6808bf8fcc59808f3a99e0110,tj,15af1a79c50b04d0ecc87bf553b9a34d4187350612b5882cdab28f3ab0c9f1bc,1,True,1462270292,1462270292,True,True,0,a15793a880fd2b0ec731f25f2510256dc946687004c2e13da65bbae41a3c385f
train,59,0ab44b8aa7b5bf671ff56a4d5a25bd0a26cc7bfe1f2b1349b40637e1df6e2afe,9727a427df0ca2c89b521baa01a6e0f86ac1b8b6808bf8fcc59808f3a99e0110,tj,15af1a79c50b04d0ecc87bf553b9a34d4187350612b5882cdab28f3ab0c9f1bc,1,True,1462270302,1462270302,True,True,0,73fde8c8696a5c678088679003bc9bf857957de9ccc9e9d9ab73af519f242a69
train,60,0ab44b8aa7b5bf671ff56a4d5a25bd0a26cc7bfe1f2b1349b40637e1df6e2afe,9727a427df0ca2c89b521baa01a6e0f86ac1b8b6808bf8fcc59808f3a99e0110,tj,15af1a79c50b04d0ecc87bf553b9a34d4187350612b5882cdab28f3ab0c9f1bc,1,True,1462270308,1462270308,True,True,0,69ddaf38565a44da9ca5eab423b87a6bd95a011f4e4ab0ec6776df5350902195
train,61,0ab44b8aa7b5bf671ff56a4d5a25bd0a26cc7bfe1f2b1349b40637e1df6e2afe,9727a427df0ca2c89b521baa01a6e0f86ac1b8b6808bf8fcc59808f3a99e0110,tj,15af1a79c50b04d0ecc87bf553b9a34d4187350612b5882cdab28f3ab0c9f1bc,1,True,1462270320,1462270320,True,True,0,ce4db2d450a2f5d29ca96941d1732acd09a57fffd09cf8e028a8363863ea6d36
train,62,0ab44b8aa7b5bf671ff56a4d5a25bd0a26cc7bfe1f2b1349b40637e1df6e2afe,9727a427df0ca2c89b521baa01a6e0f86ac1b8b6808bf8fcc59808f3a99e0110,tj,15af1a79c50b04d0ecc87bf553b9a34d4187350612b5882cdab28f3ab0c9f1bc,1,True,1462270325,1462270325,True,True,0,b20be38188507db915c1b1c4aa0fd606392102a1e99c4fc68c0f522f064454b8
train,63,0ab44b8aa7b5bf671ff56a4d5a25bd0a26cc7bfe1f2b1349b40637e1df6e2afe,9727a427df0ca2c89b521baa01a6e0f86ac1b8b6808bf8fcc59808f3a99e0110,tj,15af1a79c50b04d0ecc87bf553b9a34d4187350612b5882cdab28f3ab0c9f1bc,1,True,1462270332,1462270332,True,True,0,b83675bb9bab5cccdbb2f427cd3b216c020a08b1416d35f9cff56e6b2674539f
train,64,0ab44b8aa7b5bf671ff56a4d5a25bd0a26cc7bfe1f2b1349b40637e1df6e2afe,9727a427df0ca2c89b521baa01a6e0f86ac1b8b6808bf8fcc59808f3a99e0110,tj,15af1a79c50b04d0ecc87bf553b9a34d4187350612b5882cdab28f3ab0c9f1bc,1,True,1462270341,1462270341,True,True,0,2e5f830c5586bc7f1701f7503b55268dea736170780960dc0970d646fd8b8815
train,65,0ab44b8aa7b5bf671ff56a4d5a25bd0a26cc7bfe1f2b1349b40637e1df6e2afe,9727a427df0ca2c89b521baa01a6e0f86ac1b8b6808bf8fcc59808f3a99e0110,tj,15af1a79c50b04d0ecc87bf553b9a34d4187350612b5882cdab28f3ab0c9f1bc,1,True,1462270351,1462270351,True,True,0,01bedd9f11b87e32be87443ff91ab1c6ad1fb2611fc31edda7a13e0536842be5
train,66,0ab44b8aa7b5bf671ff56a4d5a25bd0a26cc7bfe1f2b1349b40637e1df6e2afe,9727a427df0ca2c89b521baa01a6e0f86ac1b8b6808bf8fcc59808f3a99e0110,tj,15af1a79c50b04d0ecc87bf553b9a34d4187350612b5882cdab28f3ab0c9f1bc,1,True,1462270358,1462270358,True,True,0,51138919577dfffdf51e402abe15fa63513aab6f00d0f4dc2d2b82c9562194f2
train,67,0ab44b8aa7b5bf671ff56a4d5a25bd0a26cc7bfe1f2b1349b40637e1df6e2afe,9727a427df0ca2c89b521baa01a6e0f86ac1b8b6808bf8fcc59808f3a99e0110,tj,15af1a79c50b04d0ecc87bf553b9a34d4187350612b5882cdab28f3ab0c9f1bc,1,True,1462270369,1462270369,True,True,0,35a2f8bb99e4c6b8b27bb18dfdc09b2da6c534362fbd81dea0e2b6aa8c9d0899
train,68,0ab44b8aa7b5bf671ff56a4d5a25bd0a26cc7bfe1f2b1349b40637e1df6e2afe,9727a427df0ca2c89b521baa01a6e0f86ac1b8b6808bf8fcc59808f3a99e0110,tj,15af1a79c50b04d0ecc87bf553b9a34d4187350612b5882cdab28f3ab0c9f1bc,1,True,1462270375,1462270375,True,True,0,2118190f1fcedc4591911f69f77eb462c0f36870e956a181d03188c23b55ba3f
train,69,0ab44b8aa7b5bf671ff56a4d5a25bd0a26cc7bfe1f2b1349b40637e1df6e2afe,9727a427df0ca2c89b521baa01a6e0f86ac1b8b6808bf8fcc59808f3a99e0110,tj,15af1a79c50b04d0ecc87bf553b9a34d4187350612b5882cdab28f3ab0c9f1bc,1,True,1462270380,1462270380,True,True,0,7b17fddb9d72543b809d00215988a1a806a97e53db84784cbc33d23658a5c4b7
train,70,0ab44b8aa7b5bf671ff56a4d5a25bd0a26cc7bfe1f2b1349b40637e1df6e2afe,9727a427df0ca2c89b521baa01a6e0f86ac1b8b6808bf8fcc59808f3a99e0110,tj,15af1a79c50b04d0ecc87bf553b9a34d4187350612b5882cdab28f3ab0c9f1bc,1,True,1462270388,1462270388,True,True,0,9e91c524dbe1add12c7b1edab367376fa87439475f2c34b5d30062466e429bcc
train,71,0ab44b8aa7b5bf671ff56a4d5a25bd0a26cc7bfe1f2b1349b40637e1df6e2afe,9727a427df0ca2c89b521baa01a6e0f86ac1b8b6808bf8fcc59808f3a99e0110,tj,15af1a79c50b04d0ecc87bf553b9a34d4187350612b5882cdab28f3ab0c9f1bc,1,True,1462270394,1462270394,True,True,0,6e97a3a03b488d53e303c3460f3449f7b970e7042382b534fb11cf65d39c2df5
train,72,0ab44b8aa7b5bf671ff56a4d5a25bd0a26cc7bfe1f2b1349b40637e1df6e2afe,9727a427df0ca2c89b521baa01a6e0f86ac1b8b6808bf8fcc59808f3a99e0110,tj,15af1a79c50b04d0ecc87bf553b9a34d4187350612b5882cdab28f3ab0c9f1bc,1,True,1462270401,1462270401,True,True,0,366cded19f59d3afd807b627962af4f5a3e8e94a3c2b09a82a691e28f5e91b35
train,73,0ab44b8aa7b5bf671ff56a4d5a25bd0a26cc7bfe1f2b1349b40637e1df6e2afe,9727a427df0ca2c89b521baa01a6e0f86ac1b8b6808bf8fcc59808f3a99e0110,tj,15af1a79c50b04d0ecc87bf553b9a34d4187350612b5882cdab28f3ab0c9f1bc,1,True,1462270407,1462270407,True,True,0,e32454633c2576c2ef4ae2efed6bcbc36777ae6cab9aff77e7e46c590bbb7b43
train,74,0ab44b8aa7b5bf671ff56a4d5a25bd0a26cc7bfe1f2b1349b40637e1df6e2afe,9727a427df0ca2c89b521baa01a6e0f86ac1b8b6808bf8fcc59808f3a99e0110,tj,15af1a79c50b04d0ecc87bf553b9a34d4187350612b5882cdab28f3ab0c9f1bc,1,True,1462270412,1462270412,True,True,0,eaa3bd3acbfe8e219dad7f2113ff86a1134b433cddc5ef81b6b4ec76956e1a5f
train,75,0ab44b8aa7b5bf671ff56a4d5a25bd0a26cc7bfe1f2b1349b40637e1df6e2afe,9727a427df0ca2c89b521baa01a6e0f86ac1b8b6808bf8fcc59808f3a99e0110,tj,15af1a79c50b04d0ecc87bf553b9a34d4187350612b5882cdab28f3ab0c9f1bc,1,True,1462270418,1462270418,True,True,0,aff4e546cc6d378d874f3ed8e8398e444bccb2a8a58379050b7aa4f6dada878f
train,76,0ab44b8aa7b5bf671ff56a4d5a25bd0a26cc7bfe1f2b1349b40637e1df6e2afe,9727a427df0ca2c89b521baa01a6e0f86ac1b8b6808bf8fcc59808f3a99e0110,tj,15af1a79c50b04d0ecc87bf553b9a34d4187350612b5882cdab28f3ab0c9f1bc,1,True,1462270423,1462270423,True,True,0,1c4aa489825b350bff45d90ec28897f9eac46b8961eecc21ff7e3af570ffc156
train,77,0ab44b8aa7b5bf671ff56a4d5a25bd0a26cc7bfe1f2b1349b40637e1df6e2afe,9727a427df0ca2c89b521baa01a6e0f86ac1b8b6808bf8fcc59808f3a99e0110,tj,15af1a79c50b04d0ecc87bf553b9a34d4187350612b5882cdab28f3ab0c9f1bc,1,True,1462270428,1462270428,True,True,0,36c83244cdbba16bfb99d8cddfdb420da4049345a01a5988e1879b187e5d5362
train,78,0ab44b8aa7b5bf671ff56a4d5a25bd0a26cc7bfe1f2b1349b40637e1df6e2afe,9727a427df0ca2c89b521baa01a6e0f86ac1b8b6808bf8fcc59808f3a99e0110,tj,15af1a79c50b04d0ecc87bf553b9a34d4187350612b5882cdab28f3ab0c9f1bc,1,True,1462270434,1462270434,True,True,0,608993276ad21bde5c4d2b8f51511f23f0055f0b37e5cfb4a822f6b44023d235
train,79,0ab44b8aa7b5bf671ff56a4d5a25bd0a26cc7bfe1f2b1349b40637e1df6e2afe,9727a427df0ca2c89b521baa01a6e0f86ac1b8b6808bf8fcc59808f3a99e0110,tj,15af1a79c50b04d0ecc87bf553b9a34d4187350612b5882cdab28f3ab0c9f1bc,1,True,1462270444,1462270444,True,True,0,f14f52156452734f5d64fdb4959f2cceeadce916d80510cda766dfaade814024
train,80,0ab44b8aa7b5bf671ff56a4d5a25bd0a26cc7bfe1f2b1349b40637e1df6e2afe,9727a427df0ca2c89b521baa01a6e0f86ac1b8b6808bf8fcc59808f3a99e0110,tj,15af1a79c50b04d0ecc87bf553b9a34d4187350612b5882cdab28f3ab0c9f1bc,1,True,1462270449,1462270449,True,True,0,458bef1d661cb15273fa1b5e4c4369eddd76abc9babe890865badffd903dda09
train,81,0ab44b8aa7b5bf671ff56a4d5a25bd0a26cc7bfe1f2b1349b40637e1df6e2afe,9727a427df0ca2c89b521baa01a6e0f86ac1b8b6808bf8fcc59808f3a99e0110,tj,15af1a79c50b04d0ecc87bf553b9a34d4187350612b5882cdab28f3ab0c9f1bc,1,True,1462270456,1462270456,True,True,0,b5230defaab65552a163fe85e1ea086d41a301ea22abeb40ddd4d93d5b7be4d0
train,82,0ab44b8aa7b5bf671ff56a4d5a25bd0a26cc7bfe1f2b1349b40637e1df6e2afe,9727a427df0ca2c89b521baa01a6e0f86ac1b8b6808bf8fcc59808f3a99e0110,tj,15af1a79c50b04d0ecc87bf553b9a34d4187350612b5882cdab28f3ab0c9f1bc,1,True,1462270461,1462270461,True,True,0,338f1e947471ca7c8c520aba2cda981b5b81b88f6c54d36406db6ac2dd8fec36
train,83,0ab44b8aa7b5bf671ff56a4d5a25bd0a26cc7bfe1f2b1349b40637e1df6e2afe,9727a427df0ca2c89b521baa01a6e0f86ac1b8b6808bf8fcc59808f3a99e0110,tj,15af1a79c50b04d0ecc87bf553b9a34d4187350612b5882cdab28f3ab0c9f1bc,1,True,1462270467,1462270467,True,True,0,d02641466c9c14258bbee48435f23f18bba8e672fbb13d795d5b20e854aaa343
train,84,0ab44b8aa7b5bf671ff56a4d5a25bd0a26cc7bfe1f2b1349b40637e1df6e2afe,9727a427df0ca2c89b521baa01a6e0f86ac1b8b6808bf8fcc59808f3a99e0110,tj,15af1a79c50b04d0ecc87bf553b9a34d4187350612b5882cdab28f3ab0c9f1bc,1,True,1462270478,1462270478,True,True,0,f96b68495de9160f50141125600ec61fb3e04ad7dc142257bde3b77eb0052914
train,85,0ab44b8aa7b5bf671ff56a4d5a25bd0a26cc7bfe1f2b1349b40637e1df6e2afe,9727a427df0ca2c89b521baa01a6e0f86ac1b8b6808bf8fcc59808f3a99e0110,tj,15af1a79c50b04d0ecc87bf553b9a34d4187350612b5882cdab28f3ab0c9f1bc,1,True,1462270482,1462270482,True,True,0,43da9f7cf16b59e714de04404d01705510bf7a04a7dac0265e9f8ae2ce53cfaf
train,86,0ab44b8aa7b5bf671ff56a4d5a25bd0a26cc7bfe1f2b1349b40637e1df6e2afe,9727a427df0ca2c89b521baa01a6e0f86ac1b8b6808bf8fcc59808f3a99e0110,tj,15af1a79c50b04d0ecc87bf553b9a34d4187350612b5882cdab28f3ab0c9f1bc,1,True,1462270487,1462270487,True,True,0,a9624beaa4563d72b28518c6142d269bfae9ff99197fef599f5d2a1cc3a7099f
train,87,0ab44b8aa7b5bf671ff56a4d5a25bd0a26cc7bfe1f2b1349b40637e1df6e2afe,9727a427df0ca2c89b521baa01a6e0f86ac1b8b6808bf8fcc59808f3a99e0110,tj,15af1a79c50b04d0ecc87bf553b9a34d4187350612b5882cdab28f3ab0c9f1bc,1,True,1462270492,1462270492,True,True,0,c3001732c0f719d27d2d4dc6c989669809686038f8a5ef94894b89c0ba319b51
train,88,0ab44b8aa7b5bf671ff56a4d5a25bd0a26cc7bfe1f2b1349b40637e1df6e2afe,9727a427df0ca2c89b521baa01a6e0f86ac1b8b6808bf8fcc59808f3a99e0110,tj,15af1a79c50b04d0ecc87bf553b9a34d4187350612b5882cdab28f3ab0c9f1bc,1,True,1462270497,1462270497,True,True,0,dadd98f3d9b478700f0ffaad39455616b7610880a2937b545a7b72c8d96a17b0
train,89,0ab44b8aa7b5bf671ff56a4d5a25bd0a26cc7bfe1f2b1349b40637e1df6e2afe,9727a427df0ca2c89b521baa01a6e0f86ac1b8b6808bf8fcc59808f3a99e0110,tj,15af1a79c50b04d0ecc87bf553b9a34d4187350612b5882cdab28f3ab0c9f1bc,1,True,1462270504,1462270504,True,True,0,052f75cf4efa30b9bf2ca0a925cf4ee311f5d1dde578255516bf6b2cf5fe6ea4
train,90,0ab44b8aa7b5bf671ff56a4d5a25bd0a26cc7bfe1f2b1349b40637e1df6e2afe,9727a427df0ca2c89b521baa01a6e0f86ac1b8b6808bf8fcc59808f3a99e0110,tj,15af1a79c50b04d0ecc87bf553b9a34d4187350612b5882cdab28f3ab0c9f1bc,1,True,1462270509,1462270509,True,True,0,a18f0f889919f6385e978ff35e6512f17db75edb5884d7200cc16545f808f442
train,91,0ab44b8aa7b5bf671ff56a4d5a25bd0a26cc7bfe1f2b1349b40637e1df6e2afe,9727a427df0ca2c89b521baa01a6e0f86ac1b8b6808bf8fcc59808f3a99e0110,tj,15af1a79c50b04d0ecc87bf553b9a34d4187350612b5882cdab28f3ab0c9f1bc,1,True,1462270516,1462270516,True,True,0,d7f033edc6dfe1aa3ae84c4639e9893aef2ffe39423f6702bc92f14e948970fa
train,92,0ab44b8aa7b5bf671ff56a4d5a25bd0a26cc7bfe1f2b1349b40637e1df6e2afe,9727a427df0ca2c89b521baa01a6e0f86ac1b8b6808bf8fcc59808f3a99e0110,tj,15af1a79c50b04d0ecc87bf553b9a34d4187350612b5882cdab28f3ab0c9f1bc,1,True,1462270523,1462270523,True,True,0,b10ce8bf79a9586dc292e4e14f7345182d58565f4a6dbb6b07eeada48ece9abb
train,93,0ab44b8aa7b5bf671ff56a4d5a25bd0a26cc7bfe1f2b1349b40637e1df6e2afe,9727a427df0ca2c89b521baa01a6e0f86ac1b8b6808bf8fcc59808f3a99e0110,tj,15af1a79c50b04d0ecc87bf553b9a34d4187350612b5882cdab28f3ab0c9f1bc,1,True,1462270529,1462270529,True,True,0,57bccc2527e2b795dd3ef530b4908975734f4f34f24940b8cf4c2e3fd28e7cf9
train,94,0ab44b8aa7b5bf671ff56a4d5a25bd0a26cc7bfe1f2b1349b40637e1df6e2afe,9727a427df0ca2c89b521baa01a6e0f86ac1b8b6808bf8fcc59808f3a99e0110,tj,15af1a79c50b04d0ecc87bf553b9a34d4187350612b5882cdab28f3ab0c9f1bc,1,True,1462270533,1462270533,True,True,0,fe77390c840d36d9725ab1c00438c5abced63a64e0b484fe9579c2aeec157c90
train,95,0ab44b8aa7b5bf671ff56a4d5a25bd0a26cc7bfe1f2b1349b40637e1df6e2afe,9727a427df0ca2c89b521baa01a6e0f86ac1b8b6808bf8fcc59808f3a99e0110,tj,15af1a79c50b04d0ecc87bf553b9a34d4187350612b5882cdab28f3ab0c9f1bc,1,True,1462270542,1462270542,True,True,0,aafc24731de6bde5c1167a80e949a9ed666d5f3001bfce216b01c5d656c9f3ee
train,96,0ab44b8aa7b5bf671ff56a4d5a25bd0a26cc7bfe1f2b1349b40637e1df6e2afe,9727a427df0ca2c89b521baa01a6e0f86ac1b8b6808bf8fcc59808f3a99e0110,tj,15af1a79c50b04d0ecc87bf553b9a34d4187350612b5882cdab28f3ab0c9f1bc,1,True,1462270548,1462270548,True,True,0,047367b015cb71afb66d478a51f32eeefca00013121a6a6da90cec7f825191eb
train,97,0ab44b8aa7b5bf671ff56a4d5a25bd0a26cc7bfe1f2b1349b40637e1df6e2afe,9727a427df0ca2c89b521baa01a6e0f86ac1b8b6808bf8fcc59808f3a99e0110,tj,15af1a79c50b04d0ecc87bf553b9a34d4187350612b5882cdab28f3ab0c9f1bc,1,True,1462270554,1462270554,True,True,0,c7693114775ee49109afec3f0ed14b12d710680f0eb0a6dc51a9ccf003edb5f4
train,98,0ab44b8aa7b5bf671ff56a4d5a25bd0a26cc7bfe1f2b1349b40637e1df6e2afe,9727a427df0ca2c89b521baa01a6e0f86ac1b8b6808bf8fcc59808f3a99e0110,tj,15af1a79c50b04d0ecc87bf553b9a34d4187350612b5882cdab28f3ab0c9f1bc,1,True,1462270559,1462270559,True,True,0,fc85c811663db37d0bd8afbb54a4f970fe49ff7182296368cd437aa8ea48922d
train,99,0ab44b8aa7b5bf671ff56a4d5a25bd0a26cc7bfe1f2b1349b40637e1df6e2afe,9727a427df0ca2c89b521baa01a6e0f86ac1b8b6808bf8fcc59808f3a99e0110,tj,15af1a79c50b04d0ecc87bf553b9a34d4187350612b5882cdab28f3ab0c9f1bc,1,True,1462270569,1462270569,True,True,0,414bb1209846ba10dbd529c34ded91d5708e108f61791b8764a9ecbd745ee216
train,100,0ab44b8aa7b5bf671ff56a4d5a25bd0a26cc7bfe1f2b1349b40637e1df6e2afe,9727a427df0ca2c89b521baa01a6e0f86ac1b8b6808bf8fcc59808f3a99e0110,tj,15af1a79c50b04d0ecc87bf553b9a34d4187350612b5882cdab28f3ab0c9f1bc,1,True,1462270574,1462270574,True,True,0,f751a47f1e35598b857f71267ddd7295d4fea7ff13d5810e3c72ccb91886d45b
train,101,0ab44b8aa7b5bf671ff56a4d5a25bd0a26cc7bfe1f2b1349b40637e1df6e2afe,9727a427df0ca2c89b521baa01a6e0f86ac1b8b6808bf8fcc59808f3a99e0110,tj,15af1a79c50b04d0ecc87bf553b9a34d4187350612b5882cdab28f3ab0c9f1bc,1,True,1462270582,1462270582,True,True,0,7a9a409c232467385da21c2830039382bf9da03d824c1d18a665c6b78db9b6f1
train,102,0ab44b8aa7b5bf671ff56a4d5a25bd0a26cc7bfe1f2b1349b40637e1df6e2afe,9727a427df0ca2c89b521baa01a6e0f86ac1b8b6808bf8fcc59808f3a99e0110,tj,15af1a79c50b04d0ecc87bf553b9a34d4187350612b5882cdab28f3ab0c9f1bc,1,True,1462270596,1462270596,True,True,0,2a2848fd688a8ab34fc2052f4b7ef3f47f7fdb6da331a83004a6e25c5548c9a4
train,103,0ab44b8aa7b5bf671ff56a4d5a25bd0a26cc7bfe1f2b1349b40637e1df6e2afe,9727a427df0ca2c89b521baa01a6e0f86ac1b8b6808bf8fcc59808f3a99e0110,tj,15af1a79c50b04d0ecc87bf553b9a34d4187350612b5882cdab28f3ab0c9f1bc,1,True,1462270601,1462270601,True,True,0,a59f04f7174a92206ea7da3c1ed41f70b6a42ac8c0f49576f7791ec3186e62ea
train,104,0ab44b8aa7b5bf671ff56a4d5a25bd0a26cc7bfe1f2b1349b40637e1df6e2afe,9727a427df0ca2c89b521baa01a6e0f86ac1b8b6808bf8fcc59808f3a99e0110,tj,15af1a79c50b04d0ecc87bf553b9a34d4187350612b5882cdab28f3ab0c9f1bc,1,True,1462270606,1462270606,True,True,0,ca2e9e36c83ab31083c5e2ec595e9c1434fc575a49f617bd4a8c7b60de53ed73
train,105,0ab44b8aa7b5bf671ff56a4d5a25bd0a26cc7bfe1f2b1349b40637e1df6e2afe,9727a427df0ca2c89b521baa01a6e0f86ac1b8b6808bf8fcc59808f3a99e0110,tj,15af1a79c50b04d0ecc87bf553b9a34d4187350612b5882cdab28f3ab0c9f1bc,1,True,1462270611,1462270611,True,True,0,1c8ae5e6473a476fc342cd658c24a5b4c2f02182e5be9fc677e9e0ec8bb6bdb1
train,106,0ab44b8aa7b5bf671ff56a4d5a25bd0a26cc7bfe1f2b1349b40637e1df6e2afe,9727a427df0ca2c89b521baa01a6e0f86ac1b8b6808bf8fcc59808f3a99e0110,tj,15af1a79c50b04d0ecc87bf553b9a34d4187350612b5882cdab28f3ab0c9f1bc,1,True,1462270618,1462270618,True,True,0,e0b8f46c66cf471f498a39e66efd124304487a3e2b7cb0f406396a014548a437
train,107,0ab44b8aa7b5bf671ff56a4d5a25bd0a26cc7bfe1f2b1349b40637e1df6e2afe,9727a427df0ca2c89b521baa01a6e0f86ac1b8b6808bf8fcc59808f3a99e0110,tj,15af1a79c50b04d0ecc87bf553b9a34d4187350612b5882cdab28f3ab0c9f1bc,1,True,1462270623,1462270623,True,True,0,4f6ca770b5f556c426082cf02ad47965a78a044eaa9572f52022135bc35c5764
train,108,0ab44b8aa7b5bf671ff56a4d5a25bd0a26cc7bfe1f2b1349b40637e1df6e2afe,9727a427df0ca2c89b521baa01a6e0f86ac1b8b6808bf8fcc59808f3a99e0110,tj,15af1a79c50b04d0ecc87bf553b9a34d4187350612b5882cdab28f3ab0c9f1bc,1,True,1462270636,1462270636,True,True,0,c704498f9068eed4196656d42b25de4d9627db6346f2763fd80d8a74a8d26c75
train,109,0ab44b8aa7b5bf671ff56a4d5a25bd0a26cc7bfe1f2b1349b40637e1df6e2afe,9727a427df0ca2c89b521baa01a6e0f86ac1b8b6808bf8fcc59808f3a99e0110,tj,15af1a79c50b04d0ecc87bf553b9a34d4187350612b5882cdab28f3ab0c9f1bc,1,True,1462270643,1462270643,True,True,0,384dc7c2e87a0d560b8c998821d758a9651410be8e35cb3ca1d8f54423360c32
train,110,0ab44b8aa7b5bf671ff56a4d5a25bd0a26cc7bfe1f2b1349b40637e1df6e2afe,9727a427df0ca2c89b521baa01a6e0f86ac1b8b6808bf8fcc59808f3a99e0110,tj,15af1a79c50b04d0ecc87bf553b9a34d4187350612b5882cdab28f3ab0c9f1bc,1,True,1462270649,1462270649,True,True,0,eaab5167510ce35e9b2c7f9f77b60caae0167aee52836801bb872ee64ee1e6cb
train,111,0ab44b8aa7b5bf671ff56a4d5a25bd0a26cc7bfe1f2b1349b40637e1df6e2afe,9727a427df0ca2c89b521baa01a6e0f86ac1b8b6808bf8fcc59808f3a99e0110,tj,15af1a79c50b04d0ecc87bf553b9a34d4187350612b5882cdab28f3ab0c9f1bc,1,True,1462270656,1462270656,True,True,0,76c049139c988ae93095e7da1f3c741ea43a1b818cea943c18ef292f55135a14
train,112,0ab44b8aa7b5bf671ff56a4d5a25bd0a26cc7bfe1f2b1349b40637e1df6e2afe,9727a427df0ca2c89b521baa01a6e0f86ac1b8b6808bf8fcc59808f3a99e0110,tj,15af1a79c50b04d0ecc87bf553b9a34d4187350612b5882cdab28f3ab0c9f1bc,1,True,1462270667,1462270667,True,True,0,c481f790b67780e55972103f94655ad48688ec99cf1715661d8c7508bb5911df
train,113,0ab44b8aa7b5bf671ff56a4d5a25bd0a26cc7bfe1f2b1349b40637e1df6e2afe,9727a427df0ca2c89b521baa01a6e0f86ac1b8b6808bf8fcc59808f3a99e0110,tj,15af1a79c50b04d0ecc87bf553b9a34d4187350612b5882cdab28f3ab0c9f1bc,1,True,1462270673,1462270673,True,True,0,cf9d8225f35fd52ffcf9a478b9558951c42dc2f18a6214d87884e9f1004de58c
train,114,0ab44b8aa7b5bf671ff56a4d5a25bd0a26cc7bfe1f2b1349b40637e1df6e2afe,9727a427df0ca2c89b521baa01a6e0f86ac1b8b6808bf8fcc59808f3a99e0110,tj,15af1a79c50b04d0ecc87bf553b9a34d4187350612b5882cdab28f3ab0c9f1bc,1,True,1462270679,1462270679,True,True,0,758763edb95fb57ec24f0c8a02fd6669a91d15041fbd06c96c2436fc686b5aa7
train,115,0ab44b8aa7b5bf671ff56a4d5a25bd0a26cc7bfe1f2b1349b40637e1df6e2afe,9727a427df0ca2c89b521baa01a6e0f86ac1b8b6808bf8fcc59808f3a99e0110,tj,15af1a79c50b04d0ecc87bf553b9a34d4187350612b5882cdab28f3ab0c9f1bc,1,True,1462270685,1462270685,True,True,0,56c2c6a728b38aa97793263369a07c5206f49509d764d02418fcbbca76069fb7
train,116,0ab44b8aa7b5bf671ff56a4d5a25bd0a26cc7bfe1f2b1349b40637e1df6e2afe,9727a427df0ca2c89b521baa01a6e0f86ac1b8b6808bf8fcc59808f3a99e0110,tj,15af1a79c50b04d0ecc87bf553b9a34d4187350612b5882cdab28f3ab0c9f1bc,1,True,1462270691,1462270691,True,True,0,970ac47aab2f8c4a62a16e0f26fb010e9f9b1ad90fdabf6fc9d2056b71acd8b8
train,117,0ab44b8aa7b5bf671ff56a4d5a25bd0a26cc7bfe1f2b1349b40637e1df6e2afe,9727a427df0ca2c89b521baa01a6e0f86ac1b8b6808bf8fcc59808f3a99e0110,tj,15af1a79c50b04d0ecc87bf553b9a34d4187350612b5882cdab28f3ab0c9f1bc,1,True,1462270702,1462270702,True,True,0,6439f13c61c0c82cbeb64314ed1b9aa327c4e43ca15b48d780ef6794f0cd7620
train,118,0ab44b8aa7b5bf671ff56a4d5a25bd0a26cc7bfe1f2b1349b40637e1df6e2afe,9727a427df0ca2c89b521baa01a6e0f86ac1b8b6808bf8fcc59808f3a99e0110,tj,15af1a79c50b04d0ecc87bf553b9a34d4187350612b5882cdab28f3ab0c9f1bc,1,True,1462270711,1462270711,True,True,0,0c8f6b3b4eaaaeb830270da7d32f69b71f797d12916f250c319dcc799d6843df
train,119,0ab44b8aa7b5bf671ff56a4d5a25bd0a26cc7bfe1f2b1349b40637e1df6e2afe,9727a427df0ca2c89b521baa01a6e0f86ac1b8b6808bf8fcc59808f3a99e0110,tj,15af1a79c50b04d0ecc87bf553b9a34d4187350612b5882cdab28f3ab0c9f1bc,1,True,1462270720,1462270720,True,True,0,a5fa8538dd6d82660c354d9db80468551fba79f6853ea2a06c80a5dc718659ff
train,120,0ab44b8aa7b5bf671ff56a4d5a25bd0a26cc7bfe1f2b1349b40637e1df6e2afe,9727a427df0ca2c89b521baa01a6e0f86ac1b8b6808bf8fcc59808f3a99e0110,tj,15af1a79c50b04d0ecc87bf553b9a34d4187350612b5882cdab28f3ab0c9f1bc,1,True,1462270727,1462270727,True,True,0,523ead98fc68ca89a0849c5b1cea8f82775b5f985d54ee3f50137fbead2780bc
train,121,0ab44b8aa7b5bf671ff56a4d5a25bd0a26cc7bfe1f2b1349b40637e1df6e2afe,9727a427df0ca2c89b521baa01a6e0f86ac1b8b6808bf8fcc59808f3a99e0110,tj,15af1a79c50b04d0ecc87bf553b9a34d4187350612b5882cdab28f3ab0c9f1bc,1,True,1462270731,1462270731,True,True,0,2d915c00799596d099c11ea39245dd8c68d6559bab2de5fb022d8a249580bdf2
train,122,0ab44b8aa7b5bf671ff56a4d5a25bd0a26cc7bfe1f2b1349b40637e1df6e2afe,9727a427df0ca2c89b521baa01a6e0f86ac1b8b6808bf8fcc59808f3a99e0110,tj,15af1a79c50b04d0ecc87bf553b9a34d4187350612b5882cdab28f3ab0c9f1bc,1,True,1462270748,1462270748,True,True,0,7a4a1c2bcf72b2a741d9790f171cbfe9a59440848ab1890074bd00a41bfb203e
train,123,0ab44b8aa7b5bf671ff56a4d5a25bd0a26cc7bfe1f2b1349b40637e1df6e2afe,9727a427df0ca2c89b521baa01a6e0f86ac1b8b6808bf8fcc59808f3a99e0110,tj,15af1a79c50b04d0ecc87bf553b9a34d4187350612b5882cdab28f3ab0c9f1bc,1,True,1462270757,1462270757,True,True,0,1296e568d4645e788eab2744652fd22f57e5f816f063f97d55e540b1275b6ad5
train,124,0ab44b8aa7b5bf671ff56a4d5a25bd0a26cc7bfe1f2b1349b40637e1df6e2afe,9727a427df0ca2c89b521baa01a6e0f86ac1b8b6808bf8fcc59808f3a99e0110,tj,15af1a79c50b04d0ecc87bf553b9a34d4187350612b5882cdab28f3ab0c9f1bc,1,True,1462270764,1462270764,True,True,0,f59624d9c57072a47f0a05e5ee6e9c6e38954670da1acad8a6ed4b833e260072
train,125,0ab44b8aa7b5bf671ff56a4d5a25bd0a26cc7bfe1f2b1349b40637e1df6e2afe,9727a427df0ca2c89b521baa01a6e0f86ac1b8b6808bf8fcc59808f3a99e0110,tj,15af1a79c50b04d0ecc87bf553b9a34d4187350612b5882cdab28f3ab0c9f1bc,1,True,1462270770,1462270770,True,True,0,fc2d3aa6fed53daa887f1ff0754de2237f79793fa04521de7b61d866b3cb3917
train,126,0ab44b8aa7b5bf671ff56a4d5a25bd0a26cc7bfe1f2b1349b40637e1df6e2afe,9727a427df0ca2c89b521baa01a6e0f86ac1b8b6808bf8fcc59808f3a99e0110,tj,15af1a79c50b04d0ecc87bf553b9a34d4187350612b5882cdab28f3ab0c9f1bc,1,True,1462270778,1462270778,True,True,0,873046913c56eb104aa8b2c04b7571dd316f2a65ae1e7592108231bede271b2e
train,127,0ab44b8aa7b5bf671ff56a4d5a25bd0a26cc7bfe1f2b1349b40637e1df6e2afe,9727a427df0ca2c89b521baa01a6e0f86ac1b8b6808bf8fcc59808f3a99e0110,tj,15af1a79c50b04d0ecc87bf553b9a34d4187350612b5882cdab28f3ab0c9f1bc,1,True,1462270785,1462270785,True,True,0,d232349624a1683636cf8359f10dbcae9669fd580c327cf60e8db84b9a5c2d70
train,128,0ab44b8aa7b5bf671ff56a4d5a25bd0a26cc7bfe1f2b1349b40637e1df6e2afe,9727a427df0ca2c89b521baa01a6e0f86ac1b8b6808bf8fcc59808f3a99e0110,tj,15af1a79c50b04d0ecc87bf553b9a34d4187350612b5882cdab28f3ab0c9f1bc,1,True,1462270810,1462270810,True,True,0,88c818ca9d0680adb284091f9067b039a55b5c8797b22364432fac9d7ca4d349
train,129,0ab44b8aa7b5bf671ff56a4d5a25bd0a26cc7bfe1f2b1349b40637e1df6e2afe,9727a427df0ca2c89b521baa01a6e0f86ac1b8b6808bf8fcc59808f3a99e0110,tj,15af1a79c50b04d0ecc87bf553b9a34d4187350612b5882cdab28f3ab0c9f1bc,1,True,1462270816,1462270816,True,True,0,c79b48219b7542798b8003c7891239d1eff00164c4bd1332b0bfdb6a6ee0fee5
train,130,0ab44b8aa7b5bf671ff56a4d5a25bd0a26cc7bfe1f2b1349b40637e1df6e2afe,9727a427df0ca2c89b521baa01a6e0f86ac1b8b6808bf8fcc59808f3a99e0110,tj,15af1a79c50b04d0ecc87bf553b9a34d4187350612b5882cdab28f3ab0c9f1bc,1,True,1462270821,1462270821,True,True,0,09ba34750be568e88f0b05443a23b76c97db1c25ab9dc5547ea672167322b7dc
train,131,0ab44b8aa7b5bf671ff56a4d5a25bd0a26cc7bfe1f2b1349b40637e1df6e2afe,9727a427df0ca2c89b521baa01a6e0f86ac1b8b6808bf8fcc59808f3a99e0110,tj,15af1a79c50b04d0ecc87bf553b9a34d4187350612b5882cdab28f3ab0c9f1bc,1,True,1462270830,1462270830,True,True,0,b0a9c51bfebd0a2c5dc907aaf1438afcb27fa779a69315ffedfd13a90f3d44c4
train,132,0ab44b8aa7b5bf671ff56a4d5a25bd0a26cc7bfe1f2b1349b40637e1df6e2afe,9727a427df0ca2c89b521baa01a6e0f86ac1b8b6808bf8fcc59808f3a99e0110,tj,15af1a79c50b04d0ecc87bf553b9a34d4187350612b5882cdab28f3ab0c9f1bc,1,True,1462270837,1462270837,True,True,0,0e8161d841fbaedd871886ffdefa4d5340f5f91854661571c139153dc73805c8
train,133,0ab44b8aa7b5bf671ff56a4d5a25bd0a26cc7bfe1f2b1349b40637e1df6e2afe,9727a427df0ca2c89b521baa01a6e0f86ac1b8b6808bf8fcc59808f3a99e0110,tj,15af1a79c50b04d0ecc87bf553b9a34d4187350612b5882cdab28f3ab0c9f1bc,1,True,1462270844,1462270844,True,True,0,e862e7930d5bcdb8312e6de92854151f82801e6706aadee97703e29c35616f7e
train,134,0ab44b8aa7b5bf671ff56a4d5a25bd0a26cc7bfe1f2b1349b40637e1df6e2afe,9727a427df0ca2c89b521baa01a6e0f86ac1b8b6808bf8fcc59808f3a99e0110,tj,15af1a79c50b04d0ecc87bf553b9a34d4187350612b5882cdab28f3ab0c9f1bc,1,True,1462270848,1462270848,True,True,0,aede670a601d9dad7cc6dbbda4a47364c04e540e6ec25fef5dfb8c1b3e6997cf
train,135,0ab44b8aa7b5bf671ff56a4d5a25bd0a26cc7bfe1f2b1349b40637e1df6e2afe,9727a427df0ca2c89b521baa01a6e0f86ac1b8b6808bf8fcc59808f3a99e0110,tj,15af1a79c50b04d0ecc87bf553b9a34d4187350612b5882cdab28f3ab0c9f1bc,1,True,1462270853,1462270853,True,True,0,de02e38becc2f64a552aed677825e09c6f32178435f3a8547319817ff661ebb2
train,136,0ab44b8aa7b5bf671ff56a4d5a25bd0a26cc7bfe1f2b1349b40637e1df6e2afe,9727a427df0ca2c89b521baa01a6e0f86ac1b8b6808bf8fcc59808f3a99e0110,tj,15af1a79c50b04d0ecc87bf553b9a34d4187350612b5882cdab28f3ab0c9f1bc,1,True,1462270867,1462270867,True,True,0,4195de755bf7b256cb3d57e5b8fc030bd6c9b64c7b0ebe5d4a435ff488481992
train,137,0ab44b8aa7b5bf671ff56a4d5a25bd0a26cc7bfe1f2b1349b40637e1df6e2afe,9727a427df0ca2c89b521baa01a6e0f86ac1b8b6808bf8fcc59808f3a99e0110,tj,15af1a79c50b04d0ecc87bf553b9a34d4187350612b5882cdab28f3ab0c9f1bc,1,True,1462270873,1462270873,True,True,0,0d94e1062d7996416718459b5881d24193139d31f8a8fa01115f1ea32f7d6179
train,138,0ab44b8aa7b5bf671ff56a4d5a25bd0a26cc7bfe1f2b1349b40637e1df6e2afe,9727a427df0ca2c89b521baa01a6e0f86ac1b8b6808bf8fcc59808f3a99e0110,tj,15af1a79c50b04d0ecc87bf553b9a34d4187350612b5882cdab28f3ab0c9f1bc,1,True,1462270882,1462270882,True,True,0,a4fccb35007bc3f1253405e1499ec544ae68cc394a3a249b519ef0b34a37b844
train,139,0ab44b8aa7b5bf671ff56a4d5a25bd0a26cc7bfe1f2b1349b40637e1df6e2afe,9727a427df0ca2c89b521baa01a6e0f86ac1b8b6808bf8fcc59808f3a99e0110,tj,15af1a79c50b04d0ecc87bf553b9a34d4187350612b5882cdab28f3ab0c9f1bc,1,True,1462270894,1462270894,True,True,0,94b57f188fa3327f0b9f2550363adbbc1006ff0a4204ef33b3fccd69f13f6a78
train,140,0ab44b8aa7b5bf671ff56a4d5a25bd0a26cc7bfe1f2b1349b40637e1df6e2afe,9727a427df0ca2c89b521baa01a6e0f86ac1b8b6808bf8fcc59808f3a99e0110,tj,15af1a79c50b04d0ecc87bf553b9a34d4187350612b5882cdab28f3ab0c9f1bc,1,True,1462270901,1462270901,True,True,0,d5e9b64db881cad644b9251ae01820bd40682fbab3677287648314a17c5360ff
train,141,0ab44b8aa7b5bf671ff56a4d5a25bd0a26cc7bfe1f2b1349b40637e1df6e2afe,9727a427df0ca2c89b521baa01a6e0f86ac1b8b6808bf8fcc59808f3a99e0110,tj,15af1a79c50b04d0ecc87bf553b9a34d4187350612b5882cdab28f3ab0c9f1bc,1,True,1462271083,1462271083,True,True,0,b9abfce56ff90a9ee76fd7dd80c3e9fb7f9878bed069ae3132098a79ce1d4448
train,142,0ab44b8aa7b5bf671ff56a4d5a25bd0a26cc7bfe1f2b1349b40637e1df6e2afe,9727a427df0ca2c89b521baa01a6e0f86ac1b8b6808bf8fcc59808f3a99e0110,tj,15af1a79c50b04d0ecc87bf553b9a34d4187350612b5882cdab28f3ab0c9f1bc,1,True,1462271088,1462271088,True,True,0,170a2c4a83bc58a25323747a41e369f9b901ab2096287e7c995d642e6375afe9
train,143,0ab44b8aa7b5bf671ff56a4d5a25bd0a26cc7bfe1f2b1349b40637e1df6e2afe,9727a427df0ca2c89b521baa01a6e0f86ac1b8b6808bf8fcc59808f3a99e0110,tj,15af1a79c50b04d0ecc87bf553b9a34d4187350612b5882cdab28f3ab0c9f1bc,1,True,1462271093,1462271093,True,True,0,0da76db12ac8cdc2ce6ca0795bf5b48d53bf3afbd4c4bf531b351a30c8bdaa4c
train,144,0ab44b8aa7b5bf671ff56a4d5a25bd0a26cc7bfe1f2b1349b40637e1df6e2afe,9727a427df0ca2c89b521baa01a6e0f86ac1b8b6808bf8fcc59808f3a99e0110,tj,15af1a79c50b04d0ecc87bf553b9a34d4187350612b5882cdab28f3ab0c9f1bc,1,True,1462271100,1462271100,True,True,0,3652dfa5fd3b3a97ca35f50f9931c82a741784a7b25946785d3cbcc0395f064a
train,145,0ab44b8aa7b5bf671ff56a4d5a25bd0a26cc7bfe1f2b1349b40637e1df6e2afe,9727a427df0ca2c89b521baa01a6e0f86ac1b8b6808bf8fcc59808f3a99e0110,tj,15af1a79c50b04d0ecc87bf553b9a34d4187350612b5882cdab28f3ab0c9f1bc,1,True,1462271105,1462271105,True,True,0,d0b137fa45a9ba11dfe35cf4e716532893b6dde5450c14bec0f7cf1297ea9213
train,146,0ab44b8aa7b5bf671ff56a4d5a25bd0a26cc7bfe1f2b1349b40637e1df6e2afe,9727a427df0ca2c89b521baa01a6e0f86ac1b8b6808bf8fcc59808f3a99e0110,tj,15af1a79c50b04d0ecc87bf553b9a34d4187350612b5882cdab28f3ab0c9f1bc,1,True,1462271110,1462271110,True,True,0,cd0a28972ce9041986fcaba8c76feb0241fcc8c4c5d9e9bed026fdaa7bed624e
train,147,0ab44b8aa7b5bf671ff56a4d5a25bd0a26cc7bfe1f2b1349b40637e1df6e2afe,9727a427df0ca2c89b521baa01a6e0f86ac1b8b6808bf8fcc59808f3a99e0110,tj,15af1a79c50b04d0ecc87bf553b9a34d4187350612b5882cdab28f3ab0c9f1bc,1,True,1462271116,1462271116,True,True,0,85226a2999d125539b65dbb1c327e5d9a613b2056687388f7bc16e8b948cc159
train,148,0ab44b8aa7b5bf671ff56a4d5a25bd0a26cc7bfe1f2b1349b40637e1df6e2afe,9727a427df0ca2c89b521baa01a6e0f86ac1b8b6808bf8fcc59808f3a99e0110,tj,15af1a79c50b04d0ecc87bf553b9a34d4187350612b5882cdab28f3ab0c9f1bc,1,True,1462271124,1462271124,True,True,0,a3822ae66634c871e43e169ccf6fab8b776499d80d94f25b9490799bd6fe8daf
train,149,0ab44b8aa7b5bf671ff56a4d5a25bd0a26cc7bfe1f2b1349b40637e1df6e2afe,9727a427df0ca2c89b521baa01a6e0f86ac1b8b6808bf8fcc59808f3a99e0110,tj,15af1a79c50b04d0ecc87bf553b9a34d4187350612b5882cdab28f3ab0c9f1bc,1,True,1462271130,1462271130,True,True,0,77bd524585791298c88e52a706ef14059fe228bc3ea601626398c22e87e84fc6
train,150,0ab44b8aa7b5bf671ff56a4d5a25bd0a26cc7bfe1f2b1349b40637e1df6e2afe,9727a427df0ca2c89b521baa01a6e0f86ac1b8b6808bf8fcc59808f3a99e0110,tj,15af1a79c50b04d0ecc87bf553b9a34d4187350612b5882cdab28f3ab0c9f1bc,1,True,1462271134,1462271134,True,True,0,981f47ef5e3e3854d9e7720889ed37e5460724ff9e09d70620fd65ce910b1b3a
train,151,0ab44b8aa7b5bf671ff56a4d5a25bd0a26cc7bfe1f2b1349b40637e1df6e2afe,9727a427df0ca2c89b521baa01a6e0f86ac1b8b6808bf8fcc59808f3a99e0110,tj,15af1a79c50b04d0ecc87bf553b9a34d4187350612b5882cdab28f3ab0c9f1bc,1,True,1462271139,1462271139,True,True,0,426a23d012523fc767cedf5ab006bfc4cbbd3abc8ae91c2e9518210d94f85b3b
train,152,0ab44b8aa7b5bf671ff56a4d5a25bd0a26cc7bfe1f2b1349b40637e1df6e2afe,9727a427df0ca2c89b521baa01a6e0f86ac1b8b6808bf8fcc59808f3a99e0110,tj,15af1a79c50b04d0ecc87bf553b9a34d4187350612b5882cdab28f3ab0c9f1bc,1,True,1462271147,1462271147,True,True,0,e5c38dab06cf51555940470bbd5f1ed33de42b9db34af87948cb22468f2a448c
train,153,0ab44b8aa7b5bf671ff56a4d5a25bd0a26cc7bfe1f2b1349b40637e1df6e2afe,9727a427df0ca2c89b521baa01a6e0f86ac1b8b6808bf8fcc59808f3a99e0110,tj,15af1a79c50b04d0ecc87bf553b9a34d4187350612b5882cdab28f3ab0c9f1bc,1,True,1462271153,1462271153,True,True,0,9df16c14cfa439c20d0783098f87ba3dd4e07a16a87967184a825c973feef56c
train,154,0ab44b8aa7b5bf671ff56a4d5a25bd0a26cc7bfe1f2b1349b40637e1df6e2afe,9727a427df0ca2c89b521baa01a6e0f86ac1b8b6808bf8fcc59808f3a99e0110,tj,15af1a79c50b04d0ecc87bf553b9a34d4187350612b5882cdab28f3ab0c9f1bc,1,True,1462271158,1462271158,True,True,0,fd51c6d18e53613a3df64ae9852363723c5eeeea37c3360cf3cb3e0c1be42fc6
train,155,0ab44b8aa7b5bf671ff56a4d5a25bd0a26cc7bfe1f2b1349b40637e1df6e2afe,9727a427df0ca2c89b521baa01a6e0f86ac1b8b6808bf8fcc59808f3a99e0110,tj,15af1a79c50b04d0ecc87bf553b9a34d4187350612b5882cdab28f3ab0c9f1bc,1,True,1462271163,1462271163,True,True,0,3cdabf34940c9fe47775c1d1b151391b899ff87aa3fe088e06bcef3517f44272
train,156,0ab44b8aa7b5bf671ff56a4d5a25bd0a26cc7bfe1f2b1349b40637e1df6e2afe,9727a427df0ca2c89b521baa01a6e0f86ac1b8b6808bf8fcc59808f3a99e0110,tj,15af1a79c50b04d0ecc87bf553b9a34d4187350612b5882cdab28f3ab0c9f1bc,1,True,1462271167,1462271167,True,True,0,642b0041f581c2daec8c38516cd1a90f54902a3d5384ab558d4924965be4531e
train,157,0ab44b8aa7b5bf671ff56a4d5a25bd0a26cc7bfe1f2b1349b40637e1df6e2afe,9727a427df0ca2c89b521baa01a6e0f86ac1b8b6808bf8fcc59808f3a99e0110,tj,15af1a79c50b04d0ecc87bf553b9a34d4187350612b5882cdab28f3ab0c9f1bc,1,True,1462271175,1462271175,True,True,0,b99a44295720c3317bf985932006db81b9abac7cdcd6db20be066af322c91f2b
train,158,0ab44b8aa7b5bf671ff56a4d5a25bd0a26cc7bfe1f2b1349b40637e1df6e2afe,9727a427df0ca2c89b521baa01a6e0f86ac1b8b6808bf8fcc59808f3a99e0110,tj,15af1a79c50b04d0ecc87bf553b9a34d4187350612b5882cdab28f3ab0c9f1bc,1,True,1462271182,1462271182,True,True,0,38352b90ed79f0ab64d7f379ce144b4f9929268acbbcfb362b5f538faa843490
train,159,0ab44b8aa7b5bf671ff56a4d5a25bd0a26cc7bfe1f2b1349b40637e1df6e2afe,9727a427df0ca2c89b521baa01a6e0f86ac1b8b6808bf8fcc59808f3a99e0110,tj,15af1a79c50b04d0ecc87bf553b9a34d4187350612b5882cdab28f3ab0c9f1bc,1,True,1462271186,1462271186,True,True,0,f0cbd9461c4ed427beb467ee8e920f0f740a05d25f09cda10d48bf11bc0f23c8
train,160,0ab44b8aa7b5bf671ff56a4d5a25bd0a26cc7bfe1f2b1349b40637e1df6e2afe,9727a427df0ca2c89b521baa01a6e0f86ac1b8b6808bf8fcc59808f3a99e0110,tj,15af1a79c50b04d0ecc87bf553b9a34d4187350612b5882cdab28f3ab0c9f1bc,1,True,1462271200,1462271200,True,True,0,4236dc01e825a0c06c080eee8fbf18c80f51a062d1b943e3cde37ba6b4ec4009
train,161,0ab44b8aa7b5bf671ff56a4d5a25bd0a26cc7bfe1f2b1349b40637e1df6e2afe,9727a427df0ca2c89b521baa01a6e0f86ac1b8b6808bf8fcc59808f3a99e0110,tj,15af1a79c50b04d0ecc87bf553b9a34d4187350612b5882cdab28f3ab0c9f1bc,1,True,1462271209,1462271209,True,True,0,ff9cf994b6c6fd03d9717ea18a164e3497b7f2d06561412ac87a9717cde0f545
train,162,0ab44b8aa7b5bf671ff56a4d5a25bd0a26cc7bfe1f2b1349b40637e1df6e2afe,9727a427df0ca2c89b521baa01a6e0f86ac1b8b6808bf8fcc59808f3a99e0110,tj,15af1a79c50b04d0ecc87bf553b9a34d4187350612b5882cdab28f3ab0c9f1bc,1,True,1462271217,1462271217,True,True,0,7dd84697b4b135c7e0a07c670bc50ec31408b2f7759c50899a790f99db044c9c
train,163,0ab44b8aa7b5bf671ff56a4d5a25bd0a26cc7bfe1f2b1349b40637e1df6e2afe,9727a427df0ca2c89b521baa01a6e0f86ac1b8b6808bf8fcc59808f3a99e0110,tj,15af1a79c50b04d0ecc87bf553b9a34d4187350612b5882cdab28f3ab0c9f1bc,1,True,1462271222,1462271222,True,True,0,0561cecd7a2ba4dec9b6abe98527f64bd7db10fc75eb2f67738219dd7be3eea6
train,164,0ab44b8aa7b5bf671ff56a4d5a25bd0a26cc7bfe1f2b1349b40637e1df6e2afe,9727a427df0ca2c89b521baa01a6e0f86ac1b8b6808bf8fcc59808f3a99e0110,tj,15af1a79c50b04d0ecc87bf553b9a34d4187350612b5882cdab28f3ab0c9f1bc,1,True,1462271227,1462271227,True,True,0,40c9347b8410847df3d60ecf56fd6174aa67900c3ad60d46b5180f300e9a7f1b
train,165,0ab44b8aa7b5bf671ff56a4d5a25bd0a26cc7bfe1f2b1349b40637e1df6e2afe,9727a427df0ca2c89b521baa01a6e0f86ac1b8b6808bf8fcc59808f3a99e0110,tj,15af1a79c50b04d0ecc87bf553b9a34d4187350612b5882cdab28f3ab0c9f1bc,1,True,1462271232,1462271232,True,True,0,82c64226e08b4d08e9a85ce74bbcef665d58b74c8ee5f4740af2bf5bac245805
train,166,0ab44b8aa7b5bf671ff56a4d5a25bd0a26cc7bfe1f2b1349b40637e1df6e2afe,9727a427df0ca2c89b521baa01a6e0f86ac1b8b6808bf8fcc59808f3a99e0110,tj,15af1a79c50b04d0ecc87bf553b9a34d4187350612b5882cdab28f3ab0c9f1bc,1,True,1462271236,1462271236,True,True,0,7b974090458f3173c5a5351495ed2f28823ac92a5187b37364e9392f442ee420
train,167,0ab44b8aa7b5bf671ff56a4d5a25bd0a26cc7bfe1f2b1349b40637e1df6e2afe,9727a427df0ca2c89b521baa01a6e0f86ac1b8b6808bf8fcc59808f3a99e0110,tj,15af1a79c50b04d0ecc87bf553b9a34d4187350612b5882cdab28f3ab0c9f1bc,1,True,1462271241,1462271241,True,True,0,e9a20bfcae6d34e0c4db27a895c589abdeac3bbc01bb2c3d1b29d956d130479b
train,168,0ab44b8aa7b5bf671ff56a4d5a25bd0a26cc7bfe1f2b1349b40637e1df6e2afe,9727a427df0ca2c89b521baa01a6e0f86ac1b8b6808bf8fcc59808f3a99e0110,tj,15af1a79c50b04d0ecc87bf553b9a34d4187350612b5882cdab28f3ab0c9f1bc,1,True,1462271248,1462271248,True,True,0,7a0e8e85eca3758397e0beccd87764aa654cae620d9fbc16948c4eab5087969e
train,169,0ab44b8aa7b5bf671ff56a4d5a25bd0a26cc7bfe1f2b1349b40637e1df6e2afe,9727a427df0ca2c89b521baa01a6e0f86ac1b8b6808bf8fcc59808f3a99e0110,tj,15af1a79c50b04d0ecc87bf553b9a34d4187350612b5882cdab28f3ab0c9f1bc,1,True,1462271254,1462271254,True,True,0,8424acbac6600f28d4862669855cac094faebb1536d0d19fe6860547e4863d12
train,170,0ab44b8aa7b5bf671ff56a4d5a25bd0a26cc7bfe1f2b1349b40637e1df6e2afe,9727a427df0ca2c89b521baa01a6e0f86ac1b8b6808bf8fcc59808f3a99e0110,tj,15af1a79c50b04d0ecc87bf553b9a34d4187350612b5882cdab28f3ab0c9f1bc,1,True,1462271259,1462271259,True,True,0,9738c6bf74dd1fcf6cf43c92c392b10d1534c391a2b01269bbebbe6b5bddaeee
train,171,0ab44b8aa7b5bf671ff56a4d5a25bd0a26cc7bfe1f2b1349b40637e1df6e2afe,9727a427df0ca2c89b521baa01a6e0f86ac1b8b6808bf8fcc59808f3a99e0110,tj,15af1a79c50b04d0ecc87bf553b9a34d4187350612b5882cdab28f3ab0c9f1bc,1,True,1462271266,1462271266,True,True,0,b995588d502cd6fd5a0b5c0b23f7d09546c16aab1b2a1992ea6b404423eccc59
train,172,0ab44b8aa7b5bf671ff56a4d5a25bd0a26cc7bfe1f2b1349b40637e1df6e2afe,9727a427df0ca2c89b521baa01a6e0f86ac1b8b6808bf8fcc59808f3a99e0110,tj,15af1a79c50b04d0ecc87bf553b9a34d4187350612b5882cdab28f3ab0c9f1bc,1,True,1462271277,1462271277,True,True,0,292baf245a5854b097318ea731fb2d501b0a00afcd57acb502f51b8ac7c34b31
train,173,0ab44b8aa7b5bf671ff56a4d5a25bd0a26cc7bfe1f2b1349b40637e1df6e2afe,9727a427df0ca2c89b521baa01a6e0f86ac1b8b6808bf8fcc59808f3a99e0110,tj,15af1a79c50b04d0ecc87bf553b9a34d4187350612b5882cdab28f3ab0c9f1bc,1,True,1462271281,1462271281,True,True,0,5f045d4c4fc87433d71a60c1395180d18b58b95a0b5e83c37d8e5198ad751c1e
train,174,0ab44b8aa7b5bf671ff56a4d5a25bd0a26cc7bfe1f2b1349b40637e1df6e2afe,9727a427df0ca2c89b521baa01a6e0f86ac1b8b6808bf8fcc59808f3a99e0110,tj,15af1a79c50b04d0ecc87bf553b9a34d4187350612b5882cdab28f3ab0c9f1bc,1,True,1462271285,1462271285,True,True,0,cb62ddfe8bb30815946d3db554542443f77e2d8b0c7e7dea00259b9fe532fe74
train,175,0ab44b8aa7b5bf671ff56a4d5a25bd0a26cc7bfe1f2b1349b40637e1df6e2afe,9727a427df0ca2c89b521baa01a6e0f86ac1b8b6808bf8fcc59808f3a99e0110,tj,15af1a79c50b04d0ecc87bf553b9a34d4187350612b5882cdab28f3ab0c9f1bc,1,True,1462271290,1462271290,True,True,0,0139f0cc58ed69c792f64a655f7945c569c64b7705ef78fd41d1e6d24817be26
train,176,0ab44b8aa7b5bf671ff56a4d5a25bd0a26cc7bfe1f2b1349b40637e1df6e2afe,9727a427df0ca2c89b521baa01a6e0f86ac1b8b6808bf8fcc59808f3a99e0110,tj,15af1a79c50b04d0ecc87bf553b9a34d4187350612b5882cdab28f3ab0c9f1bc,1,True,1462271294,1462271294,True,True,0,85ac712c4b0eb488512c896369921ede5e3fcf4571dcbf3b4a2f9061f7a14d3f
train,177,0ab44b8aa7b5bf671ff56a4d5a25bd0a26cc7bfe1f2b1349b40637e1df6e2afe,9727a427df0ca2c89b521baa01a6e0f86ac1b8b6808bf8fcc59808f3a99e0110,tj,15af1a79c50b04d0ecc87bf553b9a34d4187350612b5882cdab28f3ab0c9f1bc,1,True,1462271299,1462271299,True,True,0,741f868a4f91044d51835f489630e1fb97e716a6fb87507a872e411196ae9796
train,178,0ab44b8aa7b5bf671ff56a4d5a25bd0a26cc7bfe1f2b1349b40637e1df6e2afe,9727a427df0ca2c89b521baa01a6e0f86ac1b8b6808bf8fcc59808f3a99e0110,tj,15af1a79c50b04d0ecc87bf553b9a34d4187350612b5882cdab28f3ab0c9f1bc,1,True,1462271305,1462271305,True,True,0,5b96123b18221698c69bd9ea50e6aaf1ab3b2d6afb2770063ac86711f25141fb
train,179,0ab44b8aa7b5bf671ff56a4d5a25bd0a26cc7bfe1f2b1349b40637e1df6e2afe,9727a427df0ca2c89b521baa01a6e0f86ac1b8b6808bf8fcc59808f3a99e0110,tj,15af1a79c50b04d0ecc87bf553b9a34d4187350612b5882cdab28f3ab0c9f1bc,1,True,1462271323,1462271323,True,True,0,c7115e5fb83358f4324b3ebd5778965b78332419ad6685972fdadc4fb6bda793
train,180,0ab44b8aa7b5bf671ff56a4d5a25bd0a26cc7bfe1f2b1349b40637e1df6e2afe,9727a427df0ca2c89b521baa01a6e0f86ac1b8b6808bf8fcc59808f3a99e0110,tj,15af1a79c50b04d0ecc87bf553b9a34d4187350612b5882cdab28f3ab0c9f1bc,1,True,1462271329,1462271329,True,True,0,50e6f40539ebcaaabf0653df8e8715913942d1d201332a7851acc0f01dd9b4df
train,181,0ab44b8aa7b5bf671ff56a4d5a25bd0a26cc7bfe1f2b1349b40637e1df6e2afe,9727a427df0ca2c89b521baa01a6e0f86ac1b8b6808bf8fcc59808f3a99e0110,tj,15af1a79c50b04d0ecc87bf553b9a34d4187350612b5882cdab28f3ab0c9f1bc,1,True,1462271333,1462271333,True,True,0,3768ee03c021fd856fa5b2d9942a44bf612f4abe0e7f0702a1d9f35503961a54
train,182,0ab44b8aa7b5bf671ff56a4d5a25bd0a26cc7bfe1f2b1349b40637e1df6e2afe,9727a427df0ca2c89b521baa01a6e0f86ac1b8b6808bf8fcc59808f3a99e0110,tj,15af1a79c50b04d0ecc87bf553b9a34d4187350612b5882cdab28f3ab0c9f1bc,1,True,1462271342,1462271342,True,True,0,27c95a70822845e1f648ef9ef6d41e0631394730e927a7d3a3279b751cc0acec
train,183,0ab44b8aa7b5bf671ff56a4d5a25bd0a26cc7bfe1f2b1349b40637e1df6e2afe,9727a427df0ca2c89b521baa01a6e0f86ac1b8b6808bf8fcc59808f3a99e0110,tj,15af1a79c50b04d0ecc87bf553b9a34d4187350612b5882cdab28f3ab0c9f1bc,1,True,1462271346,1462271346,True,True,0,a243280b25c1d35f6568ea65c95f06129d045655240e23cb939fb574d6bdbbe3
train,184,0ab44b8aa7b5bf671ff56a4d5a25bd0a26cc7bfe1f2b1349b40637e1df6e2afe,9727a427df0ca2c89b521baa01a6e0f86ac1b8b6808bf8fcc59808f3a99e0110,tj,15af1a79c50b04d0ecc87bf553b9a34d4187350612b5882cdab28f3ab0c9f1bc,1,True,1462271357,1462271357,True,True,0,e443629877c5fa2447c53082152447d536d0d9f6142e2173a9a43c77cfa136b7
train,185,0ab44b8aa7b5bf671ff56a4d5a25bd0a26cc7bfe1f2b1349b40637e1df6e2afe,9727a427df0ca2c89b521baa01a6e0f86ac1b8b6808bf8fcc59808f3a99e0110,tj,15af1a79c50b04d0ecc87bf553b9a34d4187350612b5882cdab28f3ab0c9f1bc,1,True,1462271365,1462271365,True,True,0,400cc30181e0d188db613e49a0670b5dd2568b7e8d4737c44aa45228a1d56887
train,186,0ab44b8aa7b5bf671ff56a4d5a25bd0a26cc7bfe1f2b1349b40637e1df6e2afe,9727a427df0ca2c89b521baa01a6e0f86ac1b8b6808bf8fcc59808f3a99e0110,tj,15af1a79c50b04d0ecc87bf553b9a34d4187350612b5882cdab28f3ab0c9f1bc,1,True,1462271373,1462271373,True,True,0,53ebdd7449737f4c9ba9286c148de5ca0096594cf27e5726d3bec9ece80030f4
train,187,0ab44b8aa7b5bf671ff56a4d5a25bd0a26cc7bfe1f2b1349b40637e1df6e2afe,9727a427df0ca2c89b521baa01a6e0f86ac1b8b6808bf8fcc59808f3a99e0110,tj,15af1a79c50b04d0ecc87bf553b9a34d4187350612b5882cdab28f3ab0c9f1bc,1,True,1462271382,1462271382,True,True,0,054b16dd245131cbcdd94faf78820e0d812e2950629f4fdcce6dfe573c9ee441
train,188,0ab44b8aa7b5bf671ff56a4d5a25bd0a26cc7bfe1f2b1349b40637e1df6e2afe,9727a427df0ca2c89b521baa01a6e0f86ac1b8b6808bf8fcc59808f3a99e0110,tj,15af1a79c50b04d0ecc87bf553b9a34d4187350612b5882cdab28f3ab0c9f1bc,1,True,1462271388,1462271388,True,True,0,82ad58ea7382af8864b919b5bc1f89324ec6a97f21bfbdbe62945ec67007f107
train,189,0ab44b8aa7b5bf671ff56a4d5a25bd0a26cc7bfe1f2b1349b40637e1df6e2afe,9727a427df0ca2c89b521baa01a6e0f86ac1b8b6808bf8fcc59808f3a99e0110,tj,15af1a79c50b04d0ecc87bf553b9a34d4187350612b5882cdab28f3ab0c9f1bc,1,True,1462271394,1462271394,True,True,0,42bbe7e9dda8b62e25e38b963723ff6e310adf101f9cfbb6a31a0f56d8964653
train,190,0ab44b8aa7b5bf671ff56a4d5a25bd0a26cc7bfe1f2b1349b40637e1df6e2afe,9727a427df0ca2c89b521baa01a6e0f86ac1b8b6808bf8fcc59808f3a99e0110,tj,15af1a79c50b04d0ecc87bf553b9a34d4187350612b5882cdab28f3ab0c9f1bc,1,True,1462271401,1462271401,True,True,0,980ff96ba1e8a19e50b903d3b71774c1862df8874a9bd54c553c8db32ffb0bfe
train,191,0ab44b8aa7b5bf671ff56a4d5a25bd0a26cc7bfe1f2b1349b40637e1df6e2afe,9727a427df0ca2c89b521baa01a6e0f86ac1b8b6808bf8fcc59808f3a99e0110,tj,15af1a79c50b04d0ecc87bf553b9a34d4187350612b5882cdab28f3ab0c9f1bc,1,True,1462271405,1462271405,True,True,0,a9098880cf6fc6cde7ab8e7caa1a6731cf4dcaec2287b2fdc37166d1fe9b8321
train,192,0ab44b8aa7b5bf671ff56a4d5a25bd0a26cc7bfe1f2b1349b40637e1df6e2afe,9727a427df0ca2c89b521baa01a6e0f86ac1b8b6808bf8fcc59808f3a99e0110,tj,15af1a79c50b04d0ecc87bf553b9a34d4187350612b5882cdab28f3ab0c9f1bc,1,True,1462271411,1462271411,True,True,0,c43d1bdf5a303569756db0dfcf33e5addc8281f1acb0e2d9267e6360a06656b9
train,193,0ab44b8aa7b5bf671ff56a4d5a25bd0a26cc7bfe1f2b1349b40637e1df6e2afe,9727a427df0ca2c89b521baa01a6e0f86ac1b8b6808bf8fcc59808f3a99e0110,tj,15af1a79c50b04d0ecc87bf553b9a34d4187350612b5882cdab28f3ab0c9f1bc,1,True,1462271418,1462271418,True,True,0,8c97015f9fc231cca737cf50a7d68ae22aa6d96becc8cb871ff20bc31012976f
train,194,0ab44b8aa7b5bf671ff56a4d5a25bd0a26cc7bfe1f2b1349b40637e1df6e2afe,9727a427df0ca2c89b521baa01a6e0f86ac1b8b6808bf8fcc59808f3a99e0110,tj,15af1a79c50b04d0ecc87bf553b9a34d4187350612b5882cdab28f3ab0c9f1bc,1,True,1462271423,1462271423,True,True,0,b24ecd93d4531eac42dc0aa2324bc95ff7de8c96d6d6a02358038ab6f955af89
train,195,0ab44b8aa7b5bf671ff56a4d5a25bd0a26cc7bfe1f2b1349b40637e1df6e2afe,9727a427df0ca2c89b521baa01a6e0f86ac1b8b6808bf8fcc59808f3a99e0110,tj,15af1a79c50b04d0ecc87bf553b9a34d4187350612b5882cdab28f3ab0c9f1bc,1,True,1462271434,1462271434,True,True,0,2d2568be6f7559061fb52e9dd6f88f794bb8660d50f956078ec6a3c78f6d48af
train,196,0ab44b8aa7b5bf671ff56a4d5a25bd0a26cc7bfe1f2b1349b40637e1df6e2afe,9727a427df0ca2c89b521baa01a6e0f86ac1b8b6808bf8fcc59808f3a99e0110,tj,15af1a79c50b04d0ecc87bf553b9a34d4187350612b5882cdab28f3ab0c9f1bc,1,True,1462271443,1462271443,True,True,0,4a524a777de089af2d3a97dc51041c33a875cc4c861525fba877bce4fcc2c6eb
train,197,0ab44b8aa7b5bf671ff56a4d5a25bd0a26cc7bfe1f2b1349b40637e1df6e2afe,9727a427df0ca2c89b521baa01a6e0f86ac1b8b6808bf8fcc59808f3a99e0110,tj,15af1a79c50b04d0ecc87bf553b9a34d4187350612b5882cdab28f3ab0c9f1bc,1,True,1462271453,1462271453,True,True,0,6cb2fba71028dd7d143ccf416d073c240aa9e321e3f380af5be212553a2c4440
train,198,0ab44b8aa7b5bf671ff56a4d5a25bd0a26cc7bfe1f2b1349b40637e1df6e2afe,9727a427df0ca2c89b521baa01a6e0f86ac1b8b6808bf8fcc59808f3a99e0110,tj,15af1a79c50b04d0ecc87bf553b9a34d4187350612b5882cdab28f3ab0c9f1bc,1,True,1462271458,1462271458,True,True,0,7d1294cf2f84c82a84b5ab50dbc60ed495f89f2dd8ae97368cc1d37f07503a79
train,199,0ab44b8aa7b5bf671ff56a4d5a25bd0a26cc7bfe1f2b1349b40637e1df6e2afe,9727a427df0ca2c89b521baa01a6e0f86ac1b8b6808bf8fcc59808f3a99e0110,tj,15af1a79c50b04d0ecc87bf553b9a34d4187350612b5882cdab28f3ab0c9f1bc,1,True,1462271466,1462271466,True,True,0,b9591eded4b319ca8f2a5e436edcbe388f7aef0ed5a71ebf98ebfa772b92e3c0
train,200,0ab44b8aa7b5bf671ff56a4d5a25bd0a26cc7bfe1f2b1349b40637e1df6e2afe,9727a427df0ca2c89b521baa01a6e0f86ac1b8b6808bf8fcc59808f3a99e0110,tj,15af1a79c50b04d0ecc87bf553b9a34d4187350612b5882cdab28f3ab0c9f1bc,1,True,1462271471,1462271471,True,True,0,cc56d3c69527ecaaed460823e337effd73800f061010db019529857bc26cb0db
train,201,0ab44b8aa7b5bf671ff56a4d5a25bd0a26cc7bfe1f2b1349b40637e1df6e2afe,9727a427df0ca2c89b521baa01a6e0f86ac1b8b6808bf8fcc59808f3a99e0110,tj,15af1a79c50b04d0ecc87bf553b9a34d4187350612b5882cdab28f3ab0c9f1bc,1,True,1462271481,1462271481,True,True,0,5f8896b039999bfcfff91e0686921aff88c41a8316ceb35ecdba2784b7cadb52
train,202,0ab44b8aa7b5bf671ff56a4d5a25bd0a26cc7bfe1f2b1349b40637e1df6e2afe,9727a427df0ca2c89b521baa01a6e0f86ac1b8b6808bf8fcc59808f3a99e0110,tj,15af1a79c50b04d0ecc87bf553b9a34d4187350612b5882cdab28f3ab0c9f1bc,1,True,1462271496,1462271496,True,True,0,f54c6a02ff4dbd53eac160136aa27cc40605a32f5bf13e3e17d82369e763603f
train,203,0ab44b8aa7b5bf671ff56a4d5a25bd0a26cc7bfe1f2b1349b40637e1df6e2afe,9727a427df0ca2c89b521baa01a6e0f86ac1b8b6808bf8fcc59808f3a99e0110,tj,15af1a79c50b04d0ecc87bf553b9a34d4187350612b5882cdab28f3ab0c9f1bc,1,True,1462271501,1462271501,True,True,0,78d14946f010d3d9539ba784413167a9f29f0be2f9d1d32948f0070705e1c6cd
train,204,0ab44b8aa7b5bf671ff56a4d5a25bd0a26cc7bfe1f2b1349b40637e1df6e2afe,9727a427df0ca2c89b521baa01a6e0f86ac1b8b6808bf8fcc59808f3a99e0110,tj,15af1a79c50b04d0ecc87bf553b9a34d4187350612b5882cdab28f3ab0c9f1bc,1,True,1462271516,1462271516,True,True,0,2726125c9b2268f06055080e36b11d95609280595987a926c3f4aa501164e4c5
train,205,0ab44b8aa7b5bf671ff56a4d5a25bd0a26cc7bfe1f2b1349b40637e1df6e2afe,9727a427df0ca2c89b521baa01a6e0f86ac1b8b6808bf8fcc59808f3a99e0110,tj,15af1a79c50b04d0ecc87bf553b9a34d4187350612b5882cdab28f3ab0c9f1bc,1,True,1462271521,1462271521,True,True,0,40d88fd13b6a5ffb02aef579baa21c971bcc4f0668bded94a22cf4c6a5e0034a
train,206,0ab44b8aa7b5bf671ff56a4d5a25bd0a26cc7bfe1f2b1349b40637e1df6e2afe,9727a427df0ca2c89b521baa01a6e0f86ac1b8b6808bf8fcc59808f3a99e0110,tj,15af1a79c50b04d0ecc87bf553b9a34d4187350612b5882cdab28f3ab0c9f1bc,1,True,1462271526,1462271526,True,True,0,8240838bb3c340850ef32c4d20aa0bf943f2837a5f69c6d0d7744b91ba8a8120
train,207,0ab44b8aa7b5bf671ff56a4d5a25bd0a26cc7bfe1f2b1349b40637e1df6e2afe,9727a427df0ca2c89b521baa01a6e0f86ac1b8b6808bf8fcc59808f3a99e0110,tj,15af1a79c50b04d0ecc87bf553b9a34d4187350612b5882cdab28f3ab0c9f1bc,1,True,1462271534,1462271534,True,True,0,175ec4b1c43fd0a694f64955141d4b757523efb5f83c2380976c8e4e91900621
train,208,0ab44b8aa7b5bf671ff56a4d5a25bd0a26cc7bfe1f2b1349b40637e1df6e2afe,9727a427df0ca2c89b521baa01a6e0f86ac1b8b6808bf8fcc59808f3a99e0110,tj,15af1a79c50b04d0ecc87bf553b9a34d4187350612b5882cdab28f3ab0c9f1bc,1,True,1462271540,1462271540,True,True,0,7d9833acd7f93b36927f1f75112d6f494d241aeea7f23d21e8447d4e5574aff5
train,209,0ab44b8aa7b5bf671ff56a4d5a25bd0a26cc7bfe1f2b1349b40637e1df6e2afe,9727a427df0ca2c89b521baa01a6e0f86ac1b8b6808bf8fcc59808f3a99e0110,tj,15af1a79c50b04d0ecc87bf553b9a34d4187350612b5882cdab28f3ab0c9f1bc,1,True,1462271546,1462271546,True,True,0,e95b273e9feb30d5ae9910195fe3d71533633f5b011efd734a9ee8329cd284fa
train,210,0ab44b8aa7b5bf671ff56a4d5a25bd0a26cc7bfe1f2b1349b40637e1df6e2afe,9727a427df0ca2c89b521baa01a6e0f86ac1b8b6808bf8fcc59808f3a99e0110,tj,15af1a79c50b04d0ecc87bf553b9a34d4187350612b5882cdab28f3ab0c9f1bc,1,True,1462271556,1462271556,True,True,0,37427f19a7f6ba050c5b3e87a7f1fe5259e486fcff8eb323d973909c98861daa
train,211,0ab44b8aa7b5bf671ff56a4d5a25bd0a26cc7bfe1f2b1349b40637e1df6e2afe,9727a427df0ca2c89b521baa01a6e0f86ac1b8b6808bf8fcc59808f3a99e0110,tj,15af1a79c50b04d0ecc87bf553b9a34d4187350612b5882cdab28f3ab0c9f1bc,1,True,1462271561,1462271561,True,True,0,84f5d60754fb29accd180d35b4576bdf2d8ccfad60e7042bdd6927fe91462475
train,212,0ab44b8aa7b5bf671ff56a4d5a25bd0a26cc7bfe1f2b1349b40637e1df6e2afe,9727a427df0ca2c89b521baa01a6e0f86ac1b8b6808bf8fcc59808f3a99e0110,tj,15af1a79c50b04d0ecc87bf553b9a34d4187350612b5882cdab28f3ab0c9f1bc,1,True,1462271566,1462271566,True,True,0,c8c51623abc9cc0ff2c7eaedbd9b7e1f3bca15642bbde589e85e054778a64153
train,213,0ab44b8aa7b5bf671ff56a4d5a25bd0a26cc7bfe1f2b1349b40637e1df6e2afe,9727a427df0ca2c89b521baa01a6e0f86ac1b8b6808bf8fcc59808f3a99e0110,tj,15af1a79c50b04d0ecc87bf553b9a34d4187350612b5882cdab28f3ab0c9f1bc,1,True,1462271570,1462271570,True,True,0,1493a0a9a1e1ed82e451c51723b19e74674410ca0ad367bf4449703bb0f654d8
train,214,0ab44b8aa7b5bf671ff56a4d5a25bd0a26cc7bfe1f2b1349b40637e1df6e2afe,9727a427df0ca2c89b521baa01a6e0f86ac1b8b6808bf8fcc59808f3a99e0110,tj,15af1a79c50b04d0ecc87bf553b9a34d4187350612b5882cdab28f3ab0c9f1bc,1,True,1462271576,1462271576,True,True,0,ea27ebe93063aa233cf90fd34f6fa37cdb48437a68bb1ae8c74199b85ad3cf3b
train,215,0ab44b8aa7b5bf671ff56a4d5a25bd0a26cc7bfe1f2b1349b40637e1df6e2afe,9727a427df0ca2c89b521baa01a6e0f86ac1b8b6808bf8fcc59808f3a99e0110,tj,15af1a79c50b04d0ecc87bf553b9a34d4187350612b5882cdab28f3ab0c9f1bc,1,True,1462271582,1462271582,True,True,0,1372ee51c4f09dcde02a201b87c754f461d4d1cd7b15eab4910009c57bfc8319
train,216,0ab44b8aa7b5bf671ff56a4d5a25bd0a26cc7bfe1f2b1349b40637e1df6e2afe,9727a427df0ca2c89b521baa01a6e0f86ac1b8b6808bf8fcc59808f3a99e0110,tj,15af1a79c50b04d0ecc87bf553b9a34d4187350612b5882cdab28f3ab0c9f1bc,1,True,1462271590,1462271590,True,True,0,6344ada9ae26a029cbe9bf2a529588adc5941cbd889f6446b01d06f31e24f50a
train,217,0ab44b8aa7b5bf671ff56a4d5a25bd0a26cc7bfe1f2b1349b40637e1df6e2afe,9727a427df0ca2c89b521baa01a6e0f86ac1b8b6808bf8fcc59808f3a99e0110,tj,15af1a79c50b04d0ecc87bf553b9a34d4187350612b5882cdab28f3ab0c9f1bc,1,True,1462271597,1462271597,True,True,0,80ac95d1fd1ffcd535a4b827f13e0d72bcc6575ba607c018f76d25b4b1cdabf3
train,218,0ab44b8aa7b5bf671ff56a4d5a25bd0a26cc7bfe1f2b1349b40637e1df6e2afe,9727a427df0ca2c89b521baa01a6e0f86ac1b8b6808bf8fcc59808f3a99e0110,tj,15af1a79c50b04d0ecc87bf553b9a34d4187350612b5882cdab28f3ab0c9f1bc,1,True,1462271605,1462271605,True,True,0,9df030966dd14da6d796fad333a1a5d67fa6e40c50e6d8a5cf4f453400bd48cb
train,219,0ab44b8aa7b5bf671ff56a4d5a25bd0a26cc7bfe1f2b1349b40637e1df6e2afe,9727a427df0ca2c89b521baa01a6e0f86ac1b8b6808bf8fcc59808f3a99e0110,tj,15af1a79c50b04d0ecc87bf553b9a34d4187350612b5882cdab28f3ab0c9f1bc,1,True,1462271611,1462271611,True,True,0,d03ace64ca3217e0066be04f1a3715eaa53d4c12e17646a704c515730b173f2e
train,220,0ab44b8aa7b5bf671ff56a4d5a25bd0a26cc7bfe1f2b1349b40637e1df6e2afe,9727a427df0ca2c89b521baa01a6e0f86ac1b8b6808bf8fcc59808f3a99e0110,tj,15af1a79c50b04d0ecc87bf553b9a34d4187350612b5882cdab28f3ab0c9f1bc,1,True,1462271617,1462271617,True,True,0,f237520ff71c75ab69821df9aca7e785cf06b134f45bbe4e9020767663a8651b
train,221,0ab44b8aa7b5bf671ff56a4d5a25bd0a26cc7bfe1f2b1349b40637e1df6e2afe,9727a427df0ca2c89b521baa01a6e0f86ac1b8b6808bf8fcc59808f3a99e0110,tj,15af1a79c50b04d0ecc87bf553b9a34d4187350612b5882cdab28f3ab0c9f1bc,1,True,1462271625,1462271625,True,True,0,f3b92a474ccc1560bb59bde7647bafcfef255e198275aa3a5d445d0d4641bf79
train,222,0ab44b8aa7b5bf671ff56a4d5a25bd0a26cc7bfe1f2b1349b40637e1df6e2afe,9727a427df0ca2c89b521baa01a6e0f86ac1b8b6808bf8fcc59808f3a99e0110,tj,15af1a79c50b04d0ecc87bf553b9a34d4187350612b5882cdab28f3ab0c9f1bc,1,True,1462271636,1462271636,True,True,0,0751d4f8e24cd52454e89b44894aff6142a5bddd5c65847646871aff89d63e28
train,223,0ab44b8aa7b5bf671ff56a4d5a25bd0a26cc7bfe1f2b1349b40637e1df6e2afe,9727a427df0ca2c89b521baa01a6e0f86ac1b8b6808bf8fcc59808f3a99e0110,tj,15af1a79c50b04d0ecc87bf553b9a34d4187350612b5882cdab28f3ab0c9f1bc,1,True,1462271644,1462271644,True,True,0,0ec41ecfd26d0cf6d82350153ec0797b4b6db3dfd4b96cdceb1b26f113680f01
train,224,0ab44b8aa7b5bf671ff56a4d5a25bd0a26cc7bfe1f2b1349b40637e1df6e2afe,9727a427df0ca2c89b521baa01a6e0f86ac1b8b6808bf8fcc59808f3a99e0110,tj,15af1a79c50b04d0ecc87bf553b9a34d4187350612b5882cdab28f3ab0c9f1bc,1,True,1462271654,1462271654,True,True,0,453dfc290c0db086622ada59c55f0412d333a15678241292a638f463f59f12fa
train,225,0ab44b8aa7b5bf671ff56a4d5a25bd0a26cc7bfe1f2b1349b40637e1df6e2afe,9727a427df0ca2c89b521baa01a6e0f86ac1b8b6808bf8fcc59808f3a99e0110,tj,15af1a79c50b04d0ecc87bf553b9a34d4187350612b5882cdab28f3ab0c9f1bc,1,True,1462271682,1462271682,True,True,0,c8c0608ce9fa48b636bdfa3134f2cc9e90f2c528d486f108f7e21c84674e57a0
train,226,0ab44b8aa7b5bf671ff56a4d5a25bd0a26cc7bfe1f2b1349b40637e1df6e2afe,9727a427df0ca2c89b521baa01a6e0f86ac1b8b6808bf8fcc59808f3a99e0110,tj,15af1a79c50b04d0ecc87bf553b9a34d4187350612b5882cdab28f3ab0c9f1bc,1,True,1462271687,1462271687,True,True,0,6fac7dd1aec2d8edf6e36bb4655e7a4e5de3ae69e5065eb80a473a4210f3a24f
train,227,0ab44b8aa7b5bf671ff56a4d5a25bd0a26cc7bfe1f2b1349b40637e1df6e2afe,9727a427df0ca2c89b521baa01a6e0f86ac1b8b6808bf8fcc59808f3a99e0110,tj,15af1a79c50b04d0ecc87bf553b9a34d4187350612b5882cdab28f3ab0c9f1bc,1,True,1462271691,1462271691,True,True,0,c6f5480fd6e48d023c78668fccec5e5d4e713deab4a02fdfd496e599f3eeae8d
train,228,0ab44b8aa7b5bf671ff56a4d5a25bd0a26cc7bfe1f2b1349b40637e1df6e2afe,9727a427df0ca2c89b521baa01a6e0f86ac1b8b6808bf8fcc59808f3a99e0110,tj,15af1a79c50b04d0ecc87bf553b9a34d4187350612b5882cdab28f3ab0c9f1bc,1,True,1462271706,1462271706,True,True,0,c33a720466fdb9043d0ca5cb4fa65b2422a9cb99ae3c9d4b2517e0e1a89c1a59
train,229,0ab44b8aa7b5bf671ff56a4d5a25bd0a26cc7bfe1f2b1349b40637e1df6e2afe,9727a427df0ca2c89b521baa01a6e0f86ac1b8b6808bf8fcc59808f3a99e0110,tj,15af1a79c50b04d0ecc87bf553b9a34d4187350612b5882cdab28f3ab0c9f1bc,1,True,1462271711,1462271711,True,True,0,56650d9797709ac388b84d2ec7d57792309ead6532d8c7947648f59353f86d4a
train,230,0ab44b8aa7b5bf671ff56a4d5a25bd0a26cc7bfe1f2b1349b40637e1df6e2afe,9727a427df0ca2c89b521baa01a6e0f86ac1b8b6808bf8fcc59808f3a99e0110,tj,15af1a79c50b04d0ecc87bf553b9a34d4187350612b5882cdab28f3ab0c9f1bc,1,True,1462271717,1462271717,True,True,0,9d644d75f10b9751d9ea74937d35c647d8fcd683df2a8e84a9e2eb342f331431
train,231,0ab44b8aa7b5bf671ff56a4d5a25bd0a26cc7bfe1f2b1349b40637e1df6e2afe,9727a427df0ca2c89b521baa01a6e0f86ac1b8b6808bf8fcc59808f3a99e0110,tj,15af1a79c50b04d0ecc87bf553b9a34d4187350612b5882cdab28f3ab0c9f1bc,1,True,1462271721,1462271721,True,True,0,0aa0a73c27502d040228aecc5502f4e57c2d41ceb769a93c7ba6ad8947418aea
train,232,0ab44b8aa7b5bf671ff56a4d5a25bd0a26cc7bfe1f2b1349b40637e1df6e2afe,9727a427df0ca2c89b521baa01a6e0f86ac1b8b6808bf8fcc59808f3a99e0110,tj,15af1a79c50b04d0ecc87bf553b9a34d4187350612b5882cdab28f3ab0c9f1bc,1,True,1462271730,1462271730,True,True,0,67d1b689ac448c9609a9e3a88234a0c75e4bfbca9c965e1ff12496343dcb9f37
train,233,0ab44b8aa7b5bf671ff56a4d5a25bd0a26cc7bfe1f2b1349b40637e1df6e2afe,9727a427df0ca2c89b521baa01a6e0f86ac1b8b6808bf8fcc59808f3a99e0110,tj,15af1a79c50b04d0ecc87bf553b9a34d4187350612b5882cdab28f3ab0c9f1bc,1,True,1462271735,1462271735,True,True,0,5516f3961897e7c5126d2d00d8e289dfce9fa5f9a2a8817dd7faee5c5d355197
train,234,0ab44b8aa7b5bf671ff56a4d5a25bd0a26cc7bfe1f2b1349b40637e1df6e2afe,9727a427df0ca2c89b521baa01a6e0f86ac1b8b6808bf8fcc59808f3a99e0110,tj,15af1a79c50b04d0ecc87bf553b9a34d4187350612b5882cdab28f3ab0c9f1bc,1,True,1462271741,1462271741,True,True,0,2877012e18f987ba1603dbba0e9f94c69785967165029c6775795982271e9c44
train,235,0ab44b8aa7b5bf671ff56a4d5a25bd0a26cc7bfe1f2b1349b40637e1df6e2afe,9727a427df0ca2c89b521baa01a6e0f86ac1b8b6808bf8fcc59808f3a99e0110,tj,15af1a79c50b04d0ecc87bf553b9a34d4187350612b5882cdab28f3ab0c9f1bc,1,True,1462271748,1462271748,True,True,0,e840cb66ea8b2dccfd4be0fdb3f2f301dc887b031be75eee2cca25639a3e1110
train,236,0ab44b8aa7b5bf671ff56a4d5a25bd0a26cc7bfe1f2b1349b40637e1df6e2afe,9727a427df0ca2c89b521baa01a6e0f86ac1b8b6808bf8fcc59808f3a99e0110,tj,15af1a79c50b04d0ecc87bf553b9a34d4187350612b5882cdab28f3ab0c9f1bc,1,True,1462271760,1462271760,True,True,0,f914101b12fdc628641e3b42ce93d6920925116a30aa352de345ba1907784c7b
train,237,0ab44b8aa7b5bf671ff56a4d5a25bd0a26cc7bfe1f2b1349b40637e1df6e2afe,9727a427df0ca2c89b521baa01a6e0f86ac1b8b6808bf8fcc59808f3a99e0110,tj,15af1a79c50b04d0ecc87bf553b9a34d4187350612b5882cdab28f3ab0c9f1bc,1,True,1462271771,1462271771,True,True,0,93cae8740e72441854125128966e1378f7041f9893f282d2e61ab2006d5602fd
train,238,0ab44b8aa7b5bf671ff56a4d5a25bd0a26cc7bfe1f2b1349b40637e1df6e2afe,9727a427df0ca2c89b521baa01a6e0f86ac1b8b6808bf8fcc59808f3a99e0110,tj,15af1a79c50b04d0ecc87bf553b9a34d4187350612b5882cdab28f3ab0c9f1bc,1,True,1462271776,1462271776,True,True,0,de427b9e10862f32aa4a36d571d196f30c8fe4c2ccc037b6884576300ab1a531
train,239,0ab44b8aa7b5bf671ff56a4d5a25bd0a26cc7bfe1f2b1349b40637e1df6e2afe,9727a427df0ca2c89b521baa01a6e0f86ac1b8b6808bf8fcc59808f3a99e0110,tj,15af1a79c50b04d0ecc87bf553b9a34d4187350612b5882cdab28f3ab0c9f1bc,1,True,1462271783,1462271783,True,True,0,a0b1c5b1aa93a33d77c49cb2f801e5f9889d6e3ae3fd75024d2f1fd17eb02aca
train,240,0ab44b8aa7b5bf671ff56a4d5a25bd0a26cc7bfe1f2b1349b40637e1df6e2afe,9727a427df0ca2c89b521baa01a6e0f86ac1b8b6808bf8fcc59808f3a99e0110,tj,15af1a79c50b04d0ecc87bf553b9a34d4187350612b5882cdab28f3ab0c9f1bc,1,True,1462271799,1462271799,True,True,0,4ee45b72c0192563cd3495a03b7452a5ee2e32caf889f90fe9ab81d3190da68c
train,241,0ab44b8aa7b5bf671ff56a4d5a25bd0a26cc7bfe1f2b1349b40637e1df6e2afe,9727a427df0ca2c89b521baa01a6e0f86ac1b8b6808bf8fcc59808f3a99e0110,tj,15af1a79c50b04d0ecc87bf553b9a34d4187350612b5882cdab28f3ab0c9f1bc,1,True,1462271805,1462271805,True,True,0,047b7f39f4bb58973388a31a33ea92fbe9bcb14d8914a9022fd53b14303b8aa9
train,242,0ab44b8aa7b5bf671ff56a4d5a25bd0a26cc7bfe1f2b1349b40637e1df6e2afe,9727a427df0ca2c89b521baa01a6e0f86ac1b8b6808bf8fcc59808f3a99e0110,tj,15af1a79c50b04d0ecc87bf553b9a34d4187350612b5882cdab28f3ab0c9f1bc,1,True,1462271811,1462271811,True,True,0,4bcb7b6a7ca19116627036460698c970ce66006225d4aaf5e293b0be5ba2f263
train,243,0ab44b8aa7b5bf671ff56a4d5a25bd0a26cc7bfe1f2b1349b40637e1df6e2afe,9727a427df0ca2c89b521baa01a6e0f86ac1b8b6808bf8fcc59808f3a99e0110,tj,15af1a79c50b04d0ecc87bf553b9a34d4187350612b5882cdab28f3ab0c9f1bc,1,True,1462271816,1462271816,True,True,0,081e74989bd5e368956b0bd88a7fe0662629bd74dadc1606a8b6659c86befda7
train,244,0ab44b8aa7b5bf671ff56a4d5a25bd0a26cc7bfe1f2b1349b40637e1df6e2afe,9727a427df0ca2c89b521baa01a6e0f86ac1b8b6808bf8fcc59808f3a99e0110,tj,15af1a79c50b04d0ecc87bf553b9a34d4187350612b5882cdab28f3ab0c9f1bc,1,True,1462271822,1462271822,True,True,0,aa3d86ee3b3776831d0c348abc6d87b0fdeafaa1464408bbd67a78280d08fea0
train,245,0ab44b8aa7b5bf671ff56a4d5a25bd0a26cc7bfe1f2b1349b40637e1df6e2afe,9727a427df0ca2c89b521baa01a6e0f86ac1b8b6808bf8fcc59808f3a99e0110,tj,15af1a79c50b04d0ecc87bf553b9a34d4187350612b5882cdab28f3ab0c9f1bc,1,True,1462271833,1462271833,True,True,0,f6a083213d4a5297116c2a8021d97f3af248c8700342b53f15f5c17ebdf52836
train,246,0ab44b8aa7b5bf671ff56a4d5a25bd0a26cc7bfe1f2b1349b40637e1df6e2afe,9727a427df0ca2c89b521baa01a6e0f86ac1b8b6808bf8fcc59808f3a99e0110,tj,15af1a79c50b04d0ecc87bf553b9a34d4187350612b5882cdab28f3ab0c9f1bc,1,True,1462271838,1462271838,True,True,0,655cbc02e1aaf22ced4a320214191fa5151073399f77595084d5682f8de5fec4
train,247,0ab44b8aa7b5bf671ff56a4d5a25bd0a26cc7bfe1f2b1349b40637e1df6e2afe,9727a427df0ca2c89b521baa01a6e0f86ac1b8b6808bf8fcc59808f3a99e0110,tj,15af1a79c50b04d0ecc87bf553b9a34d4187350612b5882cdab28f3ab0c9f1bc,1,True,1462271843,1462271843,True,True,0,66ebf7ec28fc665f55d1da905d8b514f63feca47a0a678e065afa04551418800
train,248,0ab44b8aa7b5bf671ff56a4d5a25bd0a26cc7bfe1f2b1349b40637e1df6e2afe,9727a427df0ca2c89b521baa01a6e0f86ac1b8b6808bf8fcc59808f3a99e0110,tj,15af1a79c50b04d0ecc87bf553b9a34d4187350612b5882cdab28f3ab0c9f1bc,1,True,1462271850,1462271850,True,True,0,bd1fd993a89d1cfb632a1d19f2e2d833cb920c816854dbc5a07fc81027ce9307
train,249,0ab44b8aa7b5bf671ff56a4d5a25bd0a26cc7bfe1f2b1349b40637e1df6e2afe,9727a427df0ca2c89b521baa01a6e0f86ac1b8b6808bf8fcc59808f3a99e0110,tj,15af1a79c50b04d0ecc87bf553b9a34d4187350612b5882cdab28f3ab0c9f1bc,1,True,1462271860,1462271860,True,True,0,b2103bbdcf13fe1340f6eef2680564e4c2dd92ff0e204ecb4d68f6e93ad991ea
train,250,0ab44b8aa7b5bf671ff56a4d5a25bd0a26cc7bfe1f2b1349b40637e1df6e2afe,9727a427df0ca2c89b521baa01a6e0f86ac1b8b6808bf8fcc59808f3a99e0110,tj,15af1a79c50b04d0ecc87bf553b9a34d4187350612b5882cdab28f3ab0c9f1bc,1,True,1462271865,1462271865,True,True,0,c6f16b8946745d1c5a3c94d4815be050f5b752d08a5b51123cebbc8ac0c5d68f
train,251,0ab44b8aa7b5bf671ff56a4d5a25bd0a26cc7bfe1f2b1349b40637e1df6e2afe,9727a427df0ca2c89b521baa01a6e0f86ac1b8b6808bf8fcc59808f3a99e0110,tj,15af1a79c50b04d0ecc87bf553b9a34d4187350612b5882cdab28f3ab0c9f1bc,1,True,1462271870,1462271870,True,True,0,6cb7f5c35bdd60b007d4f2bc66815bd78a503ccf424d83b798b0bf6b496c13c1
train,252,0ab44b8aa7b5bf671ff56a4d5a25bd0a26cc7bfe1f2b1349b40637e1df6e2afe,9727a427df0ca2c89b521baa01a6e0f86ac1b8b6808bf8fcc59808f3a99e0110,tj,15af1a79c50b04d0ecc87bf553b9a34d4187350612b5882cdab28f3ab0c9f1bc,1,True,1462271880,1462271880,True,True,0,aa14c152bcd38cea284448722afccdaf41c28eb28af25c6cf3534ab4391af440
train,253,0ab44b8aa7b5bf671ff56a4d5a25bd0a26cc7bfe1f2b1349b40637e1df6e2afe,9727a427df0ca2c89b521baa01a6e0f86ac1b8b6808bf8fcc59808f3a99e0110,tj,15af1a79c50b04d0ecc87bf553b9a34d4187350612b5882cdab28f3ab0c9f1bc,1,True,1462271890,1462271890,True,True,0,c95a20b17693b178476ba671ae56539acb1493b5602fcba1a4b54e24ef1d0b6f
train,254,0ab44b8aa7b5bf671ff56a4d5a25bd0a26cc7bfe1f2b1349b40637e1df6e2afe,9727a427df0ca2c89b521baa01a6e0f86ac1b8b6808bf8fcc59808f3a99e0110,tj,15af1a79c50b04d0ecc87bf553b9a34d4187350612b5882cdab28f3ab0c9f1bc,1,True,1462271897,1462271897,True,True,0,8be853c9ad010c69fe2767341f0a53fad13a7a97540ae64ab751a281f7cc2d58
train,255,0ab44b8aa7b5bf671ff56a4d5a25bd0a26cc7bfe1f2b1349b40637e1df6e2afe,9727a427df0ca2c89b521baa01a6e0f86ac1b8b6808bf8fcc59808f3a99e0110,tj,15af1a79c50b04d0ecc87bf553b9a34d4187350612b5882cdab28f3ab0c9f1bc,1,True,1462271903,1462271903,True,True,0,9212c4c75a5945230bfe2d4b308c5d7154f2d304039ed46801d41637dea19e3e
train,256,0ab44b8aa7b5bf671ff56a4d5a25bd0a26cc7bfe1f2b1349b40637e1df6e2afe,9727a427df0ca2c89b521baa01a6e0f86ac1b8b6808bf8fcc59808f3a99e0110,tj,15af1a79c50b04d0ecc87bf553b9a34d4187350612b5882cdab28f3ab0c9f1bc,1,True,1462271912,1462271912,True,True,0,468e09324745385709e647b264a20bdb2771de727990388bd6962b77e1e7d73b
train,257,0ab44b8aa7b5bf671ff56a4d5a25bd0a26cc7bfe1f2b1349b40637e1df6e2afe,9727a427df0ca2c89b521baa01a6e0f86ac1b8b6808bf8fcc59808f3a99e0110,tj,15af1a79c50b04d0ecc87bf553b9a34d4187350612b5882cdab28f3ab0c9f1bc,1,True,1462271918,1462271918,True,True,0,04b53a440ae27804ec546fae04ee8831234106e5de6dd45612aa498c314e9e02
train,258,0ab44b8aa7b5bf671ff56a4d5a25bd0a26cc7bfe1f2b1349b40637e1df6e2afe,9727a427df0ca2c89b521baa01a6e0f86ac1b8b6808bf8fcc59808f3a99e0110,tj,15af1a79c50b04d0ecc87bf553b9a34d4187350612b5882cdab28f3ab0c9f1bc,1,True,1462271925,1462271925,True,True,0,cb36651f77a3f2dc9d57bd21fa5def7e73ebde37eb2a1267deff91adf9f2a190
train,259,0ab44b8aa7b5bf671ff56a4d5a25bd0a26cc7bfe1f2b1349b40637e1df6e2afe,9727a427df0ca2c89b521baa01a6e0f86ac1b8b6808bf8fcc59808f3a99e0110,tj,15af1a79c50b04d0ecc87bf553b9a34d4187350612b5882cdab28f3ab0c9f1bc,1,True,1462271930,1462271930,True,True,0,b884426cb8b7b4c5a1bf98e8ce5445a6bacdb217b4569ef31edfcaeb41003904
train,260,0ab44b8aa7b5bf671ff56a4d5a25bd0a26cc7bfe1f2b1349b40637e1df6e2afe,9727a427df0ca2c89b521baa01a6e0f86ac1b8b6808bf8fcc59808f3a99e0110,tj,15af1a79c50b04d0ecc87bf553b9a34d4187350612b5882cdab28f3ab0c9f1bc,1,True,1462271935,1462271935,True,True,0,ed3e4fd56277062e0f7089dac9dabf8a24c80d600eb2883556cbf145002005c2
train,261,0ab44b8aa7b5bf671ff56a4d5a25bd0a26cc7bfe1f2b1349b40637e1df6e2afe,9727a427df0ca2c89b521baa01a6e0f86ac1b8b6808bf8fcc59808f3a99e0110,tj,15af1a79c50b04d0ecc87bf553b9a34d4187350612b5882cdab28f3ab0c9f1bc,1,True,1462271940,1462271940,True,True,0,6345c3190d193f2bebdc0c4bb1bab436be65e4041b2944c775ca5ce5afa570e9
train,262,0ab44b8aa7b5bf671ff56a4d5a25bd0a26cc7bfe1f2b1349b40637e1df6e2afe,9727a427df0ca2c89b521baa01a6e0f86ac1b8b6808bf8fcc59808f3a99e0110,tj,15af1a79c50b04d0ecc87bf553b9a34d4187350612b5882cdab28f3ab0c9f1bc,1,True,1462271944,1462271944,True,True,0,13776f362a4aa35c4e065a4941379a6b538818b5e41d28a6f4cf3bba6638d2c0
train,263,0ab44b8aa7b5bf671ff56a4d5a25bd0a26cc7bfe1f2b1349b40637e1df6e2afe,9727a427df0ca2c89b521baa01a6e0f86ac1b8b6808bf8fcc59808f3a99e0110,tj,15af1a79c50b04d0ecc87bf553b9a34d4187350612b5882cdab28f3ab0c9f1bc,1,True,1462271953,1462271953,True,True,0,e2834e8e7cede1f287bfbf7e12bed07ee920b0bf72c0c5a901a861f7958be209
train,264,0ab44b8aa7b5bf671ff56a4d5a25bd0a26cc7bfe1f2b1349b40637e1df6e2afe,9727a427df0ca2c89b521baa01a6e0f86ac1b8b6808bf8fcc59808f3a99e0110,tj,15af1a79c50b04d0ecc87bf553b9a34d4187350612b5882cdab28f3ab0c9f1bc,1,True,1462271958,1462271958,True,True,0,0a619773fef50fb1cd7a90f47fe233421bb5b5e2f7735373a5e683c7873f34d0
train,265,0ab44b8aa7b5bf671ff56a4d5a25bd0a26cc7bfe1f2b1349b40637e1df6e2afe,9727a427df0ca2c89b521baa01a6e0f86ac1b8b6808bf8fcc59808f3a99e0110,tj,15af1a79c50b04d0ecc87bf553b9a34d4187350612b5882cdab28f3ab0c9f1bc,1,True,1462271965,1462271965,True,True,0,4a1b4904f2b5205d8b20676d1f2a86babfbd0b9eebad7580e4d1a52a590bcebf
train,266,0ab44b8aa7b5bf671ff56a4d5a25bd0a26cc7bfe1f2b1349b40637e1df6e2afe,9727a427df0ca2c89b521baa01a6e0f86ac1b8b6808bf8fcc59808f3a99e0110,tj,15af1a79c50b04d0ecc87bf553b9a34d4187350612b5882cdab28f3ab0c9f1bc,1,True,1462271970,1462271970,True,True,0,6b4f094c12d001436ed3bad83d55bc77172bf80026dca260194fe8c72d317895
train,267,0ab44b8aa7b5bf671ff56a4d5a25bd0a26cc7bfe1f2b1349b40637e1df6e2afe,9727a427df0ca2c89b521baa01a6e0f86ac1b8b6808bf8fcc59808f3a99e0110,tj,15af1a79c50b04d0ecc87bf553b9a34d4187350612b5882cdab28f3ab0c9f1bc,1,True,1462271978,1462271978,True,True,0,224b05d07a3e84b66f72d1b471299c0222be6d6643357393f77378ae4afba016
train,268,0ab44b8aa7b5bf671ff56a4d5a25bd0a26cc7bfe1f2b1349b40637e1df6e2afe,9727a427df0ca2c89b521baa01a6e0f86ac1b8b6808bf8fcc59808f3a99e0110,tj,15af1a79c50b04d0ecc87bf553b9a34d4187350612b5882cdab28f3ab0c9f1bc,1,True,1462271985,1462271985,True,True,0,b4df94f6e866f7f1f461a3dca596cc2144c88c3185815230c65cd80971e85f9d
train,269,0ab44b8aa7b5bf671ff56a4d5a25bd0a26cc7bfe1f2b1349b40637e1df6e2afe,9727a427df0ca2c89b521baa01a6e0f86ac1b8b6808bf8fcc59808f3a99e0110,tj,15af1a79c50b04d0ecc87bf553b9a34d4187350612b5882cdab28f3ab0c9f1bc,1,True,1462271996,1462271996,True,True,0,93c17607bcd6c56d2101021a4aa4fb3178bc5f445e8b0cedc1c3522547c40d33
train,270,0ab44b8aa7b5bf671ff56a4d5a25bd0a26cc7bfe1f2b1349b40637e1df6e2afe,9727a427df0ca2c89b521baa01a6e0f86ac1b8b6808bf8fcc59808f3a99e0110,tj,15af1a79c50b04d0ecc87bf553b9a34d4187350612b5882cdab28f3ab0c9f1bc,1,True,1462272001,1462272001,True,True,0,d683411e12cf462d5787f33397fd1cd85f1af6708ffcda95c0b40e03da574bf1
train,271,0ab44b8aa7b5bf671ff56a4d5a25bd0a26cc7bfe1f2b1349b40637e1df6e2afe,9727a427df0ca2c89b521baa01a6e0f86ac1b8b6808bf8fcc59808f3a99e0110,tj,15af1a79c50b04d0ecc87bf553b9a34d4187350612b5882cdab28f3ab0c9f1bc,1,True,1462272007,1462272007,True,True,0,44aa80c6b3c1fd42dc21654b6044f8ce29074fa55d1e3a70b44bf9e847d0b1d1
train,272,0ab44b8aa7b5bf671ff56a4d5a25bd0a26cc7bfe1f2b1349b40637e1df6e2afe,9727a427df0ca2c89b521baa01a6e0f86ac1b8b6808bf8fcc59808f3a99e0110,tj,15af1a79c50b04d0ecc87bf553b9a34d4187350612b5882cdab28f3ab0c9f1bc,1,True,1462272014,1462272014,True,True,0,b66c8cf4ebb7b54f2c26dcc27f0dbe33b34c2200c234ca01aa5c55d3634271b6
train,273,0ab44b8aa7b5bf671ff56a4d5a25bd0a26cc7bfe1f2b1349b40637e1df6e2afe,9727a427df0ca2c89b521baa01a6e0f86ac1b8b6808bf8fcc59808f3a99e0110,tj,15af1a79c50b04d0ecc87bf553b9a34d4187350612b5882cdab28f3ab0c9f1bc,1,True,1462272019,1462272019,True,True,0,14b2fc9d71896b1e978e31cf0dc58fb69fc65e9ca20ad8b1f15131b8a6d3e871
train,274,0ab44b8aa7b5bf671ff56a4d5a25bd0a26cc7bfe1f2b1349b40637e1df6e2afe,9727a427df0ca2c89b521baa01a6e0f86ac1b8b6808bf8fcc59808f3a99e0110,tj,15af1a79c50b04d0ecc87bf553b9a34d4187350612b5882cdab28f3ab0c9f1bc,1,True,1462272025,1462272025,True,True,0,692a7661a6d72531493b99cd147733b61cb301a04c2be98b2d2a1fbed475ff6a
train,275,0ab44b8aa7b5bf671ff56a4d5a25bd0a26cc7bfe1f2b1349b40637e1df6e2afe,9727a427df0ca2c89b521baa01a6e0f86ac1b8b6808bf8fcc59808f3a99e0110,tj,15af1a79c50b04d0ecc87bf553b9a34d4187350612b5882cdab28f3ab0c9f1bc,1,True,1462272037,1462272037,True,True,0,5dbf60ad4fd83c0e3bb531dc6505dafad5e9052f975407a17dc4e30837686090
train,276,0ab44b8aa7b5bf671ff56a4d5a25bd0a26cc7bfe1f2b1349b40637e1df6e2afe,9727a427df0ca2c89b521baa01a6e0f86ac1b8b6808bf8fcc59808f3a99e0110,tj,15af1a79c50b04d0ecc87bf553b9a34d4187350612b5882cdab28f3ab0c9f1bc,1,True,1462272043,1462272043,True,True,0,3f4ecd95bfa2803de0019e2ce7b3698e7791a259ed588534abfaa540e9e752ff
train,277,0ab44b8aa7b5bf671ff56a4d5a25bd0a26cc7bfe1f2b1349b40637e1df6e2afe,9727a427df0ca2c89b521baa01a6e0f86ac1b8b6808bf8fcc59808f3a99e0110,tj,15af1a79c50b04d0ecc87bf553b9a34d4187350612b5882cdab28f3ab0c9f1bc,1,True,1462272048,1462272048,True,True,0,7cdb0317ec998ffafc6af1b3f11d0cbad83eacd4b83c4de1d4fc24d6d09bb272
train,278,0ab44b8aa7b5bf671ff56a4d5a25bd0a26cc7bfe1f2b1349b40637e1df6e2afe,9727a427df0ca2c89b521baa01a6e0f86ac1b8b6808bf8fcc59808f3a99e0110,tj,15af1a79c50b04d0ecc87bf553b9a34d4187350612b5882cdab28f3ab0c9f1bc,1,True,1462272054,1462272054,True,True,0,805f972eecdfe4f37955e7a488a787b731a09dc8960aa7c2b8779330ae6f4db0
train,279,0ab44b8aa7b5bf671ff56a4d5a25bd0a26cc7bfe1f2b1349b40637e1df6e2afe,9727a427df0ca2c89b521baa01a6e0f86ac1b8b6808bf8fcc59808f3a99e0110,tj,15af1a79c50b04d0ecc87bf553b9a34d4187350612b5882cdab28f3ab0c9f1bc,1,True,1462272058,1462272058,True,True,0,7b7018c685153d9f6b2a58e6cb37dac71494dd87c09fcc23080b15052df3eecb
train,280,0ab44b8aa7b5bf671ff56a4d5a25bd0a26cc7bfe1f2b1349b40637e1df6e2afe,9727a427df0ca2c89b521baa01a6e0f86ac1b8b6808bf8fcc59808f3a99e0110,tj,15af1a79c50b04d0ecc87bf553b9a34d4187350612b5882cdab28f3ab0c9f1bc,1,True,1462272064,1462272064,True,True,0,61a3317ce0df67895677aeb45a334de0ba35d3ac53988a405b862af874a7e5c4
train,281,0ab44b8aa7b5bf671ff56a4d5a25bd0a26cc7bfe1f2b1349b40637e1df6e2afe,9727a427df0ca2c89b521baa01a6e0f86ac1b8b6808bf8fcc59808f3a99e0110,tj,15af1a79c50b04d0ecc87bf553b9a34d4187350612b5882cdab28f3ab0c9f1bc,1,True,1462272076,1462272076,True,True,0,c3038264f0704a08087c306c515f87acea972b6407e05d996833e00bc64e5d38
train,282,0ab44b8aa7b5bf671ff56a4d5a25bd0a26cc7bfe1f2b1349b40637e1df6e2afe,9727a427df0ca2c89b521baa01a6e0f86ac1b8b6808bf8fcc59808f3a99e0110,tj,15af1a79c50b04d0ecc87bf553b9a34d4187350612b5882cdab28f3ab0c9f1bc,1,True,1462272090,1462272090,True,True,0,74ee8bca3f1cecf7a6023fae25312d4c02abcf1b47c3972ddcd190ffe44bd634
train,283,0ab44b8aa7b5bf671ff56a4d5a25bd0a26cc7bfe1f2b1349b40637e1df6e2afe,9727a427df0ca2c89b521baa01a6e0f86ac1b8b6808bf8fcc59808f3a99e0110,tj,15af1a79c50b04d0ecc87bf553b9a34d4187350612b5882cdab28f3ab0c9f1bc,1,True,1462272095,1462272095,True,True,0,6fdec270ce50f46eb2ed3f94e53d926a27eedb510a9913646fd06b2d6ad54c80
train,284,0ab44b8aa7b5bf671ff56a4d5a25bd0a26cc7bfe1f2b1349b40637e1df6e2afe,9727a427df0ca2c89b521baa01a6e0f86ac1b8b6808bf8fcc59808f3a99e0110,tj,15af1a79c50b04d0ecc87bf553b9a34d4187350612b5882cdab28f3ab0c9f1bc,1,True,1462272103,1462272103,True,True,0,08eb042b9d81f14a161ec2a65117414fd34bebb13e04b0c55a1316a70766ea88
train,285,0ab44b8aa7b5bf671ff56a4d5a25bd0a26cc7bfe1f2b1349b40637e1df6e2afe,9727a427df0ca2c89b521baa01a6e0f86ac1b8b6808bf8fcc59808f3a99e0110,tj,15af1a79c50b04d0ecc87bf553b9a34d4187350612b5882cdab28f3ab0c9f1bc,1,True,1462272110,1462272110,True,True,0,f64a6a460233511f4b628146ed05407fbb383604c2c162a6f7b8b5745ee9e388
train,286,0ab44b8aa7b5bf671ff56a4d5a25bd0a26cc7bfe1f2b1349b40637e1df6e2afe,9727a427df0ca2c89b521baa01a6e0f86ac1b8b6808bf8fcc59808f3a99e0110,tj,15af1a79c50b04d0ecc87bf553b9a34d4187350612b5882cdab28f3ab0c9f1bc,1,True,1462272116,1462272116,True,True,0,6df4d4e3d924357ceb9458575af690ec26e8b7b4c1039e12b0ad8e586fa6bafe
train,287,0ab44b8aa7b5bf671ff56a4d5a25bd0a26cc7bfe1f2b1349b40637e1df6e2afe,9727a427df0ca2c89b521baa01a6e0f86ac1b8b6808bf8fcc59808f3a99e0110,tj,15af1a79c50b04d0ecc87bf553b9a34d4187350612b5882cdab28f3ab0c9f1bc,1,True,1462272122,1462272122,True,True,0,cda72af0e4a0788d0c03efb58c94178ed1fb59c7bc09a4e67688d03c2016f2bb
train,288,0ab44b8aa7b5bf671ff56a4d5a25bd0a26cc7bfe1f2b1349b40637e1df6e2afe,9727a427df0ca2c89b521baa01a6e0f86ac1b8b6808bf8fcc59808f3a99e0110,tj,15af1a79c50b04d0ecc87bf553b9a34d4187350612b5882cdab28f3ab0c9f1bc,1,True,1462272132,1462272132,True,True,0,bfd30556546ad41d3b4d7defaf27d7c9efc3a9d2568d4f2945c345adf4fe9d13
train,289,0ab44b8aa7b5bf671ff56a4d5a25bd0a26cc7bfe1f2b1349b40637e1df6e2afe,9727a427df0ca2c89b521baa01a6e0f86ac1b8b6808bf8fcc59808f3a99e0110,tj,15af1a79c50b04d0ecc87bf553b9a34d4187350612b5882cdab28f3ab0c9f1bc,1,True,1462272139,1462272139,True,True,0,67bcdc19bfdf13bfb4fab8f993f707ecf9cae4905eb2b8d0070fcaf6eaff7d74
train,290,0ab44b8aa7b5bf671ff56a4d5a25bd0a26cc7bfe1f2b1349b40637e1df6e2afe,9727a427df0ca2c89b521baa01a6e0f86ac1b8b6808bf8fcc59808f3a99e0110,tj,15af1a79c50b04d0ecc87bf553b9a34d4187350612b5882cdab28f3ab0c9f1bc,1,True,1462272144,1462272144,True,True,0,93ee4da9a9123568d76d9ed99b30b6a3f54c28ecdc75608db0c439d846c61e53
train,291,0ab44b8aa7b5bf671ff56a4d5a25bd0a26cc7bfe1f2b1349b40637e1df6e2afe,9727a427df0ca2c89b521baa01a6e0f86ac1b8b6808bf8fcc59808f3a99e0110,tj,15af1a79c50b04d0ecc87bf553b9a34d4187350612b5882cdab28f3ab0c9f1bc,1,True,1462272152,1462272152,True,True,0,11981751a8261db2dc31f104e166eb7474595c86d0cf7cea97de53b600fce96e
train,292,0ab44b8aa7b5bf671ff56a4d5a25bd0a26cc7bfe1f2b1349b40637e1df6e2afe,9727a427df0ca2c89b521baa01a6e0f86ac1b8b6808bf8fcc59808f3a99e0110,tj,15af1a79c50b04d0ecc87bf553b9a34d4187350612b5882cdab28f3ab0c9f1bc,1,True,1462272159,1462272159,True,True,0,95ccf734cb0e1df34dbc5d99d1bf58d9e856313e0b020858d26bd3c8dbedae9e
train,293,0ab44b8aa7b5bf671ff56a4d5a25bd0a26cc7bfe1f2b1349b40637e1df6e2afe,9727a427df0ca2c89b521baa01a6e0f86ac1b8b6808bf8fcc59808f3a99e0110,tj,15af1a79c50b04d0ecc87bf553b9a34d4187350612b5882cdab28f3ab0c9f1bc,1,True,1462272166,1462272166,True,True,0,f6df089d136f729529e3eb3e7a6c4fc35a933a3d043795f8f78f58c6e69b1149
train,294,0ab44b8aa7b5bf671ff56a4d5a25bd0a26cc7bfe1f2b1349b40637e1df6e2afe,9727a427df0ca2c89b521baa01a6e0f86ac1b8b6808bf8fcc59808f3a99e0110,tj,15af1a79c50b04d0ecc87bf553b9a34d4187350612b5882cdab28f3ab0c9f1bc,1,True,1462272173,1462272173,True,True,0,47baafea78b337aa14a3dc0f37aff9ad68349d481f94796295622314cfc5b322
train,295,0ab44b8aa7b5bf671ff56a4d5a25bd0a26cc7bfe1f2b1349b40637e1df6e2afe,9727a427df0ca2c89b521baa01a6e0f86ac1b8b6808bf8fcc59808f3a99e0110,tj,15af1a79c50b04d0ecc87bf553b9a34d4187350612b5882cdab28f3ab0c9f1bc,1,True,1462272182,1462272182,True,True,0,f14d51033b6bdfe9e2fad7a2a3ed9d9d7a8d48c09f2fa78531e13187d2974365
train,296,0ab44b8aa7b5bf671ff56a4d5a25bd0a26cc7bfe1f2b1349b40637e1df6e2afe,9727a427df0ca2c89b521baa01a6e0f86ac1b8b6808bf8fcc59808f3a99e0110,tj,15af1a79c50b04d0ecc87bf553b9a34d4187350612b5882cdab28f3ab0c9f1bc,1,True,1462272191,1462272191,True,True,0,94abd48124a053c7dfe4ed7fe6f2e361a3e275aab391b03963ec7502f3a5fbc8
train,297,0ab44b8aa7b5bf671ff56a4d5a25bd0a26cc7bfe1f2b1349b40637e1df6e2afe,9727a427df0ca2c89b521baa01a6e0f86ac1b8b6808bf8fcc59808f3a99e0110,tj,15af1a79c50b04d0ecc87bf553b9a34d4187350612b5882cdab28f3ab0c9f1bc,1,True,1462272246,1462272246,True,True,0,df5c687ecd77ea8f5612bd9753dde909bd73b2fa5ded21f7997bd4d4de254233
train,298,0ab44b8aa7b5bf671ff56a4d5a25bd0a26cc7bfe1f2b1349b40637e1df6e2afe,9727a427df0ca2c89b521baa01a6e0f86ac1b8b6808bf8fcc59808f3a99e0110,tj,15af1a79c50b04d0ecc87bf553b9a34d4187350612b5882cdab28f3ab0c9f1bc,1,True,1462272250,1462272250,True,True,0,90544235140a47725474864e79488cb8e104ce5b77a7c7e81eb9318ba9185151
train,299,0ab44b8aa7b5bf671ff56a4d5a25bd0a26cc7bfe1f2b1349b40637e1df6e2afe,9727a427df0ca2c89b521baa01a6e0f86ac1b8b6808bf8fcc59808f3a99e0110,tj,15af1a79c50b04d0ecc87bf553b9a34d4187350612b5882cdab28f3ab0c9f1bc,1,True,1462272256,1462272256,True,True,0,8db0fb1e8ae8ff2e968e1d28cc5871255e37868d72d47d427851a7db492e23db
train,300,0ab44b8aa7b5bf671ff56a4d5a25bd0a26cc7bfe1f2b1349b40637e1df6e2afe,9727a427df0ca2c89b521baa01a6e0f86ac1b8b6808bf8fcc59808f3a99e0110,tj,15af1a79c50b04d0ecc87bf553b9a34d4187350612b5882cdab28f3ab0c9f1bc,1,True,1462272265,1462272265,True,True,0,d74de4f6bf1ab06a0debfec6d98fb772b5889df1fbd3aec4b3fbeba546b751e7
train,301,0ab44b8aa7b5bf671ff56a4d5a25bd0a26cc7bfe1f2b1349b40637e1df6e2afe,9727a427df0ca2c89b521baa01a6e0f86ac1b8b6808bf8fcc59808f3a99e0110,tj,15af1a79c50b04d0ecc87bf553b9a34d4187350612b5882cdab28f3ab0c9f1bc,1,True,1462272273,1462272273,True,True,0,e08a0efad5e400724c0ebdcaa572606a900e7ab7c25d56eaaf4b72cd63add57f
train,302,0ab44b8aa7b5bf671ff56a4d5a25bd0a26cc7bfe1f2b1349b40637e1df6e2afe,9727a427df0ca2c89b521baa01a6e0f86ac1b8b6808bf8fcc59808f3a99e0110,tj,15af1a79c50b04d0ecc87bf553b9a34d4187350612b5882cdab28f3ab0c9f1bc,1,True,1462272278,1462272278,True,True,0,0308fd3010105d7798be6729acdf065a27f2b6e92a34460e4a2fdcfd37acfba4
train,303,0ab44b8aa7b5bf671ff56a4d5a25bd0a26cc7bfe1f2b1349b40637e1df6e2afe,9727a427df0ca2c89b521baa01a6e0f86ac1b8b6808bf8fcc59808f3a99e0110,tj,15af1a79c50b04d0ecc87bf553b9a34d4187350612b5882cdab28f3ab0c9f1bc,1,True,1462272289,1462272289,True,True,0,2f65c98b09928d1c4b2f4c2b5e264c33e4928971d976fae9df25fa59705d7cfc
train,304,0ab44b8aa7b5bf671ff56a4d5a25bd0a26cc7bfe1f2b1349b40637e1df6e2afe,9727a427df0ca2c89b521baa01a6e0f86ac1b8b6808bf8fcc59808f3a99e0110,tj,15af1a79c50b04d0ecc87bf553b9a34d4187350612b5882cdab28f3ab0c9f1bc,1,True,1462272296,1462272296,True,True,0,e5ea459b625fc153f5bfe4e5bc37864d74ca7b65d42c964a1dd54d93a5f8baab
train,305,0ab44b8aa7b5bf671ff56a4d5a25bd0a26cc7bfe1f2b1349b40637e1df6e2afe,9727a427df0ca2c89b521baa01a6e0f86ac1b8b6808bf8fcc59808f3a99e0110,tj,15af1a79c50b04d0ecc87bf553b9a34d4187350612b5882cdab28f3ab0c9f1bc,1,True,1462272303,1462272303,True,True,0,e0722b41f28929543b667b6c761f33969f5947c3dbc1a12de791321e4027e5b8
train,306,0ab44b8aa7b5bf671ff56a4d5a25bd0a26cc7bfe1f2b1349b40637e1df6e2afe,9727a427df0ca2c89b521baa01a6e0f86ac1b8b6808bf8fcc59808f3a99e0110,tj,15af1a79c50b04d0ecc87bf553b9a34d4187350612b5882cdab28f3ab0c9f1bc,1,True,1462272312,1462272312,True,True,0,6e0dadd70ac9e5dd3335a15e78d2f2dbc8c0127e815cf9523864b0fec78e0cd9
train,307,0ab44b8aa7b5bf671ff56a4d5a25bd0a26cc7bfe1f2b1349b40637e1df6e2afe,9727a427df0ca2c89b521baa01a6e0f86ac1b8b6808bf8fcc59808f3a99e0110,tj,15af1a79c50b04d0ecc87bf553b9a34d4187350612b5882cdab28f3ab0c9f1bc,1,True,1462272317,1462272317,True,True,0,43bced0819a28f0d7f3b20156c40937e58fc1923b4ae5874aad5a5b353510ed5
train,308,0ab44b8aa7b5bf671ff56a4d5a25bd0a26cc7bfe1f2b1349b40637e1df6e2afe,9727a427df0ca2c89b521baa01a6e0f86ac1b8b6808bf8fcc59808f3a99e0110,tj,15af1a79c50b04d0ecc87bf553b9a34d4187350612b5882cdab28f3ab0c9f1bc,1,True,1462272324,1462272324,True,True,0,1e18455a81e2f05b66e846496585e7bd137c0fb5bfa40040da7b3b807832bd6a
train,309,0ab44b8aa7b5bf671ff56a4d5a25bd0a26cc7bfe1f2b1349b40637e1df6e2afe,9727a427df0ca2c89b521baa01a6e0f86ac1b8b6808bf8fcc59808f3a99e0110,tj,15af1a79c50b04d0ecc87bf553b9a34d4187350612b5882cdab28f3ab0c9f1bc,1,True,1462272329,1462272329,True,True,0,12656b6dea0a9d7c5553021296c44eaac9a761c6e7b2db1ca45c703680927976
train,310,0ab44b8aa7b5bf671ff56a4d5a25bd0a26cc7bfe1f2b1349b40637e1df6e2afe,9727a427df0ca2c89b521baa01a6e0f86ac1b8b6808bf8fcc59808f3a99e0110,tj,15af1a79c50b04d0ecc87bf553b9a34d4187350612b5882cdab28f3ab0c9f1bc,1,True,1462272336,1462272336,True,True,0,846750ede780edc5666167ee46887bf1d58f89c7246420ebb0daf9eb6677672c
train,311,0ab44b8aa7b5bf671ff56a4d5a25bd0a26cc7bfe1f2b1349b40637e1df6e2afe,9727a427df0ca2c89b521baa01a6e0f86ac1b8b6808bf8fcc59808f3a99e0110,tj,15af1a79c50b04d0ecc87bf553b9a34d4187350612b5882cdab28f3ab0c9f1bc,1,True,1462272343,1462272343,True,True,0,337eb70aa0d479b330703fe6cb5c9d1f216283fe14f9fc8e625be2d53815b396
train,312,0ab44b8aa7b5bf671ff56a4d5a25bd0a26cc7bfe1f2b1349b40637e1df6e2afe,9727a427df0ca2c89b521baa01a6e0f86ac1b8b6808bf8fcc59808f3a99e0110,tj,15af1a79c50b04d0ecc87bf553b9a34d4187350612b5882cdab28f3ab0c9f1bc,1,True,1462272361,1462272361,True,True,0,22c037fbeebf20dcf9e12d1a5be7282a83a269cc1940dda805c2f3b62959d2da
train,313,0ab44b8aa7b5bf671ff56a4d5a25bd0a26cc7bfe1f2b1349b40637e1df6e2afe,9727a427df0ca2c89b521baa01a6e0f86ac1b8b6808bf8fcc59808f3a99e0110,tj,15af1a79c50b04d0ecc87bf553b9a34d4187350612b5882cdab28f3ab0c9f1bc,1,True,1462272370,1462272370,True,True,0,8de6c8d8ff218b74f60a91ce2d2e6437fcd88e60692ca5e4e6fec23b7b827198
train,314,0ab44b8aa7b5bf671ff56a4d5a25bd0a26cc7bfe1f2b1349b40637e1df6e2afe,9727a427df0ca2c89b521baa01a6e0f86ac1b8b6808bf8fcc59808f3a99e0110,tj,15af1a79c50b04d0ecc87bf553b9a34d4187350612b5882cdab28f3ab0c9f1bc,1,True,1462272375,1462272375,True,True,0,ef2b33d2109f6f814ded005d898cf107f547ec8873a615e2cbc6ae6455464fbd
train,315,0ab44b8aa7b5bf671ff56a4d5a25bd0a26cc7bfe1f2b1349b40637e1df6e2afe,9727a427df0ca2c89b521baa01a6e0f86ac1b8b6808bf8fcc59808f3a99e0110,tj,15af1a79c50b04d0ecc87bf553b9a34d4187350612b5882cdab28f3ab0c9f1bc,1,True,1462272393,1462272393,True,True,0,a942a044af88359e3ef3139a761a67116ccccc2a53d275f48269be91a388a1a2
train,316,0ab44b8aa7b5bf671ff56a4d5a25bd0a26cc7bfe1f2b1349b40637e1df6e2afe,9727a427df0ca2c89b521baa01a6e0f86ac1b8b6808bf8fcc59808f3a99e0110,tj,15af1a79c50b04d0ecc87bf553b9a34d4187350612b5882cdab28f3ab0c9f1bc,1,True,1462272398,1462272398,True,True,0,744742077e3586d93e1b3e72cecca6658634f5be57ec7d883bcb778770494404
train,317,0ab44b8aa7b5bf671ff56a4d5a25bd0a26cc7bfe1f2b1349b40637e1df6e2afe,9727a427df0ca2c89b521baa01a6e0f86ac1b8b6808bf8fcc59808f3a99e0110,tj,15af1a79c50b04d0ecc87bf553b9a34d4187350612b5882cdab28f3ab0c9f1bc,1,True,1462272404,1462272404,True,True,0,08355339cfb760916727bf3dc6196edb93eb8caae02f5cf28350dfb63bb3c78d
train,318,0ab44b8aa7b5bf671ff56a4d5a25bd0a26cc7bfe1f2b1349b40637e1df6e2afe,9727a427df0ca2c89b521baa01a6e0f86ac1b8b6808bf8fcc59808f3a99e0110,tj,15af1a79c50b04d0ecc87bf553b9a34d4187350612b5882cdab28f3ab0c9f1bc,1,True,1462272414,1462272414,True,True,0,a6d9343afaae0511e81612025180a54e477d9557dc7afbff1aacba4898c35971
train,319,0ab44b8aa7b5bf671ff56a4d5a25bd0a26cc7bfe1f2b1349b40637e1df6e2afe,9727a427df0ca2c89b521baa01a6e0f86ac1b8b6808bf8fcc59808f3a99e0110,tj,15af1a79c50b04d0ecc87bf553b9a34d4187350612b5882cdab28f3ab0c9f1bc,1,True,1462272426,1462272426,True,True,0,c89412b7ea24edfd00907a52157ddd2ebb559c42e40bf35dd91dfc9cf3dd2663
train,320,0ab44b8aa7b5bf671ff56a4d5a25bd0a26cc7bfe1f2b1349b40637e1df6e2afe,9727a427df0ca2c89b521baa01a6e0f86ac1b8b6808bf8fcc59808f3a99e0110,tj,15af1a79c50b04d0ecc87bf553b9a34d4187350612b5882cdab28f3ab0c9f1bc,1,True,1462272431,1462272431,True,True,0,72898ca65cd9619c1a1aaea0d515b2d476c93b2584be42abf1b5772b7da7db42
train,321,0ab44b8aa7b5bf671ff56a4d5a25bd0a26cc7bfe1f2b1349b40637e1df6e2afe,9727a427df0ca2c89b521baa01a6e0f86ac1b8b6808bf8fcc59808f3a99e0110,tj,15af1a79c50b04d0ecc87bf553b9a34d4187350612b5882cdab28f3ab0c9f1bc,1,True,1462272436,1462272436,True,True,0,263f400e0149bce375135ac15b84acf995cdcd217e86de8ba5d55d660dc51a54
train,322,0ab44b8aa7b5bf671ff56a4d5a25bd0a26cc7bfe1f2b1349b40637e1df6e2afe,9727a427df0ca2c89b521baa01a6e0f86ac1b8b6808bf8fcc59808f3a99e0110,tj,15af1a79c50b04d0ecc87bf553b9a34d4187350612b5882cdab28f3ab0c9f1bc,1,True,1462272451,1462272451,True,True,0,898571a32ac3b97e5202bad47dc1670df517da74fb818ff399f5649852a5c31d
train,323,0ab44b8aa7b5bf671ff56a4d5a25bd0a26cc7bfe1f2b1349b40637e1df6e2afe,9727a427df0ca2c89b521baa01a6e0f86ac1b8b6808bf8fcc59808f3a99e0110,tj,15af1a79c50b04d0ecc87bf553b9a34d4187350612b5882cdab28f3ab0c9f1bc,1,True,1462272456,1462272456,True,True,0,1352e27a5836af3e7c04a848733703d6d36fb285fd47e0af72623a1722142331
train,324,0ab44b8aa7b5bf671ff56a4d5a25bd0a26cc7bfe1f2b1349b40637e1df6e2afe,9727a427df0ca2c89b521baa01a6e0f86ac1b8b6808bf8fcc59808f3a99e0110,tj,15af1a79c50b04d0ecc87bf553b9a34d4187350612b5882cdab28f3ab0c9f1bc,1,True,1462272464,1462272464,True,True,0,277c3da706c38344ea73142059c447c091c8dbff6812a31444e6f1c4ea6d32e3
train,325,0ab44b8aa7b5bf671ff56a4d5a25bd0a26cc7bfe1f2b1349b40637e1df6e2afe,9727a427df0ca2c89b521baa01a6e0f86ac1b8b6808bf8fcc59808f3a99e0110,tj,15af1a79c50b04d0ecc87bf553b9a34d4187350612b5882cdab28f3ab0c9f1bc,1,True,1462272472,1462272472,True,True,0,7e202c69096f7134a187d505021cbf16d0d901560a18705bbb407186093a2136
train,326,0ab44b8aa7b5bf671ff56a4d5a25bd0a26cc7bfe1f2b1349b40637e1df6e2afe,9727a427df0ca2c89b521baa01a6e0f86ac1b8b6808bf8fcc59808f3a99e0110,tj,15af1a79c50b04d0ecc87bf553b9a34d4187350612b5882cdab28f3ab0c9f1bc,1,True,1462272481,1462272481,True,True,0,c4266d01eda10de2c127f489f690803666acb918171a5f4130edd42e0b584797
train,327,0ab44b8aa7b5bf671ff56a4d5a25bd0a26cc7bfe1f2b1349b40637e1df6e2afe,9727a427df0ca2c89b521baa01a6e0f86ac1b8b6808bf8fcc59808f3a99e0110,tj,15af1a79c50b04d0ecc87bf553b9a34d4187350612b5882cdab28f3ab0c9f1bc,1,True,1462272486,1462272486,True,True,0,337bc7b00c0d6df10f6cca71c04eeff642c12a79d36b5c63563f9d134898d7d6
train,328,0ab44b8aa7b5bf671ff56a4d5a25bd0a26cc7bfe1f2b1349b40637e1df6e2afe,9727a427df0ca2c89b521baa01a6e0f86ac1b8b6808bf8fcc59808f3a99e0110,tj,15af1a79c50b04d0ecc87bf553b9a34d4187350612b5882cdab28f3ab0c9f1bc,1,True,1462272493,1462272493,True,True,0,9640a882c8f7747843231980b107968f699f439f9dfcf3c985c2cd06fca1f460
train,329,0ab44b8aa7b5bf671ff56a4d5a25bd0a26cc7bfe1f2b1349b40637e1df6e2afe,9727a427df0ca2c89b521baa01a6e0f86ac1b8b6808bf8fcc59808f3a99e0110,tj,15af1a79c50b04d0ecc87bf553b9a34d4187350612b5882cdab28f3ab0c9f1bc,1,True,1462272504,1462272504,True,True,0,531e375d297f551fb45cb030acba3a29083dcda98cb3ad180194d6002504197b
train,330,0ab44b8aa7b5bf671ff56a4d5a25bd0a26cc7bfe1f2b1349b40637e1df6e2afe,9727a427df0ca2c89b521baa01a6e0f86ac1b8b6808bf8fcc59808f3a99e0110,tj,15af1a79c50b04d0ecc87bf553b9a34d4187350612b5882cdab28f3ab0c9f1bc,1,True,1462272511,1462272511,True,True,0,ca117b49866b94609ff6b7e934bb39bebc0089b40d0ae72bdc55c115e8ec6bfb
train,331,0ab44b8aa7b5bf671ff56a4d5a25bd0a26cc7bfe1f2b1349b40637e1df6e2afe,9727a427df0ca2c89b521baa01a6e0f86ac1b8b6808bf8fcc59808f3a99e0110,tj,15af1a79c50b04d0ecc87bf553b9a34d4187350612b5882cdab28f3ab0c9f1bc,1,True,1462272519,1462272519,True,True,0,5f0bbad5fc9c17d39dcddd21b15c13fbeb0d940c8e8ce058b392262d084b07aa
train,332,0ab44b8aa7b5bf671ff56a4d5a25bd0a26cc7bfe1f2b1349b40637e1df6e2afe,9727a427df0ca2c89b521baa01a6e0f86ac1b8b6808bf8fcc59808f3a99e0110,tj,15af1a79c50b04d0ecc87bf553b9a34d4187350612b5882cdab28f3ab0c9f1bc,1,True,1462272527,1462272527,True,True,0,a1895ec612e165e7c67bd2acbef3e820e1c679e3b9a7b8c223e50dfb72776f50
train,333,0ab44b8aa7b5bf671ff56a4d5a25bd0a26cc7bfe1f2b1349b40637e1df6e2afe,9727a427df0ca2c89b521baa01a6e0f86ac1b8b6808bf8fcc59808f3a99e0110,tj,15af1a79c50b04d0ecc87bf553b9a34d4187350612b5882cdab28f3ab0c9f1bc,1,True,1462272532,1462272532,True,True,0,175a0ce6a3c55d543374b5742c3de966d32957a319896dd4476b8ec14d5fa4d0
train,334,0ab44b8aa7b5bf671ff56a4d5a25bd0a26cc7bfe1f2b1349b40637e1df6e2afe,9727a427df0ca2c89b521baa01a6e0f86ac1b8b6808bf8fcc59808f3a99e0110,tj,15af1a79c50b04d0ecc87bf553b9a34d4187350612b5882cdab28f3ab0c9f1bc,1,True,1462272536,1462272536,True,True,0,c1d12795eee7caf45af2bad3aae1aeef4507c0d66fd3a98347e32c2d6f7bac2f
train,335,0ab44b8aa7b5bf671ff56a4d5a25bd0a26cc7bfe1f2b1349b40637e1df6e2afe,9727a427df0ca2c89b521baa01a6e0f86ac1b8b6808bf8fcc59808f3a99e0110,tj,15af1a79c50b04d0ecc87bf553b9a34d4187350612b5882cdab28f3ab0c9f1bc,1,True,1462272542,1462272542,True,True,0,0f8bb159b2f8483b1be6903d3743c5679ad2dfc20a36d14378d726f767496b44
train,336,0ab44b8aa7b5bf671ff56a4d5a25bd0a26cc7bfe1f2b1349b40637e1df6e2afe,9727a427df0ca2c89b521baa01a6e0f86ac1b8b6808bf8fcc59808f3a99e0110,tj,15af1a79c50b04d0ecc87bf553b9a34d4187350612b5882cdab28f3ab0c9f1bc,1,True,1462272549,1462272549,True,True,0,f0dff99cb920761751ed00c461bca7162bd76b3a53aed183ff2ffcc40e3d2f38
train,337,0ab44b8aa7b5bf671ff56a4d5a25bd0a26cc7bfe1f2b1349b40637e1df6e2afe,9727a427df0ca2c89b521baa01a6e0f86ac1b8b6808bf8fcc59808f3a99e0110,tj,15af1a79c50b04d0ecc87bf553b9a34d4187350612b5882cdab28f3ab0c9f1bc,1,True,1462272555,1462272555,True,True,0,ae27d1de976a7bc6c978191ceca3df8fd09b944d1dd983ca9b96a2f968b841f7
train,338,0ab44b8aa7b5bf671ff56a4d5a25bd0a26cc7bfe1f2b1349b40637e1df6e2afe,9727a427df0ca2c89b521baa01a6e0f86ac1b8b6808bf8fcc59808f3a99e0110,tj,15af1a79c50b04d0ecc87bf553b9a34d4187350612b5882cdab28f3ab0c9f1bc,1,True,1462272565,1462272565,True,True,0,bd3306283299539022b5cd58f95ea48e0d82bea16b71d416491b549702608033
train,339,0ab44b8aa7b5bf671ff56a4d5a25bd0a26cc7bfe1f2b1349b40637e1df6e2afe,9727a427df0ca2c89b521baa01a6e0f86ac1b8b6808bf8fcc59808f3a99e0110,tj,15af1a79c50b04d0ecc87bf553b9a34d4187350612b5882cdab28f3ab0c9f1bc,1,True,1462272572,1462272572,True,True,0,68ab6fc47aa4cd9960d3e41ef95c9266ee9ea7b4e4a1b5462cc008ab79a99a13
train,340,0ab44b8aa7b5bf671ff56a4d5a25bd0a26cc7bfe1f2b1349b40637e1df6e2afe,9727a427df0ca2c89b521baa01a6e0f86ac1b8b6808bf8fcc59808f3a99e0110,tj,15af1a79c50b04d0ecc87bf553b9a34d4187350612b5882cdab28f3ab0c9f1bc,1,True,1462272577,1462272577,True,True,0,ff2b640ca82f5b7aa301fa3b756d4a163bc7b32ec146d4d52b2f256f4f88ebe6
train,341,0ab44b8aa7b5bf671ff56a4d5a25bd0a26cc7bfe1f2b1349b40637e1df6e2afe,9727a427df0ca2c89b521baa01a6e0f86ac1b8b6808bf8fcc59808f3a99e0110,tj,15af1a79c50b04d0ecc87bf553b9a34d4187350612b5882cdab28f3ab0c9f1bc,1,True,1462272583,1462272583,True,True,0,75ae2b046b2dc8bbb44a8fb0e764419454add70c124fa159c7a5d1c78cfa015f
train,342,0ab44b8aa7b5bf671ff56a4d5a25bd0a26cc7bfe1f2b1349b40637e1df6e2afe,9727a427df0ca2c89b521baa01a6e0f86ac1b8b6808bf8fcc59808f3a99e0110,tj,15af1a79c50b04d0ecc87bf553b9a34d4187350612b5882cdab28f3ab0c9f1bc,1,True,1462272589,1462272589,True,True,0,7bbfe774d3751a3d951dfb197f783700707055b6af68046a807a90b7726a3fa6
train,343,0ab44b8aa7b5bf671ff56a4d5a25bd0a26cc7bfe1f2b1349b40637e1df6e2afe,9727a427df0ca2c89b521baa01a6e0f86ac1b8b6808bf8fcc59808f3a99e0110,tj,15af1a79c50b04d0ecc87bf553b9a34d4187350612b5882cdab28f3ab0c9f1bc,1,True,1462272597,1462272597,True,True,0,5a1a260542df6c1885f3d730e63d012c5c8baf8d0cce89f4137cfc468293b234
train,344,0ab44b8aa7b5bf671ff56a4d5a25bd0a26cc7bfe1f2b1349b40637e1df6e2afe,9727a427df0ca2c89b521baa01a6e0f86ac1b8b6808bf8fcc59808f3a99e0110,tj,15af1a79c50b04d0ecc87bf553b9a34d4187350612b5882cdab28f3ab0c9f1bc,1,True,1462272602,1462272602,True,True,0,3112cac92cfba1c16248f194b1005970aec0ff1a22ec2e7768c1c4b07695303e
train,345,0ab44b8aa7b5bf671ff56a4d5a25bd0a26cc7bfe1f2b1349b40637e1df6e2afe,9727a427df0ca2c89b521baa01a6e0f86ac1b8b6808bf8fcc59808f3a99e0110,tj,15af1a79c50b04d0ecc87bf553b9a34d4187350612b5882cdab28f3ab0c9f1bc,1,True,1462272609,1462272609,True,True,0,6df748a578909f831342400b0c13c86c39a3dbfc726561bd63bfbde2db39ed52
train,346,0ab44b8aa7b5bf671ff56a4d5a25bd0a26cc7bfe1f2b1349b40637e1df6e2afe,9727a427df0ca2c89b521baa01a6e0f86ac1b8b6808bf8fcc59808f3a99e0110,tj,15af1a79c50b04d0ecc87bf553b9a34d4187350612b5882cdab28f3ab0c9f1bc,1,True,1462272621,1462272621,True,True,0,880891476b03a31391578513c41b97c0959fc181f15e487deae2a08c4c409d04
train,347,0ab44b8aa7b5bf671ff56a4d5a25bd0a26cc7bfe1f2b1349b40637e1df6e2afe,9727a427df0ca2c89b521baa01a6e0f86ac1b8b6808bf8fcc59808f3a99e0110,tj,15af1a79c50b04d0ecc87bf553b9a34d4187350612b5882cdab28f3ab0c9f1bc,1,True,1462272627,1462272627,True,True,0,3f913a2afeeb739cb9947e9dfc3df3577e22b441e8d6c97f06d08acf9362b6e6
val,0,2eef3f1b2ac3515a0f757d42ff7f090544d2a4fd4c201f4d33100dd11dc1a009,236c8cc840c70f2372e73696a83bf1f7bf742aec4f2b87cf2290d52334e16c36,rm,36814c4bf7948944be4c08d4c151c4a5042ae280cda00e9f942386d259c5856f,1,True,1462203583,1462203583,True,True,0,1a874a9df9199536e57a06c9e5b3b2585f088a011cbd7fb9990556b1c0ead152
val,1,2eef3f1b2ac3515a0f757d42ff7f090544d2a4fd4c201f4d33100dd11dc1a009,236c8cc840c70f2372e73696a83bf1f7bf742aec4f2b87cf2290d52334e16c36,rm,36814c4bf7948944be4c08d4c151c4a5042ae280cda00e9f942386d259c5856f,2,False,1462262924,1462262925,True,True,0,4eb2a6cc63b0089e0654d5f6d0be6a7ed4dea6d6b9fec99091b74cc703d7c985
val,2,2eef3f1b2ac3515a0f757d42ff7f090544d2a4fd4c201f4d33100dd11dc1a009,236c8cc840c70f2372e73696a83bf1f7bf742aec4f2b87cf2290d52334e16c36,rm,36814c4bf7948944be4c08d4c151c4a5042ae280cda00e9f942386d259c5856f,3,False,1462196937,1462196939,True,True,0,00216ece7928304821594b614b91b072f08d810fff465a5ba83f083af1763d3d
val,3,2eef3f1b2ac3515a0f757d42ff7f090544d2a4fd4c201f4d33100dd11dc1a009,236c8cc840c70f2372e73696a83bf1f7bf742aec4f2b87cf2290d52334e16c36,rm,36814c4bf7948944be4c08d4c151c4a5042ae280cda00e9f942386d259c5856f,1,True,1462202170,1462202170,True,True,0,d87a87b1bbc25f21e7e2c83b2acd2b88762d47428633ea76b73e6d609996090e
val,4,2eef3f1b2ac3515a0f757d42ff7f090544d2a4fd4c201f4d33100dd11dc1a009,236c8cc840c70f2372e73696a83bf1f7bf742aec4f2b87cf2290d52334e16c36,rm,36814c4bf7948944be4c08d4c151c4a5042ae280cda00e9f942386d259c5856f,3,False,1462267534,1462267536,True,True,0,23b16ad9cc18e74f7dc9c927be3b941124b0a0082f91ed715d6f92a508a4364b
val,5,2eef3f1b2ac3515a0f757d42ff7f090544d2a4fd4c201f4d33100dd11dc1a009,236c8cc840c70f2372e73696a83bf1f7bf742aec4f2b87cf2290d52334e16c36,rm,36814c4bf7948944be4c08d4c151c4a5042ae280cda00e9f942386d259c5856f,3,False,1462197509,1462197511,True,True,0,3ea644edf2c6867e95f9eabb89d6498edb806f55bd3bab39d1aa7e6da2c61630
val,6,2eef3f1b2ac3515a0f757d42ff7f090544d2a4fd4c201f4d33100dd11dc1a009,236c8cc840c70f2372e73696a83bf1f7bf742aec4f2b87cf2290d52334e16c36,rm,36814c4bf7948944be4c08d4c151c4a5042ae280cda00e9f942386d259c5856f,1,True,1462262835,1462262835,True,True,0,4487ffa17786f28318701e43714c6c829b11d23465fc31bdd0a864481dc8cba7
val,7,2eef3f1b2ac3515a0f757d42ff7f090544d2a4fd4c201f4d33100dd11dc1a009,236c8cc840c70f2372e73696a83bf1f7bf742aec4f2b87cf2290d52334e16c36,rm,36814c4bf7948944be4c08d4c151c4a5042ae280cda00e9f942386d259c5856f,3,False,1462204264,1462204269,True,True,0,27b61f6f84747978b0fbbbbc5f4887c39cb9475d619467674198e0c19164fda2
val,8,2eef3f1b2ac3515a0f757d42ff7f090544d2a4fd4c201f4d33100dd11dc1a009,236c8cc840c70f2372e73696a83bf1f7bf742aec4f2b87cf2290d52334e16c36,rm,36814c4bf7948944be4c08d4c151c4a5042ae280cda00e9f942386d259c5856f,3,False,1462204423,1462204428,True,True,0,ae79d6af8886612d614f144235f11ceeb594dfa405d0a6de4a0d103ad1c589c4
val,9,2eef3f1b2ac3515a0f757d42ff7f090544d2a4fd4c201f4d33100dd11dc1a009,236c8cc840c70f2372e73696a83bf1f7bf742aec4f2b87cf2290d52334e16c36,rm,36814c4bf7948944be4c08d4c151c4a5042ae280cda00e9f942386d259c5856f,4,False,1462197089,1462197104,True,True,0,120f2331e50d95991558c8cd15f08b5e37539cedd917d2fe8efdf2c2a355fa85
val,10,2eef3f1b2ac3515a0f757d42ff7f090544d2a4fd4c201f4d33100dd11dc1a009,236c8cc840c70f2372e73696a83bf1f7bf742aec4f2b87cf2290d52334e16c36,rm,36814c4bf7948944be4c08d4c151c4a5042ae280cda00e9f942386d259c5856f,2,False,1462197479,1462197480,True,True,0,3ea4dd96755045ca14190726a7248fe2ab25d1f2b1b5c3745985f89ce4a30426
val,11,2eef3f1b2ac3515a0f757d42ff7f090544d2a4fd4c201f4d33100dd11dc1a009,236c8cc840c70f2372e73696a83bf1f7bf742aec4f2b87cf2290d52334e16c36,rm,36814c4bf7948944be4c08d4c151c4a5042ae280cda00e9f942386d259c5856f,6,False,1462206152,1462206166,True,True,0,d1437163930041cee970f459c1e623066d33100a38612eef5fab819dc6c468f0
val,12,2eef3f1b2ac3515a0f757d42ff7f090544d2a4fd4c201f4d33100dd11dc1a009,236c8cc840c70f2372e73696a83bf1f7bf742aec4f2b87cf2290d52334e16c36,rm,36814c4bf7948944be4c08d4c151c4a5042ae280cda00e9f942386d259c5856f,1,True,1462197120,1462197120,True,True,0,7d4806d2bf00a6e85e8dde006ca95046afacfe953a2c919de033583cc2516be4
val,13,2eef3f1b2ac3515a0f757d42ff7f090544d2a4fd4c201f4d33100dd11dc1a009,236c8cc840c70f2372e73696a83bf1f7bf742aec4f2b87cf2290d52334e16c36,rm,36814c4bf7948944be4c08d4c151c4a5042ae280cda00e9f942386d259c5856f,3,False,1462203923,1462203927,True,True,0,eec84d8f5df4eaeb6e77eeba528ab95aa06cf11fb5c49a5fae0e0e603744e5cc
val,14,2eef3f1b2ac3515a0f757d42ff7f090544d2a4fd4c201f4d33100dd11dc1a009,236c8cc840c70f2372e73696a83bf1f7bf742aec4f2b87cf2290d52334e16c36,rm,36814c4bf7948944be4c08d4c151c4a5042ae280cda00e9f942386d259c5856f,3,False,1462198834,1462198836,True,True,0,df82b1202a14d9b7d74672accad7fa2ddc287480b257a388c626154b134d76ae
val,15,2eef3f1b2ac3515a0f757d42ff7f090544d2a4fd4c201f4d33100dd11dc1a009,236c8cc840c70f2372e73696a83bf1f7bf742aec4f2b87cf2290d52334e16c36,rm,36814c4bf7948944be4c08d4c151c4a5042ae280cda00e9f942386d259c5856f,3,False,1462202741,1462202743,True,True,0,c0612ab9ddab3b5e0d1815c4209534ebff3f6a8dad9efc1e48c796a348049298
val,16,2eef3f1b2ac3515a0f757d42ff7f090544d2a4fd4c201f4d33100dd11dc1a009,236c8cc840c70f2372e73696a83bf1f7bf742aec4f2b87cf2290d52334e16c36,rm,36814c4bf7948944be4c08d4c151c4a5042ae280cda00e9f942386d259c5856f,3,False,1462263267,1462263269,True,True,0,e3775412dfec971db9e77435f871d2c038067cf9603cc6e764ea6ebc5d7cfff2
val,17,2eef3f1b2ac3515a0f757d42ff7f090544d2a4fd4c201f4d33100dd11dc1a009,236c8cc840c70f2372e73696a83bf1f7bf742aec4f2b87cf2290d52334e16c36,rm,36814c4bf7948944be4c08d4c151c4a5042ae280cda00e9f942386d259c5856f,3,False,1462201493,1462201495,True,True,0,62f3d3fda1c7d1dcee85123b4d0042b9fe672c0a3d4b0808c70f7be00b3254b4
val,18,2eef3f1b2ac3515a0f757d42ff7f090544d2a4fd4c201f4d33100dd11dc1a009,236c8cc840c70f2372e73696a83bf1f7bf742aec4f2b87cf2290d52334e16c36,rm,36814c4bf7948944be4c08d4c151c4a5042ae280cda00e9f942386d259c5856f,3,False,1462199206,1462199209,True,True,0,9067125b614ac9761d936416bfa5c4d30881836af898405c1be22e06deb1439b
val,19,2eef3f1b2ac3515a0f757d42ff7f090544d2a4fd4c201f4d33100dd11dc1a009,236c8cc840c70f2372e73696a83bf1f7bf742aec4f2b87cf2290d52334e16c36,rm,36814c4bf7948944be4c08d4c151c4a5042ae280cda00e9f942386d259c5856f,3,False,1462206384,1462206386,True,True,0,da2933486bf762aaf20597ad153a868ee73f0313fde800a468990173fd9929eb
val,20,2eef3f1b2ac3515a0f757d42ff7f090544d2a4fd4c201f4d33100dd11dc1a009,236c8cc840c70f2372e73696a83bf1f7bf742aec4f2b87cf2290d52334e16c36,rm,36814c4bf7948944be4c08d4c151c4a5042ae280cda00e9f942386d259c5856f,3,False,1462205804,1462205806,True,True,0,84ad18eb9bc66ac2b4d891f09023a57c602561c4e0ac643b444e6ae6304cc392
val,21,2eef3f1b2ac3515a0f757d42ff7f090544d2a4fd4c201f4d33100dd11dc1a009,236c8cc840c70f2372e73696a83bf1f7bf742aec4f2b87cf2290d52334e16c36,rm,36814c4bf7948944be4c08d4c151c4a5042ae280cda00e9f942386d259c5856f,1,True,1462266836,1462266836,True,True,1,4cf6ec3a522cd593f3b85984e1dc4633890a4fa933e7ecd554bd4a2c4a057cbc
val,22,2eef3f1b2ac3515a0f757d42ff7f090544d2a4fd4c201f4d33100dd11dc1a009,236c8cc840c70f2372e73696a83bf1f7bf742aec4f2b87cf2290d52334e16c36,rm,36814c4bf7948944be4c08d4c151c4a5042ae280cda00e9f942386d259c5856f,6,False,1462197187,1462197201,True,True,0,909e6294c3e08ab67ca7c12ee58a0dd639526837147c478a6273201a68791846
val,23,2eef3f1b2ac3515a0f757d42ff7f090544d2a4fd4c201f4d33100dd11dc1a009,236c8cc840c70f2372e73696a83bf1f7bf742aec4f2b87cf2290d52334e16c36,rm,36814c4bf7948944be4c08d4c151c4a5042ae280cda00e9f942386d259c5856f,1,True,1462200986,1462200986,True,True,0,d5686811f332706a846cbf07b20cc183766b469cf14998c758966264aba31d22
val,24,2eef3f1b2ac3515a0f757d42ff7f090544d2a4fd4c201f4d33100dd11dc1a009,236c8cc840c70f2372e73696a83bf1f7bf742aec4f2b87cf2290d52334e16c36,rm,36814c4bf7948944be4c08d4c151c4a5042ae280cda00e9f942386d259c5856f,3,False,1462202471,1462202473,True,True,0,76dcb123a3417b11032390a1ca98e88df0ac88dd300c808f46bf14d679720207
val,25,2eef3f1b2ac3515a0f757d42ff7f090544d2a4fd4c201f4d33100dd11dc1a009,236c8cc840c70f2372e73696a83bf1f7bf742aec4f2b87cf2290d52334e16c36,rm,36814c4bf7948944be4c08d4c151c4a5042ae280cda00e9f942386d259c5856f,3,False,1462263207,1462263209,True,True,0,c3d0f8f240880ca51bc1d11e4fba655af575ed5ac13f5a01413293fa528394e4
val,26,2eef3f1b2ac3515a0f757d42ff7f090544d2a4fd4c201f4d33100dd11dc1a009,236c8cc840c70f2372e73696a83bf1f7bf742aec4f2b87cf2290d52334e16c36,rm,36814c4bf7948944be4c08d4c151c4a5042ae280cda00e9f942386d259c5856f,1,True,1462202419,1462202419,True,True,0,de8e7188392d12ba4176b8e1b4502cabcdd23b5b3a0a9b940caf67ea2b4ce939
val,27,2eef3f1b2ac3515a0f757d42ff7f090544d2a4fd4c201f4d33100dd11dc1a009,236c8cc840c70f2372e73696a83bf1f7bf742aec4f2b87cf2290d52334e16c36,rm,36814c4bf7948944be4c08d4c151c4a5042ae280cda00e9f942386d259c5856f,6,False,1462268913,1462268921,True,True,0,e8b7d73a6586959d88d9e8c69b43c5a7398e6444d6eadc685552d7ee6143526f
val,28,2eef3f1b2ac3515a0f757d42ff7f090544d2a4fd4c201f4d33100dd11dc1a009,236c8cc840c70f2372e73696a83bf1f7bf742aec4f2b87cf2290d52334e16c36,rm,36814c4bf7948944be4c08d4c151c4a5042ae280cda00e9f942386d259c5856f,3,False,1462203395,1462203399,True,True,0,dbb647b401575737dfcb4b514329f4f47b963e68125826785ff7de559014dcd8
val,29,2eef3f1b2ac3515a0f757d42ff7f090544d2a4fd4c201f4d33100dd11dc1a009,236c8cc840c70f2372e73696a83bf1f7bf742aec4f2b87cf2290d52334e16c36,rm,36814c4bf7948944be4c08d4c151c4a5042ae280cda00e9f942386d259c5856f,1,True,1462263578,1462263578,True,True,0,3d1720ab0436fc80d64d2cc35a2df34f3e70712f41359053a018c5b2d803207d
val,30,2eef3f1b2ac3515a0f757d42ff7f090544d2a4fd4c201f4d33100dd11dc1a009,236c8cc840c70f2372e73696a83bf1f7bf742aec4f2b87cf2290d52334e16c36,rm,36814c4bf7948944be4c08d4c151c4a5042ae280cda00e9f942386d259c5856f,2,False,1462197716,1462197717,True,True,0,66507eab284ccd8c006ead5ee9d1529c711e3a83006bf8eb179e363f165ebcac
val,31,2eef3f1b2ac3515a0f757d42ff7f090544d2a4fd4c201f4d33100dd11dc1a009,236c8cc840c70f2372e73696a83bf1f7bf742aec4f2b87cf2290d52334e16c36,rm,36814c4bf7948944be4c08d4c151c4a5042ae280cda00e9f942386d259c5856f,2,False,1462266315,1462266316,True,True,0,596c8ee324da12fe3e467cdad53477c5e5c60a80489123c40352bdb9229079b6
val,32,2eef3f1b2ac3515a0f757d42ff7f090544d2a4fd4c201f4d33100dd11dc1a009,236c8cc840c70f2372e73696a83bf1f7bf742aec4f2b87cf2290d52334e16c36,rm,36814c4bf7948944be4c08d4c151c4a5042ae280cda00e9f942386d259c5856f,1,True,1462202639,1462202639,True,True,0,574b3c00a944efaf44ae2449c696143d94d27b64abc2a9587712a0880cfa7c3c
val,33,2eef3f1b2ac3515a0f757d42ff7f090544d2a4fd4c201f4d33100dd11dc1a009,236c8cc840c70f2372e73696a83bf1f7bf742aec4f2b87cf2290d52334e16c36,rm,36814c4bf7948944be4c08d4c151c4a5042ae280cda00e9f942386d259c5856f,2,False,1462262427,1462262428,True,True,0,50ce8128352b5883f361743bd874011ffc2988cff3b82c719d34c036f7a5d18f
val,34,2eef3f1b2ac3515a0f757d42ff7f090544d2a4fd4c201f4d33100dd11dc1a009,236c8cc840c70f2372e73696a83bf1f7bf742aec4f2b87cf2290d52334e16c36,rm,36814c4bf7948944be4c08d4c151c4a5042ae280cda00e9f942386d259c5856f,3,False,1462201783,1462201785,True,True,0,527ab068bb425e5c73ac3f2848ece0cb0013f8965294936a39fa8069a516f30e
val,35,2eef3f1b2ac3515a0f757d42ff7f090544d2a4fd4c201f4d33100dd11dc1a009,236c8cc840c70f2372e73696a83bf1f7bf742aec4f2b87cf2290d52334e16c36,rm,36814c4bf7948944be4c08d4c151c4a5042ae280cda00e9f942386d259c5856f,3,False,1462265221,1462265223,True,True,0,1ff30f0dcc3fe873258f90fb83f05d460f311b369ae666349a1bb81979830759
val,36,2eef3f1b2ac3515a0f757d42ff7f090544d2a4fd4c201f4d33100dd11dc1a009,236c8cc840c70f2372e73696a83bf1f7bf742aec4f2b87cf2290d52334e16c36,rm,36814c4bf7948944be4c08d4c151c4a5042ae280cda00e9f942386d259c5856f,2,False,1462196881,1462196882,True,True,0,0d3d9817d0c4630c81b483ad4cf25f5f95acf7e2a52d3f22ba3ab681138c25c8
val,37,2eef3f1b2ac3515a0f757d42ff7f090544d2a4fd4c201f4d33100dd11dc1a009,236c8cc840c70f2372e73696a83bf1f7bf742aec4f2b87cf2290d52334e16c36,rm,36814c4bf7948944be4c08d4c151c4a5042ae280cda00e9f942386d259c5856f,3,False,1462201953,1462201956,True,True,0,44d27f26d9006bd3dfdbdafc8fe8d4911acbd14cd49fbec46a52addcbbded40e
val,38,2eef3f1b2ac3515a0f757d42ff7f090544d2a4fd4c201f4d33100dd11dc1a009,236c8cc840c70f2372e73696a83bf1f7bf742aec4f2b87cf2290d52334e16c36,rm,36814c4bf7948944be4c08d4c151c4a5042ae280cda00e9f942386d259c5856f,1,True,1462205858,1462205858,True,True,0,32001b90d06a5fddc951e9e6aff6fe160b00b2ce733e45e747fc97321699e648
val,39,2eef3f1b2ac3515a0f757d42ff7f090544d2a4fd4c201f4d33100dd11dc1a009,236c8cc840c70f2372e73696a83bf1f7bf742aec4f2b87cf2290d52334e16c36,rm,36814c4bf7948944be4c08d4c151c4a5042ae280cda00e9f942386d259c5856f,6,False,1462196799,1462196807,True,True,0,83b5a78f7ac5baa8e8354da8cb6130923160ff543849b0eb451fa00344e1b9b8
val,40,2eef3f1b2ac3515a0f757d42ff7f090544d2a4fd4c201f4d33100dd11dc1a009,236c8cc840c70f2372e73696a83bf1f7bf742aec4f2b87cf2290d52334e16c36,rm,36814c4bf7948944be4c08d4c151c4a5042ae280cda00e9f942386d259c5856f,2,False,1462203800,1462203802,True,True,0,f0db5b3b73ce9519b3fc2c6fc32044ca81554dd2ac16a71d0f8bff80828d4fac
val,41,2eef3f1b2ac3515a0f757d42ff7f090544d2a4fd4c201f4d33100dd11dc1a009,236c8cc840c70f2372e73696a83bf1f7bf742aec4f2b87cf2290d52334e16c36,rm,36814c4bf7948944be4c08d4c151c4a5042ae280cda00e9f942386d259c5856f,3,False,1462264655,1462264659,True,True,0,ceb0538bb272590859d77fafe39037498c8462bb87120b3b46174b17490401a1
val,42,2eef3f1b2ac3515a0f757d42ff7f090544d2a4fd4c201f4d33100dd11dc1a009,236c8cc840c70f2372e73696a83bf1f7bf742aec4f2b87cf2290d52334e16c36,rm,36814c4bf7948944be4c08d4c151c4a5042ae280cda00e9f942386d259c5856f,3,False,1462201559,1462201561,True,True,0,857c5d36691aaab36167a258dabb9c2ee822d6d01c2b29d27f4487a9c14ee8e3
val,43,2eef3f1b2ac3515a0f757d42ff7f090544d2a4fd4c201f4d33100dd11dc1a009,236c8cc840c70f2372e73696a83bf1f7bf742aec4f2b87cf2290d52334e16c36,rm,36814c4bf7948944be4c08d4c151c4a5042ae280cda00e9f942386d259c5856f,1,True,1462198888,1462198888,True,True,0,62c348086a5f5f9b28157cdc1f7095410232f2733930380c5a177511a5d07e4d
val,44,2eef3f1b2ac3515a0f757d42ff7f090544d2a4fd4c201f4d33100dd11dc1a009,236c8cc840c70f2372e73696a83bf1f7bf742aec4f2b87cf2290d52334e16c36,rm,36814c4bf7948944be4c08d4c151c4a5042ae280cda00e9f942386d259c5856f,3,False,1462197374,1462197376,True,True,0,5674febac1213f38362b76d8c80c8bb2dd8095d421ca345181634fe591cf8ea1
val,45,2eef3f1b2ac3515a0f757d42ff7f090544d2a4fd4c201f4d33100dd11dc1a009,236c8cc840c70f2372e73696a83bf1f7bf742aec4f2b87cf2290d52334e16c36,rm,36814c4bf7948944be4c08d4c151c4a5042ae280cda00e9f942386d259c5856f,3,False,1462263639,1462263641,True,True,0,85998cf54b8864bdae7e764e0bc83e009629e58c7ea0e6545d4e8df5b684ab42
val,46,2eef3f1b2ac3515a0f757d42ff7f090544d2a4fd4c201f4d33100dd11dc1a009,236c8cc840c70f2372e73696a83bf1f7bf742aec4f2b87cf2290d52334e16c36,rm,36814c4bf7948944be4c08d4c151c4a5042ae280cda00e9f942386d259c5856f,3,False,1462263068,1462263070,True,True,0,2844e3809222d1c6b4800179af366f204012cfdd2d7cf01b283d38cc9001375d
val,47,2eef3f1b2ac3515a0f757d42ff7f090544d2a4fd4c201f4d33100dd11dc1a009,236c8cc840c70f2372e73696a83bf1f7bf742aec4f2b87cf2290d52334e16c36,rm,36814c4bf7948944be4c08d4c151c4a5042ae280cda00e9f942386d259c5856f,6,False,1462201714,1462201732,True,True,0,b0ead6fa6ebd9ea10415e996e76df5c4be49fd4075f8e67f75f39ce0773ca762
val,48,2eef3f1b2ac3515a0f757d42ff7f090544d2a4fd4c201f4d33100dd11dc1a009,236c8cc840c70f2372e73696a83bf1f7bf742aec4f2b87cf2290d52334e16c36,rm,36814c4bf7948944be4c08d4c151c4a5042ae280cda00e9f942386d259c5856f,3,False,1462266462,1462266464,True,True,0,ec3dba522fd55893f1a12b4913248b5b6f3ddbf24f69226883bef2ec4f78c39d
val,49,2eef3f1b2ac3515a0f757d42ff7f090544d2a4fd4c201f4d33100dd11dc1a009,236c8cc840c70f2372e73696a83bf1f7bf742aec4f2b87cf2290d52334e16c36,rm,36814c4bf7948944be4c08d4c151c4a5042ae280cda00e9f942386d259c5856f,1,True,1462202685,1462202685,True,True,0,ef994be06eb2c3182f6a0870b79cbc42d51ac06a7e249703ea1a13e7fb982cd3
val,50,2eef3f1b2ac3515a0f757d42ff7f090544d2a4fd4c201f4d33100dd11dc1a009,236c8cc840c70f2372e73696a83bf1f7bf742aec4f2b87cf2290d52334e16c36,rm,36814c4bf7948944be4c08d4c151c4a5042ae280cda00e9f942386d259c5856f,3,False,1462267224,1462267226,True,True,0,981c6c187a31bdc5a1323d9c582af03c27d45f0cbf317aefd047b44cd8bcb5b5
val,51,2eef3f1b2ac3515a0f757d42ff7f090544d2a4fd4c201f4d33100dd11dc1a009,236c8cc840c70f2372e73696a83bf1f7bf742aec4f2b87cf2290d52334e16c36,rm,36814c4bf7948944be4c08d4c151c4a5042ae280cda00e9f942386d259c5856f,1,True,1462264936,1462264936,True,True,0,041b9936aafec31c5432ca6a89af8fd3799930ee055f86836dd88f9f9dae66ab
val,52,2eef3f1b2ac3515a0f757d42ff7f090544d2a4fd4c201f4d33100dd11dc1a009,236c8cc840c70f2372e73696a83bf1f7bf742aec4f2b87cf2290d52334e16c36,rm,36814c4bf7948944be4c08d4c151c4a5042ae280cda00e9f942386d259c5856f,1,True,1462199805,1462199805,True,True,0,0c9f98ec8bb925369cc6c4611083d27151ee2345aed0f2d8e73b24e24752d49a
val,53,2eef3f1b2ac3515a0f757d42ff7f090544d2a4fd4c201f4d33100dd11dc1a009,236c8cc840c70f2372e73696a83bf1f7bf742aec4f2b87cf2290d52334e16c36,rm,36814c4bf7948944be4c08d4c151c4a5042ae280cda00e9f942386d259c5856f,3,False,1462206856,1462206858,True,True,0,f5926e3ad9892d683ddcb3d739ef894b1bcd13b988ecb8dc13f3b86aef000d0b
val,54,2eef3f1b2ac3515a0f757d42ff7f090544d2a4fd4c201f4d33100dd11dc1a009,236c8cc840c70f2372e73696a83bf1f7bf742aec4f2b87cf2290d52334e16c36,rm,36814c4bf7948944be4c08d4c151c4a5042ae280cda00e9f942386d259c5856f,3,False,1462262896,1462262898,True,True,0,ce6d6c45e3730e55255ef03a70aea2476c9aba4eecb641e2fa8fbdec10eda73d
val,55,2eef3f1b2ac3515a0f757d42ff7f090544d2a4fd4c201f4d33100dd11dc1a009,236c8cc840c70f2372e73696a83bf1f7bf742aec4f2b87cf2290d52334e16c36,rm,36814c4bf7948944be4c08d4c151c4a5042ae280cda00e9f942386d259c5856f,3,False,1462206006,1462206008,True,True,0,e7a66a898eeacbbe8fd23fceb646632a65ca05bf1446dfee1f958f7d3d187e8f
val,56,2eef3f1b2ac3515a0f757d42ff7f090544d2a4fd4c201f4d33100dd11dc1a009,236c8cc840c70f2372e73696a83bf1f7bf742aec4f2b87cf2290d52334e16c36,rm,36814c4bf7948944be4c08d4c151c4a5042ae280cda00e9f942386d259c5856f,3,False,1462265891,1462265893,True,True,0,841621e9bad3a5ee9958a60c9002cb19ef0edddd29be9280b544c8155f485cdc
val,57,2eef3f1b2ac3515a0f757d42ff7f090544d2a4fd4c201f4d33100dd11dc1a009,236c8cc840c70f2372e73696a83bf1f7bf742aec4f2b87cf2290d52334e16c36,rm,36814c4bf7948944be4c08d4c151c4a5042ae280cda00e9f942386d259c5856f,3,False,1462203613,1462203617,True,True,0,baf53f7645784b55892308cf5853cf91a65e9c6eb016779561f941d73212f8a5
val,58,2eef3f1b2ac3515a0f757d42ff7f090544d2a4fd4c201f4d33100dd11dc1a009,236c8cc840c70f2372e73696a83bf1f7bf742aec4f2b87cf2290d52334e16c36,rm,36814c4bf7948944be4c08d4c151c4a5042ae280cda00e9f942386d259c5856f,2,False,1462267178,1462267179,True,True,0,ae21485beb22463baac50531de9c583724ac3b2a3de21d84c3c48949585ec65d
val,59,2eef3f1b2ac3515a0f757d42ff7f090544d2a4fd4c201f4d33100dd11dc1a009,236c8cc840c70f2372e73696a83bf1f7bf742aec4f2b87cf2290d52334e16c36,rm,36814c4bf7948944be4c08d4c151c4a5042ae280cda00e9f942386d259c5856f,3,False,1462266749,1462266751,True,True,1,2d742eb855c23cb76379155a695a5ce65a58b5695e9672ddf9c92ef3efa05525
val,60,2eef3f1b2ac3515a0f757d42ff7f090544d2a4fd4c201f4d33100dd11dc1a009,236c8cc840c70f2372e73696a83bf1f7bf742aec4f2b87cf2290d52334e16c36,rm,36814c4bf7948944be4c08d4c151c4a5042ae280cda00e9f942386d259c5856f,6,False,1462197405,1462197416,True,True,0,76d806cbae744663b173fd44074b4817f2903b433accbb0c4037ecd88c9b47e6
val,61,2eef3f1b2ac3515a0f757d42ff7f090544d2a4fd4c201f4d33100dd11dc1a009,236c8cc840c70f2372e73696a83bf1f7bf742aec4f2b87cf2290d52334e16c36,rm,36814c4bf7948944be4c08d4c151c4a5042ae280cda00e9f942386d259c5856f,3,False,1462264196,1462264198,True,True,0,5500fe36649fef51ac980e67988b6327582cd9f5706c8e123d913d7729e1ef89
val,62,2eef3f1b2ac3515a0f757d42ff7f090544d2a4fd4c201f4d33100dd11dc1a009,236c8cc840c70f2372e73696a83bf1f7bf742aec4f2b87cf2290d52334e16c36,rm,36814c4bf7948944be4c08d4c151c4a5042ae280cda00e9f942386d259c5856f,1,True,1462204484,1462204484,True,True,0,2a95db6465632c272075ca4e19fa635b806c6532732215c36c0cf19dce1a046c
val,63,2eef3f1b2ac3515a0f757d42ff7f090544d2a4fd4c201f4d33100dd11dc1a009,236c8cc840c70f2372e73696a83bf1f7bf742aec4f2b87cf2290d52334e16c36,rm,36814c4bf7948944be4c08d4c151c4a5042ae280cda00e9f942386d259c5856f,3,False,1462197028,1462197030,True,True,0,fc23d21c7416ab1548b3d1950771a935d245db7217bfae390a1c55ea2358ec25
val,64,2eef3f1b2ac3515a0f757d42ff7f090544d2a4fd4c201f4d33100dd11dc1a009,236c8cc840c70f2372e73696a83bf1f7bf742aec4f2b87cf2290d52334e16c36,rm,36814c4bf7948944be4c08d4c151c4a5042ae280cda00e9f942386d259c5856f,3,False,1462201159,1462201161,True,True,0,6258de13a5143a2e563043d4bb42c7ffd98fc707b7306bc1adcbaca8b10a9c40
val,65,2eef3f1b2ac3515a0f757d42ff7f090544d2a4fd4c201f4d33100dd11dc1a009,236c8cc840c70f2372e73696a83bf1f7bf742aec4f2b87cf2290d52334e16c36,rm,36814c4bf7948944be4c08d4c151c4a5042ae280cda00e9f942386d259c5856f,1,True,1462262952,1462262952,True,True,0,d2d16a3a693462d74d6c799bc137b398475562d0066b7ee624316677c6647dfd
val,66,2eef3f1b2ac3515a0f757d42ff7f090544d2a4fd4c201f4d33100dd11dc1a009,236c8cc840c70f2372e73696a83bf1f7bf742aec4f2b87cf2290d52334e16c36,rm,36814c4bf7948944be4c08d4c151c4a5042ae280cda00e9f942386d259c5856f,2,False,1462205622,1462205623,True,True,0,425026fb9273b595f96952c2ea782f13ef0f67b147826c63f851b6480b00fa0f
val,67,2eef3f1b2ac3515a0f757d42ff7f090544d2a4fd4c201f4d33100dd11dc1a009,236c8cc840c70f2372e73696a83bf1f7bf742aec4f2b87cf2290d52334e16c36,rm,36814c4bf7948944be4c08d4c151c4a5042ae280cda00e9f942386d259c5856f,2,False,1462197677,1462197678,True,True,0,03ff6c02f4a4a817efaf5120e40dfdad6c2140b64d623781192240b90371b960
val,68,2eef3f1b2ac3515a0f757d42ff7f090544d2a4fd4c201f4d33100dd11dc1a009,236c8cc840c70f2372e73696a83bf1f7bf742aec4f2b87cf2290d52334e16c36,rm,36814c4bf7948944be4c08d4c151c4a5042ae280cda00e9f942386d259c5856f,3,False,1462197453,1462197455,True,True,0,0ba7eab162292f6028631e0bb706ad45e27b532ca1c35a1a8a62966e31e4ddf9
val,69,2eef3f1b2ac3515a0f757d42ff7f090544d2a4fd4c201f4d33100dd11dc1a009,236c8cc840c70f2372e73696a83bf1f7bf742aec4f2b87cf2290d52334e16c36,rm,36814c4bf7948944be4c08d4c151c4a5042ae280cda00e9f942386d259c5856f,3,False,1462201208,1462201211,True,True,0,6c0a006d635d714c2a45bfa44b3a17e09ff5410778b9f1179f4a4a23e96e4222
val,70,2eef3f1b2ac3515a0f757d42ff7f090544d2a4fd4c201f4d33100dd11dc1a009,236c8cc840c70f2372e73696a83bf1f7bf742aec4f2b87cf2290d52334e16c36,rm,36814c4bf7948944be4c08d4c151c4a5042ae280cda00e9f942386d259c5856f,2,False,1462266941,1462266942,True,True,1,9cd3855fdf506faa159de471de767ddd968e2e6d1c369fe5af6bd8735507e145
val,71,2eef3f1b2ac3515a0f757d42ff7f090544d2a4fd4c201f4d33100dd11dc1a009,236c8cc840c70f2372e73696a83bf1f7bf742aec4f2b87cf2290d52334e16c36,rm,36814c4bf7948944be4c08d4c151c4a5042ae280cda00e9f942386d259c5856f,1,True,1462264878,1462264878,True,True,0,b5f71494584a34d2bf55a282b42e6085d16ce1d502ff457e0ca9286685a04f23
val,72,2eef3f1b2ac3515a0f757d42ff7f090544d2a4fd4c201f4d33100dd11dc1a009,236c8cc840c70f2372e73696a83bf1f7bf742aec4f2b87cf2290d52334e16c36,rm,36814c4bf7948944be4c08d4c151c4a5042ae280cda00e9f942386d259c5856f,3,False,1462203031,1462203035,True,True,0,a61f1ef6ae288acff85bedb9d98753a4058ae0ee16b6711f8b27423e46fca0c5
val,73,2eef3f1b2ac3515a0f757d42ff7f090544d2a4fd4c201f4d33100dd11dc1a009,236c8cc840c70f2372e73696a83bf1f7bf742aec4f2b87cf2290d52334e16c36,rm,36814c4bf7948944be4c08d4c151c4a5042ae280cda00e9f942386d259c5856f,3,False,1462262562,1462262564,True,True,0,df224837718efea84de3ab16db3325a7ab1c525df124e3fb5ab8756330bfba43
val,74,2eef3f1b2ac3515a0f757d42ff7f090544d2a4fd4c201f4d33100dd11dc1a009,236c8cc840c70f2372e73696a83bf1f7bf742aec4f2b87cf2290d52334e16c36,rm,36814c4bf7948944be4c08d4c151c4a5042ae280cda00e9f942386d259c5856f,6,False,1462196963,1462196975,True,True,0,e33d8924ad9b905ef75a716d7054fd9a7e53143613a812f328a79e6bd2572617
val,75,2eef3f1b2ac3515a0f757d42ff7f090544d2a4fd4c201f4d33100dd11dc1a009,236c8cc840c70f2372e73696a83bf1f7bf742aec4f2b87cf2290d52334e16c36,rm,36814c4bf7948944be4c08d4c151c4a5042ae280cda00e9f942386d259c5856f,3,False,1462205769,1462205771,True,True,0,a94cb52e24e81960832805e63d9a3ba7889c80a1d1fbae4dcf4c61de07ae319e
val,76,2eef3f1b2ac3515a0f757d42ff7f090544d2a4fd4c201f4d33100dd11dc1a009,236c8cc840c70f2372e73696a83bf1f7bf742aec4f2b87cf2290d52334e16c36,rm,36814c4bf7948944be4c08d4c151c4a5042ae280cda00e9f942386d259c5856f,3,False,1462206050,1462206064,True,True,0,201bd82e5f1b864489ba182a034d15c12a292c5ec58e3635c6312dd0d02f47f5
val,77,2eef3f1b2ac3515a0f757d42ff7f090544d2a4fd4c201f4d33100dd11dc1a009,236c8cc840c70f2372e73696a83bf1f7bf742aec4f2b87cf2290d52334e16c36,rm,36814c4bf7948944be4c08d4c151c4a5042ae280cda00e9f942386d259c5856f,5,False,1462262355,1462262364,True,True,0,6e3aadb27f72de4575ad6415c6febee1450ce7899b617e286bb001f32971dd0f
val,78,2eef3f1b2ac3515a0f757d42ff7f090544d2a4fd4c201f4d33100dd11dc1a009,236c8cc840c70f2372e73696a83bf1f7bf742aec4f2b87cf2290d52334e16c36,rm,36814c4bf7948944be4c08d4c151c4a5042ae280cda00e9f942386d259c5856f,3,False,1462198461,1462198463,True,True,0,083e5688883f5f07dcf8bb1d6dc2d2a9bff6e270f9540e7d5fd91b2464a5863b
val,79,2eef3f1b2ac3515a0f757d42ff7f090544d2a4fd4c201f4d33100dd11dc1a009,236c8cc840c70f2372e73696a83bf1f7bf742aec4f2b87cf2290d52334e16c36,rm,36814c4bf7948944be4c08d4c151c4a5042ae280cda00e9f942386d259c5856f,3,False,1462266673,1462266675,True,True,1,233629052b85f454c17579bda69e1bd9a1a67dc60918077ecd74a1c0e2befdab
val,80,2eef3f1b2ac3515a0f757d42ff7f090544d2a4fd4c201f4d33100dd11dc1a009,236c8cc840c70f2372e73696a83bf1f7bf742aec4f2b87cf2290d52334e16c36,rm,36814c4bf7948944be4c08d4c151c4a5042ae280cda00e9f942386d259c5856f,3,False,1462266981,1462266983,True,True,1,eca5be1363f7b4842199243c74ff6cdad23dfdcb352ae22cfab0e15cfa496fd9
val,81,2eef3f1b2ac3515a0f757d42ff7f090544d2a4fd4c201f4d33100dd11dc1a009,236c8cc840c70f2372e73696a83bf1f7bf742aec4f2b87cf2290d52334e16c36,rm,36814c4bf7948944be4c08d4c151c4a5042ae280cda00e9f942386d259c5856f,1,True,1462265730,1462265730,True,True,0,a7c7139b75e89a06a08250bc3d050635853a30cc816abf7d579d1980f439d85e
val,82,2eef3f1b2ac3515a0f757d42ff7f090544d2a4fd4c201f4d33100dd11dc1a009,236c8cc840c70f2372e73696a83bf1f7bf742aec4f2b87cf2290d52334e16c36,rm,36814c4bf7948944be4c08d4c151c4a5042ae280cda00e9f942386d259c5856f,3,False,1462267756,1462267758,True,True,0,9286853e78d6516a653b2a225639dd95ded9814c8161c069e839bc78acb94bdf
val,83,2eef3f1b2ac3515a0f757d42ff7f090544d2a4fd4c201f4d33100dd11dc1a009,236c8cc840c70f2372e73696a83bf1f7bf742aec4f2b87cf2290d52334e16c36,rm,36814c4bf7948944be4c08d4c151c4a5042ae280cda00e9f942386d259c5856f,1,True,1462266888,1462266888,True,True,0,6c8724dfea8dd00fcff1faaf9f502bd92b73e22c8ccac9ee3868d7e41f1fc73a
val,84,2eef3f1b2ac3515a0f757d42ff7f090544d2a4fd4c201f4d33100dd11dc1a009,236c8cc840c70f2372e73696a83bf1f7bf742aec4f2b87cf2290d52334e16c36,rm,36814c4bf7948944be4c08d4c151c4a5042ae280cda00e9f942386d259c5856f,3,False,1462198115,1462198118,True,True,0,747f2744c7206135de1a5fedc03c670c8cb8438c8771965cbe901a10eb9afa33
val,85,2eef3f1b2ac3515a0f757d42ff7f090544d2a4fd4c201f4d33100dd11dc1a009,236c8cc840c70f2372e73696a83bf1f7bf742aec4f2b87cf2290d52334e16c36,rm,36814c4bf7948944be4c08d4c151c4a5042ae280cda00e9f942386d259c5856f,6,False,1462262403,1462262409,True,True,0,040c81540efaf96a8e649bf9b454c9260c6025fb987f3c86c66fa3d3a7d8c0c4
val,86,2eef3f1b2ac3515a0f757d42ff7f090544d2a4fd4c201f4d33100dd11dc1a009,236c8cc840c70f2372e73696a83bf1f7bf742aec4f2b87cf2290d52334e16c36,rm,36814c4bf7948944be4c08d4c151c4a5042ae280cda00e9f942386d259c5856f,3,False,1462196849,1462196851,True,True,0,a3daa8dc848bc62f0a09fc35c3c28341bcf5513ac297ec1226eab320177f6ecc
val,87,2eef3f1b2ac3515a0f757d42ff7f090544d2a4fd4c201f4d33100dd11dc1a009,236c8cc840c70f2372e73696a83bf1f7bf742aec4f2b87cf2290d52334e16c36,rm,36814c4bf7948944be4c08d4c151c4a5042ae280cda00e9f942386d259c5856f,3,False,1462263025,1462263027,True,True,0,5523b7bb5caba8c1a500184d64b269fc1265d6872a7080f1b132462728dd1455
val,88,2eef3f1b2ac3515a0f757d42ff7f090544d2a4fd4c201f4d33100dd11dc1a009,236c8cc840c70f2372e73696a83bf1f7bf742aec4f2b87cf2290d52334e16c36,rm,36814c4bf7948944be4c08d4c151c4a5042ae280cda00e9f942386d259c5856f,3,False,1462206650,1462206652,True,True,0,17f5571889bda9b6f0b75abb3d5a6e8f222a93e2b3fb105a421f7ebac400f93a
val,89,2eef3f1b2ac3515a0f757d42ff7f090544d2a4fd4c201f4d33100dd11dc1a009,236c8cc840c70f2372e73696a83bf1f7bf742aec4f2b87cf2290d52334e16c36,rm,36814c4bf7948944be4c08d4c151c4a5042ae280cda00e9f942386d259c5856f,3,False,1462206970,1462206972,True,True,0,24ae83abaf707e9e587da2815dfa6364f09e06eead5bb30802b93c3361923be5
val,90,2eef3f1b2ac3515a0f757d42ff7f090544d2a4fd4c201f4d33100dd11dc1a009,236c8cc840c70f2372e73696a83bf1f7bf742aec4f2b87cf2290d52334e16c36,rm,36814c4bf7948944be4c08d4c151c4a5042ae280cda00e9f942386d259c5856f,1,True,1462263312,1462263312,True,True,0,35ba4dc96e26d188f9085d0a2abb20dde7db9ad5656bcb73f1f8add468a85725
val,91,2eef3f1b2ac3515a0f757d42ff7f090544d2a4fd4c201f4d33100dd11dc1a009,236c8cc840c70f2372e73696a83bf1f7bf742aec4f2b87cf2290d52334e16c36,rm,36814c4bf7948944be4c08d4c151c4a5042ae280cda00e9f942386d259c5856f,2,False,1462262381,1462262382,True,True,0,1b375994c2d4c9f4cd0fc9f7276894e0100f4a8f05e71064b98541d7587519a9
val,92,2eef3f1b2ac3515a0f757d42ff7f090544d2a4fd4c201f4d33100dd11dc1a009,236c8cc840c70f2372e73696a83bf1f7bf742aec4f2b87cf2290d52334e16c36,rm,36814c4bf7948944be4c08d4c151c4a5042ae280cda00e9f942386d259c5856f,3,False,1462267253,1462267255,True,True,0,4124c8dc0038cdf71fea437304db4e46f88c52080c18c325ad1ebd76cd58fef2
val,93,2eef3f1b2ac3515a0f757d42ff7f090544d2a4fd4c201f4d33100dd11dc1a009,236c8cc840c70f2372e73696a83bf1f7bf742aec4f2b87cf2290d52334e16c36,rm,36814c4bf7948944be4c08d4c151c4a5042ae280cda00e9f942386d259c5856f,1,True,1462267019,1462267019,True,True,0,f2bb005811f4c524668813bb7a8ccee27be54656b39b04cfb94bf7259e4a71a5
val,94,2eef3f1b2ac3515a0f757d42ff7f090544d2a4fd4c201f4d33100dd11dc1a009,236c8cc840c70f2372e73696a83bf1f7bf742aec4f2b87cf2290d52334e16c36,rm,36814c4bf7948944be4c08d4c151c4a5042ae280cda00e9f942386d259c5856f,3,False,1462197063,1462197065,True,True,0,9755fe322e2e74372555be93d4f510b7c242506261936257117458536b6d413b
val,95,2eef3f1b2ac3515a0f757d42ff7f090544d2a4fd4c201f4d33100dd11dc1a009,236c8cc840c70f2372e73696a83bf1f7bf742aec4f2b87cf2290d52334e16c36,rm,36814c4bf7948944be4c08d4c151c4a5042ae280cda00e9f942386d259c5856f,3,False,1462264292,1462264294,True,True,0,432e88bb408e55681047240ff406fc4d1a65bd5762154d22eceb49a8574010f8
val,96,2eef3f1b2ac3515a0f757d42ff7f090544d2a4fd4c201f4d33100dd11dc1a009,236c8cc840c70f2372e73696a83bf1f7bf742aec4f2b87cf2290d52334e16c36,rm,36814c4bf7948944be4c08d4c151c4a5042ae280cda00e9f942386d259c5856f,3,False,1462262649,1462262651,True,True,0,e8293f165616b5fabd49a779f4b2885a68056682e8667ee73942170b65248297
val,97,2eef3f1b2ac3515a0f757d42ff7f090544d2a4fd4c201f4d33100dd11dc1a009,236c8cc840c70f2372e73696a83bf1f7bf742aec4f2b87cf2290d52334e16c36,rm,36814c4bf7948944be4c08d4c151c4a5042ae280cda00e9f942386d259c5856f,3,False,1462199687,1462199691,True,True,0,4a6cb7ae79e3a8d431c2fee6d57614038de71c6e6c611d6fd84e7392f0915520
val,98,2eef3f1b2ac3515a0f757d42ff7f090544d2a4fd4c201f4d33100dd11dc1a009,236c8cc840c70f2372e73696a83bf1f7bf742aec4f2b87cf2290d52334e16c36,rm,36814c4bf7948944be4c08d4c151c4a5042ae280cda00e9f942386d259c5856f,3,False,1462264746,1462264749,True,True,0,344a241595c1385f5abf4c121bb2a5cd7dc606043fab1dedfcf7d1ad369ca5dc
val,99,2eef3f1b2ac3515a0f757d42ff7f090544d2a4fd4c201f4d33100dd11dc1a009,236c8cc840c70f2372e73696a83bf1f7bf742aec4f2b87cf2290d52334e16c36,rm,36814c4bf7948944be4c08d4c151c4a5042ae280cda00e9f942386d259c5856f,1,True,1462264456,1462264456,True,True,0,eed330f2b6c6d92e9327f732781443b231c6e7fd0e25e5d40942a263a50efa3d
val,100,2eef3f1b2ac3515a0f757d42ff7f090544d2a4fd4c201f4d33100dd11dc1a009,236c8cc840c70f2372e73696a83bf1f7bf742aec4f2b87cf2290d52334e16c36,rm,36814c4bf7948944be4c08d4c151c4a5042ae280cda00e9f942386d259c5856f,1,True,1462200112,1462200112,True,True,0,85057812a5d900f0b6ea985e8b0457e816f9c0d968b1d0a0d7973767ac7a8528
val,101,2eef3f1b2ac3515a0f757d42ff7f090544d2a4fd4c201f4d33100dd11dc1a009,236c8cc840c70f2372e73696a83bf1f7bf742aec4f2b87cf2290d52334e16c36,rm,36814c4bf7948944be4c08d4c151c4a5042ae280cda00e9f942386d259c5856f,2,False,1462196781,1462196782,True,True,0,7b04596341aedd83de9d064f9e3f7d383855c4623fd758836ee4128598558642
val,102,2eef3f1b2ac3515a0f757d42ff7f090544d2a4fd4c201f4d33100dd11dc1a009,236c8cc840c70f2372e73696a83bf1f7bf742aec4f2b87cf2290d52334e16c36,rm,36814c4bf7948944be4c08d4c151c4a5042ae280cda00e9f942386d259c5856f,3,False,1462200845,1462200847,True,True,0,4ee777de655dccba5497ff688d286d117fbbe2f94e3e6124b277c5793c309d21
val,103,2eef3f1b2ac3515a0f757d42ff7f090544d2a4fd4c201f4d33100dd11dc1a009,236c8cc840c70f2372e73696a83bf1f7bf742aec4f2b87cf2290d52334e16c36,rm,36814c4bf7948944be4c08d4c151c4a5042ae280cda00e9f942386d259c5856f,5,False,1462262754,1462262769,True,True,0,5ed027d71ec2bb4480b391c34e51c9036eb45d9491342e3479e4427115845b16
val,104,2eef3f1b2ac3515a0f757d42ff7f090544d2a4fd4c201f4d33100dd11dc1a009,236c8cc840c70f2372e73696a83bf1f7bf742aec4f2b87cf2290d52334e16c36,rm,36814c4bf7948944be4c08d4c151c4a5042ae280cda00e9f942386d259c5856f,3,False,1462206317,1462206319,True,True,0,c9619b343a4962de65610cd3136e9f65735078a9c1c6224b17863e1ae698ff93
val,105,2eef3f1b2ac3515a0f757d42ff7f090544d2a4fd4c201f4d33100dd11dc1a009,236c8cc840c70f2372e73696a83bf1f7bf742aec4f2b87cf2290d52334e16c36,rm,36814c4bf7948944be4c08d4c151c4a5042ae280cda00e9f942386d259c5856f,6,False,1462268829,1462268836,True,True,0,6e20b1bfb34aae815e11c62bc738ac24d2899e9e6f211c070ebe4e4c4eb1c3c6
val,106,2eef3f1b2ac3515a0f757d42ff7f090544d2a4fd4c201f4d33100dd11dc1a009,236c8cc840c70f2372e73696a83bf1f7bf742aec4f2b87cf2290d52334e16c36,rm,36814c4bf7948944be4c08d4c151c4a5042ae280cda00e9f942386d259c5856f,3,False,1462206082,1462206084,True,True,0,26ce34ea01952d1fc082166bee421fa3ba1be09029e1f87bfa8b3d4ede8e9c06
val,107,2eef3f1b2ac3515a0f757d42ff7f090544d2a4fd4c201f4d33100dd11dc1a009,236c8cc840c70f2372e73696a83bf1f7bf742aec4f2b87cf2290d52334e16c36,rm,36814c4bf7948944be4c08d4c151c4a5042ae280cda00e9f942386d259c5856f,3,False,1462203503,1462203505,True,True,0,0fd9811c2bfae59d4421958a7203ce248917da662acf603c45c424967f164eae
val,108,2eef3f1b2ac3515a0f757d42ff7f090544d2a4fd4c201f4d33100dd11dc1a009,236c8cc840c70f2372e73696a83bf1f7bf742aec4f2b87cf2290d52334e16c36,rm,36814c4bf7948944be4c08d4c151c4a5042ae280cda00e9f942386d259c5856f,6,False,1462206508,1462206525,True,True,0,d0a639dec1999b6174788dde3f628bebd9d135c5cd94cb81057001dfadcf57ca
val,109,2eef3f1b2ac3515a0f757d42ff7f090544d2a4fd4c201f4d33100dd11dc1a009,236c8cc840c70f2372e73696a83bf1f7bf742aec4f2b87cf2290d52334e16c36,rm,36814c4bf7948944be4c08d4c151c4a5042ae280cda00e9f942386d259c5856f,3,False,1462266378,1462266380,True,True,0,076e9effaf229412b07ca53def60737eb207aee49277d3bc05eaff30aafa15da
val,110,2eef3f1b2ac3515a0f757d42ff7f090544d2a4fd4c201f4d33100dd11dc1a009,236c8cc840c70f2372e73696a83bf1f7bf742aec4f2b87cf2290d52334e16c36,rm,36814c4bf7948944be4c08d4c151c4a5042ae280cda00e9f942386d259c5856f,3,False,1462265019,1462265022,True,True,0,d4ecefdf43ca4e98f3f52f42bb02e06a8ee9cd5bccc9b5d8337eca1c973399bc
val,111,2eef3f1b2ac3515a0f757d42ff7f090544d2a4fd4c201f4d33100dd11dc1a009,236c8cc840c70f2372e73696a83bf1f7bf742aec4f2b87cf2290d52334e16c36,rm,36814c4bf7948944be4c08d4c151c4a5042ae280cda00e9f942386d259c5856f,3,False,1462203449,1462203451,True,True,0,e3e3a32e64f54adbbc06eac7819a57fcb92a6377e18be436c27757e66db0d23b
val,112,2eef3f1b2ac3515a0f757d42ff7f090544d2a4fd4c201f4d33100dd11dc1a009,236c8cc840c70f2372e73696a83bf1f7bf742aec4f2b87cf2290d52334e16c36,rm,36814c4bf7948944be4c08d4c151c4a5042ae280cda00e9f942386d259c5856f,3,False,1462200030,1462200032,True,True,0,47403085b76d7aaff3973e7cb4930943f69dafe63c60f40c8574aecf6f3cc1f8
val,113,2eef3f1b2ac3515a0f757d42ff7f090544d2a4fd4c201f4d33100dd11dc1a009,236c8cc840c70f2372e73696a83bf1f7bf742aec4f2b87cf2290d52334e16c36,rm,36814c4bf7948944be4c08d4c151c4a5042ae280cda00e9f942386d259c5856f,1,True,1462197923,1462197923,True,True,0,5fe57dc1341d7d36be27d5205a4399158f94123bd05c53b3a25652593e559c35
val,114,2eef3f1b2ac3515a0f757d42ff7f090544d2a4fd4c201f4d33100dd11dc1a009,236c8cc840c70f2372e73696a83bf1f7bf742aec4f2b87cf2290d52334e16c36,rm,36814c4bf7948944be4c08d4c151c4a5042ae280cda00e9f942386d259c5856f,3,False,1462265079,1462265081,True,True,0,8bd753ed388d2ac4f535511bbb7e129fbb6c8487694d9bacb21bf939f3da9bc2
test,0,f3e6b48352cd9174ec6e5c468536f3dca8160f087b4db0d0bae4cc8d592b5c3b,c6ba46623ef42ef336bf3b7e0403aa9fdcb28717bbd9bd72375a1c01adb62522,rm,36814c4bf7948944be4c08d4c151c4a5042ae280cda00e9f942386d259c5856f,3,False,1462206122,1462206124,True,True,0,b9cc427e03b27bdf665429694f963893f7317b4b8a9a1acf4e2a53ab9ee42fa4
test,1,f3e6b48352cd9174ec6e5c468536f3dca8160f087b4db0d0bae4cc8d592b5c3b,c6ba46623ef42ef336bf3b7e0403aa9fdcb28717bbd9bd72375a1c01adb62522,rm,36814c4bf7948944be4c08d4c151c4a5042ae280cda00e9f942386d259c5856f,3,False,1462201636,1462201638,True,True,0,19b079253c62c30ce5e2ae35215fa7f815ca01c493a50a630e439dcfd1e12389
test,2,f3e6b48352cd9174ec6e5c468536f3dca8160f087b4db0d0bae4cc8d592b5c3b,c6ba46623ef42ef336bf3b7e0403aa9fdcb28717bbd9bd72375a1c01adb62522,rm,36814c4bf7948944be4c08d4c151c4a5042ae280cda00e9f942386d259c5856f,2,False,1462267572,1462267573,True,True,0,f7fdbe9e8146da5eaaedb427088d9de858137abde06ce159452dcb4a37f472ee
test,3,f3e6b48352cd9174ec6e5c468536f3dca8160f087b4db0d0bae4cc8d592b5c3b,c6ba46623ef42ef336bf3b7e0403aa9fdcb28717bbd9bd72375a1c01adb62522,rm,36814c4bf7948944be4c08d4c151c4a5042ae280cda00e9f942386d259c5856f,3,False,1462206459,1462206461,True,True,0,4537f2193205448cccfe3655fa5df0af26ae859a85fa214327821baaead5edc7
test,4,f3e6b48352cd9174ec6e5c468536f3dca8160f087b4db0d0bae4cc8d592b5c3b,c6ba46623ef42ef336bf3b7e0403aa9fdcb28717bbd9bd72375a1c01adb62522,rm,36814c4bf7948944be4c08d4c151c4a5042ae280cda00e9f942386d259c5856f,3,False,1462267410,1462267413,True,True,0,9989494fb94a253bb703cea277235e82201d8db6a7910b304a4b35a91f4f6bd5
test,5,f3e6b48352cd9174ec6e5c468536f3dca8160f087b4db0d0bae4cc8d592b5c3b,c6ba46623ef42ef336bf3b7e0403aa9fdcb28717bbd9bd72375a1c01adb62522,rm,36814c4bf7948944be4c08d4c151c4a5042ae280cda00e9f942386d259c5856f,3,False,1462197558,1462197560,True,True,0,cd67c42230446b473da62cbe3a8dc4583d384cbb3599d20ed078f44c17970522
test,6,f3e6b48352cd9174ec6e5c468536f3dca8160f087b4db0d0bae4cc8d592b5c3b,c6ba46623ef42ef336bf3b7e0403aa9fdcb28717bbd9bd72375a1c01adb62522,rm,36814c4bf7948944be4c08d4c151c4a5042ae280cda00e9f942386d259c5856f,3,False,1462267664,1462267666,True,True,0,aa48411a905321879f18950dc0ef0e9ca300ae2d39c41d7116191ab994939589
test,7,f3e6b48352cd9174ec6e5c468536f3dca8160f087b4db0d0bae4cc8d592b5c3b,c6ba46623ef42ef336bf3b7e0403aa9fdcb28717bbd9bd72375a1c01adb62522,rm,36814c4bf7948944be4c08d4c151c4a5042ae280cda00e9f942386d259c5856f,5,False,1462262988,1462263003,True,True,0,22832b5fd4cca9f26c8374bbf97bb10289a1200e4bc2b09e6f6c02b2e14e4e9a
test,8,f3e6b48352cd9174ec6e5c468536f3dca8160f087b4db0d0bae4cc8d592b5c3b,c6ba46623ef42ef336bf3b7e0403aa9fdcb28717bbd9bd72375a1c01adb62522,rm,36814c4bf7948944be4c08d4c151c4a5042ae280cda00e9f942386d259c5856f,3,False,1462198243,1462198246,True,True,0,925560f3e8d849e9b2e4e2434f42cc03e37426d37a789a37f6572fcb1332bb73
test,9,f3e6b48352cd9174ec6e5c468536f3dca8160f087b4db0d0bae4cc8d592b5c3b,c6ba46623ef42ef336bf3b7e0403aa9fdcb28717bbd9bd72375a1c01adb62522,rm,36814c4bf7948944be4c08d4c151c4a5042ae280cda00e9f942386d259c5856f,2,False,1462205559,1462205560,True,True,0,9c58a43a34e0ab43674d25692d6b07e0709e1f78bbfeafe0f73129b22ccd8c51
test,10,f3e6b48352cd9174ec6e5c468536f3dca8160f087b4db0d0bae4cc8d592b5c3b,c6ba46623ef42ef336bf3b7e0403aa9fdcb28717bbd9bd72375a1c01adb62522,rm,36814c4bf7948944be4c08d4c151c4a5042ae280cda00e9f942386d259c5856f,3,False,1462206188,1462206190,True,True,0,27230a69beb12975441496c83e8eb10f9ee575a1f1abad512f14a858dd4d1845
test,11,f3e6b48352cd9174ec6e5c468536f3dca8160f087b4db0d0bae4cc8d592b5c3b,c6ba46623ef42ef336bf3b7e0403aa9fdcb28717bbd9bd72375a1c01adb62522,rm,36814c4bf7948944be4c08d4c151c4a5042ae280cda00e9f942386d259c5856f,1,True,1462267623,1462267623,True,True,0,9fb7e5df2effac2a23ae08814d32f5879b21a43c92947a2b0a609907b8f4a3fc
test,12,f3e6b48352cd9174ec6e5c468536f3dca8160f087b4db0d0bae4cc8d592b5c3b,c6ba46623ef42ef336bf3b7e0403aa9fdcb28717bbd9bd72375a1c01adb62522,rm,36814c4bf7948944be4c08d4c151c4a5042ae280cda00e9f942386d259c5856f,3,False,1462265650,1462265653,True,True,0,286b92b83e16ebd194c0b58c1cfb436e6416d7a215147d7e03e31c8ab9c4e3b4
test,13,f3e6b48352cd9174ec6e5c468536f3dca8160f087b4db0d0bae4cc8d592b5c3b,c6ba46623ef42ef336bf3b7e0403aa9fdcb28717bbd9bd72375a1c01adb62522,rm,36814c4bf7948944be4c08d4c151c4a5042ae280cda00e9f942386d259c5856f,3,False,1462196994,1462196996,True,True,0,29e7b5417581cfc361ec6815e6a460f78068ef3403173b0c541740da490a04c3
test,14,f3e6b48352cd9174ec6e5c468536f3dca8160f087b4db0d0bae4cc8d592b5c3b,c6ba46623ef42ef336bf3b7e0403aa9fdcb28717bbd9bd72375a1c01adb62522,rm,36814c4bf7948944be4c08d4c151c4a5042ae280cda00e9f942386d259c5856f,4,False,1462262447,1462262452,True,True,0,14172d6eab0f78c4fdc54d3565bb6c3fffae7f62775c4fc553aae7dbfedfd1f8
test,15,f3e6b48352cd9174ec6e5c468536f3dca8160f087b4db0d0bae4cc8d592b5c3b,c6ba46623ef42ef336bf3b7e0403aa9fdcb28717bbd9bd72375a1c01adb62522,rm,36814c4bf7948944be4c08d4c151c4a5042ae280cda00e9f942386d259c5856f,1,True,1462199092,1462199092,True,True,0,d2d9a48b6e2459c7628571b6d4329892e3798d8764c63233cea83b8367822b99
test,16,f3e6b48352cd9174ec6e5c468536f3dca8160f087b4db0d0bae4cc8d592b5c3b,c6ba46623ef42ef336bf3b7e0403aa9fdcb28717bbd9bd72375a1c01adb62522,rm,36814c4bf7948944be4c08d4c151c4a5042ae280cda00e9f942386d259c5856f,2,False,1462263889,1462263890,True,True,0,c18339be26ee2926ef3bf431319d4bf53c99ad47218f7d8dd89bcdb2e6e1ef64
test,17,f3e6b48352cd9174ec6e5c468536f3dca8160f087b4db0d0bae4cc8d592b5c3b,c6ba46623ef42ef336bf3b7e0403aa9fdcb28717bbd9bd72375a1c01adb62522,rm,36814c4bf7948944be4c08d4c151c4a5042ae280cda00e9f942386d259c5856f,3,False,1462207007,1462207009,True,True,0,f075b3d91dfea680141bf1e75770c54e3ebb4df7b2c05d8419834759fb5156d0
test,18,f3e6b48352cd9174ec6e5c468536f3dca8160f087b4db0d0bae4cc8d592b5c3b,c6ba46623ef42ef336bf3b7e0403aa9fdcb28717bbd9bd72375a1c01adb62522,rm,36814c4bf7948944be4c08d4c151c4a5042ae280cda00e9f942386d259c5856f,1,True,1462206250,1462206250,True,True,0,deccffd194c5a857a73af0785d62c68a94fbeb75f996f758d7e47a8bb4f89492
test,19,f3e6b48352cd9174ec6e5c468536f3dca8160f087b4db0d0bae4cc8d592b5c3b,c6ba46623ef42ef336bf3b7e0403aa9fdcb28717bbd9bd72375a1c01adb62522,rm,36814c4bf7948944be4c08d4c151c4a5042ae280cda00e9f942386d259c5856f,2,False,1462263485,1462263486,True,True,0,514bb6c4142100a91fedb1d8a2fe9e3433a84cfe08427a036280c96caf8f6359
test,20,f3e6b48352cd9174ec6e5c468536f3dca8160f087b4db0d0bae4cc8d592b5c3b,c6ba46623ef42ef336bf3b7e0403aa9fdcb28717bbd9bd72375a1c01adb62522,rm,36814c4bf7948944be4c08d4c151c4a5042ae280cda00e9f942386d259c5856f,3,False,1462264594,1462264596,True,True,0,dbcf53aa8dfa9cacbd2574fb973f2d87590c9ca35a71a4088132d2f221854a0a
test,21,f3e6b48352cd9174ec6e5c468536f3dca8160f087b4db0d0bae4cc8d592b5c3b,c6ba46623ef42ef336bf3b7e0403aa9fdcb28717bbd9bd72375a1c01adb62522,rm,36814c4bf7948944be4c08d4c151c4a5042ae280cda00e9f942386d259c5856f,6,False,1462205828,1462205840,True,True,0,bb464947a8349a82519f2a1f1837be1f35eb05ee68342c18659f59648df54a11
test,22,f3e6b48352cd9174ec6e5c468536f3dca8160f087b4db0d0bae4cc8d592b5c3b,c6ba46623ef42ef336bf3b7e0403aa9fdcb28717bbd9bd72375a1c01adb62522,rm,36814c4bf7948944be4c08d4c151c4a5042ae280cda00e9f942386d259c5856f,6,False,1462262478,1462262485,True,True,0,8b51eaa9808f105caff499bff45b40e81ee4bcb52cdc1e59e6cb92ae642b3e7a
test,23,f3e6b48352cd9174ec6e5c468536f3dca8160f087b4db0d0bae4cc8d592b5c3b,c6ba46623ef42ef336bf3b7e0403aa9fdcb28717bbd9bd72375a1c01adb62522,rm,36814c4bf7948944be4c08d4c151c4a5042ae280cda00e9f942386d259c5856f,3,False,1462197275,1462197277,True,True,0,c8296e2f502642a9a0e2c32cd140fdac83346e041d0f325b16af0d0daa45223d
test,24,f3e6b48352cd9174ec6e5c468536f3dca8160f087b4db0d0bae4cc8d592b5c3b,c6ba46623ef42ef336bf3b7e0403aa9fdcb28717bbd9bd72375a1c01adb62522,rm,36814c4bf7948944be4c08d4c151c4a5042ae280cda00e9f942386d259c5856f,4,False,1462268803,1462268811,True,True,0,11f6b03bea5091a714d04b55cb75da5eead6d9e78e4b4aa727f7f235992dafeb
test,25,f3e6b48352cd9174ec6e5c468536f3dca8160f087b4db0d0bae4cc8d592b5c3b,c6ba46623ef42ef336bf3b7e0403aa9fdcb28717bbd9bd72375a1c01adb62522,rm,36814c4bf7948944be4c08d4c151c4a5042ae280cda00e9f942386d259c5856f,3,False,1462267493,1462267495,True,True,0,3e73cade2346aace1e32059d0648976979979e0c9fc5befd8f8df14aff7e95af
test,26,f3e6b48352cd9174ec6e5c468536f3dca8160f087b4db0d0bae4cc8d592b5c3b,c6ba46623ef42ef336bf3b7e0403aa9fdcb28717bbd9bd72375a1c01adb62522,rm,36814c4bf7948944be4c08d4c151c4a5042ae280cda00e9f942386d259c5856f,3,False,1462199056,1462199058,True,True,0,a97044cc713d71176084f0901a475089b643ccc44dacf5c27221af23cf49a768
test,27,f3e6b48352cd9174ec6e5c468536f3dca8160f087b4db0d0bae4cc8d592b5c3b,c6ba46623ef42ef336bf3b7e0403aa9fdcb28717bbd9bd72375a1c01adb62522,rm,36814c4bf7948944be4c08d4c151c4a5042ae280cda00e9f942386d259c5856f,3,False,1462206753,1462206755,True,True,0,154beb300ea29ea36ba3015f024ed6ee25d5402d3ff7319b8bf7e85d94f4a9cb
test,28,f3e6b48352cd9174ec6e5c468536f3dca8160f087b4db0d0bae4cc8d592b5c3b,c6ba46623ef42ef336bf3b7e0403aa9fdcb28717bbd9bd72375a1c01adb62522,rm,36814c4bf7948944be4c08d4c151c4a5042ae280cda00e9f942386d259c5856f,1,True,1462264812,1462264812,True,True,0,67840c4a21da45af031daad4f5a7c2fc7e8b98e53294d1da9c16c3ae697937ed
test,29,f3e6b48352cd9174ec6e5c468536f3dca8160f087b4db0d0bae4cc8d592b5c3b,c6ba46623ef42ef336bf3b7e0403aa9fdcb28717bbd9bd72375a1c01adb62522,rm,36814c4bf7948944be4c08d4c151c4a5042ae280cda00e9f942386d259c5856f,1,True,1462200216,1462200216,True,True,0,615f224a48fb6eebefc2dcf927f7a5798f8d09b66ccb92da789c4c23028afd32
test,30,f3e6b48352cd9174ec6e5c468536f3dca8160f087b4db0d0bae4cc8d592b5c3b,c6ba46623ef42ef336bf3b7e0403aa9fdcb28717bbd9bd72375a1c01adb62522,rm,36814c4bf7948944be4c08d4c151c4a5042ae280cda00e9f942386d259c5856f,3,False,1462197606,1462197608,True,True,0,c8acd4913d56fb2924000e686f1a25bb14a7be4534123c58788a7648902e8828
test,31,f3e6b48352cd9174ec6e5c468536f3dca8160f087b4db0d0bae4cc8d592b5c3b,c6ba46623ef42ef336bf3b7e0403aa9fdcb28717bbd9bd72375a1c01adb62522,rm,36814c4bf7948944be4c08d4c151c4a5042ae280cda00e9f942386d259c5856f,3,False,1462201260,1462201262,True,True,0,537880567b566f6d81a7f350aa4c7bc955c8add464893a22f244ad052209150e
test,32,f3e6b48352cd9174ec6e5c468536f3dca8160f087b4db0d0bae4cc8d592b5c3b,c6ba46623ef42ef336bf3b7e0403aa9fdcb28717bbd9bd72375a1c01adb62522,rm,36814c4bf7948944be4c08d4c151c4a5042ae280cda00e9f942386d259c5856f,3,False,1462199559,1462199561,True,True,0,6085c1c6f775156b6bf1f286091e3008fef4124dd3822420b195c735cc6d7815
test,33,f3e6b48352cd9174ec6e5c468536f3dca8160f087b4db0d0bae4cc8d592b5c3b,c6ba46623ef42ef336bf3b7e0403aa9fdcb28717bbd9bd72375a1c01adb62522,rm,36814c4bf7948944be4c08d4c151c4a5042ae280cda00e9f942386d259c5856f,3,False,1462202965,1462202967,True,True,0,9138e8bf0b1fbdd8fb8abed0efc683392204b3a6a1d46aedbca0d13c990112e9
test,34,f3e6b48352cd9174ec6e5c468536f3dca8160f087b4db0d0bae4cc8d592b5c3b,c6ba46623ef42ef336bf3b7e0403aa9fdcb28717bbd9bd72375a1c01adb62522,rm,36814c4bf7948944be4c08d4c151c4a5042ae280cda00e9f942386d259c5856f,1,True,1462207039,1462207039,True,True,0,a23b7837b8d0107c63f746bd79f5905b33de8ed793df28cf2f5f26a969a11b29
test,35,f3e6b48352cd9174ec6e5c468536f3dca8160f087b4db0d0bae4cc8d592b5c3b,c6ba46623ef42ef336bf3b7e0403aa9fdcb28717bbd9bd72375a1c01adb62522,rm,36814c4bf7948944be4c08d4c151c4a5042ae280cda00e9f942386d259c5856f,2,False,1462264082,1462264083,True,True,0,fd918d26d7de464433d2d32f72a8dacb57446c7595eb1220836b431d1abedf3e
test,36,f3e6b48352cd9174ec6e5c468536f3dca8160f087b4db0d0bae4cc8d592b5c3b,c6ba46623ef42ef336bf3b7e0403aa9fdcb28717bbd9bd72375a1c01adb62522,rm,36814c4bf7948944be4c08d4c151c4a5042ae280cda00e9f942386d259c5856f,2,False,1462196908,1462196909,True,True,0,e980c22300875313906689e9d2ccf9bcb8493ee02232610e77e6b020c574b2c9
test,37,f3e6b48352cd9174ec6e5c468536f3dca8160f087b4db0d0bae4cc8d592b5c3b,c6ba46623ef42ef336bf3b7e0403aa9fdcb28717bbd9bd72375a1c01adb62522,rm,36814c4bf7948944be4c08d4c151c4a5042ae280cda00e9f942386d259c5856f,1,True,1462199301,1462199301,True,True,0,b27b83fa8151bc803cff389d15b7950f05b2dda609ab631b37ee949c7de8d3f9
test,38,f3e6b48352cd9174ec6e5c468536f3dca8160f087b4db0d0bae4cc8d592b5c3b,c6ba46623ef42ef336bf3b7e0403aa9fdcb28717bbd9bd72375a1c01adb62522,rm,36814c4bf7948944be4c08d4c151c4a5042ae280cda00e9f942386d259c5856f,3,False,1462200620,1462200622,True,True,0,28a2760f15461ce4b61bf5171d82333b4dde526f1e250942b21d829c20d17b09
test,39,f3e6b48352cd9174ec6e5c468536f3dca8160f087b4db0d0bae4cc8d592b5c3b,c6ba46623ef42ef336bf3b7e0403aa9fdcb28717bbd9bd72375a1c01adb62522,rm,36814c4bf7948944be4c08d4c151c4a5042ae280cda00e9f942386d259c5856f,6,False,1462205605,1462205613,True,True,0,2a16d9b06e4d02a3bd3693c060be1252acb07361c33b65b0592c0371510c905d
test,40,f3e6b48352cd9174ec6e5c468536f3dca8160f087b4db0d0bae4cc8d592b5c3b,c6ba46623ef42ef336bf3b7e0403aa9fdcb28717bbd9bd72375a1c01adb62522,rm,36814c4bf7948944be4c08d4c151c4a5042ae280cda00e9f942386d259c5856f,3,False,1462199863,1462199865,True,True,0,92dc7d412b6a1c2e959b3c482b31db97e8c9820d912321836956518f67c19622
test,41,f3e6b48352cd9174ec6e5c468536f3dca8160f087b4db0d0bae4cc8d592b5c3b,c6ba46623ef42ef336bf3b7e0403aa9fdcb28717bbd9bd72375a1c01adb62522,rm,36814c4bf7948944be4c08d4c151c4a5042ae280cda00e9f942386d259c5856f,6,False,1462262595,1462262606,True,True,0,d12c67cb9380df4f90749f9ca8b27f47c9fac016e41970936a4d85efb7c6bb0d
test,42,f3e6b48352cd9174ec6e5c468536f3dca8160f087b4db0d0bae4cc8d592b5c3b,c6ba46623ef42ef336bf3b7e0403aa9fdcb28717bbd9bd72375a1c01adb62522,rm,36814c4bf7948944be4c08d4c151c4a5042ae280cda00e9f942386d259c5856f,3,False,1462263830,1462263832,True,True,0,a0954be75934f721b07c9090f9cb2b7b04b43f05677c1254682557927ac53262
test,43,f3e6b48352cd9174ec6e5c468536f3dca8160f087b4db0d0bae4cc8d592b5c3b,c6ba46623ef42ef336bf3b7e0403aa9fdcb28717bbd9bd72375a1c01adb62522,rm,36814c4bf7948944be4c08d4c151c4a5042ae280cda00e9f942386d259c5856f,3,False,1462266435,1462266437,True,True,0,c8e4ab6ef549496a5e02dd20ecbd20295dd8b2f032a48145d6bcef47b115fc93
test,44,f3e6b48352cd9174ec6e5c468536f3dca8160f087b4db0d0bae4cc8d592b5c3b,c6ba46623ef42ef336bf3b7e0403aa9fdcb28717bbd9bd72375a1c01adb62522,rm,36814c4bf7948944be4c08d4c151c4a5042ae280cda00e9f942386d259c5856f,3,False,1462206701,1462206703,True,True,0,aecf418b4e3e5cd31d349af4d2c6bc772f97d244f0c2cd2d24f1951b55dd4861
test,45,f3e6b48352cd9174ec6e5c468536f3dca8160f087b4db0d0bae4cc8d592b5c3b,c6ba46623ef42ef336bf3b7e0403aa9fdcb28717bbd9bd72375a1c01adb62522,rm,36814c4bf7948944be4c08d4c151c4a5042ae280cda00e9f942386d259c5856f,3,False,1462264517,1462264519,True,True,0,b44e4b5a14e2b57124a2927af957f38ae68380aa13a97b8f61d16782c4a6281c
test,46,f3e6b48352cd9174ec6e5c468536f3dca8160f087b4db0d0bae4cc8d592b5c3b,c6ba46623ef42ef336bf3b7e0403aa9fdcb28717bbd9bd72375a1c01adb62522,rm,36814c4bf7948944be4c08d4c151c4a5042ae280cda00e9f942386d259c5856f,3,False,1462199024,1462199026,True,True,0,1b0eb12e3510ca72e775e1b2f7c4024d6930f2a4ecb24340e27369911b61c4a3
test,47,f3e6b48352cd9174ec6e5c468536f3dca8160f087b4db0d0bae4cc8d592b5c3b,c6ba46623ef42ef336bf3b7e0403aa9fdcb28717bbd9bd72375a1c01adb62522,rm,36814c4bf7948944be4c08d4c151c4a5042ae280cda00e9f942386d259c5856f,1,True,1462203248,1462203248,True,True,0,e9a5c0579aa2251814f0cc57f14050e81404cd8ef3dd0feacdcbde3d445b480e
test,48,f3e6b48352cd9174ec6e5c468536f3dca8160f087b4db0d0bae4cc8d592b5c3b,c6ba46623ef42ef336bf3b7e0403aa9fdcb28717bbd9bd72375a1c01adb62522,rm,36814c4bf7948944be4c08d4c151c4a5042ae280cda00e9f942386d259c5856f,1,True,1462263699,1462263699,True,True,0,a11e533a3ebb83e82ddca978e25858e9e7b3718bfb4a9f268ae068a29947c5ce
test,49,f3e6b48352cd9174ec6e5c468536f3dca8160f087b4db0d0bae4cc8d592b5c3b,c6ba46623ef42ef336bf3b7e0403aa9fdcb28717bbd9bd72375a1c01adb62522,rm,36814c4bf7948944be4c08d4c151c4a5042ae280cda00e9f942386d259c5856f,6,False,1462266603,1462266615,True,True,0,e707252b98ad7e811686187575f4e2c81b340a7ef1bd7c650db4a3e8e0d3eac7
test,50,f3e6b48352cd9174ec6e5c468536f3dca8160f087b4db0d0bae4cc8d592b5c3b,c6ba46623ef42ef336bf3b7e0403aa9fdcb28717bbd9bd72375a1c01adb62522,rm,36814c4bf7948944be4c08d4c151c4a5042ae280cda00e9f942386d259c5856f,3,False,1462197223,1462197225,True,True,0,79a9e9ca4609f2390dfbc880348f9c0c9b00b63a675703e0c00b02e4d42562d5
test,51,f3e6b48352cd9174ec6e5c468536f3dca8160f087b4db0d0bae4cc8d592b5c3b,c6ba46623ef42ef336bf3b7e0403aa9fdcb28717bbd9bd72375a1c01adb62522,rm,36814c4bf7948944be4c08d4c151c4a5042ae280cda00e9f942386d259c5856f,3,False,1462199427,1462199430,True,True,0,5e5f0d9f3043734bfacd0241a5d6fbd61f4854ae4e61f54a88ec875780f67da0
test,52,f3e6b48352cd9174ec6e5c468536f3dca8160f087b4db0d0bae4cc8d592b5c3b,c6ba46623ef42ef336bf3b7e0403aa9fdcb28717bbd9bd72375a1c01adb62522,rm,36814c4bf7948944be4c08d4c151c4a5042ae280cda00e9f942386d259c5856f,3,False,1462264137,1462264139,True,True,0,294a3ca9ad60722805b1c63dd542597285cb31c17fbfaaabd1d91bc0b0cafe61
test,53,f3e6b48352cd9174ec6e5c468536f3dca8160f087b4db0d0bae4cc8d592b5c3b,c6ba46623ef42ef336bf3b7e0403aa9fdcb28717bbd9bd72375a1c01adb62522,rm,36814c4bf7948944be4c08d4c151c4a5042ae280cda00e9f942386d259c5856f,2,False,1462266342,1462266343,True,True,0,6012cdbed58bc15be9f4832eddcecf8f4e84e9d9b6c9318b36ebba2924f5b5ea
test,54,f3e6b48352cd9174ec6e5c468536f3dca8160f087b4db0d0bae4cc8d592b5c3b,c6ba46623ef42ef336bf3b7e0403aa9fdcb28717bbd9bd72375a1c01adb62522,rm,36814c4bf7948944be4c08d4c151c4a5042ae280cda00e9f942386d259c5856f,3,False,1462265810,1462265813,True,True,0,2b6de4913c58bf7857835cdeb6d7f557f3c95f40cbe4b96c760bbd2ddaa74c1c
test,55,f3e6b48352cd9174ec6e5c468536f3dca8160f087b4db0d0bae4cc8d592b5c3b,c6ba46623ef42ef336bf3b7e0403aa9fdcb28717bbd9bd72375a1c01adb62522,rm,36814c4bf7948944be4c08d4c151c4a5042ae280cda00e9f942386d259c5856f,1,True,1462199756,1462199756,True,True,0,1d536f0e57d2477f30f454a2d65cbac4adbecbc2380625fbf9ae87d03c61603f
test,56,f3e6b48352cd9174ec6e5c468536f3dca8160f087b4db0d0bae4cc8d592b5c3b,c6ba46623ef42ef336bf3b7e0403aa9fdcb28717bbd9bd72375a1c01adb62522,rm,36814c4bf7948944be4c08d4c151c4a5042ae280cda00e9f942386d259c5856f,3,False,1462206342,1462206344,True,True,0,0612d4e8f7b1f328ea075f986f55e6ac002f0aeff5beeab51e9f8671181f85ed
test,57,f3e6b48352cd9174ec6e5c468536f3dca8160f087b4db0d0bae4cc8d592b5c3b,c6ba46623ef42ef336bf3b7e0403aa9fdcb28717bbd9bd72375a1c01adb62522,rm,36814c4bf7948944be4c08d4c151c4a5042ae280cda00e9f942386d259c5856f,1,True,1462199363,1462199363,True,True,0,710a026e2d2fb91b61ef8056686fc253045f242d1256462392df669d4751fdea
test,58,f3e6b48352cd9174ec6e5c468536f3dca8160f087b4db0d0bae4cc8d592b5c3b,c6ba46623ef42ef336bf3b7e0403aa9fdcb28717bbd9bd72375a1c01adb62522,rm,36814c4bf7948944be4c08d4c151c4a5042ae280cda00e9f942386d259c5856f,1,True,1462202364,1462202364,True,True,0,04a9d9ac0a97f2d9a6757093404162d997d0fcf1fdd237b54767a10220baa7f1
test,59,f3e6b48352cd9174ec6e5c468536f3dca8160f087b4db0d0bae4cc8d592b5c3b,c6ba46623ef42ef336bf3b7e0403aa9fdcb28717bbd9bd72375a1c01adb62522,rm,36814c4bf7948944be4c08d4c151c4a5042ae280cda00e9f942386d259c5856f,3,False,1462204207,1462204211,True,True,0,00483972265e7d0dd2a37736ec59b8bf927d3253b9d07ced31309e5883d051f6
test,60,f3e6b48352cd9174ec6e5c468536f3dca8160f087b4db0d0bae4cc8d592b5c3b,c6ba46623ef42ef336bf3b7e0403aa9fdcb28717bbd9bd72375a1c01adb62522,rm,36814c4bf7948944be4c08d4c151c4a5042ae280cda00e9f942386d259c5856f,1,True,1462266787,1462266787,True,True,1,2b30669f56a254936eaaf8c2d4b9df1a79c786e91b7078670d44e092aa53cd14
test,61,f3e6b48352cd9174ec6e5c468536f3dca8160f087b4db0d0bae4cc8d592b5c3b,c6ba46623ef42ef336bf3b7e0403aa9fdcb28717bbd9bd72375a1c01adb62522,rm,36814c4bf7948944be4c08d4c151c4a5042ae280cda00e9f942386d259c5856f,3,False,1462197160,1462197162,True,True,0,b29e5ade711b00b156eb46e24f9c883c666a157b49eee6b5b32bb6c4a0e0a7c9
test,62,f3e6b48352cd9174ec6e5c468536f3dca8160f087b4db0d0bae4cc8d592b5c3b,c6ba46623ef42ef336bf3b7e0403aa9fdcb28717bbd9bd72375a1c01adb62522,rm,36814c4bf7948944be4c08d4c151c4a5042ae280cda00e9f942386d259c5856f,2,False,1462206424,1462206425,True,True,0,72604770e7e770e7a6ff826b5ed520ed6fe34ef0e5a1c2d4b925dbdc152141cc
test,63,f3e6b48352cd9174ec6e5c468536f3dca8160f087b4db0d0bae4cc8d592b5c3b,c6ba46623ef42ef336bf3b7e0403aa9fdcb28717bbd9bd72375a1c01adb62522,rm,36814c4bf7948944be4c08d4c151c4a5042ae280cda00e9f942386d259c5856f,3,False,1462203979,1462203983,True,True,0,0df056105fc6d962a5c5865f50ccb5199b57b88bf8c3a889ac661afb789a27c9
test,64,f3e6b48352cd9174ec6e5c468536f3dca8160f087b4db0d0bae4cc8d592b5c3b,c6ba46623ef42ef336bf3b7e0403aa9fdcb28717bbd9bd72375a1c01adb62522,rm,36814c4bf7948944be4c08d4c151c4a5042ae280cda00e9f942386d259c5856f,3,False,1462199492,1462199495,True,True,1,bfcb187dd39b8df4de6e9fc47404787ca62ad706884e60d61b35a501078ed869
test,65,f3e6b48352cd9174ec6e5c468536f3dca8160f087b4db0d0bae4cc8d592b5c3b,c6ba46623ef42ef336bf3b7e0403aa9fdcb28717bbd9bd72375a1c01adb62522,rm,36814c4bf7948944be4c08d4c151c4a5042ae280cda00e9f942386d259c5856f,1,True,1462202224,1462202224,True,True,1,1c2b640602710fdf82f60c501e9a012009f535a6f421e5baacce5ff34dd8f287
test,66,f3e6b48352cd9174ec6e5c468536f3dca8160f087b4db0d0bae4cc8d592b5c3b,c6ba46623ef42ef336bf3b7e0403aa9fdcb28717bbd9bd72375a1c01adb62522,rm,36814c4bf7948944be4c08d4c151c4a5042ae280cda00e9f942386d259c5856f,4,False,1462205889,1462205905,True,True,0,4d417c768fccb1bb8516ea8936a3c079f35e53eb16bc28761651f48ac5226ae8
test,67,f3e6b48352cd9174ec6e5c468536f3dca8160f087b4db0d0bae4cc8d592b5c3b,c6ba46623ef42ef336bf3b7e0403aa9fdcb28717bbd9bd72375a1c01adb62522,rm,36814c4bf7948944be4c08d4c151c4a5042ae280cda00e9f942386d259c5856f,3,False,1462266409,1462266411,True,True,0,98dcf1c5cccda18ea07ef3f7fffc545b6c13b36b49dc2b7fb739b4403165e89a
test,68,f3e6b48352cd9174ec6e5c468536f3dca8160f087b4db0d0bae4cc8d592b5c3b,c6ba46623ef42ef336bf3b7e0403aa9fdcb28717bbd9bd72375a1c01adb62522,rm,36814c4bf7948944be4c08d4c151c4a5042ae280cda00e9f942386d259c5856f,3,False,1462200690,1462200692,True,True,0,bd82b59f51e58f0e9d7f5bf5b443625d0fec2223cacc442c304b31c3296c1ef5
test,69,f3e6b48352cd9174ec6e5c468536f3dca8160f087b4db0d0bae4cc8d592b5c3b,c6ba46623ef42ef336bf3b7e0403aa9fdcb28717bbd9bd72375a1c01adb62522,rm,36814c4bf7948944be4c08d4c151c4a5042ae280cda00e9f942386d259c5856f,3,False,1462267352,1462267354,True,True,0,899ae882e6d256cdd4fb81a80736452103fd2c843b4f9d7d2f301dbfdb62c571
test,70,f3e6b48352cd9174ec6e5c468536f3dca8160f087b4db0d0bae4cc8d592b5c3b,c6ba46623ef42ef336bf3b7e0403aa9fdcb28717bbd9bd72375a1c01adb62522,rm,36814c4bf7948944be4c08d4c151c4a5042ae280cda00e9f942386d259c5856f,1,True,1462266714,1462266714,True,True,0,350de43278dc8ee8e1cfdd661a1e97532fb6a50afdcb6bf2377e44b23be5a7b7
test,71,f3e6b48352cd9174ec6e5c468536f3dca8160f087b4db0d0bae4cc8d592b5c3b,c6ba46623ef42ef336bf3b7e0403aa9fdcb28717bbd9bd72375a1c01adb62522,rm,36814c4bf7948944be4c08d4c151c4a5042ae280cda00e9f942386d259c5856f,3,False,1462268845,1462268847,True,True,0,7f79293bcdb4d158039133ae62a1b7dee715ef2ba6804088f16a014619b1c12a
test,72,f3e6b48352cd9174ec6e5c468536f3dca8160f087b4db0d0bae4cc8d592b5c3b,c6ba46623ef42ef336bf3b7e0403aa9fdcb28717bbd9bd72375a1c01adb62522,rm,36814c4bf7948944be4c08d4c151c4a5042ae280cda00e9f942386d259c5856f,1,True,1462198940,1462198940,True,True,0,28e57f29fa547f3cd0ccefaa942c23d9e39f381f2ab94f1aeee071c9ccce51c7
test,73,f3e6b48352cd9174ec6e5c468536f3dca8160f087b4db0d0bae4cc8d592b5c3b,c6ba46623ef42ef336bf3b7e0403aa9fdcb28717bbd9bd72375a1c01adb62522,rm,36814c4bf7948944be4c08d4c151c4a5042ae280cda00e9f942386d259c5856f,1,True,1462198710,1462198710,True,True,0,9327adcf684f564386eb4a5bff12a5f4f4d630f16b4d13af49eeebb07fa63bba
test,74,f3e6b48352cd9174ec6e5c468536f3dca8160f087b4db0d0bae4cc8d592b5c3b,c6ba46623ef42ef336bf3b7e0403aa9fdcb28717bbd9bd72375a1c01adb62522,rm,36814c4bf7948944be4c08d4c151c4a5042ae280cda00e9f942386d259c5856f,3,False,1462266634,1462266636,True,True,0,8bc84546b227799c32b31b034a223c70f0d437d59a7e35e99531dfc46304a8b9
test,75,f3e6b48352cd9174ec6e5c468536f3dca8160f087b4db0d0bae4cc8d592b5c3b,c6ba46623ef42ef336bf3b7e0403aa9fdcb28717bbd9bd72375a1c01adb62522,rm,36814c4bf7948944be4c08d4c151c4a5042ae280cda00e9f942386d259c5856f,3,False,1462198054,1462198056,True,True,0,61b1238d5cb8f5d0d497c331fef03f9834772d426b4dd13bbc9ae18dfa72f9e5
test,76,f3e6b48352cd9174ec6e5c468536f3dca8160f087b4db0d0bae4cc8d592b5c3b,c6ba46623ef42ef336bf3b7e0403aa9fdcb28717bbd9bd72375a1c01adb62522,rm,36814c4bf7948944be4c08d4c151c4a5042ae280cda00e9f942386d259c5856f,2,False,1462196826,1462196827,True,True,0,a10cb0d42ebdd7fc259eb931403ee98f35784bbed748bc3d921ac1881219b3a6
test,77,f3e6b48352cd9174ec6e5c468536f3dca8160f087b4db0d0bae4cc8d592b5c3b,c6ba46623ef42ef336bf3b7e0403aa9fdcb28717bbd9bd72375a1c01adb62522,rm,36814c4bf7948944be4c08d4c151c4a5042ae280cda00e9f942386d259c5856f,1,True,1462205533,1462205533,True,True,0,7e37311912604e9f04ffbf5f9c38784bd4c470c8e4cc77b02ccac2d18a6800ec
test,78,f3e6b48352cd9174ec6e5c468536f3dca8160f087b4db0d0bae4cc8d592b5c3b,c6ba46623ef42ef336bf3b7e0403aa9fdcb28717bbd9bd72375a1c01adb62522,rm,36814c4bf7948944be4c08d4c151c4a5042ae280cda00e9f942386d259c5856f,3,False,1462202270,1462202272,True,True,0,34b1ec0209371cc23984794703aaaf1a81ac75affe9e4022b7a131ae082faf83
test,79,f3e6b48352cd9174ec6e5c468536f3dca8160f087b4db0d0bae4cc8d592b5c3b,c6ba46623ef42ef336bf3b7e0403aa9fdcb28717bbd9bd72375a1c01adb62522,rm,36814c4bf7948944be4c08d4c151c4a5042ae280cda00e9f942386d259c5856f,2,False,1462204362,1462204364,True,True,0,a2683e05c0ea1aae376908e8a63ed15cb89d078e70cea57aeb97314c2e66a94a
test,80,f3e6b48352cd9174ec6e5c468536f3dca8160f087b4db0d0bae4cc8d592b5c3b,c6ba46623ef42ef336bf3b7e0403aa9fdcb28717bbd9bd72375a1c01adb62522,rm,36814c4bf7948944be4c08d4c151c4a5042ae280cda00e9f942386d259c5856f,2,False,1462202070,1462202095,True,True,0,08d699d02e406d4649709cdc2796b8119d3ca611b72ae7a252545bd366666557
test,81,f3e6b48352cd9174ec6e5c468536f3dca8160f087b4db0d0bae4cc8d592b5c3b,c6ba46623ef42ef336bf3b7e0403aa9fdcb28717bbd9bd72375a1c01adb62522,rm,36814c4bf7948944be4c08d4c151c4a5042ae280cda00e9f942386d259c5856f,1,True,1462203345,1462203345,True,True,0,f39d45d4a5ec433c3a6dd35adbc58dc7613b3950438c2fca6ff7113666099941
test,82,f3e6b48352cd9174ec6e5c468536f3dca8160f087b4db0d0bae4cc8d592b5c3b,c6ba46623ef42ef336bf3b7e0403aa9fdcb28717bbd9bd72375a1c01adb62522,rm,36814c4bf7948944be4c08d4c151c4a5042ae280cda00e9f942386d259c5856f,5,False,1462203209,1462203230,True,True,0,331338997ac6f5cea8dd6b600a90069e48d3d913159397b3fbb0c345d9cd8785
test,83,f3e6b48352cd9174ec6e5c468536f3dca8160f087b4db0d0bae4cc8d592b5c3b,c6ba46623ef42ef336bf3b7e0403aa9fdcb28717bbd9bd72375a1c01adb62522,rm,36814c4bf7948944be4c08d4c151c4a5042ae280cda00e9f942386d259c5856f,4,False,1462262793,1462262806,True,True,0,ab24cf79c0ca1acdff0c9d46bab62bff2c225a1a0fd8925f072003795847b771
test,84,f3e6b48352cd9174ec6e5c468536f3dca8160f087b4db0d0bae4cc8d592b5c3b,c6ba46623ef42ef336bf3b7e0403aa9fdcb28717bbd9bd72375a1c01adb62522,rm,36814c4bf7948944be4c08d4c151c4a5042ae280cda00e9f942386d259c5856f,6,False,1462268888,1462268896,True,True,0,8ecd2ac2f646189833454fb166c7c4f80bd93eb45c9be244da1a4132dd5634d2
test,85,f3e6b48352cd9174ec6e5c468536f3dca8160f087b4db0d0bae4cc8d592b5c3b,c6ba46623ef42ef336bf3b7e0403aa9fdcb28717bbd9bd72375a1c01adb62522,rm,36814c4bf7948944be4c08d4c151c4a5042ae280cda00e9f942386d259c5856f,2,False,1462198164,1462198165,True,True,0,6f3af0f258b04a11e87e32a0ff215e328182f45d35638bda8157316e30b33ebd
test,86,f3e6b48352cd9174ec6e5c468536f3dca8160f087b4db0d0bae4cc8d592b5c3b,c6ba46623ef42ef336bf3b7e0403aa9fdcb28717bbd9bd72375a1c01adb62522,rm,36814c4bf7948944be4c08d4c151c4a5042ae280cda00e9f942386d259c5856f,1,True,1462201878,1462201878,True,True,0,5dbd8d4c4a45d3e8716d79fbeebfefb51818b685ec2602d37e16349fc4c4af08
test,87,f3e6b48352cd9174ec6e5c468536f3dca8160f087b4db0d0bae4cc8d592b5c3b,c6ba46623ef42ef336bf3b7e0403aa9fdcb28717bbd9bd72375a1c01adb62522,rm,36814c4bf7948944be4c08d4c151c4a5042ae280cda00e9f942386d259c5856f,3,False,1462205583,1462205591,True,True,0,a54e131cfde079079552a4137d5b4e0536cd14f00e3145e451f81299257100a6
test,88,f3e6b48352cd9174ec6e5c468536f3dca8160f087b4db0d0bae4cc8d592b5c3b,c6ba46623ef42ef336bf3b7e0403aa9fdcb28717bbd9bd72375a1c01adb62522,rm,36814c4bf7948944be4c08d4c151c4a5042ae280cda00e9f942386d259c5856f,2,False,1462205745,1462205746,True,True,0,a8d212c44fb0759c7377325644e8d7ae0f79afdd04d2389e7b843cf18c45c073
test,89,f3e6b48352cd9174ec6e5c468536f3dca8160f087b4db0d0bae4cc8d592b5c3b,c6ba46623ef42ef336bf3b7e0403aa9fdcb28717bbd9bd72375a1c01adb62522,rm,36814c4bf7948944be4c08d4c151c4a5042ae280cda00e9f942386d259c5856f,3,False,1462200926,1462200928,True,True,0,3472ec8c7080e00dbbb5c6f5ad389d3576f97068ae1725d97eb3fa9050592355
test,90,f3e6b48352cd9174ec6e5c468536f3dca8160f087b4db0d0bae4cc8d592b5c3b,c6ba46623ef42ef336bf3b7e0403aa9fdcb28717bbd9bd72375a1c01adb62522,rm,36814c4bf7948944be4c08d4c151c4a5042ae280cda00e9f942386d259c5856f,1,True,1462202522,1462202522,True,True,0,56aa4daa52de78616cd1349d0b8018878bf61559e0e79f7a5549a6f9ea2b11d9
test,91,f3e6b48352cd9174ec6e5c468536f3dca8160f087b4db0d0bae4cc8d592b5c3b,c6ba46623ef42ef336bf3b7e0403aa9fdcb28717bbd9bd72375a1c01adb62522,rm,36814c4bf7948944be4c08d4c151c4a5042ae280cda00e9f942386d259c5856f,3,False,1462265149,1462265152,True,True,0,0d8fa687ae8ee31f0cee2dad1e842e7cf72f9cb8094a351b396fb4393a5ec0c4
test,92,f3e6b48352cd9174ec6e5c468536f3dca8160f087b4db0d0bae4cc8d592b5c3b,c6ba46623ef42ef336bf3b7e0403aa9fdcb28717bbd9bd72375a1c01adb62522,rm,36814c4bf7948944be4c08d4c151c4a5042ae280cda00e9f942386d259c5856f,3,False,1462263943,1462263945,True,True,0,129986890f2a38f4834ca5c76de76304947ee02e29f71585537d7661e1291e1f
test,93,f3e6b48352cd9174ec6e5c468536f3dca8160f087b4db0d0bae4cc8d592b5c3b,c6ba46623ef42ef336bf3b7e0403aa9fdcb28717bbd9bd72375a1c01adb62522,rm,36814c4bf7948944be4c08d4c151c4a5042ae280cda00e9f942386d259c5856f,3,False,1462200744,1462200746,True,True,0,f66cad5f9bf8c520f2a8d30b18966546b2260babeae34cb2670c8f3d89c2499b
test,94,f3e6b48352cd9174ec6e5c468536f3dca8160f087b4db0d0bae4cc8d592b5c3b,c6ba46623ef42ef336bf3b7e0403aa9fdcb28717bbd9bd72375a1c01adb62522,rm,36814c4bf7948944be4c08d4c151c4a5042ae280cda00e9f942386d259c5856f,3,False,1462198784,1462198786,True,True,0,0245512ac1ed64a5bd813b72e2eadd5c7d22c24f6f20112146f9d20fa3f4c69e
test,95,f3e6b48352cd9174ec6e5c468536f3dca8160f087b4db0d0bae4cc8d592b5c3b,c6ba46623ef42ef336bf3b7e0403aa9fdcb28717bbd9bd72375a1c01adb62522,rm,36814c4bf7948944be4c08d4c151c4a5042ae280cda00e9f942386d259c5856f,3,False,1462267712,1462267714,True,True,0,dd9dcc309f032d8e1f25cd07b4119065c648afb254c80fa8f3f114832189cc9c
test,96,f3e6b48352cd9174ec6e5c468536f3dca8160f087b4db0d0bae4cc8d592b5c3b,c6ba46623ef42ef336bf3b7e0403aa9fdcb28717bbd9bd72375a1c01adb62522,rm,36814c4bf7948944be4c08d4c151c4a5042ae280cda00e9f942386d259c5856f,3,False,1462197432,1462197434,True,True,0,764aa70df94dea4681238b8bf250b9b7d909c41ece17d1dc1b24ca40727b1357
test,97,f3e6b48352cd9174ec6e5c468536f3dca8160f087b4db0d0bae4cc8d592b5c3b,c6ba46623ef42ef336bf3b7e0403aa9fdcb28717bbd9bd72375a1c01adb62522,rm,36814c4bf7948944be4c08d4c151c4a5042ae280cda00e9f942386d259c5856f,2,False,1462197321,1462197322,True,True,0,dfb455a18def1cadf8d86d079836495d35c833c99099ff790bd8197c4ded58f3
test,98,f3e6b48352cd9174ec6e5c468536f3dca8160f087b4db0d0bae4cc8d592b5c3b,c6ba46623ef42ef336bf3b7e0403aa9fdcb28717bbd9bd72375a1c01adb62522,rm,36814c4bf7948944be4c08d4c151c4a5042ae280cda00e9f942386d259c5856f,3,False,1462262620,1462262622,True,True,0,943107bfca9b4fab46b47b659a4c1f3e6ad66cd109a0d3e6431d6d8c764323bf
test,99,f3e6b48352cd9174ec6e5c468536f3dca8160f087b4db0d0bae4cc8d592b5c3b,c6ba46623ef42ef336bf3b7e0403aa9fdcb28717bbd9bd72375a1c01adb62522,rm,36814c4bf7948944be4c08d4c151c4a5042ae280cda00e9f942386d259c5856f,1,True,1462203868,1462203868,True,True,0,efd64a884741e30875e40ae6428582ddd7ea8c023fb9f55eb7482e12267b9ffa
test,100,f3e6b48352cd9174ec6e5c468536f3dca8160f087b4db0d0bae4cc8d592b5c3b,c6ba46623ef42ef336bf3b7e0403aa9fdcb28717bbd9bd72375a1c01adb62522,rm,36814c4bf7948944be4c08d4c151c4a5042ae280cda00e9f942386d259c5856f,1,True,1462267307,1462267307,True,True,0,a1bf3b94cdaa1a60019888fd8cea0d1b3e906b7787e45bb49e5711159d70c49e
test,101,f3e6b48352cd9174ec6e5c468536f3dca8160f087b4db0d0bae4cc8d592b5c3b,c6ba46623ef42ef336bf3b7e0403aa9fdcb28717bbd9bd72375a1c01adb62522,rm,36814c4bf7948944be4c08d4c151c4a5042ae280cda00e9f942386d259c5856f,1,True,1462206894,1462206894,True,True,0,4092d174e5caab4ab18709296839fde96fe928eb1522ee900423c1f5d5217086
test,102,f3e6b48352cd9174ec6e5c468536f3dca8160f087b4db0d0bae4cc8d592b5c3b,c6ba46623ef42ef336bf3b7e0403aa9fdcb28717bbd9bd72375a1c01adb62522,rm,36814c4bf7948944be4c08d4c151c4a5042ae280cda00e9f942386d259c5856f,4,False,1462203103,1462203118,True,True,0,c9b452fcb5431479cbcf2b7881fed2ee71e8f6af2c07ddef29060dfc0f5adf14
test,103,f3e6b48352cd9174ec6e5c468536f3dca8160f087b4db0d0bae4cc8d592b5c3b,c6ba46623ef42ef336bf3b7e0403aa9fdcb28717bbd9bd72375a1c01adb62522,rm,36814c4bf7948944be4c08d4c151c4a5042ae280cda00e9f942386d259c5856f,3,False,1462265565,1462265568,True,True,0,07bda3ffdbf7764dec589af04dfc0857165f1bb0ceb03984bea7472fe41b53ab
test,104,f3e6b48352cd9174ec6e5c468536f3dca8160f087b4db0d0bae4cc8d592b5c3b,c6ba46623ef42ef336bf3b7e0403aa9fdcb28717bbd9bd72375a1c01adb62522,rm,36814c4bf7948944be4c08d4c151c4a5042ae280cda00e9f942386d259c5856f,4,False,1462268866,1462268873,True,True,0,c5749af095e31b43e167c280d2d561b22e180e452683623c114a28b4dfece300
test,105,f3e6b48352cd9174ec6e5c468536f3dca8160f087b4db0d0bae4cc8d592b5c3b,c6ba46623ef42ef336bf3b7e0403aa9fdcb28717bbd9bd72375a1c01adb62522,rm,36814c4bf7948944be4c08d4c151c4a5042ae280cda00e9f942386d259c5856f,3,False,1462264357,1462264361,True,True,0,99753c3b487c1bb7c740b2f91af03efb7528bb248750195def527e5e9c5ddc4f
test,106,f3e6b48352cd9174ec6e5c468536f3dca8160f087b4db0d0bae4cc8d592b5c3b,c6ba46623ef42ef336bf3b7e0403aa9fdcb28717bbd9bd72375a1c01adb62522,rm,36814c4bf7948944be4c08d4c151c4a5042ae280cda00e9f942386d259c5856f,3,False,1462206604,1462206606,True,True,0,385209ae9b26aa6a927eba7174e4bedfdd8b553ec3d005b6c679e1e3051d762f
test,107,f3e6b48352cd9174ec6e5c468536f3dca8160f087b4db0d0bae4cc8d592b5c3b,c6ba46623ef42ef336bf3b7e0403aa9fdcb28717bbd9bd72375a1c01adb62522,rm,36814c4bf7948944be4c08d4c151c4a5042ae280cda00e9f942386d259c5856f,6,False,1462206806,1462206821,True,True,0,1541e0836f6439e445afa8f3299578c838c27063b29a9dcaebccce2c19655351
test,108,f3e6b48352cd9174ec6e5c468536f3dca8160f087b4db0d0bae4cc8d592b5c3b,c6ba46623ef42ef336bf3b7e0403aa9fdcb28717bbd9bd72375a1c01adb62522,rm,36814c4bf7948944be4c08d4c151c4a5042ae280cda00e9f942386d259c5856f,3,False,1462199974,1462199976,True,True,0,588eba3d2b15acb2e06e2c62e00cc4974b0c0464fc66e8bed24128de9ee9e9ac
test,109,f3e6b48352cd9174ec6e5c468536f3dca8160f087b4db0d0bae4cc8d592b5c3b,c6ba46623ef42ef336bf3b7e0403aa9fdcb28717bbd9bd72375a1c01adb62522,rm,36814c4bf7948944be4c08d4c151c4a5042ae280cda00e9f942386d259c5856f,3,False,1462197970,1462197972,True,True,0,d9a3bbb54a067cff9c66ad741568837aa45d7006e3caf99f3d517954c52487e2
test,110,f3e6b48352cd9174ec6e5c468536f3dca8160f087b4db0d0bae4cc8d592b5c3b,c6ba46623ef42ef336bf3b7e0403aa9fdcb28717bbd9bd72375a1c01adb62522,rm,36814c4bf7948944be4c08d4c151c4a5042ae280cda00e9f942386d259c5856f,2,False,1462263360,1462263361,True,True,0,38c714f28742ce09102269ac362be83478d4293179764f3e175cd917a1e67a5f
test,111,f3e6b48352cd9174ec6e5c468536f3dca8160f087b4db0d0bae4cc8d592b5c3b,c6ba46623ef42ef336bf3b7e0403aa9fdcb28717bbd9bd72375a1c01adb62522,rm,36814c4bf7948944be4c08d4c151c4a5042ae280cda00e9f942386d259c5856f,1,True,1462265474,1462265474,True,True,0,788b007dec04c2620faf46cc5f116b5f179e153bdf94d4e95076e0e1beef4403
test,112,f3e6b48352cd9174ec6e5c468536f3dca8160f087b4db0d0bae4cc8d592b5c3b,c6ba46623ef42ef336bf3b7e0403aa9fdcb28717bbd9bd72375a1c01adb62522,rm,36814c4bf7948944be4c08d4c151c4a5042ae280cda00e9f942386d259c5856f,3,False,1462202578,1462202581,True,True,0,9ebbafe91ed9e5c222720f877d4062f65e302655a5c208facc9c3d8c347d5fb5
test,113,f3e6b48352cd9174ec6e5c468536f3dca8160f087b4db0d0bae4cc8d592b5c3b,c6ba46623ef42ef336bf3b7e0403aa9fdcb28717bbd9bd72375a1c01adb62522,rm,36814c4bf7948944be4c08d4c151c4a5042ae280cda00e9f942386d259c5856f,3,False,1462263429,1462263431,True,True,0,1d3620740152c7d4f4cf9449347f94e6522697f037504c6b642fdac78f97b531
test,114,f3e6b48352cd9174ec6e5c468536f3dca8160f087b4db0d0bae4cc8d592b5c3b,c6ba46623ef42ef336bf3b7e0403aa9fdcb28717bbd9bd72375a1c01adb62522,rm,36814c4bf7948944be4c08d4c151c4a5042ae280cda00e9f942386d259c5856f,3,False,1462201098,1462201101,True,True,0,99e4d6e91d5d8fa301ea996672a5d6221a6793553eb54095e06b1a7bb8eebd0e
