working_index0,csv_row_index0,x,y,rx_time,selected_receivers,official_error_m,rssfit_stable_error_m,rssfit_prior_default_error_m,official_x,official_y,rssfit_x,rssfit_y
21726,50998,598140.6718246009,5673444.245543461,2019-01-09T11:46:34.713930803+01:00,69;27;32,453.57395620822774,5720.029401521655,5720.028793149137,598199.7333333335,5672994.533333335,601551.854215289,5678035.821640155
32976,77790,597838.7280738152,5673885.324558432,2019-01-21T10:42:51.825+01:00,27;18;32,279.8797940855744,5817.880905152396,5817.86312109631,597688.0493599032,5673649.467346732,601485.988385984,5678418.009242129
36626,86313,598918.0075649035,5674812.85051245,2019-01-17T09:58:22.240+01:00,9;2;12,722.1036499073408,3613.525779791784,3613.525779791784,599557.9815346033,5674478.385268641,602434.1112762948,5675646.267126131
18102,42378,599148.5973602016,5672402.725345328,2019-01-15T11:57:19.528+01:00,2;10;69,409.8599463788576,3178.8964458893074,3179.075825695985,599543.6404730841,5672511.932096996,601930.6226048864,5670864.636221895
44150,104375,598558.3914615853,5674491.486448407,2019-01-03T08:12:36.468+01:00,27;14;32;18,582.7565045481796,3824.2242317563505,3824.674840271561,598025.2890098593,5674256.099703757,601759.2740939682,5676584.102358808
37882,89515,600509.4318636762,5676258.157596693,2019-01-17T10:07:32.960+01:00,11;7;37;5;6;1,970.7892373145162,2616.8786245899,2616.8786245899,601141.5859703113,5676994.915989079,602277.8099366927,5678187.119163628
10112,23604,599126.1061032455,5672371.313465849,2019-02-04T18:40:18.824+01:00,10;2;69,231.24038632168256,1523.9963297027205,1524.3866147600722,599305.081525621,5672517.737215465,600650.0716052402,5672361.620082674
45090,106539,598368.5096529303,5674719.964965132,2019-01-23T15:54:53.35436380+01:00,32;14;27,354.6826401770578,3493.9865478543907,3493.9925044827582,598084.7776112502,5674932.793308562,601862.4049049616,5674745.222922705
32370,76343,598384.4928312676,5676533.958085274,2019-02-05T07:18:04.124390809+01:00,32;5;14;9;34,1017.6386705739942,4089.4172109142132,4089.3967539894875,597452.0078594108,5676126.453188238,602471.4502503581,5676392.1406693375
5406,12524,598379.4009448411,5676745.6131626135,2019-01-08T08:21:10.952688246+01:00,5;32;6;4,1487.3629181207143,4580.969463331307,4580.968946609541,597316.3101751585,5677785.847014022,602813.5333613658,5677896.156919582
24242,57044,598802.3697826031,5676331.934098925,2019-01-09T16:10:25.043+01:00,4;17;9;11,1137.2869679141743,4881.229735740261,4882.397273249138,599938.5678631903,5676381.689189694,603339.5547612233,5678132.033041445
34864,82148,599921.2912689515,5676379.916762552,2019-01-11T09:06:11.513511638+01:00,37;9;14;7,1205.360094043203,958.3185631748546,958.7806930355804,601096.2207892918,5676110.781892004,600669.4952000456,5676978.720024084
50857,119939,596255.1226936622,5676428.634106503,2019-01-23T12:41:33.40284886+01:00,11;5;15;6;19,1132.7894910983441,3775.483294719963,3775.6518048969197,597271.7461837549,5676928.322720076,599980.9540394354,5677038.9249319
36069,84994,598306.6196857534,5674705.624255865,2019-01-31T16:24:29.507173280+01:00,14;32;27,269.4985067831402,3754.884688396532,3754.9214241563,598215.9217232814,5674959.402357288,602059.8341229178,5674817.608236035
53334,125605,597429.6278095094,5673723.929970681,2019-01-23T09:39:52.204+01:00,27;18;69,286.21159234758426,6463.753028123919,6463.74559500159,597697.0309002242,5673621.887515446,601589.3646955341,5678671.322440217
18060,42287,599131.0764709028,5672414.269056286,2019-01-07T20:06:10.198+01:00,10;2;69,102.73422726940507,686.8912019976742,686.1653920852805,599205.4199928108,5672485.172950417,598906.2669943302,5673063.330087796
20162,47289,597441.1453098619,5673738.576435615,2019-01-15T09:54:10.244811930+01:00,18;69;32,474.5507846565595,1853.945423534693,1853.8293611046759,597580.80888341,5673285.043048264,597781.8137687334,5671916.199242339
19067,44636,599149.7202671522,5672398.079135866,2019-01-03T10:46:57.983+01:00,10;2;69;1,172.31556983941547,808.6622634977603,808.8845790088113,599299.9841968807,5672482.420152172,599791.3720213394,5672890.235292745
40111,94767,597685.0091459334,5674318.629821683,2019-01-15T08:33:36.010+01:00,27;32;19,382.234770747305,4799.651319461168,4799.650260250502,597564.8070737444,5673955.787043321,600812.5761659397,5677959.36839013
18897,44269,599133.8155291763,5672410.502741688,2019-01-10T19:04:14.704+01:00,10;2;69;1,113.58362996605807,619.572352897471,618.9160044740505,599220.7351830351,5672483.620555997,598987.8857465702,5673012.644252484
12249,28668,599127.6802103554,5672370.919490905,2019-02-04T17:46:04.885+01:00,2;10;69,319.898724460673,2407.3623411776916,2407.6311099440363,599409.823211982,5672521.6859346,601436.7901983018,5671690.181284773
11915,27879,597964.1592455031,5675654.2929396825,2019-01-02T18:04:57.19808075+01:00,5;14;20,751.98588797303,4496.406831243364,4496.431778550727,597797.6693054115,5676387.616794169,602458.5451415001,5675789.088376978
18887,44244,599132.9831681694,5672412.1840896085,2019-01-08T09:03:27.449+01:00,10;2;69,98.52520014618085,743.2832546205153,742.5177031696926,599199.7748009769,5672484.61400643,598851.907711721,5673100.273171328
48128,113558,598162.3603073201,5674864.541464955,2019-01-17T14:36:20.272379539+01:00,32;14;27,130.0463143949549,3782.1247543314153,3782.058211869409,598143.7901646801,5674993.255076084,601935.727949387,5674607.317253169
17387,40713,596233.9874771438,5676452.849781804,2019-01-30T12:54:51.373638062+01:00,5;6;11;14;15;19;32,1091.5403569367772,5215.72536058398,5215.857306891671,597165.3645548192,5677022.057204456,601399.8889552499,5677172.052782034
48258,113885,599440.3505182797,5676965.519865218,2019-01-31T10:27:26.227594751+01:00,9;11;5;6;14;17;70;4;7,414.2685194811086,4035.845441765011,4036.117546526341,599533.5977554533,5676561.882207172,603353.5005256913,5677953.095406283
33123,78108,593597.5643697011,5674292.546438209,2019-02-01T15:55:06.830661778+01:00,15;19;50,278.9664571358584,2481.7721879189844,2482.2555837318605,593598.4300696922,5674013.581324314,595637.7029122338,5672879.384055465
29012,68315,597077.6281153854,5673482.597494564,2018-12-31T10:15:23.130267134+01:00,18;27;69;15;19;1;25,274.68480298666174,1650.8144064374853,1650.5764498813867,597301.4289865032,5673323.333841841,598447.061217095,5674404.465806441
41627,98329,599025.8052358874,5673633.527258655,2019-01-16T09:11:30.487+01:00,2;32;17;69;1;27,755.7593667750638,3632.2344507698363,3631.914861348722,599437.3384493812,5672999.640332887,602553.7174502204,5672769.257327835
29553,69610,598675.1705511169,5676394.836456673,2019-01-12T11:28:52.922955583+01:00,14;9;11;5;20;6;32;4,119.88041787001448,4148.211483754252,4148.224029173102,598791.0406677154,5676364.088600355,602822.8733125752,5676459.800420087
6861,15931,599014.9153006056,5675570.919421419,2019-02-04T08:11:33.411481116+01:00,9;11;14;32;2;4,548.2371162069411,4224.099257542917,4224.233174307021,599521.9327884627,5675779.479251189,603094.7331222733,5676665.497458644
35786,84335,599130.3669132178,5672409.5874773655,2019-01-05T14:29:56.802+01:00,10;11;69,114.0059331330982,773.7571324602674,772.984408957937,599203.4752418966,5672497.0661894465,598833.9510690194,5673124.316620007
40201,94977,597814.9518700186,5673923.063077312,2019-01-15T09:22:03.196+01:00,27;14;69,262.61925279444233,6102.899204208068,6102.976706060679,597747.6595522811,5673669.21151456,601698.0029031404,5678631.278596051
20845,48900,599134.0148635621,5672408.809176247,2019-01-04T16:48:11.491+01:00,10;69;2;1,100.7937652764892,765.8286937895575,765.059645581012,599202.0474163693,5672483.179566034,598842.7851712087,5673117.102092012
70,154,598374.2903280125,5676857.544673401,2019-02-04T11:22:01.648575881+01:00,11;34;20,1060.4324253902632,4874.406115874146,4874.406115874146,599033.2117326368,5677688.411396376,602968.6013131948,5678486.084373225
15522,36291,599101.3528361423,5672424.304310804,2019-02-02T13:39:53.622+01:00,10;69;2,100.549409374074,826.8936373330096,826.3769642509723,599172.3532739101,5672495.502074549,599057.8265793688,5673250.0515799085
51505,121464,599135.3879197922,5672405.0164983375,2019-02-05T09:58:50.906+01:00,10;2;69,115.8478587585082,588.1617731985551,587.6221644047281,599215.6808026744,5672488.525655544,599085.8031407972,5672991.08443053
20741,48644,598784.2903302978,5673507.085562152,2018-12-31T09:37:07.443+01:00,69;2;18;1;27,770.5741675246691,2961.992156635209,2961.8593534259358,598856.7465014358,5672739.9254413685,601242.7585523055,5675159.154427952
34988,82444,599583.3788145942,5673404.975065225,2019-01-03T10:53:36.569+01:00,2;1;27,883.5205219054187,3365.220856486289,3365.220856486289,599703.5143699113,5672529.660287001,602755.7885962732,5672282.242866507
36034,84919,597366.6064779939,5674868.05484032,2019-01-24T08:38:24.11694708+01:00,19;23;18,2966.483878408573,2777.8106087932906,2777.861543196305,594672.2592118029,5673626.8782171,594795.6521088044,5673816.187258411
52525,123764,597841.3690726222,5673946.057062876,2019-01-08T09:11:11.305+01:00,27;18;32;69,323.75797029901776,5604.097646823552,5604.076137038619,597711.1905554004,5673649.623635298,601447.7706030315,5678235.5533545865
7237,16818,599500.4423111115,5676212.602769905,2019-01-09T13:20:53.66634335+01:00,11;14;9,573.135650001204,3897.2087230021166,3897.4258471864327,600038.4123317215,5676410.271002626,603251.5078408472,5677269.836529426
51738,121996,597222.9969245875,5673323.246684107,2019-01-18T08:53:12.455544767+01:00,18;69;25,299.4447211021858,2126.4255491164995,2126.4451603877087,597493.4548012506,5673194.71778484,597166.9523699769,5671197.559824799
51453,121350,598461.5386456326,5676465.41792543,2019-01-14T08:18:23.366242672+01:00,14;11;5;20;6;4,381.44048552756857,4403.579575226766,4403.399859417836,598750.5405338312,5676216.470636598,602837.6372137358,5675974.221022347
34091,80417,596991.7205553581,5674043.66021045,2019-01-10T07:49:19.632+01:00,19;6;27;32;69;25,1147.7113748393028,3535.447751026328,3535.4464907811825,596797.2196675665,5675174.77064033,597511.8868199064,5677540.632880841
41753,98617,596916.9444350651,5673650.574385332,2019-01-09T10:19:53.51353087+01:00,18;27;15;19;23;25,763.9643185509909,580.4789049381287,580.3727522385776,596184.0754200376,5673434.832672092,597376.9369658211,5674004.640241815
23424,55089,599129.9267430438,5672413.398160655,2019-01-09T12:26:30.346+01:00,10;2;69;1;11;27,123.89889350311746,665.1838278006936,664.5265671413981,599221.6517581984,5672496.689561209,598975.0042322591,5673060.289604732
20805,48822,598067.9605171382,5676496.919053015,2019-01-31T11:39:27.549116805+01:00,5;4;34;20,2012.9584823889413,4856.317608589817,4856.317608589817,596630.7877560033,5677906.364442689,602616.7182532354,5678197.6905761175
25300,59613,599832.8200886043,5674934.106396222,2019-01-23T10:33:22.039+01:00,12;9;17;14,212.76534251982204,4027.484561682856,4027.505147331545,599637.6605149225,5675018.852085067,600853.8503043789,5678830.018252651
30717,72360,599115.0494364626,5672360.491273515,2019-01-21T15:49:33.252+01:00,10;69;2,153.31337218833167,1063.3806379508462,1063.1542126215693,599146.620105207,5672510.518880864,599416.8697809291,5673380.139674109
26202,61696,599082.5409598905,5674733.699408114,2019-01-30T10:42:52.75295556+01:00,9;14;27;2;18;7;4;12,186.0437373118345,3086.6629869590583,3086.7011434122837,599037.2595314512,5674553.250344854,602070.1309982922,5675509.453336564
33626,79338,598873.4616678455,5676158.045125433,2019-01-23T14:21:26.479824660+01:00,11;9;14;32,923.4678753460335,4256.545479316683,4256.653899774237,599792.964420325,5676243.529656073,603047.2306460808,5676993.408479796
24430,57514,599195.3233961195,5676943.376456839,2019-01-15T12:36:35.886+01:00,4;11;6;5;32;70;7;27,955.6597730609886,4299.018346803727,4299.01816369197,599160.2253569025,5677898.391498338,603135.1486165212,5678663.6485221945
36736,86605,597014.2352376878,5674077.6091921795,2019-01-21T07:40:31.823+01:00,27;14;19;18;69;25,709.508769053598,5533.926284250105,5534.087588706504,597662.3538298664,5673788.913879027,600916.1718466259,5678001.794562335
35639,83946,598627.6958596803,5676264.0709645655,2019-01-24T15:43:41.767299879+01:00,14;32;9;5;27;20;11,850.2460297421424,3727.280939468999,3727.197411911984,598350.0105299641,5675460.448435792,602328.8057686872,5675823.153009408
46025,108689,598378.6826789285,5676758.754368272,2019-01-09T09:53:25.972012548+01:00,14;6;5;4;20;18,316.11129806858844,4356.570100850805,4356.318088237916,598083.029499921,5676646.88144702,602682.7061266953,5676084.15433514
2420,5575,599114.7413933242,5672360.909682504,2019-01-18T12:38:18.166+01:00,10;2;69;1,176.3378527830291,752.4319885304359,752.1801885108525,599240.9725972933,5672484.038564041,599317.2575474166,5673085.575884762
13455,31445,599150.8327329681,5672387.067427193,2019-01-15T06:31:18.905+01:00,2;10;69,245.28409662894262,1720.982881028056,1721.3852925709373,599361.4037678568,5672512.861414827,600831.3001208262,5672015.837801305
15783,36891,597919.3209394484,5676000.132985659,2019-02-04T08:08:43.178988820+01:00,20;14;9;32;4,813.8848772103859,4476.123322233455,4475.735298064484,598523.3972445225,5675454.697003164,602005.6859848478,5674173.304939131
53085,125033,599139.4381270176,5675140.90580201,2019-01-25T08:22:51.844791131+01:00,14;12;9;20,180.99667856551432,3198.824666737349,3199.118660728415,598971.8976831066,5675209.389357013,602268.3693879789,5675805.938442341
37355,88201,599112.3179758507,5672362.135979452,2019-01-22T13:01:52.887+01:00,10;2;69,186.90209965741272,435.02394674546696,434.83458195893866,599251.0857373119,5672487.33942683,599264.6345897304,5672769.622768659
12073,28230,598903.6579052624,5673489.438854975,2019-02-02T13:00:14.237056635+01:00,2;69;1;27,1034.0009659320835,3810.6107853182716,3810.6107853182716,599335.3949525789,5672549.885173952,602419.1517811613,5674959.832464081
2300,5270,601042.7480587016,5674102.699886617,2019-01-23T08:01:27.773+01:00,7;17;1,560.5123245899259,3850.7044822208613,3852.7709792544847,601559.2679474783,5674320.372279252,603749.1933321402,5676841.874760786
4588,10600,599134.6955912291,5674960.46329954,2019-01-28T09:53:35.469945713+01:00,14;9;11;12;69;5;20;32;4,518.9020037313991,3584.4992652279216,3584.9156099989186,598870.6739081236,5675407.175556285,602581.2064394957,5675945.44957112
12165,28439,597060.9970411557,5673412.265578742,2019-01-08T11:08:20.715412573+01:00,18;27;69,537.8831805410358,2081.1095485713654,2080.7031958725856,597594.993391735,5673347.7193667935,598972.452776497,5674235.280721365
52172,123022,598142.1675450327,5674101.59467157,2019-01-09T11:54:18.891+01:00,27;69;14;32,615.2334594431762,5719.682037907701,5719.7287725324995,597769.0325532594,5673612.429579262,601672.2142925401,5678601.987162806
37864,89460,598601.7128070336,5676454.95540021,2019-01-09T16:08:49.763743272+01:00,9;5;11;14;6;32;4;27;34,351.8831924882843,4439.231029379487,4439.318459182357,598327.8964182426,5676675.967541019,602896.0394823034,5677579.913416436
40288,95165,599423.2234159991,5676962.641686526,2019-01-28T08:50:38.765931776+01:00,11;14;5;6;4,650.0401183370633,3813.152320882785,3813.3011348082982,598871.3914151858,5677306.201868046,603177.3027312482,5677631.236569151
34445,81192,597916.2000315904,5676343.374714915,2019-02-04T13:26:38.677374002+01:00,14;5;6;9;20;11;32,452.2879800794343,4859.907972605227,4859.94332535438,598196.2921792121,5676698.4983634725,602770.3476251253,5676579.926278789
8903,20746,598370.8636468615,5672767.565999275,2019-02-01T08:40:01.56877468+01:00,69;18;25,96.28328383366079,6409.071766211387,6409.071023375938,598283.2762300866,5672727.579561968,601540.7786367817,5678337.829894382
22927,53911,599131.734058097,5672413.0086881295,2019-01-09T19:01:34.681+01:00,10;2;69;1,145.63528456992202,406.3031933136133,406.12797883719327,599258.4618614803,5672484.770098103,599280.3536620475,5672791.154821547
39920,94311,597209.5076350346,5673551.715356282,2019-01-17T10:24:58.749+01:00,27;18;25,448.88862909014495,6063.726304439849,6063.681713939873,597657.3140995003,5673582.866146146,601223.6369566486,5678096.552260343
26851,63255,599098.8318657547,5674675.028622471,2019-01-17T10:43:01.511+01:00,14;9;12,539.801034140628,3848.9916950887455,3849.530202180792,599064.4808915067,5675213.735562307,602667.3828241194,5676117.311925576
26341,62004,597801.0494108713,5674289.0130386995,2019-02-01T12:32:46.177+01:00,14;27;69;1;18;32,802.429813925711,4380.8585704744155,4381.127475148814,598428.0687048509,5673788.273174844,601649.1005744435,5676382.9146736935
26942,63488,599134.2509276912,5672417.300795645,2019-01-09T09:24:44.266+01:00,10;69;7;11,99.19825204356016,767.3170052024005,766.5391901084175,599201.1797491956,5672490.518457863,598832.9926468771,5673123.005290965
45002,106357,598612.1285799562,5676318.513435154,2019-01-03T15:59:45.50117902+01:00,9;32;14;20;27;5,1003.0767617878649,3927.0051828028854,3926.989714274545,598614.2057542994,5675315.438824078,602534.1473985022,5676120.679937657
31217,73573,598808.8199713982,5675848.293735086,2019-01-09T12:19:34.818+01:00,14;17;9;5,766.8738080104492,4171.949109543484,4171.848742558994,598977.5047133525,5675100.202233166,602979.1247864972,5675731.173618185
42702,100845,598583.7658191428,5676096.030947323,2019-01-28T11:55:44.488816591+01:00,14;5;9;20;32;18;19;4;27,803.5745497123825,3923.946794435328,3923.3448352780865,598497.3648331099,5675297.114852506,602355.9881391841,5675015.430552292
34120,80470,598398.1848628002,5676689.958708333,2019-01-30T08:19:19.273649676+01:00,5;20;34;11,1881.9059737258508,4754.157813111633,4754.157813111633,596821.004773814,5677716.639311466,602890.4152966166,5678246.198484673
54695,128841,599136.164676327,5672411.396787699,2019-01-08T18:56:00.271+01:00,10;2;69;1,99.84121687892267,747.0664362928577,746.3165207390896,599205.9026278921,5672482.845277532,598870.2738225943,5673109.544561553
9589,22408,599675.7550601015,5675883.734353467,2019-02-02T11:36:56.141+01:00,9;37;12,721.075979502742,2581.0104016759537,2581.0104016759537,600392.1167333965,5675801.4147248855,601403.3164168914,5677801.323061216
3045,6907,598616.1948934232,5676330.473530759,2019-02-04T15:53:39.153564680+01:00,14;32;20,1191.732322386124,4096.847202852293,4096.066071611374,598400.543132097,5675158.41540675,602209.183727752,5674362.076152203
39547,93455,599114.7419693599,5672362.607105933,2019-01-21T11:35:31.545+01:00,10;2;69,153.56680546669978,716.2419913523256,715.5610997538137,599206.7052940478,5672485.59292078,598928.7562553345,5673054.280370094
23086,54289,599116.5241687518,5672361.79278984,2019-01-20T15:32:10.616+01:00,10;2;69;1,197.84418636203898,527.6999661516879,527.7160464313066,599272.172131798,5672483.924004838,599418.8211765517,5672794.324607573
48492,114455,593593.8134229355,5674295.448429216,2019-01-29T15:31:26.75498910+01:00,15;50;19;34,307.20292227593404,3877.4233909461673,3877.7459914762526,593470.4136751356,5674576.777662851,597345.0431549804,5675276.614903408
52157,122986,598111.6330824259,5675834.490188211,2019-01-29T10:39:54.753309502+01:00,14;20;32,591.9933502069996,4227.490644440622,4227.011627745413,598344.1388695992,5675290.066469385,601849.3345833629,5673859.3282609945
497,1193,599204.7444837026,5674712.720437238,2019-01-30T09:46:59.763+01:00,12;9;11,1124.4647970797607,4653.648632254636,4653.648632254636,599843.8672420825,5675637.892410221,602193.8901516174,5678279.43513966
45387,107208,599134.7156623595,5672412.21752722,2019-01-05T18:05:46.439813070+01:00,10;2;69,108.5446394133324,611.680682212874,611.0116442503167,599214.6851291682,5672485.612507455,598978.9763013546,5673003.739723275
61,135,601332.9725547682,5673474.002316195,2019-01-22T08:57:59.324990009+01:00,17;70;1;27,436.21507722597505,4786.441637565748,4793.776384848126,600911.4928263066,5673361.581534774,603516.819375911,5677733.20841729
40242,95059,599114.9675825051,5672364.733224817,2019-01-20T17:05:59.717+01:00,10;2;69;1,166.0561977794322,587.553596765668,587.017205661162,599230.1046645949,5672484.39154316,599071.7810733905,5672950.69751938
50658,119508,594960.9978345663,5675083.953275669,2019-01-28T14:32:07.394318038+01:00,19;27;15;18;32,1162.7830506095154,2331.8046003066315,2331.795559117606,596043.9523657413,5674660.545781413,593424.1861543288,5676837.670058248
32072,75604,598600.4838937379,5676357.75457738,2018-12-31T08:37:28.410338428+01:00,32;9;14;20;11;1;27;4,1193.1363498255214,3721.3012034081326,3721.1938576071343,598516.6338415988,5675167.568239855,602139.8727486614,5675208.489951573
19918,46747,598201.88281355,5674130.743859392,2019-01-08T09:06:58.561+01:00,27;14;69;32,177.2577470087111,4665.809548119114,4666.206558826559,598093.5739973777,5673990.42454777,601861.4547415944,5677025.102517677
33227,78363,598369.2918626477,5674719.131251022,2018-12-28T17:08:12.97871877+01:00,14;2;27,361.0567620084027,4223.494611060779,4223.452352078901,598694.6154467496,5674562.521701444,602591.7553132243,5674625.808487428
37903,89570,598514.0724997168,5676528.806649146,2019-01-29T12:36:57.047+01:00,14;5;4;20,796.9721574912717,4372.216549011772,4371.681143808786,598451.202478798,5675734.318146846,602734.6336266736,5675387.254493056
15045,35118,599154.9318928956,5672390.541382255,2019-01-14T17:36:20.177590896+01:00,10;2;12,169.86746265566543,385.04246601635197,385.3373237856738,599284.1239970261,5672500.833517511,599474.8141809516,5672604.861288993
41245,97471,599114.7507307447,5672363.88033423,2019-01-20T19:59:57.178+01:00,10;2;1,201.46074484207512,416.7816213167486,416.84048570986454,599276.6771506035,5672483.739694582,599371.2248200793,5672692.404247161
7565,17596,598534.1590072147,5674617.054090751,2019-01-08T19:18:43.541779488+01:00,14;32;27,488.902973521684,4073.780887049157,4073.8829305310633,598591.7861138468,5675102.548925018,602604.2708778428,5674789.912634825
50413,118919,598582.3277419901,5676347.6454806635,2019-01-07T15:53:37.605442768+01:00,9;14;20;5;27;32,929.5124037924332,3856.10708838448,3856.0043492943946,598467.1972715321,5675425.290731353,602382.6208186114,5675693.937282097
40451,95588,596235.4283955363,5676454.14985939,2019-01-30T12:52:45.947208668+01:00,14;6;19;32,1415.943405348967,4836.344206036176,4836.295448080736,597649.7737165685,5676521.403409672,601067.9395101718,5676261.635947727
23825,56041,598953.8631892923,5674046.733796462,2019-01-31T10:23:45.312+01:00,2;69;7;18;27,759.1399438609344,2662.0502861148916,2661.933087439189,599017.1050041303,5673290.232687923,601522.1355476936,5674747.082865767
23780,55929,598094.9228800443,5675858.358792572,2019-02-01T08:21:11.904+01:00,14;20;9;4,661.3746273260728,4419.703201431047,4419.064729142677,598537.6599035983,5675367.033721316,602083.1787230133,5673953.735018762
30271,71265,599149.9207346733,5672399.780418324,2019-01-15T11:46:14.846+01:00,10;2;69,141.9814179807973,646.481344891441,646.7686648594458,599250.5676783327,5672499.924892879,599696.2281755885,5672745.448335975
30437,71681,599082.0829198608,5674785.037482716,2019-01-28T11:45:16.779785021+01:00,14;9;11;18;69;70;32;12;27,222.51302586567368,3459.908486214849,3460.2628162552296,599217.2777325272,5674961.770075375,602271.3333464542,5676126.547247666
50628,119439,598568.2189310212,5676241.285761727,2019-01-30T11:37:32.057+01:00,5;14;20;9;11;34,1075.692428623057,4402.628767232704,4402.74672262017,597714.9021391814,5676896.239694276,602866.7104905432,5677193.1840623785
27082,63794,597715.8353839193,5673889.349300506,2019-01-29T10:14:24.077+01:00,27;18;69,272.5936434695293,6022.910709868838,6022.89633175031,597692.4248659167,5673617.762772661,601521.6796204897,5678557.4327472765
15496,36235,599414.1633442178,5674258.468637662,2018-11-22T09:47:52.392+01:00,2;9;14;17;1;11;18;12;27,575.4258559617066,3134.1314980023712,3133.9742742734434,599680.9361432852,5673748.618473999,602542.6550977067,5674070.533555459
34222,80673,599645.436939242,5677019.150089362,2019-01-16T09:12:51.7652181+01:00,11;7;14;9;4,988.6248268070959,3719.0463731850004,3719.0751379286394,600358.1303267941,5676333.9879308045,603359.6907883919,5677207.894016352
50152,118286,599128.1215238768,5672370.50365463,2019-02-04T19:43:30.691+01:00,10;2;69,172.02513943116577,927.1213585367809,927.3858791488794,599228.5278910428,5672510.186187643,599913.9058141657,5672862.537253676
36354,85661,597707.1336993771,5673224.226819092,2019-01-14T11:44:03.197474415+01:00,18;27;69,135.80874819496904,689.9638885896254,689.4274105438957,597581.0070629009,5673274.586402664,598396.4042912981,5673255.149604713
55092,129786,598518.3667201952,5674813.226472695,2019-01-30T16:10:56.30930714+01:00,14;32;27,335.91720020654054,3541.4701134410993,3541.471841083373,598215.9217232813,5674959.402357288,602059.8341229177,5674817.608236035
52886,124566,598572.6735682425,5676844.8036163375,2019-01-04T10:01:15.55297300+01:00,11;32;5;34;4,475.4635845826528,4066.509107630663,4066.508671001546,598152.288966378,5677066.935124187,602585.8843062825,5677501.032154671
52684,124109,599841.5906444701,5676640.193780361,2019-01-10T12:05:25.417381629+01:00,11;7;9;14;2,905.2421121124313,3674.4793023842985,3674.54122377779,600746.8226751877,5676635.921532175,603419.6070618524,5677476.612730764
29996,70632,598050.6525987176,5673431.068292158,2019-01-10T11:21:15.782+01:00,18;27;69,331.78688685924027,3355.9304281803848,3355.7772383487345,597822.9333333335,5673189.766666667,600108.4938683591,5676082.022525589
47180,111424,599535.6762133562,5674220.509558992,2019-01-18T09:56:54.956+01:00,2;70;17;27;7;12,1236.3169227838646,3333.34724439363,3333.39162333641,600232.9315540663,5673199.571498475,602867.3135144853,5674327.265099514
32734,77260,600512.0321631344,5676091.435277698,2019-01-18T09:52:55.758465025+01:00,9;11;37,408.62303540836484,2674.3405456501246,2674.3405456501246,600634.7902979705,5676481.182920921,602394.4232763097,5677991.093418297
28296,66636,599223.4106780044,5675055.111502996,2019-01-03T13:42:54.284199921+01:00,9;14;11;1,354.18100768143034,4454.125349849441,4454.2531601949295,599387.9382050813,5675368.759201913,603236.2028245368,5676988.174311313
9557,22322,594963.2367525778,5675083.570360379,2019-01-24T14:37:03.779822692+01:00,19;15;27;25,794.8493240619467,2412.2785598957985,2412.173525801879,595548.495909364,5674545.744024691,592968.9799650331,5676440.783577182
18955,44399,601017.7298776747,5673672.331677801,2019-01-31T10:07:03.315254809+01:00,9;17;7;70,1666.2298443151303,4304.982577658521,4306.094101520226,600016.8971806392,5675004.493757516,603399.7311510234,5677258.268783734
19207,44973,599134.1153840388,5672410.508528973,2019-01-08T10:40:22.728762616+01:00,10;2;69;1,106.59096069078124,676.7198117452273,676.0162696865256,599211.161295896,5672484.1669322075,598932.8573746943,5673056.608302447
15649,36585,600514.0795846096,5676087.2317965105,2019-01-09T16:51:32.417+01:00,7;9;11;17,853.2522068325052,3261.997093921141,3262.511518398,601061.4651183937,5675432.702648291,603616.4437867608,5677095.180901357
8200,19147,599427.6679140341,5676965.273987448,2019-01-07T08:54:54.951+01:00,9;5;70;14;32,1401.6083627848132,3623.5480811095786,3623.573672484033,598921.4182447062,5675658.286124102,603041.35908933,5677232.36345879
17816,41716,598156.3259874503,5674850.846779811,2019-01-25T17:35:09.969318817+01:00,14;32;27,226.84788309399286,3945.8427861769705,3945.735370305042,598254.03823404,5675055.571665769,602088.9159842492,5674527.719544342
2909,6588,599132.9984038053,5672407.940852074,2019-01-04T10:13:48.569+01:00,10;2;69,114.21019486747235,602.3570186953015,601.6778479457212,599217.3733224975,5672484.913845438,598971.5283530243,5672988.252320746
32778,77358,598524.9676688291,5672232.4421327105,2019-01-30T09:30:58.427306016+01:00,1;2;69,1378.901548827598,5657.2301485027365,5657.2301485027365,599902.8922919292,5672284.338321527,602761.1946456237,5675981.926624505
11931,27914,598302.7294879167,5676037.1697323,2019-01-07T07:54:39.621991836+01:00,14;9;20;32,871.8611195495147,4361.003020648285,4360.52678394732,598665.0838661003,5675244.174703063,602472.5015981402,5674759.927431518
15927,37215,598654.3402977362,5676960.100928873,2019-01-04T09:32:17.917128742+01:00,5;11;6;4,1741.6442226605668,5029.591323732877,5029.591323732877,597355.460584654,5678120.375072888,603262.0177240918,5678976.557627744
49150,115952,597940.4441747006,5673323.301638082,2019-01-10T11:01:47.674+01:00,18;27;69,216.39074416246743,2570.1679159380524,2569.951413874355,597768.5483385734,5673191.860488964,599619.8497565272,5675268.901804572
38933,91950,599140.5760884384,5672402.146163127,2019-02-05T07:12:39.257+01:00,10;2;69,136.86554692445108,414.29577437638994,414.0848923415867,599246.8490034209,5672488.391426627,599274.6756364488,5672794.138892511
26384,62110,599354.4295180825,5674315.02445037,2019-01-10T15:44:05.176+01:00,17;9;18;11;27;7;69,179.1264404913821,3519.2389894721696,3520.7963891434565,599484.783445228,5674437.882642449,602001.0544735126,5676634.59755987
37942,89670,599154.2983009698,5672388.831738478,2019-01-14T16:15:48.169+01:00,10;2;69,122.36781001934483,818.3722634812892,818.2857582584298,599189.7093965396,5672505.9638657505,599527.0232969065,5673117.398303068
30090,70860,597706.2695040479,5673213.601625036,2019-01-07T13:24:41.718250610+01:00,18;69;27,69.72124006480242,710.5222692467466,709.9915514064284,597654.4198218308,5673166.989804967,598415.5094010951,5673256.270859059
17249,40407,598095.5171460916,5676800.858667021,2019-01-02T11:47:32.522+01:00,4;5;14;11;34;32,1001.2328368585695,5100.230876013996,5100.347057303571,598178.5213555642,5677798.644964187,602990.1506032404,5678234.357292345
54234,127712,599134.5905807182,5672411.790759932,2019-01-04T19:16:44.534+01:00,10;2;69,111.8870558439587,580.1892400352094,579.561608252424,599218.2108540136,5672486.130272706,599018.7540607476,5672980.298855647
39212,92618,599114.5245413336,5672360.056791933,2019-01-17T20:49:28.596+01:00,10;2;69,176.67820061550236,507.20938252375794,506.8574576187065,599236.4441441443,5672487.927027028,599194.0320061644,5672860.995830895
31955,75341,599101.3006539323,5674662.770003651,2019-01-17T11:00:41.389+01:00,9;69;70;15;18;1;11;12;27,847.3357912243031,2790.3056576291415,2790.3179687213715,598922.3491621488,5673834.546418695,601172.5511425057,5676532.456361461
14985,34972,598370.436982286,5676442.02804199,2019-01-24T11:45:08.647456781+01:00,5;9;14;32,1713.7111410122689,5181.639447797752,5181.694282152885,597049.6156874936,5677533.924091095,603147.2968955381,5678449.762271448
5878,13628,599113.9423489727,5672362.591676322,2019-01-18T07:23:36.132+01:00,10;2;1,234.59870813672802,543.0686049323584,543.5443659787863,599315.485405772,5672482.662281032,599635.5356800734,5672513.799832895
36078,85029,599133.1579411733,5672411.7631095955,2019-01-08T19:39:10.834+01:00,10;2;69,101.5729731511298,710.9841325622402,710.2282697862414,599204.1475007308,5672484.409866637,598872.0031781918,5673073.0471835965
7675,17866,597836.4814578083,5675839.844848242,2019-02-05T18:54:28.295174652+01:00,14;20;15;19;32,818.8735380001599,2993.8468516439866,2993.087268643111,597647.4241731717,5675043.094439166,600319.6384562858,5674167.40642127
27948,65824,597877.3758615163,5676269.645158102,2019-01-07T07:46:59.134402013+01:00,5;14;19;20;6;11,443.92674735356695,3638.55285335517,3638.6736841563284,597781.0725275687,5676703.000237553,601473.0182520056,5676826.801030705
47704,112534,597341.7841258106,5674822.60286557,2019-01-15T11:54:17.694211360+01:00,15;23;32,3894.5421558650655,3831.0773620995333,3831.0728937099116,593747.5583691822,5673322.936297896,597292.0240314205,5670991.848672543
42863,101246,597894.7006564556,5674212.293185844,2019-01-16T11:20:44.139871946+01:00,69;14;27;32,696.7667527943876,4884.697354500078,4884.983960919941,598213.938160888,5673592.96183385,601760.6827432268,5677198.000932732
48339,114077,600512.5564465119,5676088.475033539,2019-01-22T09:49:26.428+01:00,11;7;4,1447.0921613964772,3890.364124190955,3890.364124190955,601231.6910503511,5677344.230242621,603577.1594762363,5678484.96022836
44588,105378,596965.5210664656,5673444.409561461,2019-01-21T07:50:00.616+01:00,27;18;14;32;69;6;15;19;1;25,732.9497511951942,5493.387455813463,5493.371973581115,597650.5146219289,5673705.176059982,600876.8574270149,5677301.708307259
8572,20016,599285.9920912902,5674211.855130317,2018-12-31T08:31:09.667+01:00,18;69;27;12,1462.6578283654562,1901.3107514223314,1901.2225973185405,598095.1804167328,5673362.540419143,599934.4708258414,5675999.15977819
15255,35608,599384.1227918434,5676875.315046,2019-01-10T12:36:02.446175480+01:00,9;4;17;70,1904.5325972162952,4200.825926104573,4201.597569521602,600355.8333991282,5675237.321483879,603414.8666215097,5678058.549021611
10652,24870,598853.8496471671,5675286.466845952,2019-01-21T09:52:47.720880748+01:00,14;20;9;15,577.167452225993,3241.1013260773075,3240.6666104881347,598287.5397015298,5675175.042820799,601928.4793088689,5674261.093621568
11759,27510,598398.6174407352,5676842.734561699,2018-12-31T09:34:31.417363545+01:00,5;14;9;6;11;34;4,1019.9278096901849,4875.981387953723,4876.09089797621,597531.8226424713,5677380.246900797,603116.7043995017,5678073.526967099
8000,18636,598386.3354553678,5676484.768350353,2019-02-01T13:56:02.461645178+01:00,4;14;20;18,305.97312565318646,3816.1542441989955,3815.898119263638,598671.3293689834,5676373.421941233,602143.7454815644,5675817.75777281
45406,107248,598920.620701088,5675477.4400789505,2019-02-05T10:15:18.500787990+01:00,9;14;20;69;4;27,244.68895380628203,3969.0426961827834,3969.164322245238,599036.9713517827,5675262.183928753,602812.2208876355,5676257.663067708
17156,40153,599115.2253612714,5672363.465139761,2019-01-20T17:45:00.364+01:00,10;2;69;1,168.43582483441023,608.3370758399259,607.819792945086,599233.9061972958,5672482.987046741,599085.651088181,5672971.0829145275
30721,72370,598384.1066324473,5676526.312304013,2019-01-17T08:55:09.140+01:00,14;20;11;9;5;4;18;15;34;25,972.3387861084724,4358.843429164927,4358.333616284241,598743.4395681435,5675622.806600492,602548.271964327,5675238.19618784
51043,120381,597208.4450155247,5673544.481305614,2018-12-31T10:21:42.421336476+01:00,18;27;69,444.3926684925451,1247.6361695358519,1247.2583167737066,597547.922219172,5673257.706006793,597988.1564810378,5672570.496684544
45966,108554,599227.4152242681,5675113.325604253,2019-01-28T08:39:02.81270205+01:00,9;14;12,241.35370020973744,4228.209574711528,4228.364096847641,599351.9353975399,5675320.077472572,602974.8422617896,5677071.525493472
8544,19937,597991.24112738,5675868.683757772,2018-12-31T10:11:38.425884903+01:00,14;20;19,587.4024172507457,2482.806845903316,2482.1295991066786,598017.9845486631,5675281.890447304,600065.8421496137,5674504.7334534675
25553,60185,598383.3938463406,5676627.719274079,2019-01-08T09:05:06.561796720+01:00,5;14;6;9;20;11;32;4;27,370.75218150409336,4439.369341218042,4439.422921109992,598028.55531034,5676735.175281166,602808.8359102495,5676979.091849464
34085,80404,597617.9550384068,5673378.691493176,2019-01-14T11:24:35.712611612+01:00,69;18;27,437.09264867670186,3245.2816438919203,3245.083517001845,597897.5442121075,5673042.715485883,599897.4445058226,5675688.622383078
10120,23617,598931.0965564628,5673879.5239971075,2019-01-16T12:29:12.754801876+01:00,14;69;27,638.6064143339535,4217.837100620733,4218.734700087193,598377.2617827619,5674197.462978467,602205.1130667946,5676538.652744921
30326,71414,598620.2538404254,5676450.219566147,2019-01-22T08:18:57.987118688+01:00,9;5;6;20;32,753.2574759056945,4188.749380958769,4188.749283097746,597974.3145895039,5676837.723513387,602773.1472868945,5676997.117544527
24170,56859,597050.8086659622,5673521.13056841,2019-01-03T09:51:49.902361059+01:00,18;27;25,507.58250009384864,1408.0511435180954,1407.5376906373695,597500.9710395869,5673286.62293149,598458.7061646353,5673500.330183973
2901,6564,598573.9013361108,5676174.346952984,2019-02-04T10:59:12.447621115+01:00,14;32;5;20;11,531.2720142997716,4061.3209959782853,4060.9434700011598,598444.7938267502,5675659.001239696,602517.474975973,5675203.494142638
33180,78235,599140.6373689382,5672411.058762645,2019-01-05T14:04:09.371133059+01:00,10;2;69;1,116.1087963973325,532.7690146155302,532.1856556709158,599230.7117339781,5672484.324452866,599065.2278347642,5672938.463943782
12774,29854,598078.9852379921,5675127.318939558,2019-01-02T11:22:48.329866849+01:00,32;20;9;14;18;11,154.6622592849676,3488.6766167430324,3488.541068853351,598228.8689799646,5675089.170828996,601431.6613793565,5674162.732381837
27015,63651,598782.631981128,5673546.51848953,2019-01-11T12:43:36.724+01:00,2;14;17;69;1,1054.7170290690817,4147.701835238281,4147.286336984068,599635.3185538739,5672925.7499174625,602773.5625831055,5672416.959529476
22172,52073,599427.002949052,5676968.655953816,2019-01-23T10:22:58.392000642+01:00,5;11;9;17;6;34;4,1003.5419516064425,4159.217571442779,4159.608160160747,598495.2105427396,5677341.29433103,603266.8773342547,5678566.922362292
47577,112264,599136.7048029151,5672407.588034043,2019-01-04T20:08:51.922+01:00,10;2;69,110.31205615768707,616.6645090964124,615.9947550824164,599214.6851291681,5672485.612507455,598978.9763013545,5673003.739723275
24171,56862,598030.5911603123,5673214.690618227,2019-01-09T15:33:16.166+01:00,18;69;25;27,363.67453320330367,419.99353966723805,419.4861652847601,597698.83925517,5673065.694512456,598439.3101350513,5673311.3517430425
23964,56372,598521.5784620121,5672878.240365419,2019-01-07T08:15:05.595528022+01:00,69;2;25,270.1415754705986,6146.978683720397,6146.978657839838,598301.0701903916,5672722.187256047,601561.8064956748,5678220.745437147
16805,39307,597684.2090840413,5674400.938646671,2019-01-09T12:56:32.632769842+01:00,32;14;23;18;19;1;27,344.79977353207966,2420.788693644482,2420.688684658411,597405.7898381529,5674197.543446761,600103.5435198186,5674317.041166738
19189,44939,599249.8763386494,5674423.758501555,2019-01-09T08:30:44.56326316+01:00,9;17;18;69;1;27;25,882.3502873166144,3095.708606603702,3097.119832272592,598934.8831156521,5673599.549002099,601546.9615488827,5676499.044340645
25264,59513,599114.1340687452,5672363.019728848,2019-01-21T06:54:03.803+01:00,10;2;69,161.44186819922103,628.7033569008598,628.1907031952444,599215.6808026744,5672488.525655544,599085.8031407972,5672991.084430531
44262,104620,599097.7329828572,5674623.236138867,2019-01-08T10:38:59.242+01:00,14;18;27;9;1;4;12,635.5374627678092,2477.143797462003,2477.2917941713986,598468.9393311214,5674530.897576402,601515.120225791,5675164.050627398
13140,30720,597226.454433628,5673325.433893537,2019-01-11T09:10:52.200499182+01:00,18;27;69,297.6302803266958,2051.7215416962654,2051.724564200708,597498.9285539519,5673205.677317429,597218.3495872094,5671273.728360054
30872,72714,599049.8914099794,5674971.980900835,2019-02-01T09:51:33.405709260+01:00,14;9;15;2;69;12,395.531399486355,3481.6114541371276,3481.6786590277416,598655.2213377554,5674998.069635384,602530.9345033669,5675034.887971646
16031,37452,597907.0987212949,5676319.437250088,2018-12-31T12:46:17.873296656+01:00,14;5;20;4,26.178661440887005,4803.5200845681375,4803.4669539312035,597905.5255344501,5676345.568599039,602706.2602707897,5676114.855665629
21253,49849,598787.2132673704,5673528.359449261,2019-01-07T10:11:34.542+01:00,14;32;27,1362.6607400389921,3864.2657298937756,3864.912421778225,598206.8340447334,5674761.243973608,602108.9755910427,5675502.807396476
5784,13422,597763.504161636,5675876.645468847,2018-12-31T10:05:39.921710216+01:00,14;5;20;23,740.072909175221,4211.468494234937,4211.124365997392,597230.0622291979,5675363.666311754,601790.7291958245,5674644.60431615
43013,101641,599136.8140974031,5675135.338494719,2019-01-21T08:21:36.121654+01:00,9;14;12,94.03922722937232,3750.5067207434995,3750.9036808263254,599154.5233186677,5675227.695193123,602647.339788513,5676455.380173758
3877,8970,599110.2593195799,5672358.277078934,2019-01-22T11:42:50.590+01:00,10;2;69,202.24897116842462,401.15726887616245,401.2136902151065,599266.003732834,5672487.305463714,599356.0806116544,5672675.292925123
7821,18202,597489.5710234276,5673809.937805114,2019-01-28T09:15:41.332+01:00,27;18;19;69,263.7826620145786,6467.729070939082,6467.727870024125,597690.6801770395,5673639.243923815,601636.0006597268,5678773.6703327885
50056,118084,598645.1929504055,5673299.449054983,2019-01-09T13:59:38.635+01:00,69;23;10,934.5323673652063,5126.00192770979,5126.000985123761,597932.8637939048,5672694.521027486,601256.8679326877,5677710.236915424
11730,27441,601548.8715771659,5673383.210937999,2019-01-30T08:05:12.855080149+01:00,70;17;1,326.0188094384594,5501.1434314376065,5504.30625119537,601838.1455887386,5673232.848674328,603694.5323192824,5678448.654554603
30315,71379,599113.250866382,5672362.15398038,2019-01-20T14:43:09.723+01:00,10;2;69;1,170.91589498111458,683.4368846062426,682.976615004652,599235.3155854449,5672481.788622174,599128.5956991703,5673045.418578722
43462,102730,598075.6237761643,5673456.581911243,2019-01-09T11:33:57.373+01:00,18;27;69,367.4817473510097,3320.466718881562,3320.3137717712434,597822.9333333335,5673189.766666667,600108.4938683591,5676082.022525589
49437,116642,596963.7079578419,5673436.312705014,2019-02-04T07:49:05.352+01:00,27;18;25,552.4872374817666,3451.1267514906435,3450.8893333829915,597510.9721900829,5673360.5234729955,599641.8310652171,5675612.991936457
12884,30104,601133.3268735398,5674306.478729557,2019-01-28T08:03:49.712+01:00,1;7;70,1327.6486945749343,4591.503523205789,4591.503523205789,601738.7178366107,5673124.889613985,603774.3549020216,5678062.390810049
24343,57319,598564.568442162,5676086.326294364,2019-01-07T07:37:49.114129468+01:00,14;32;20,895.5507178865031,4124.6615200704755,4123.883446788765,598494.4381520377,5675193.525739529,602311.5469927493,5674362.091856537
40674,96143,599131.7253016256,5672411.735459659,2019-01-09T14:46:34.395+01:00,10;2;69;1,137.59733143783222,514.6273416380407,514.3078359627348,599249.2582216364,5672483.282914768,599231.7446393103,5672916.549715451
33668,79430,599114.9915627581,5672361.763216002,2019-01-20T15:47:59.403+01:00,10;2;69,150.57842480469856,764.2017977211075,763.5290166642502,599198.6749655708,5672486.946881511,598925.6768313276,5673102.144415185
47593,112298,599113.0006966845,5672361.3004469825,2019-01-20T14:39:28.094+01:00,10;2;69,151.7271410594232,776.479950679021,775.8864855091288,599193.3150739366,5672490.027779514,598998.8402296442,5673129.342439045
19251,45087,598446.41177909,5675875.6998588545,2019-01-28T15:36:43.478140999+01:00,14;20;32,614.0554221042272,4081.4010322675317,4080.729896052409,598462.7743018279,5675261.862478708,602120.4147568805,5674098.191348219
45772,108120,597781.4659660972,5674230.9282366615,2018-12-31T11:09:38.687+01:00,27;18;32,342.6779800056444,2783.130572685987,2782.937854392732,597677.4741568769,5673904.41039397,600333.4595490617,5675341.398649202
31557,74374,598352.1292153519,5676446.769244315,2019-01-29T11:50:40.188696697+01:00,14;20;6;4,28.514169699789118,4303.875529244623,4303.563379215736,598352.7120909322,5676418.261032696,602549.4706136055,5675495.102413046
48528,114549,596799.2183449827,5676324.722294574,2019-01-21T13:04:50.438423974+01:00,14;6;5;32,1245.4505928806425,6078.042076739296,6078.121025910665,597687.7454298945,5677197.457534314,602861.7803287178,5676758.240091191
40099,94742,598352.4598100084,5674046.634293056,2019-01-15T08:41:11.620+01:00,14;18;69;27,316.7857476733442,3407.7005474963967,3408.0761724273007,598368.7024199191,5674363.003361633,601611.0526930274,5675043.6274947105
49645,117132,599362.8063836752,5674317.732722299,2019-01-17T08:32:00.217+01:00,12;2;69;1,417.873455020971,3188.440528144501,3188.440528144501,599628.2849430982,5673995.026417902,601505.5361999332,5676678.847276071
28264,66563,597830.2385242663,5674168.20483906,2019-01-29T09:51:44.668+01:00,27;14;18;32,168.12476998806045,4279.535808032357,4279.760984749158,597872.0134215908,5674005.3527704915,601304.5351483176,5676666.9424604075
421,1025,599080.0525961298,5674762.507489384,2019-01-17T11:20:34.689095373+01:00,14;9;18;70;11;27,443.93160486386967,3347.0411732771895,3347.255569063072,599512.6867558787,5674862.021074464,602174.2653789265,5676038.64692941
41001,96868,598376.1742711113,5676599.573432703,2019-01-03T10:58:47.905409487+01:00,14;5;20;6;11;32;34;4,527.9256884547732,4422.895423558681,4422.90015722767,597851.1332885033,5676654.6869438635,602799.0323707132,5676617.743697476
2770,6296,599140.9507659584,5672401.729041819,2019-02-05T06:39:30.779+01:00,10;2;69,145.59929757139741,400.989833133379,401.01914716240066,599257.1409856614,5672489.472920801,599375.9382036328,5672726.650186732
5666,13139,594972.5502493945,5675044.703025989,2019-01-25T14:22:20.485876939+01:00,19;15;25;14;27,814.8623265582964,3761.1987379751467,3761.2107471337617,595766.3717855873,5674860.724820974,591797.6823476529,5677061.341256569
40768,96370,599112.8931355247,5672363.420136856,2019-01-22T12:34:28.834+01:00,10;2;69,159.03642791042807,654.1734412430774,653.5355674681066,599214.685129168,5672485.612507455,598978.9763013545,5673003.739723276
44498,105172,597236.4465890711,5673323.925704449,2019-01-07T08:37:13.920601383+01:00,18;27;69,343.69869842019153,1320.5846560501716,1320.0767685498122,597579.3914717792,5673301.17482051,598544.053610198,5673508.6084380625
44156,104387,599603.9758693515,5673203.805927774,2019-01-03T09:50:17.023+01:00,2;70;1;27,712.8803173746115,3679.149222437753,3679.149222437753,599949.04982017,5672580.009233837,602834.7278079273,5671443.584091654
23622,55557,599113.8417159212,5674962.18229829,2019-01-14T09:47:52.311312932+01:00,14;9;12,321.0900468273902,3652.200761274456,3652.4714028170083,598888.5483128474,5675190.965384865,602733.6339286915,5675447.645723298
28588,67334,598517.756008648,5676924.800235446,2019-01-04T09:11:13.932796726+01:00,5;11;6;34,1242.2764075771615,5196.654209058039,5196.654209058039,598397.5540305442,5678161.247629103,603302.1332214102,5678953.334103667
46868,110665,598507.1820856957,5673628.643111973,2019-01-14T13:01:13.616248459+01:00,69;2;18;14;1;11;15;19;32;25,743.5933189391643,4258.036556946403,4258.049104162015,598316.2848789404,5672909.971225488,601188.5387844807,5676936.391828876
18234,42682,598755.6585924785,5675986.882896517,2019-01-22T08:24:17.102194044+01:00,9;14;20;4,655.7215487115276,4244.86971789414,4244.918035831734,599099.2716358402,5675428.402076904,602995.1935781039,5676199.631639293
34368,80993,601294.9114835745,5673513.1411255915,2019-01-23T08:56:12.35653068+01:00,17;1;70,430.0613991012709,4924.468298040105,4931.02193039224,601102.0730502844,5673128.737502243,603623.1045596135,5677852.4849721985
35784,84332,598520.3705845666,5676483.521681191,2019-01-22T08:31:00.23581459+01:00,14;5;9;32;6;4;27,617.4528123878116,4300.123740057108,4299.908302374964,598288.2781361666,5675911.349442332,602782.6786813447,5675914.492799725
51115,120537,599296.7927651517,5674246.012427913,2019-01-28T08:22:00.882+01:00,2;9;12;17;69;11;18;27;1;4,262.9064221882317,3271.3785062351894,3271.9537162536817,599453.1665119652,5674034.666649305,602091.7460218954,5675946.0576107465
55286,130258,598480.1088437426,5674202.697074305,2019-01-24T09:49:18.942865258+01:00,18;69;32,933.7526978679131,1216.1778776837202,1215.8690538900019,597841.9282482886,5673521.066948532,599695.0392511933,5674257.767349582
43177,102039,598075.9198871204,5673339.891012721,2019-01-07T10:54:17.389+01:00,27;69;18;32,290.30985959177957,5289.414926365358,5289.37280119229,597825.2325194986,5673486.300227906,601190.7065921632,5677614.936514858
32781,77365,599142.5406744842,5672398.789257583,2019-01-03T12:17:34.814+01:00,10;2;69,122.98239515496621,1175.765868707698,1175.7444680133842,599140.2019292151,5672521.749412872,599765.0210370498,5673396.257841669
37769,89180,599126.1995854025,5672376.831860428,2019-02-04T17:03:57.593+01:00,10;2;69,138.4631277739943,883.6562166771406,883.4867193534986,599176.3294371425,5672505.9017473785,599441.8067987448,5673202.204743529
25911,61048,600187.9605691084,5674579.898593657,2019-01-14T14:00:29.247542266+01:00,17;9;70;7,836.7885180646648,4405.256636031406,4408.632875115502,600901.5652185105,5674142.882085597,603567.5724297123,5677405.5860677
11281,26369,600758.74193134,5676246.922505489,2019-01-30T06:25:12.306+01:00,11;14;4;17,762.2011464942809,2975.8513028032867,2976.4498520095253,600417.9381947572,5676928.687421606,603320.5441675085,5677761.141868447
14914,34812,598570.692781336,5676246.001192681,2019-01-22T11:08:03.121+01:00,14;20;32;19;27,1366.360170362341,2162.176880537457,2161.6007595039,597921.3819145305,5675043.780117586,600352.9761792782,5675021.879159487
51357,121128,599463.2298229627,5674224.6219727285,2019-01-02T16:10:53.024+01:00,2;17;12;70;27,1124.8030489628584,3569.096188638849,3570.3236053823116,600304.8446244169,5673478.387140434,602671.4486524658,5675788.520801227
4277,9896,599135.0892017116,5672408.405558225,2019-01-10T19:26:54.923+01:00,10;1;69;11,107.37364459301668,780.9212336630902,780.1526328976121,599206.3632796908,5672488.711880276,598840.3417856467,5673131.56662874
44985,106311,599113.8342111241,5672363.013942766,2019-01-21T07:16:43.388+01:00,10;2;69,153.5689395858414,719.935703466784,719.225847118256,599207.6672952895,5672484.581913554,598899.8000412337,5673050.39796298
8413,19627,599134.2977755223,5672407.965930217,2019-01-08T16:28:28.242+01:00,10;2;17;37,154.10795040440195,669.9414850274695,669.306785719643,599245.7040913765,5672514.445473631,598944.4749952104,5673050.45243236
20927,49098,598378.9951916705,5676636.546346893,2019-01-21T12:41:43.712+01:00,5;6;11;34;4;20,2156.2711546872806,5281.047167940604,5281.047167940604,596793.7554749312,5678098.230421174,603141.8372271303,5678917.948313945
45468,107394,600202.0159963497,5676509.3052758975,2019-01-08T10:14:58.242572083+01:00,11;9;14;4,1115.0685937138426,3831.2577958326747,3831.352490590754,600863.7704747451,5677406.778940698,603469.7802886094,5678509.368481989
16171,37777,598081.8860499351,5675118.462980371,2019-01-24T18:23:37.248+01:00,32;14;27,241.9324095184239,3536.043495010338,3536.0156575990973,597876.1591319696,5674991.153412782,601516.1216280633,5674276.067828127
27851,65599,599097.6943956814,5672418.717136098,2019-01-03T14:34:27.582+01:00,10;2;69,143.40727030809367,528.3903013049121,527.975261393974,599222.7989459946,5672488.820607254,599140.1867852659,5672945.396077523
41929,99069,599140.1937903125,5672404.684903246,2019-01-09T18:06:15.573+01:00,10;69;1,98.1012603487759,804.4287947569362,803.673460970428,599198.4683377033,5672483.602166303,598850.4301763206,5673155.113270141
17548,41095,597766.8735638735,5673597.519096356,2019-01-15T12:42:48.902+01:00,27;18;69,133.070225788086,5142.541519105274,5142.472718228115,597732.2838488434,5673469.023039586,600979.8855183186,5677612.775932016
13533,31623,598518.9000061996,5676853.106262141,2018-12-31T10:09:17.518611984+01:00,11;5;14;9;34;27;4;32,276.4072601928878,4452.267637284493,4452.363620752658,598256.7881412918,5676765.366056067,602860.378660261,5677840.147401273
31373,73949,599115.6660986372,5672361.351879002,2019-01-18T18:49:25.545+01:00,10;2;69,151.04214869621555,759.1589111369103,758.5123576722316,599198.270762184,5672487.804242535,598952.787913422,5673102.832120909
43069,101763,598431.5787112644,5673882.228880135,2018-12-28T19:06:50.063+01:00,27;2;18,697.7225993918446,2480.7090738191937,2480.530673355013,598142.6076432925,5673247.1599487765,600790.698775479,5674649.346883802
13464,31461,598385.1251187854,5676476.682408883,2019-01-16T07:56:54.80782436+01:00,14;11;19;4,950.3512985177441,3691.2508755058016,3690.7817743634732,598788.388099651,5675616.132259933,601977.7960828623,5675629.305060944
54862,129234,599114.2088891016,5672362.596819512,2019-01-21T06:57:44.877+01:00,10;2;69;1,153.50242453539343,754.0011622966616,753.3254775061702,599208.0424196428,5672484.080410521,598925.5888128441,5673092.624366648
26802,63130,599136.8982226169,5672413.10835841,2019-01-05T14:13:37.945+01:00,10;2;69;1;27,98.67275818225868,729.2423842664537,728.4871703718778,599205.5426667256,5672483.9903272055,598870.5848348319,5673091.983630089
8706,20326,597380.4796854556,5674656.567263359,2019-01-17T11:49:47.273470358+01:00,19;27;32,468.68844582149876,2299.4531570098106,2299.4507957212827,596923.2923591427,5674553.375171097,597234.613247865,5676951.389218036
3454,7938,599138.9996009449,5674825.601571337,2019-01-23T11:43:59.372305315+01:00,9;14;2,316.12768162552635,4110.676220085441,4110.9144625072695,599209.8307074013,5675133.691924072,603083.5378887969,5675982.440662156
30851,72666,597032.5736574358,5673466.89367339,2019-01-11T14:01:46.80805918+01:00,18;27;25;19,369.2667398505755,763.0244783272148,762.5406763473788,597346.5657430821,5673272.556607159,597714.983901237,5673125.539584969
11992,28038,598772.7698221169,5675914.64763754,2019-01-08T08:07:44.71482015+01:00,14;9;27;32;5;1;11;17;4,703.796529866928,4084.934096059187,4085.1409549540967,598896.7030042008,5675221.8488775585,602800.3893080807,5676596.533145108
53152,125203,598784.3175854342,5674004.428035773,2019-01-31T09:26:36.710+01:00,1;18;27,1332.2057400540393,3227.002510597126,3226.8316041729963,599135.7870149916,5672719.421664614,601031.1158456322,5676320.770579822
52556,123821,598501.4862368829,5676462.790014225,2019-01-25T08:20:49.797199426+01:00,14;5;20,626.4020327880452,4173.088445657306,4172.744503295626,598082.1315127318,5675997.4717124,602550.7689940637,5675453.841884896
48967,115513,598071.9427909682,5673174.742513657,2019-01-31T11:45:19.147345217+01:00,18;69;27,328.3963296855129,1646.8882427534807,1646.6236991278997,597744.6793153753,5673147.488763571,599128.5089580688,5674438.0353612015
34210,80653,599126.0394683247,5672371.312179895,2019-02-04T18:39:47.503+01:00,10;2;69,185.7614164080578,1235.166320192377,1235.494923805582,599238.2357587387,5672519.363847374,600291.2528960127,5672781.084685651
42598,100591,599126.031281995,5672371.736375027,2019-02-05T16:26:06.327+01:00,10;2;69,242.0735990246899,1281.8471976201877,1282.321951407961,599327.056207246,5672506.601517939,600401.7803790977,5672246.850509981
50453,119006,599118.0573496674,5672363.519787568,2019-01-21T20:57:23.583+01:00,10;2;1;69,163.45885693820497,655.851534341095,655.287069556743,599230.8900451309,5672481.788890659,599046.8182351141,5673015.4908173345
51133,120564,598014.9610020904,5676494.208678505,2019-01-18T13:09:52.934200955+01:00,5;14;20,235.66980409160615,4584.372123515606,4584.236839652211,597835.995917819,5676340.873244987,602559.3678836401,5675890.193892436
27470,64719,597002.2777000302,5673488.387357652,2019-01-30T07:50:48.679+01:00,27;18;25;69,532.1611691537965,3682.9897773076996,3682.790161356271,597481.209913321,5673256.397174611,599744.5724046415,5675946.889636035
26836,63212,599134.573291846,5672385.056177477,2019-01-16T16:05:19.631+01:00,10;2;1;11,168.68960435727448,408.1141823874708,407.9133841328622,599263.4689466831,5672493.877557648,599272.0197734953,5672769.329063
54840,129197,597938.0887775687,5676358.644908104,2019-01-14T19:56:55.658724676+01:00,5;20;6,1414.3018553761406,4623.915114017098,4623.915114017098,597286.1106740927,5677613.704385065,602534.3554481457,5676863.544575938
51814,122175,598231.0478614187,5675355.55869235,2019-01-09T15:03:33.249+01:00,12;14;32,863.0269496803048,3709.0398866066266,3709.439069314021,599048.5236973051,5675078.8842019895,601738.9716447438,5676560.319087956
48010,113270,598369.6752285806,5674719.987304081,2019-01-24T16:42:19.624555645+01:00,14;32;9;18;27;1,143.8713855789003,3416.6648246047553,3416.668592624002,598464.8539515011,5674612.098535937,601772.1572890088,5675030.9766160445
54759,129010,597348.2840402282,5673678.679001153,2019-01-14T10:03:13.263+01:00,27;18;69;19,323.74642060384303,5944.3996985330805,5944.365393701353,597664.0661346504,5673607.310845116,601185.9721013007,5678218.286706872
49363,116473,598028.6535484288,5673204.469208306,2019-01-02T12:57:00.522815167+01:00,69;18;25;27,373.4591005053122,4207.200814536738,4207.107023585442,597845.795971175,5672878.839347588,600330.4986926968,5676726.123311941
11523,26914,599133.5899267788,5672408.376621701,2019-01-07T16:46:08.141+01:00,10;2;69,100.64453218724593,743.7884756866524,743.0621104575695,599197.4263795217,5672486.185548955,598891.6219397633,5673111.7064090865
41953,99135,598373.8303373631,5676909.307080122,2019-01-16T08:36:46.118448424+01:00,5;4;34,2058.9104711081145,5129.135815914215,5129.135815914215,596722.6003198546,5678139.165509908,603062.2237237983,5678989.451707816
35221,83009,599133.8652205372,5672409.654994415,2019-01-10T19:52:44.553+01:00,10;2;69,112.15481662441508,603.1570047627031,602.4787990577435,599216.9118387582,5672485.03378516,598972.8069467209,5672990.9110523015
25592,60294,596251.2602557531,5676437.472952742,2019-01-23T12:44:42.378720706+01:00,5;15;11;19,328.713278251571,3577.1954732003946,3577.3944182630735,596563.8293159741,5676539.222654911,599812.3914291724,5676776.10582059
46202,109095,599133.1568029085,5672408.368262342,2019-01-05T16:45:13.883368941+01:00,10;2;69,108.38819133765477,661.9121355398834,661.1904472686523,599210.1067212917,5672484.701152254,598919.0649129043,5673034.7007122515
51731,121983,601331.8818552459,5673471.85899266,2019-01-21T08:37:36.593425350+01:00,17;70;1;7,256.39932750497064,4683.470598069116,4690.610290366551,601076.889345083,5673445.036708905,603616.3429832538,5677560.395918946
4625,10672,598172.986254731,5674887.235387282,2019-01-28T16:21:53.332627471+01:00,32;14;27,297.65393270143153,3432.527923206214,3432.4939867761827,597898.9776917599,5675003.498756712,601548.0045148687,5674261.536028703
3822,8843,598745.5765097509,5674714.050522607,2019-01-08T16:20:24.5702063+01:00,14;27;9;18,244.81513144900057,3445.0209159048677,3445.2145416867997,598515.7141731714,5674798.298696525,602157.5244116103,5675190.265417396
46185,109058,597963.6329024035,5676409.206296563,2019-01-07T09:28:18.814055279+01:00,5;14;6;9,1158.4529053700533,5416.301947142279,5416.454915493654,597353.5397299734,5677393.990260138,603143.6176233875,5677991.636412868
34147,80520,597217.3934161798,5673158.068914102,2019-01-07T08:28:15.174036877+01:00,27;18;32;69,507.5932103484857,3366.131701634268,3365.894490681883,597619.5626674357,5673467.763538751,599718.4749179828,5675410.941292664
12830,29975,598374.4391021023,5676893.193290888,2019-01-14T08:09:26.483557590+01:00,5;18;32,1562.1908150612164,3031.2777847682796,3031.0961710704955,597228.4740221871,5675831.494567956,601025.4888635557,5675423.302080381
23699,55733,600410.0405696582,5676319.8651546845,2019-01-21T09:55:27.196+01:00,7;11;4,1014.656777828688,3476.9290951339826,3476.9290951339826,601411.7276875224,5676481.578774082,603656.5878306617,5677564.440108096
42681,100800,593637.8754661726,5673894.4016633695,2019-01-12T10:17:24.380932460+01:00,15;23;19,461.64160673253747,3824.4736914100995,3824.8825036777894,593254.8014323508,5673636.783229095,595575.0420260354,5670596.82911138
34636,81633,599424.2233575487,5673229.602927269,2019-01-03T11:17:36.020+01:00,2;1;27,835.82828480255,3900.154601818239,3900.154601818239,599785.464993382,5672475.869949209,602794.7145621529,5671267.207717896
34343,80936,597905.7088225507,5676071.164429751,2019-01-09T17:13:45.274893627+01:00,14;5;6;9;23;20;11,291.9226116760583,4573.989930354114,4573.814786263554,598037.253250795,5675810.55960515,602444.8010043877,5675507.2264475515
51493,121434,599676.9543393059,5676540.238352676,2019-01-22T12:50:48.644313626+01:00,11;6;9;5;34;4;12,1739.016585473782,3996.5994179107693,3996.5994179107693,598415.4388780317,5677737.216809257,603077.5815820727,5678639.891005616
50591,119345,599995.2707477299,5674310.918054367,2019-01-14T13:36:08.533569453+01:00,2;17;69;27;1,1538.157494898038,3135.6833434285063,3134.4727927803024,599795.0545799809,5672785.846919868,602829.9632827991,5672970.385226766
29747,70049,597051.5320392696,5673451.126733491,2019-01-30T10:26:13.092+01:00,27;18;25,587.8424438975462,5297.93698221032,5297.834018709815,597633.5338811598,5673533.786245247,600729.4596428708,5677264.391058206
17093,39999,598617.3004421601,5676453.133270011,2019-02-01T16:02:41.826406539+01:00,14;9;6,739.1827783368036,4408.1373870928555,4408.0447345517305,598801.8445796077,5675737.357717814,603015.0895032007,5676151.26144609
3035,6893,598082.5940596783,5675233.051653969,2019-01-22T19:42:03.814994735+01:00,14;20;32,598.9055778830118,4649.957162138185,4649.646704455348,598677.7080696274,5675165.767135827,602699.4310015582,5674679.0496126255
51112,120532,598408.9709278311,5676441.918422921,2019-01-24T11:28:48.769631403+01:00,5;9;14;20;32;18,574.4014004671061,3932.6236627498365,3932.5380222191607,597967.5160110244,5676074.420769478,602329.4374127757,5676132.933935856
29555,69612,601102.6459615924,5673766.51342368,2019-01-24T09:41:26.184212109+01:00,17;9;1;70;12;27,515.1616750833585,4455.256862731852,4462.337089555529,600621.9469400072,5673581.256839124,603423.7919955007,5677569.353783489
40103,94749,598593.432885802,5676374.593238178,2019-01-24T08:44:26.813043103+01:00,5;27;20,1252.804477604334,3585.2534448295887,3585.2534448295887,597505.011234568,5675754.224502481,602090.326288034,5677165.655054403
52801,124382,599687.3244609255,5676721.216208162,2018-12-07T09:40:35.184661685+01:00,14;5;11;9,763.2579561272837,3525.273658816174,3525.416926012894,598936.8692893628,5676582.005062536,603165.0959178732,5677297.983113231
51943,122506,599060.0460859833,5674608.080604885,2019-01-28T10:40:57.391+01:00,14;9;27;32;69;12,453.843877407321,3559.794279422718,3560.347394636155,598635.5227512332,5674768.561766747,602305.3359828173,5676071.032687941
38147,90149,599063.2041494158,5674667.126837328,2019-01-15T10:50:14.716051104+01:00,14;69;12;27,404.9997038491056,3497.5162391259737,3498.2516493438197,598670.2058305639,5674569.264272997,602205.1684484952,5676203.577352724
29435,69329,599744.3534548777,5676893.341098308,2019-01-10T11:55:46.932851671+01:00,11;14;9;7;4,665.6034570318002,3597.5880999916326,3597.655144578088,600224.3635804661,5676432.235642533,603320.4152442365,5677286.307020354
27541,64869,600287.9499723935,5675532.413338818,2019-01-23T10:56:00.519406594+01:00,9;14;17;1;70,1239.9615940922624,3400.364022343266,3401.7666501862254,600083.6037911655,5674309.4058192,603328.44244656,5677054.872204923
19363,45346,592717.790201914,5673618.007845267,2019-01-25T13:51:15.581401604+01:00,50;15;23,432.6606429755118,5789.249799419108,5789.49550422912,593150.4501013808,5673618.809950854,598490.0817251296,5674060.798779103
4245,9815,598076.4567342091,5675099.263363508,2019-01-11T11:36:28.141406324+01:00,32;14;20,46.54212375747873,3798.559555969385,3798.3847633165233,598112.4518367825,5675128.767971192,601742.5949760354,5674105.03748773
52613,123953,597023.0237178504,5674060.376978704,2019-01-23T10:28:56.713+01:00,27;18;19;14,675.4858071562835,5381.788626038284,5381.825485639856,597615.6240319778,5673736.176510836,600779.5941535545,5677914.183846847
48102,113506,598316.90815549,5676447.791490483,2019-01-16T08:55:12.377544565+01:00,9;5;6;20;4,993.0352414224321,4744.467879350882,4744.467879350882,597952.4915040059,5677371.544430845,602938.0157062829,5677522.659139171
27342,64411,599199.8090716469,5674718.141660807,2019-02-01T10:03:38.489+01:00,9;12;14;2;1;4;27;32,257.3485526404764,3928.2666260891483,3928.498816656289,599344.7957508405,5674930.7613692125,602548.5368193419,5676771.748526169
26524,62461,600940.7444247041,5673657.662447964,2019-01-29T10:26:34.614265340+01:00,17;14;1;27,1100.0505506019126,4135.481584698449,4139.992123038833,599842.9105626137,5673587.862554502,603092.2578901415,5677189.403908691
32784,77372,598385.920362595,5676468.210579763,2018-12-31T08:35:35.820285405+01:00,5;14;32,767.1994475359816,4345.868168805417,4345.888187208261,597619.7185890976,5676429.097479797,602730.8878441462,5676556.6850105245
49811,117520,598517.2381144253,5676657.022506431,2019-01-21T12:06:07.392491144+01:00,11;5;14;20;32;34;4,703.1120634509792,4663.803678517033,4663.8750823035325,598682.8282704704,5677340.357324797,603011.7608828996,5677902.144924274
8001,18639,599133.2415187041,5672412.613428974,2019-01-09T18:26:17.060+01:00,10;69;1,98.5676062927304,776.2952495869754,775.5246701141234,599202.8048129294,5672482.445521215,598837.590760788,5673130.405142408
26221,61730,599617.2221074748,5675597.854144496,2019-01-04T12:24:48.599171104+01:00,14;9;4,657.1342982471167,3385.830883664832,3385.9628749016156,599016.7720261423,5675330.861287362,602989.5182168041,5675900.293764554
21028,49346,599134.7320366659,5672411.369136926,2019-01-08T08:53:27.961765151+01:00,10;2;69,106.74165198314522,639.6141209547732,638.9153077806134,599211.8282308333,5672485.192961759,598946.7443435157,5673022.733881533
21663,50843,598518.7956648683,5676478.823534884,2019-01-02T08:34:19.787106110+01:00,9;32;11;27,1076.9967328837624,4254.832626167973,4254.83245003366,599309.6830261205,5675747.783765477,602763.8136390274,5676767.654066112
7903,18387,597459.6739621088,5673740.201170827,2019-01-31T09:38:01.847+01:00,27;18;69,282.41360381071405,6233.181072426453,6233.163072081024,597702.8599619775,5673596.611432039,601488.5875435397,5678496.292174479
32593,76912,598612.7330633675,5674109.763623061,2019-01-25T12:52:09.095+01:00,27;18;32,1148.0233718579116,2125.296644366505,2125.119528026879,597622.6923654731,5673528.577698554,599959.2762526742,5675754.058993694
54286,127860,600546.3935486486,5676205.836942673,2019-02-05T10:20:59.615+01:00,7;9;17;70;11,1413.3069555522775,3288.6223909512883,3289.228428460869,601267.3779490776,5674990.263808324,603637.7503117508,5677327.688355957
51969,122559,598733.9137503193,5676064.545641377,2019-01-08T10:38:24.117403679+01:00,14;9;11;32;5;20,757.6836355727438,4161.583497935983,4161.015214927071,598763.0909618875,5675307.423998614,602769.4818432722,5675048.195614352
13629,31835,599138.4141126168,5672388.100779801,2019-01-16T16:52:14.409+01:00,10;2;69,129.66171085313107,567.8422411620925,567.2714751524236,599222.5408318933,5672486.766145381,599067.6055241558,5672951.510892106
45326,107080,600090.8293749898,5674958.227785116,2019-01-08T11:50:34.993+01:00,7;27;12,515.1057958924195,3628.6540098712717,3628.6540098712717,599780.8626352715,5674546.822144379,602275.0727427022,5677855.849367373
50343,118766,598094.2949400424,5676836.905345568,2019-01-07T11:45:54.756543199+01:00,5;4;14;9,1412.2143793525586,5413.031047537698,5413.090793429123,597097.4150035986,5677837.195226336,603183.1721806858,5678681.961862662
3090,6997,598973.7837050078,5674997.246941003,2019-01-17T09:48:54.546404487+01:00,14;11;27,306.39492398247296,3788.0065834015454,3787.945387975959,598758.9487317158,5675215.70467992,602760.7013308113,5674906.424194556
10065,23512,598547.754343136,5676306.24317221,2019-02-04T08:55:18.443517405+01:00,14;20;32,1039.3072085643205,4217.465475535794,4216.6338085276575,598481.6649185229,5675269.039401619,602140.7881253394,5674097.822180351
40296,95188,599136.3935699649,5675148.485379127,2019-01-14T08:55:18.896781226+01:00,9;14;12,185.3858213721895,4182.155726716884,4182.410821071418,599225.1054081552,5675311.267787669,603068.3315940824,5676573.367794279
45606,107719,599131.1086485533,5672410.874852062,2019-01-10T14:42:49.815764765+01:00,10;2;69,131.6781237592982,443.8058578156701,443.4342831738343,599238.2079331982,5672487.4834123235,599189.6563531364,5672850.801897968
25963,61166,599132.0163999964,5672410.46801835,2019-01-08T09:49:49.134617725+01:00,10;2;69,111.71755916462136,612.6928983244375,612.0268172496467,599214.6851291681,5672485.612507455,598978.9763013545,5673003.739723275
29141,68581,599132.6254352583,5672413.45024482,2019-01-08T11:02:29.402+01:00,10;2;69,112.28201261648609,578.1730169519126,577.5471017506753,599218.2108540136,5672486.130272707,599018.7540607477,5672980.298855648
1582,3596,597060.222880232,5673412.675293468,2019-01-04T09:33:02.161+01:00,18;27;14;32;25,553.7746030683006,2507.631613687848,2507.3225515713802,597610.1971147815,5673477.441429181,599298.6836032998,5674542.94512906
44405,104952,599696.3920279653,5676746.429546999,2018-12-31T10:55:51.480052011+01:00,9;11;14;7,864.0462656753376,3568.9453617846875,3568.9817559909984,599894.8385652277,5675905.480725086,603260.4312690794,5676933.499809742
19812,46492,597868.2065964703,5676305.11584217,2019-01-07T07:51:50.609267790+01:00,5;9;32,1060.6683939073987,5477.708961148622,5477.708622659688,597296.7340647663,5677198.668631513,603037.0695746541,5678118.44178524
36174,85250,598441.0594627177,5675894.268730175,2019-01-09T15:19:16.674149958+01:00,20;14;32,532.4338125085823,3975.832193284403,3975.3985195778037,598334.9062520596,5675372.524290272,601671.4574732528,5673576.560741086
38910,91893,597550.3891419463,5674338.9847067995,2019-01-18T07:49:19.279323034+01:00,32;18;14;19;27;25,69.02684174505312,1695.3589700040905,1695.1025979575882,597559.2574915315,5674270.529924228,599233.114255028,5674132.397604158
23580,55464,599130.270381625,5672419.770090075,2019-01-10T13:16:56.620+01:00,10;2;69,97.43340350003598,703.6223118357027,702.8897885516944,599202.2960052446,5672485.386990793,598894.2662942291,5673082.632389837
34801,82007,599422.3735564597,5674517.48438743,2019-01-02T16:15:37.335+01:00,12;14;9;17;69;2;27,140.76792018975178,3626.8526800269306,3628.011928023914,599360.9379550407,5674390.830235375,601885.7368878378,5677179.420047855
36419,85816,598755.2008141159,5676053.922130899,2019-01-21T12:49:16.281760188+01:00,9;14;20;32;4;27,613.9159955674219,3796.5148030333053,3796.462714941729,598770.0491109695,5675440.185723559,602542.4772631932,5675789.230332923
46738,110384,599415.7427037075,5676965.467179012,2019-01-09T08:57:20.80419982+01:00,5;11;6;32,1406.8159800635472,4194.85946768497,4194.85925285433,598420.9309723051,5677960.193684553,603246.6477438399,5678674.564170734
48426,114286,599113.8920845436,5672361.74200027,2019-01-18T13:57:22.578+01:00,10;2;69;1,167.50185155642995,663.7422870433574,663.2632300117333,599228.1116411032,5672484.260420004,599112.895234726,5673025.483538747
51567,121609,598200.6920399172,5676137.484783409,2019-01-31T09:24:36.741244359+01:00,14;32;9;23;5;20;70;11;19;4,844.5445711679463,3315.798398342316,3315.6950876458664,598196.2956496448,5675292.951655319,601479.1548438382,5675641.298667364
47712,112552,597989.1087694854,5673684.079686701,2019-01-08T09:45:24.929+01:00,27;18;69,348.0672917453274,4661.866552472412,4661.784934203889,597723.3898792736,5673459.2590671675,600838.1896713189,5677374.03060343
52959,124735,600514.9120205038,5676090.642980896,2019-01-24T16:46:57.469+01:00,11;9;7,602.4400280170045,3526.2655138277846,3526.2655138277846,600886.544136629,5676564.798606847,603539.2721444956,5677903.870576764
17218,40329,599157.0342541672,5672400.766444264,2019-01-15T10:26:06.474+01:00,10;2;69;18,156.93400670491675,1091.5310175801922,1091.9387184348714,599213.5879913683,5672547.156188676,600240.7200646405,5672270.133268851
24474,57625,595203.5158587873,5674436.6530008465,2019-01-12T09:45:22.244356762+01:00,19;25;15;27,489.48462656403365,2911.246901836973,2911.1898534623706,595691.0185090795,5674392.648846489,593440.3044318488,5676753.211652677
35253,83083,600346.5255661281,5676420.468551301,2019-01-02T09:50:31.916052165+01:00,11;9;7;6,776.3214146774693,3680.224037742147,3680.224037742147,600641.5331851991,5677138.553117057,603507.6559214237,5678304.958892164
19463,45614,597147.0877715484,5673953.6654813755,2019-01-08T13:02:46.571+01:00,27;19;18,202.82121364529073,3644.516867320495,3644.5100767764584,596983.8348997263,5674074.018896559,597519.9366402638,5677579.060207096
34,79,598907.3547361555,5674776.150744713,2019-01-22T10:12:24.469079786+01:00,9;14;27,208.22432060138826,4223.831791923968,4224.282955672832,598783.9418713606,5674943.860710109,602745.9031793842,5676538.620845297
15098,35241,598522.1098959513,5676847.2269526655,2019-01-02T09:26:52.466990383+01:00,14;5;11;6;9;32;34;27,467.8799646534395,4431.564732043559,4431.636526452829,598055.2668353142,5676816.094685497,602938.5825226655,5677212.652063703
3523,8117,598018.1319942565,5676526.944461893,2019-02-05T11:35:23.568027338+01:00,14;5;6;11;20;32;4;27,376.05613784971456,4706.053759624101,4705.992751622762,598387.7561577098,5676457.689883662,602717.7000748061,5676279.958946627
48164,113644,597962.2184718461,5676410.027991315,2019-01-07T09:31:28.168599439+01:00,14;5;6;9,190.54082625431275,5066.4296842249305,5066.524154255207,597969.6533266809,5676600.423709238,603014.5999935862,5676787.056775329
8729,20369,599115.0254562077,5672363.461282328,2019-01-19T06:59:01.878+01:00,10;69;1,148.02531356912988,821.2900937051205,820.5490631106295,599203.4487726194,5672482.174426385,598842.9664019984,5673138.381464696
37321,88121,598647.1769018243,5676856.420509811,2019-01-02T09:45:50.898+01:00,4;5;32;9;6;34,1171.6846634177898,4328.068581068398,4328.068181022753,597832.7813621615,5677698.800979353,602805.6838014085,5678056.002940718
4859,11210,599132.4430446585,5672415.992843643,2019-01-04T09:51:42.160+01:00,10;69;2,95.01123236947124,753.3621569978858,752.5884747507289,599198.233798039,5672484.539988339,598839.7830691962,5673110.186388959
35276,83131,597828.7132520981,5674180.057600217,2019-01-02T08:05:08.825+01:00,27;14;32,392.2492083032116,4621.007148948536,4621.401938661365,598059.7088892701,5674497.0756707145,601962.4713614569,5676245.427049963
24434,57521,598644.8653946251,5676969.678855307,2019-01-07T09:55:18.705+01:00,11;9;14;4,1539.579658206046,4750.360006917979,4750.437095614451,600173.7325692433,5676788.376107571,603319.2679740742,5677815.776202287
35552,83758,599111.276370493,5672360.842821776,2019-01-22T16:51:40.024+01:00,10;2;69;1,169.594367192041,756.0984329691826,755.6139235772577,599231.3002454075,5672480.66151328,599105.6311032069,5673116.920179786
39162,92517,596186.3534477418,5675837.075847562,2019-02-05T15:26:42.517+01:00,25;19;15;5;6;50;1,2776.233884441755,3311.841247139597,3311.8778010883575,596222.0989842087,5673061.072094369,598941.2879264178,5677675.180432307
6591,15295,595832.8712612223,5674021.048026211,2019-01-21T14:59:06.642506713+01:00,14;19;23,141.67894422762302,1511.4126448176357,1511.558238884105,595864.4333333333,5674159.166666667,597324.502316251,5674264.779391834
41243,97466,598095.9000596151,5676834.814275905,2019-01-04T11:30:15.729672630+01:00,5;20;4,1463.3665164506376,5132.360661086154,5132.360661086154,596976.5785120503,5677777.449324386,603004.9811787847,5678332.161437012
706,1647,599138.393524018,5672401.255330449,2019-02-05T08:16:17.073+01:00,10;2;69,119.97028337480418,554.7901621867763,554.217486203796,599222.5408318933,5672486.766145381,599067.6055241558,5672951.510892106
15257,35614,599376.5893642177,5676867.106296359,2019-01-04T10:47:11.058+01:00,11;5;12,757.9895490064863,4339.747382937135,4339.747382937135,599231.9596593981,5677611.169737798,603194.3823541339,5678930.565536047
41234,97444,599113.2754221284,5672360.881394988,2019-01-21T08:36:19.085+01:00,10;2;69;1,158.74511623872604,734.8984731830558,734.2412569743469,599214.9607117398,5672482.783461444,598947.2769493905,5673076.786607244
18329,42919,598790.088324076,5673025.556607062,2019-01-15T12:17:49.708866336+01:00,2;14;69;18;10;27,484.1630482342492,3663.047020616366,3662.899018455037,599254.7055306992,5672889.377649124,602134.0679744139,5671530.326332699
47474,112067,599113.4711765627,5672373.19141152,2019-01-17T20:25:13.692+01:00,10;2;69,146.99463602641922,693.92606637162,693.3262629023825,599205.1546285229,5672488.089486601,599005.3816478709,5673058.64749281
9061,21126,599386.6251367128,5676899.127525084,2019-01-14T12:29:19.981+01:00,9;14;70;5;11;17;20;32;4,1355.754219914152,3612.5489441389095,3612.5492671799134,599488.718329001,5675547.222763311,602999.1740808509,5676899.129933434
27860,65621,599135.5883916492,5672406.717780208,2019-01-09T19:37:24.355+01:00,10;2;1;69,151.11286673590388,534.142382966172,533.839785078312,599269.4735832324,5672476.788130342,599250.5657630063,5672928.338609314
34248,80732,598870.9489439953,5676160.542829707,2019-01-23T14:20:23.466+01:00,14;9;11;17,1016.5165465724883,4186.676599305866,4186.5879541332115,599439.498057138,5675317.893557827,603055.9855831208,5676043.370834964
42082,99447,598590.4662657828,5673404.061762957,2019-01-03T12:28:26.361971003+01:00,69;2;15;18;32;27,956.009439269737,2075.235950295788,2075.250582868286,597666.0546067557,5673160.305465341,600357.0383371658,5674493.018771295
22145,52010,597006.9275907208,5673549.15703193,2019-01-25T07:55:13.218+01:00,27;18;15;32;2;1,427.6800165395154,2881.5081404929047,2881.365847900847,597424.0751515644,5673454.827243266,599670.5839680826,5674648.258422643
16966,39698,596788.776249405,5676694.558458,2019-02-01T13:10:59.6470522+01:00,6;5;14;9;18;69;11;34,1394.2194478473173,6240.166797754972,6240.201488953799,597205.3027191074,5678025.10480022,602855.1561347544,5678156.993670388
1974,4498,599132.4243934402,5672410.05153944,2019-01-08T09:40:20.230207042+01:00,10;2;69,109.72390273095309,636.770319226145,636.0704041675916,599212.5605732662,5672485.001706307,598944.6835373439,5673018.516666131
22684,53351,597740.8410034056,5674313.7516866615,2019-01-29T09:49:06.167569254+01:00,18;14;27;15;32;69;19,798.7136790860822,1230.379521988221,1229.9819524520929,597262.9779096593,5673673.75918296,598309.6896862886,5673222.768211026
41700,98492,598072.7467130108,5676481.733838911,2019-01-29T11:54:16.886862269+01:00,5;14;6;34;11;15;20;25;4,1057.2182315742805,4244.988217979917,4245.117014012829,597073.4219967423,5676826.7852852605,602298.4406495473,5676886.00568496
1432,3268,600610.9811998012,5676188.431379815,2019-01-18T17:02:53.656220522+01:00,11;37;7,1907.706933651645,2837.5609600746707,2837.5609600746707,601888.2264821382,5677605.467100413,601818.640700638,5678756.17566852
3186,7250,599131.7738534324,5672407.492865141,2019-01-05T10:12:27.733+01:00,10;1;69,104.18839251277836,780.2770355732126,779.5096168014857,599204.788631511,5672481.816907795,598839.0099927137,5673130.764303883
37367,88233,599133.0153470214,5672408.7898853915,2019-01-08T15:07:52.696+01:00,10;2;69,110.4786665147892,635.433885074414,634.7310780510161,599213.1431199827,5672484.84957087,598943.0442552067,5673015.162053763
12127,28366,597256.0242012509,5673479.608205505,2019-01-16T09:39:42.778736331+01:00,18;27;69,362.4149943922394,2346.6825980790345,2346.720874870939,597491.1980916685,5673203.8585555935,597135.9538077791,5671135.999382186
21081,49464,598012.1279743573,5675666.242169895,2019-01-16T09:21:32.255820868+01:00,14;20;9;27,761.7205756780846,4279.934393249513,4279.781712106726,598632.9453227811,5675224.876046017,602234.9174665943,5674969.185992264
47429,111960,601474.7017632261,5675305.796173724,2019-01-14T11:23:58.588+01:00,7;9;17;1,890.1773895682159,2633.4381114101816,2634.5692383525525,600710.8581907012,5674848.676078333,603563.9533927288,5676908.925586856
21174,49679,598716.3679916086,5675932.658076362,2019-01-22T16:33:59.530149856+01:00,14;9;20;4,709.0491132546213,4166.33549611367,4165.778575910556,598754.4664585721,5675224.633252064,602766.4077790694,5674955.14634438
29336,69065,596910.7483330029,5673671.67484477,2019-01-18T07:48:26.193598357+01:00,18;27;32,704.9853860802326,2621.5206067142717,2621.17069953067,597611.6862575908,5673596.239969141,599411.8293142046,5674457.14554244
1978,4514,601333.3300714497,5673479.526048324,2019-01-21T07:57:06.77079422+01:00,17;70;7,354.078087461841,4493.604254205797,4501.437961224993,601021.2844869816,5673646.854603074,603603.4774642617,5677357.5294016395
29467,69408,600515.0365852948,5676080.885155232,2019-01-08T16:56:23.609+01:00,11;7;37,1419.4760889081265,3227.73032951688,3227.73032951688,601652.023473233,5676930.692888568,603047.6016411873,5678081.974188172
43465,102738,599116.4230651697,5672358.396014244,2019-01-18T13:47:53.295+01:00,10;2;69;1,165.505977653628,742.7835670115821,742.2247733572341,599228.1983262065,5672480.455506539,599042.1893301286,5673097.460815195
1648,3765,597365.2266744882,5673686.638558804,2019-01-10T09:55:00.722+01:00,27;18;69;25,436.0979729737097,3232.015791101865,3231.796586063635,597625.2728176476,5673336.55650348,599828.1413361119,5675779.478123484
32758,77306,599091.3464801752,5674620.991065971,2019-01-04T10:09:34.761+01:00,9;69;18;32;2;27;12;4,678.6396872511582,2498.424040960224,2498.3228184694353,598566.0879210208,5674191.275728628,601388.2173023162,5675604.102003172
26627,62711,599373.7989718083,5676925.189136039,2019-01-22T11:38:06.600131924+01:00,11;14;5;4,1447.4137048882376,4394.453367030912,4394.537057939736,600680.4286816117,5677547.865002407,603452.291245123,5678561.380191973
46982,110931,598901.9937450042,5674777.744853842,2019-01-16T09:44:37.469620931+01:00,14;27;12,373.9731413761351,3737.1946716446087,3737.389188651313,598683.8108755704,5675081.475237499,602627.7775315768,5675069.565328589
22761,53518,599113.8096552225,5672364.286528161,2019-01-20T19:53:37.690+01:00,10;2;69,155.25660606768452,683.8218602189306,683.1562435004973,599210.907911331,5672485.433308507,598949.3341157656,5673028.033568406
43036,101694,599131.940439564,5672407.496080229,2019-01-04T17:06:06.475+01:00,10;2;69;1,107.23227552437153,729.5772155117736,728.8429888997773,599208.1228374257,5672482.961325012,598887.8785516759,5673095.040048477
4914,11333,599114.360258203,5672366.843271142,2019-01-21T11:04:57.717+01:00,10;2;69;1,164.98513114591833,928.159927752733,927.818935308444,599234.8820676362,5672479.513528753,599262.8501019083,5673283.048279752
25896,61018,598275.0244327948,5676474.9962655315,2019-01-18T11:54:48.857367261+01:00,5;6;9;14;20;4;11;32,968.7811613784712,4671.821887259912,4671.873997347314,598011.6944059724,5677407.302135735,602860.7448917511,5677367.793901388
33844,79846,599116.4733292416,5672359.245690323,2019-01-18T16:22:21.243+01:00,10;2;1;69,234.56409589822167,660.4391602939315,660.6155608055548,599322.1128293502,5672472.0850056335,599602.8745171926,5672806.004874683
9973,23300,598565.6599656915,5676211.53178889,2019-01-17T11:05:05.669253516+01:00,14;71;32;5;9;6;4,12983.07534183044,2971.4793065937038,2971.2581986091045,593222.7714966778,5664378.7895818055,601449.8768378434,5675496.701526584
20871,48955,594526.6949734597,5675143.405970803,2019-02-04T16:47:40.867744982+01:00,15;19;34,1188.3595996338902,2660.3987308870965,2660.5059491547195,593698.0236571016,5674291.641691506,594983.6749915942,5672522.549112764
34653,81662,597915.2210018116,5676317.894862418,2019-02-01T14:02:20.297425635+01:00,5;14;6;20;9;32,884.7835469811422,4987.278234772973,4987.35280028119,597475.8847076539,5677085.895868696,602823.3065768571,5677203.129395788
48923,115414,598374.7227829921,5674706.929109437,2019-01-23T17:03:26.305115538+01:00,14;32;27,329.702225610327,3699.032370129075,3699.0233023333026,598234.0374176806,5675005.108896746,602073.6559051836,5674679.832378698
10523,24586,597894.6944620165,5674216.11222864,2019-01-14T09:00:31.776+01:00,27;69;32,656.6468085715326,5131.543012715124,5131.5418644457795,597934.7653860684,5673560.68919559,601582.7473722845,5677784.164837895
1324,3026,599105.0358448916,5674705.701947511,2019-02-05T10:41:03.296+01:00,14;69;18;32;12;27,1094.3742263661356,2020.3798247769626,2020.53179467134,598238.6596023923,5674037.086098337,600923.0752785901,5675586.98921843
20349,47768,599554.4680625551,5674359.638241043,2019-01-26T08:55:16.284+01:00,17;70;1;11;7;12;2,1625.2751543631948,4955.397806583749,4957.21582282762,601155.6478896763,5674080.814840644,603319.8888537256,5677581.062411642
22777,53550,597995.9297950049,5676113.20048038,2019-01-09T10:25:06.715717328+01:00,14;5;6;9,193.04751308050567,4931.019213340391,4931.036576969973,598136.3037912998,5676245.724000824,602926.7119873312,5676161.547705432
49199,116085,598510.8732716276,5676782.084865373,2019-01-02T10:44:24.725473205+01:00,14;20;32,1602.383214080385,4596.024143711046,4594.916482670519,598592.0333333333,5675181.758333333,602512.2149539598,5674520.956237717
5251,12179,599133.4560888187,5672406.676625976,2019-01-06T16:31:02.801+01:00,10;2;69,108.25249846597984,669.2447272906926,668.5724505563713,599206.480144961,5672486.589645245,598961.7938174745,5673053.530991041
45840,108259,599135.4983322988,5672411.383926825,2019-01-06T17:52:39.496+01:00,10;2;69,97.72233023109496,737.9791799250013,737.2301398412716,599199.4725453047,5672485.255124839,598872.1808677893,5673100.787424703
46138,108947,599112.6932304603,5672363.416279513,2019-01-22T07:07:44.291+01:00,10;2;69,155.76840861215237,752.782726680561,752.4193182691553,599194.3862333111,5672496.043766886,599213.3344219533,5673109.441201459
13808,32191,598399.3007234636,5675206.015071639,2019-01-25T14:54:55.48851603+01:00,14;9;20;32;27,300.0300292600253,4374.72966070817,4374.438829813801,598695.2412905921,5675156.647074055,602748.38832617,5674733.049292469
41207,97374,597101.9430732748,5674365.703120455,2019-01-03T07:37:17.134099933+01:00,23;19;15;20,3164.1204074359184,2089.8584864495706,2089.794288761064,594093.0803910898,5673386.722368598,595994.3770868906,5672593.471171982
52140,122941,599136.1144164543,5672410.547111316,2019-01-09T06:24:00.729+01:00,10;2;69;1;11;7,124.82612444766278,633.7673969564843,633.1288817566002,599225.801174759,5672497.367884921,599002.5352447006,5673030.077351351
9190,21439,599136.0573363156,5672389.328351632,2019-01-17T09:49:20.236+01:00,10;2;69,280.307572337018,1537.0803649098414,1537.5760859947293,599393.7962957371,5672499.523469063,600571.6042572994,5671839.945893006
6630,15391,599151.1687241006,5672395.560976848,2019-01-15T13:06:22.864+01:00,10;2;69,162.5985337303803,913.3283286488032,913.7512443249233,599270.1932588222,5672506.337523579,600039.622229285,5672607.265972155
48517,114517,598413.6064123684,5673641.276616363,2019-01-31T19:00:21.395+01:00,69;18;14;27,547.7422422892826,3528.6853691029655,3528.8103428295635,598098.606217475,5673193.173457252,600691.2235193908,5676336.472480845
42727,100921,599133.7070401706,5672385.039458681,2019-01-16T13:11:50.371903745+01:00,10;2;69;11;1,153.25632884152014,513.6402792500344,513.151028300727,599241.0433842113,5672494.430553282,599125.3960186093,5672898.612494761
42697,100838,599100.5269332347,5672420.469198136,2019-01-04T06:11:09.822+01:00,10;2;69;1,158.8880590188495,464.1539158762181,463.8581939702165,599245.7824805916,5672484.860511687,599205.9684706685,5672872.487936472
26686,62857,598940.67824145,5674934.652854119,2019-01-05T08:58:50.559067670+01:00,14;9;32;27,314.56682513669705,3728.2773323607985,3728.4389406541,598683.9101020782,5675116.373546612,602654.5457330111,5675262.128230478
11973,28001,599587.2422798416,5675692.328084004,2019-01-02T12:50:50.386999708+01:00,9;11;4,60.705722147483385,4084.7425641634104,4084.7425641634104,599532.6484959217,5675665.781832691,603298.2493202911,5677399.24007975
27458,64690,599547.9306704565,5676900.982665926,2019-01-18T11:28:54.525+01:00,6;11;4;7,1357.8010689068346,4197.659917994574,4197.659917994574,599485.8781013363,5678257.365068271,603398.2162298841,5678573.00237215
25365,59761,599132.3817504542,5672407.080244332,2019-01-07T09:48:30.037+01:00,10;69;2,101.53013655888611,761.8697602652844,761.1042718694077,599197.7035741194,5672484.806867716,598845.7114413283,5673112.959600505
41846,98864,599191.88878403,5674709.077134538,2019-01-09T09:27:12.872525942+01:00,9;14;12,567.2508388279842,4106.038865114731,4106.448798464541,599175.3470435166,5675276.086733198,602914.257529321,5676442.14553651
20627,48377,598416.2226135504,5676832.887830835,2019-01-04T09:04:22.607+01:00,5;6;9,2627.4095420467984,5280.159207836058,5280.159207836058,596841.8907368622,5678936.399191318,603247.5123013901,5678963.315302557
26487,62360,597999.7580750611,5675984.270362688,2019-01-08T08:50:42.947428414+01:00,5;14;20,284.5345062727812,4417.682379641939,4417.586458256372,597894.3666666667,5676248.566666666,602392.2991699167,5675513.632139204
29873,70352,597299.9792376787,5673642.966708123,2019-01-23T09:43:33.643+01:00,27;18;25,376.44743916113873,6099.050098837032,6099.013817016466,597674.4118229465,5673604.070518841,601321.0449979777,5678228.753691779
29259,68880,599133.3081530909,5672412.614715027,2019-01-04T13:50:10.248+01:00,10;2;1,103.36095990703242,705.0424891418322,704.2833703530702,599209.0908255228,5672482.903224699,598871.4171120294,5673067.212296833
6710,15587,599125.7384666366,5672367.911546133,2019-02-04T14:36:34.835+01:00,10;2;69,160.48244953598885,1345.254342253778,1345.2849406952919,599129.8443992739,5672528.341462066,599928.4615454522,5673447.42296529
39871,94215,599772.8207322748,5673384.464323925,2019-02-01T15:26:18.370930913+01:00,2;17;1,806.3699555038272,4015.1385484202756,4014.4662524286655,599816.4424328483,5672579.27512108,602827.2586481742,5670778.366363194
31237,73614,598510.8266373704,5676548.68897263,2019-01-17T11:56:44.325791819+01:00,14;5;11;32;4,684.274004103206,4354.205576053293,4353.893754158766,598630.0614914923,5675874.883390689,602797.0591435226,5675782.32280575
35522,83683,598858.3847276527,5675327.716594877,2019-02-04T10:02:47.428970829+01:00,14;9;20,204.7956168887394,3930.3163981883854,3929.992318588193,598724.891029021,5675172.408265665,602756.5224541621,5674825.810971246
39636,93658,599124.633093908,5672375.1042171735,2019-02-05T16:41:22.374+01:00,10;2;69,164.57823821003484,813.1671721069183,813.3589195106925,599224.2311703663,5672506.124138018,599746.8912792017,5672898.588314952
29382,69185,599111.6919739646,5672358.3047226975,2019-01-20T14:25:45.907+01:00,10;2;69,238.06476271805855,663.5944277352506,664.1555312316807,599308.8681603187,5672491.707806556,599774.3020500274,5672394.435756744
30611,72098,598387.6027406148,5676489.884905924,2018-12-31T11:39:21.868931717+01:00,4;5;32,1550.2728981939954,4989.9929369811325,4989.9925360647385,597864.7984858793,5677949.344316153,602971.6565163785,5678461.300765662
30243,71204,599266.9008454415,5675145.491521995,2019-02-04T08:26:48.271+01:00,12;14;9,125.3268999082945,3382.8550481743537,3383.3666685136077,599377.661885708,5675086.850036682,601542.8049208757,5677648.283745968
32030,75513,599113.7675760977,5672363.012656972,2019-01-22T14:06:41.513+01:00,10;2;69;1,176.22435337153703,720.148740526835,719.7984537678583,599245.1952284328,5672480.408546691,599225.28292896,5673074.474907944
10771,25164,598073.1519596807,5675099.624559611,2019-02-01T15:47:50.862009724+01:00,32;14;27;20,350.1556146086492,3753.235107493929,3753.284201149983,598060.0422844923,5674749.714441354,601816.8816088086,5675366.574154789
17597,41217,599221.4517012985,5675046.162167954,2019-01-03T13:50:16.152226605+01:00,9;14;11;12,379.2751436012964,4315.736505980285,4315.948808115544,599337.0530821041,5675407.390565661,603160.7145061708,5676809.054718055
48302,113991,599305.970457739,5674489.769730655,2019-01-12T11:05:13.447+01:00,27;12;17;9;70;18,494.4796651387903,4403.327893264977,4404.605940464926,599000.5235023431,5674100.909477253,601736.307253792,5678161.657473132
19724,46255,597881.322089436,5676087.248848341,2019-01-04T08:06:22.261634998+01:00,14;5;20,203.99222603596453,4815.780643506575,4815.769712269745,597878.150954236,5676291.216424649,602696.9218908275,5676045.514459512
15351,35853,598354.5867737433,5676136.18933049,2019-01-15T09:05:22.778551939+01:00,11;5;6;18;20;32;19;34;4;25,889.3451052446331,2547.383554987149,2547.300536643875,597601.1188943498,5676608.651890853,600845.7282708321,5676668.521010649
52540,123794,598266.0340912351,5676488.827710478,2019-01-24T11:14:46.727003915+01:00,14;4;5;18;6,240.20035337979093,4324.398840853347,4324.213812798078,598441.6767385524,5676324.980616493,602572.34060548,5676093.670096169
46704,110308,600396.4210830036,5676598.827046571,2019-01-10T09:00:50.636343879+01:00,11;4;9;6;7,1267.9140361475966,3843.493621440493,3843.493621440493,600952.5672748374,5677738.25998289,603511.7580542928,5678849.853206653
59,129,597991.3926587388,5676383.850965521,2019-01-29T14:16:17.44814026+01:00,14;5;20,284.7181361523425,4612.781039101068,4612.549671695192,598007.6689717318,5676099.598439254,602526.6279228565,5675541.598026201
1895,4335,597984.1319559336,5673218.471760468,2019-01-16T11:14:39.754953119+01:00,18;69;27,231.98184932204515,1813.9895340477617,1813.720881100302,597783.8122296246,5673101.477804785,599208.0419134103,5674557.35280284
43035,101693,598597.8178727741,5673868.020346992,2019-01-10T12:39:07.644+01:00,14;27;1;32,322.72342240616337,4583.788168986906,4584.350341675213,598798.4849631973,5674120.771462104,602430.8802762275,5676381.732062638
24424,57500,599208.0175695539,5674772.617756987,2019-01-26T10:51:44.395548982+01:00,14;2;27,571.1224604690132,3432.3981041331867,3432.134302649631,598771.4757680438,5674404.3622473385,602602.5397550638,5674264.114190295
36058,84973,599114.4748531074,5672360.904539288,2019-01-22T19:20:16.504+01:00,10;2;69,206.88176687785128,436.95023832823415,437.24895834209826,599277.0265917364,5672488.877183768,599478.8174852593,5672602.109757249
45591,107680,597061.1673028786,5673417.360979257,2019-01-16T09:28:39.901100279+01:00,18;27;25;14,472.19201772969114,1324.7777166516844,1324.3278310758672,597513.8010434093,5673282.869349254,597924.0621606631,5672412.150323252
12030,28125,598812.5167769229,5675874.25057063,2019-01-22T10:07:57.493720075+01:00,9;14;20;32;27;1;4;11,630.8712758049409,3970.409459626543,3970.4776291980975,599040.4850238103,5675286.008235323,602772.0574310477,5676167.830347564
7008,16295,600550.1057022482,5676206.758417978,2019-01-23T09:56:41.469670562+01:00,9;17;70;1,2522.265075149631,3470.4609378322093,3472.161001186548,600859.1702864404,5673703.500502357,603557.1022198444,5677939.40698713
37505,88582,599141.2102495702,5672405.553228857,2019-02-04T19:40:02.534+01:00,10;2;69,111.45291867082206,587.6461977207726,587.0130460562667,599218.2108540136,5672486.130272707,599018.7540607477,5672980.298855647
36195,85305,599554.887368304,5676818.792354565,2019-01-23T11:05:01.697312617+01:00,11;14;5;6;9;4,644.3570567869174,4030.5164830757926,4030.63802162888,599684.6884904214,5677449.940265382,603337.624667973,5678210.1807410475
35459,83537,597168.7266705029,5673525.058147427,2019-01-08T08:42:16.309+01:00,18;27;25;19,203.91048589063277,1861.96459312409,1861.7298269940557,597265.2104704229,5673345.41861222,598390.0096367215,5674930.540293337
5462,12646,599136.0554011111,5672408.424206438,2019-01-10T18:20:30.265+01:00,10;2;1,128.23368506090378,602.2466400576501,601.6559743075171,599243.9021759732,5672477.799642553,599048.2703113665,5673004.238601597
48730,114975,599134.7571667116,5672411.793975115,2019-01-05T08:50:18.674+01:00,10;2;69,104.55688805311573,655.8930567587371,655.2103069955564,599208.3006649092,5672486.1142059555,598956.6708878494,5673043.04747347
10862,25386,599129.7066724731,5672378.172602755,2018-12-12T11:15:32.906+01:00,10;2;69,253.9068854988433,1045.5764682191225,1046.1624619618117,599355.790757669,5672493.7351093255,600135.6646507715,5672093.078413422
17551,41099,598576.7384233193,5676253.75573841,2018-12-31T10:15:25.483280924+01:00,20;9;19,890.502110729354,2091.106024311171,2091.106024311171,598251.2306131338,5675424.8777771145,600229.719372847,5674972.983164762
4073,9415,597072.5181898392,5673326.340627832,2019-01-09T10:09:20.616+01:00,18;27;25;69,430.57613749585516,1902.4482519329529,1902.043998794047,597497.6408461108,5673258.02856956,598789.6978722406,5674145.244339895
21453,50305,599137.1379268549,5672407.5963937,2019-01-10T17:59:56.713+01:00,10;2;1,118.1928813082158,741.435657675338,740.7467538067453,599234.2525924679,5672474.963291467,598937.352671167,5673121.608078536
49054,115688,598838.5740711142,5675240.766685875,2019-01-24T09:48:42.491335569+01:00,14;9;12,118.0140388288228,3942.078585808191,3941.866479357154,598744.9836120582,5675168.876913763,602766.606493649,5674908.283807815
53827,126757,599088.4796735432,5674715.99115995,2019-01-23T11:00:49.407303508+01:00,9;14;18,323.96011486387937,3101.5277171823886,3101.607223816865,598871.3614235728,5674956.427890822,602109.7973901749,5675416.786019819
18539,43398,598943.2401719054,5674976.288981486,2019-01-11T08:45:29.582496800+01:00,14;9;18,275.511860694838,3413.7021096482335,3413.4568824854277,598671.3083286715,5675020.559265187,602344.9102915755,5674689.928211896
2432,5594,597642.2611887689,5673891.344273515,2019-01-02T09:04:07.337+01:00,27;14;18;69;32,252.68192161449988,6292.395487806364,6292.402172907373,597698.4251710308,5673644.983236402,601649.9990433607,5678742.352237211
4605,10630,597803.0766842954,5675895.646806639,2018-12-31T09:27:53.650848681+01:00,5;9;20;19;6;27,794.6668690750745,4180.239320323734,4180.239320323734,597564.1733677756,5676653.5522348825,601685.8656586458,5677444.30769781
46864,110657,599116.0179471413,5672367.2996115815,2019-01-23T08:03:46.029+01:00,10;2;69;1,177.53657265138958,627.2043292452344,626.9224765189208,599251.6307828621,5672481.878813082,599265.3419940518,5672976.469210001
44144,104357,597720.0116702938,5675685.70728062,2019-01-09T09:54:17.54951268+01:00,5;6;20,2565.397305429017,5537.028625165193,5537.028625165193,597059.9295783557,5678164.73026692,602841.5326359421,5677790.157088604
24254,57076,599498.7321945482,5674220.217712473,2019-01-10T16:16:45.843+01:00,9;12;17;27,373.7111783550322,4701.852204699389,4704.584445978108,599697.919096739,5674536.421164104,602457.0853157355,5677874.74380558
29727,70009,598333.2501365475,5674028.443512531,2019-01-09T09:49:09.095+01:00,14;18;69;1,789.1343422152676,4102.984735663821,4103.414202645678,598699.4195288551,5674727.480697665,602341.8190012603,5674903.577443964
42873,101271,598116.5010735291,5676469.839949423,2019-01-16T08:21:03.254070964+01:00,14;20;34;4,1053.8381562184566,4699.710238297994,4698.935785755976,598336.2085612294,5675439.158873945,602505.9603588784,5674790.5771628935
14644,34206,601256.0681092553,5675253.94909867,2019-01-05T09:36:54.255+01:00,7;9;17;1;37;5,411.62082668496475,2628.3020993681503,2629.5296156733402,600857.675313923,5675150.436367143,602783.9290606179,5677392.549771737
37725,89069,598096.4275724288,5676471.153453599,2019-01-17T11:47:15.196607258+01:00,14;5;11;20;1;69;32;4,995.4625285195973,4621.121571933273,4621.09980786,598709.2122069877,5675686.653206731,602716.6809821399,5676381.58218231
8955,20860,598192.2278725889,5676450.919973549,2019-01-23T11:44:16.508+01:00,14;4;11;32,895.8178954468191,4539.999533726283,4539.919640291713,599059.8575838633,5676227.966198258,602722.6076162992,5676155.530156503
1668,3800,598374.6924934803,5676598.696306311,2019-01-03T10:53:31.938883066+01:00,14;20;5;11;34;9;4;32;27,484.2603273091553,4127.502218536705,4127.487336713118,597907.9815128885,5676469.510683269,602501.2205213128,5676509.0246857265
43357,102470,599456.4879032071,5674563.9756745715,2019-01-08T16:00:24.822+01:00,12;9;69,329.2102061451659,4324.822021848761,4324.822021848761,599157.9696670249,5674425.1728558075,601787.9825356482,5678206.5322355
14474,33750,599201.0330558219,5674718.589672367,2019-02-05T09:43:39.873451920+01:00,2;12;9;14;69;4;11;27,764.4565523269882,3180.9597662493343,3180.939425456694,599495.2608492114,5674013.023356566,602363.1385172867,5674372.765894886
2487,5712,599154.9985275716,5672390.542668588,2019-01-15T07:30:53.334+01:00,10;2;69,146.68194420954828,1036.0567318191772,1036.3699109063803,599233.2233393238,5672514.625187838,600096.4189841307,5672823.140721658
45830,108234,599431.0562119436,5676970.856316414,2019-01-14T10:41:49.45110450+01:00,14;11;5;6;9;70,546.3366095877826,3736.428644715426,3736.488608791484,599144.8506669017,5676505.485413839,603161.3613289685,5677184.685105279
34121,80471,601293.0054097448,5673503.34325125,2019-02-05T07:47:01.016+01:00,17;70;1;7;27,100.84789399044386,5009.2409245237095,5012.838140229358,601267.1976580867,5673405.853468828,603548.9291616224,5677975.84844025
39681,93771,597867.919272635,5676281.770967122,2019-01-30T08:30:04.835407822+01:00,5;14;20,671.9616860774253,4819.874930591848,4819.923903856211,597486.5402269928,5676835.018227487,602671.6951987525,5676675.383972754
48008,113263,599613.1698617135,5674371.810305936,2019-02-04T16:13:19.824536555+01:00,9;70;12,1056.7411702050676,5145.529437678202,5145.529437678202,600651.798013251,5674566.626793021,603161.697810256,5678097.991003705
27178,64028,599149.277261926,5672393.40269933,2019-01-03T13:51:17.822+01:00,10;2;69,116.18430074651431,671.265130416036,670.949744646357,599203.3009830954,5672496.262940876,599276.2544083651,5673052.548874009
42920,101416,598975.766695407,5675669.887561527,2019-01-22T15:51:20.656+01:00,4;17;32,795.8029447215947,4177.824114875202,4178.999318475027,599155.9156180131,5676445.031865842,602799.552089603,5677353.003598515
29177,68670,599129.4842922555,5672410.419149535,2019-01-08T12:22:30.965+01:00,10;2;69,108.89609855288211,664.8104825277908,664.0971845520942,599208.7878569292,5672485.046925263,598922.8226196665,5673042.292499789
4002,9260,598919.7882688232,5675477.424031623,2019-02-05T10:16:21.760256546+01:00,14;20;9;69,386.1030359590618,3674.988795374391,3674.399632556525,598630.4244974304,5675221.798989457,602446.5655390841,5674444.280899188
31082,73232,598526.9756435934,5676476.010161634,2019-01-28T08:27:20.772731430+01:00,5;20;32;27,1344.3310843356446,3986.08631105005,3986.0861911763377,597242.4145638586,5676872.405036401,602475.051808169,5677025.171957328
30329,71420,597097.4561784967,5673494.854174477,2019-01-28T09:55:11.389+01:00,18;27;15;69,371.02825884578175,2202.3344415795486,2202.008358439648,597452.7104669962,5673387.819790446,599072.0936309135,5674470.089491762
38605,91214,597075.9244574885,5673429.946061506,2019-01-04T09:23:32.210651515+01:00,18;25;27,437.4048302596984,1573.349985330174,1573.1983308504025,597403.5350179293,5673140.128349449,597433.7887921439,5671897.835329764
21819,51220,599136.0994093735,5672390.602223124,2019-01-16T17:50:46.339+01:00,10;2;69,268.2121143221065,1521.859400959041,1522.3423998943456,599379.9125131778,5672502.373904164,600583.8843274096,5671921.5874393545
4756,10969,598757.6788300502,5675980.556463376,2019-01-09T08:23:06.104039636+01:00,9;14;20;1;4,859.8438258987459,4164.656116772118,4164.7025005101805,599200.9785192348,5675243.795450221,602916.7429134697,5676196.302890872
489,1173,599131.7428145488,5672414.281916591,2019-01-09T10:24:48.970+01:00,10;2;1;69,127.2589457321992,462.8347829837993,462.3241286186069,599237.6283554618,5672484.872932269,599111.3407081554,5672876.666810802
38818,91667,597458.1062135762,5675100.213909786,2019-01-09T08:26:48.437941716+01:00,19;23;5;15,2417.8344158582267,2881.0015078453926,2880.8802963577023,595064.5576817145,5674758.3825359605,594596.1569884254,5675430.995289048
17790,41660,599139.8300464919,5675143.035148758,2019-01-08T08:36:56.316679276+01:00,14;9;12;11,152.97875468682656,3622.386534757893,3622.8545671406073,599206.4042473163,5675280.768133806,602486.4527776152,5676529.325343027
39246,92704,598137.5207237572,5673453.945396537,2019-01-02T10:50:16.660019565+01:00,18;69;27,511.8998929223814,1676.4508568738277,1676.1875761181586,597830.1654470155,5673044.5870764395,599287.6356993578,5674673.66791351
39300,92817,598404.6031531127,5676445.653820524,2019-01-25T08:22:07.917069941+01:00,5;4;20,1809.1323507341567,4917.755711603812,4917.755711603812,597217.7332174144,5677811.047396827,602971.182264103,5678270.667919669
5882,13633,600719.1896787662,5676312.34599527,2019-01-15T10:48:25.468+01:00,11;37;2;7;9;14;6;1;4,253.69057547136424,1472.6763036178636,1472.7660883826609,600866.9494146999,5676106.127740695,602113.188597789,5676787.259154701
38699,91391,601158.1748546523,5674058.293509888,2019-01-31T06:17:48.934280196+01:00,70;7;17;1,753.8805697702063,4582.696502825495,4584.776627343176,601768.2178988769,5673615.367559339,603729.8904271777,5677851.364330614
20237,47478,596914.3943764623,5673647.980160689,2019-01-14T10:52:44.365300808+01:00,19;27;32;18,719.087438103863,2737.5720349194225,2737.567105934492,596946.2671118227,5674366.360890093,597010.5148463962,5676383.864204583
22983,54037,599252.562505294,5676916.051903843,2019-01-22T11:33:33.276+01:00,11;5;4;9;14;6;34;70,466.0664916154581,4204.2358149440715,4204.328033496172,598933.1951113793,5677255.496217849,603197.9012264075,5678368.601787097
9258,21596,599135.7058544494,5672409.2661663005,2019-01-10T17:10:55.438515600+01:00,10;2;69,113.40269705457163,577.054708408123,576.4209839016797,599219.3570076302,5672485.834150934,599015.6394471935,5672973.691709968
23389,54997,593171.1475792667,5673968.2319780085,2019-01-29T13:44:59.878312410+01:00,15;23;50;25,295.409135972614,4310.335528268443,4310.824795632166,593183.0324656744,5673673.062014951,595567.2192619654,5670385.239812566
54253,127764,597414.0268407459,5672735.324466166,2019-01-22T13:44:46.441+01:00,18;19;23;27;15;2;25,1398.6673392869413,1041.6430599865723,1041.9314120301513,596210.8386237415,5673448.492356953,596390.751572053,5672930.0755608985
52021,122678,599301.463378706,5674479.9223691495,2019-01-12T13:43:56.144+01:00,9;17;27;37;70;12;10,846.9646384551961,4408.409327099063,4409.59782169071,600003.2713982769,5674954.068551734,602493.7742136737,5677520.189516655
8720,20353,598381.1302705649,5676665.867736,2019-01-08T08:09:03.622+01:00,5;9;4,750.425532045409,5154.541339174247,5154.541339174247,597997.1403932181,5677310.608190168,603219.9155392372,5678442.227367644
26726,62941,599055.4099187374,5676276.979730519,2019-01-15T14:17:10.635519483+01:00,11;14;4,1994.8033758392585,4769.891223107348,4770.072413303957,600768.7961692915,5677298.5217339,603415.4987641694,5678211.2722472325
9695,22666,599138.8887429883,5672387.685587507,2019-01-16T17:07:32.180+01:00,10;2;69,259.23460891995535,1280.678736081157,1281.223186432421,599374.1150360343,5672496.640502594,600349.8094051677,5671970.781311974
16835,39384,598918.0644238573,5676228.499200867,2019-01-23T14:16:10.385377306+01:00,14;9;11;17;27,1120.685896237869,4236.669465408623,4237.08114418833,599635.9930043251,5675367.967137911,603106.6158930822,5676865.213225197
52706,124148,599209.7511727912,5673246.672521866,2019-01-11T15:42:37.929+01:00,11;69;1,1399.3387392902284,6584.241166294294,6584.241166294294,600199.6048843648,5674235.782493994,602890.6235252535,5678705.922512552
33167,78207,599129.7508299125,5672410.424293563,2019-01-10T06:36:53.574+01:00,10;2;11;69;1,120.55832616584404,750.995895818619,750.2591055998239,599210.8791715871,5672499.6010965165,598878.2344343181,5673118.050139815
21107,49526,596914.3770815085,5673647.131137638,2019-01-15T10:00:07.425314943+01:00,18;32;14;15;27;19;25,364.4937625790551,1551.4928639681489,1551.1085460018714,597276.6414852213,5673606.879370452,597829.6566351051,5672394.376793917
17604,41236,600052.6929106521,5674103.253380917,2019-01-17T16:09:14.441279251+01:00,17;7;12,1128.4082617280687,4478.414701685636,4482.300002163853,601169.3191454211,5674265.891190057,603551.5104684595,5676898.691439156
50679,119548,599132.8651349115,5672407.938279974,2019-01-05T17:15:14.277+01:00,10;2;69,103.36762159715232,728.0553573131795,727.2968228008078,599202.3092321472,5672484.504477175,598863.8588213443,5673084.473723668
22786,53582,599116.2593550525,5672366.879916842,2019-01-19T10:11:30.199+01:00,10;2;69,153.68516272905188,698.3724355705762,697.9865923768895,599202.7495235887,5672493.917627738,599191.8033937286,5673061.154471313
17389,40716,597987.8836854813,5676374.023818996,2019-01-28T14:03:39.309037102+01:00,14;20;5,835.1396457486808,4738.533368353822,4737.976450145674,598349.3808202492,5675621.17718823,602489.2677100019,5674893.739945277
18327,42914,599111.0185926085,5672362.110907014,2019-01-21T09:09:31.365+01:00,10;2;69;1,156.9758963410131,773.6016342516009,772.9491889618166,599211.3938387644,5672482.801594274,598942.4495237562,5673117.123461574
33700,79501,598567.5743316397,5676170.830552203,2019-02-05T10:52:42.563003061+01:00,14;11;32;20;27,759.3521344818291,4194.3145897269105,4194.1591816499995,599180.3937464136,5675722.424453874,602742.8843469683,5675772.005836954
23611,55531,598277.3475131947,5675213.013897082,2018-12-28T17:44:35.499201191+01:00,14;20;32,420.788985246091,4495.801013115188,4495.510952859464,598694.3889546714,5675156.9799235,602746.9647080227,5674728.50498981
39966,94412,598648.4663339924,5676855.1722444575,2019-01-02T09:52:42.93588084+01:00,11;5;9;6;4;32;7,736.5319155550791,4695.8697218419575,4695.869488200091,599162.1591949345,5677382.996938128,603183.7637074991,5678072.657430558
9833,22968,599443.4631102952,5676966.428928243,2019-02-01T10:30:26.401190287+01:00,11;5;9;17;32;34;4;12,700.2109498078493,3724.3346403408204,3724.7462410460816,598780.2252536627,5676741.905166115,602993.3227009983,5678093.001340268
20720,48607,595786.0423688486,5674977.074354471,2019-01-23T14:59:56.46430415+01:00,19;5;34;25,53.41637079540622,5255.115612444418,5255.11561304822,595732.8247862104,5674981.678436041,591062.2441694647,5677279.67520387
36163,85238,598163.8889587896,5674376.990028148,2018-12-31T11:31:46.903499402+01:00,14;18;69;1;27,910.121320498469,3346.3992337518985,3346.577579207299,598652.9696357541,5673609.447905886,601299.0686555366,5675547.04818942
39596,93555,598343.8432542969,5674032.041245854,2019-01-19T11:44:28.615+01:00,14;27;69,132.26244762107723,4838.38148781308,4839.04259467856,598216.2114444455,5673997.35009187,602048.3297346797,5677144.390091706
34665,81686,601310.6784587041,5673484.171380865,2019-02-01T08:08:09.45922513+01:00,17;70;1;7,304.49887028129973,5175.831420814138,5180.19475088066,601587.8317579246,5673358.053932692,603672.6129787068,5678089.656829752
9737,22764,598637.8900756538,5676430.189630352,2019-02-04T10:40:13.686433009+01:00,9;14;32;4;18;11;19,864.7456647414211,2634.065835749726,2633.88360843939,598645.4801381937,5675565.477276075,601229.0230095834,5675956.551640143
36765,86681,597451.4150702682,5675077.171909215,2019-01-25T07:42:02.795134861+01:00,32;23;19,1745.613422506017,2243.5813260788295,2243.584899234673,595992.0668006516,5674119.3259671135,598961.7836567973,5673418.122814234
54472,128301,598510.5705004622,5676693.813295514,2019-01-21T12:11:55.979471266+01:00,5;6;11,2099.1857211086203,5274.193261955895,5274.193261955895,597136.6178200967,5678280.897012217,603263.1007806575,5678980.857348498
26941,63487,599130.6585813191,5672410.017459601,2019-01-09T13:08:05.868+01:00,10;2;1,150.20931493340865,377.5092757645354,377.32929721297916,599261.2577405612,5672484.224587952,599267.0352294304,5672762.032605778
32549,76803,600935.126983095,5676062.3981387615,2019-01-17T16:46:19.854908897+01:00,9;17;7;1,1527.4615109813872,2704.999856817323,2705.4901717808116,599832.6017900076,5675005.243057358,603376.5583346193,5677227.059970014
2318,5323,594255.0479917423,5674069.491389909,2019-01-24T14:05:28.752157906+01:00,15;19;32;25,782.703223889739,2227.688810215654,2228.0937051295505,595033.0486114642,5673983.821252757,596420.1154793323,5673545.010494794
40397,95441,601151.875104339,5673662.6663079,2019-02-05T09:22:47.513+01:00,70;7;1,986.8506765988562,5275.71467778494,5275.71467778494,602127.9901144202,5673517.498319012,603773.2289771383,5678241.0578633435
6908,16048,600522.2060681278,5674349.217357229,2019-01-05T12:52:57.449817547+01:00,17;70;9;1;7;12,768.5600075768541,4581.960452965558,4585.082463608216,600998.1847933485,5673745.786550605,603474.4933755603,5677853.266621568
34603,81543,599138.1721359132,5672386.823049941,2019-01-16T17:12:48.546+01:00,10;2;69;11,175.74434927844004,482.69253248181036,482.4987603281342,599255.4198549583,5672517.739239475,599303.3930641414,5672840.358192779
27246,64186,598075.4627259678,5675125.129858379,2019-01-04T18:37:19.465748724+01:00,32;20;69,287.70224334069775,3437.944888845732,3437.9464482012663,597942.5046132231,5674869.9931870075,601429.0095936767,5674368.037747193
45627,107775,599251.9583657878,5674397.064401016,2019-01-11T09:24:10.716691229+01:00,14;18;27,1218.2047387063278,1310.1061904657022,1309.815422785818,598059.2286444699,5674149.236643709,600561.5798711613,5674361.430948197
50352,118790,599116.7661522996,5672363.070518552,2019-01-21T15:39:32.110+01:00,10;69;2,143.232742414947,996.8687258200397,996.4284780709962,599152.9547712688,5672501.656240605,599150.007347004,5673359.384866282
11383,26595,599100.1604446986,5672420.462127178,2019-01-04T07:23:45.818+01:00,10;2;69,128.3988152936935,626.0124900469272,625.3466436272478,599210.907911331,5672485.433308507,598949.3341157656,5673028.033568406
42302,99963,594959.9341522127,5675085.630970996,2019-01-25T14:27:36.595+01:00,15;25;32;27,1717.914580017709,4151.778322821643,4152.059794310388,595956.7395111966,5673686.484952691,599093.9692666869,5674702.203123617
17271,40453,598140.1846861979,5675052.105478734,2019-01-25T19:00:35.450246042+01:00,14;32;18;27;11,324.1590691877114,3887.3973638339708,3887.1618574409013,598455.8987547065,5674978.595417637,602007.1020889736,5674653.598183376
40185,94946,599916.7882937657,5676612.801653929,2019-01-14T12:03:47.845963683+01:00,14;9;7;12,1587.5165405548144,3016.512767146029,3016.0523259864126,599191.1128649255,5675200.851251644,602811.5561976545,5675764.469138361
9868,23046,597058.6252115569,5673414.34248747,2019-01-10T09:28:29.734+01:00,27;18;69;32;25,596.2652562406935,4433.152878985768,4433.008976810347,597650.8900150028,5673483.296518527,600362.8262320809,5676369.86275714
9482,22151,598559.1049584973,5674485.55920454,2019-01-28T08:04:04.417+01:00,14;27;9;18;11;32;2,258.55478561794973,3800.498190593879,3800.87302981057,598556.0194645271,5674744.09557895,602208.8571259025,5675545.321259545
32835,77484,599133.4566578959,5672408.374049586,2019-01-10T16:45:37.543+01:00,10;69;1,100.65736975554275,787.3232950748926,786.560517112345,599201.1223092583,5672482.894286514,598842.5723097741,5673139.991618392
1610,3673,598384.2049320769,5676503.823421806,2019-01-29T11:42:59.771+01:00,14;5;6;11;4,990.1399414656806,4896.633941122369,4896.8318761442415,598348.5821411714,5677493.322345734,603143.3932580906,5677655.843573924
29077,68450,599132.6073534333,5672409.206364257,2019-01-08T16:11:04.804+01:00,10;2;69,128.88976577833608,469.36297068591693,469.0010096188983,599234.2329376017,5672488.48317275,599199.5176239491,5672873.775642138
40558,95877,597990.946039771,5674758.997019686,2019-01-03T12:08:46.233445612+01:00,14;32;27;18,223.91722339278323,3784.95814422306,3784.8995897130712,598214.0910255576,5674777.57760768,601775.9038264675,5674757.351891721
36352,85653,598083.9575450221,5675083.281328117,2019-02-01T11:38:38.844404156+01:00,32;14;27,122.16004567960861,3869.9523104345967,3869.8490473226616,598137.1449229599,5674973.3077877145,601931.6757936127,5674669.040861116
28339,66731,598440.8667502651,5676721.755539406,2019-01-31T08:34:24.936161292+01:00,5;9;32;6;11;4,357.4632645916072,4524.9231620041855,4524.922806744247,598345.2253437642,5677066.186529439,602892.8452983489,5677530.96294758
35352,83277,598813.0921883236,5675877.232135961,2019-01-16T10:19:28.617+01:00,9;14;4,472.41671501631697,4352.180264538911,4352.316871976377,599168.4169327819,5675565.90934752,603106.3897949602,5676590.722651589
10541,24616,599132.931414364,5672382.054017128,2019-01-17T11:52:43.929+01:00,10;2;69,153.13167376724988,466.50363695170915,466.29806233772877,599241.9282872486,5672489.613262255,599286.3377191387,5672822.612922321
48195,113713,599070.0161836934,5674775.044392526,2019-01-08T11:04:12.854511513+01:00,11;9;14;12;27,1706.2587336457993,4862.915361343057,4863.260757111155,599958.0789584274,5676231.980689786,603021.5469792788,5677609.36092092
43401,102592,598100.9355780366,5674086.802976337,2019-02-05T10:05:25.867+01:00,27;14;18;32,465.007106633172,5112.939681570643,5113.048183305557,597755.1260006439,5673775.921414641,601483.8607014302,5677920.596110675
16487,38516,595136.2448978561,5675209.834673338,2019-02-05T13:36:41.412626084+01:00,19;15;32;25,992.4419728499108,819.3757004747919,819.5631451603841,595564.0663709779,5674314.3404764775,595735.2775281315,5674650.785081267
16365,38220,598597.5861627928,5676375.097418333,2019-01-24T08:42:20.516+01:00,9;5;14;20;27;32;70;1;4,1159.1896864338844,4182.977819746466,4183.0186794908695,598864.8194819954,5675247.131513599,602752.6102742231,5676857.87901898
46725,110361,597672.3480325999,5673716.235536503,2019-01-15T13:43:15.791+01:00,27;18;32;69,81.47379879367327,6383.114881464516,6383.111223526991,597692.073285968,5673637.185588562,601624.655879641,5678728.562169135
10069,23526,598385.9222115534,5676567.085123114,2019-01-08T09:10:42.848069922+01:00,14;6;5;11;20,507.2705036991142,4568.4905372484345,4568.545094710336,598196.7840443325,5677037.776229492,602949.6176229098,5676776.345681493
47442,111991,599197.1337560571,5675156.448785079,2019-01-25T08:29:41.254898284+01:00,12;14;9,45.3056426969206,3190.056575538123,3190.7062133285185,599191.7146044687,5675111.468410956,601905.5543669795,5676841.951306425
14514,33868,598556.928296386,5676189.2976087835,2019-01-28T11:26:47.60477888+01:00,14;9;11;20,835.4806432793719,4310.950226723459,4310.677356884157,599096.4255053342,5675551.355082507,602812.8192452244,5675502.504998978
22125,51947,599094.0176642798,5674720.765979343,2019-01-21T10:50:47.780512198+01:00,9;11;14;18;69;32;27;12;4,408.90333906068713,3366.272176422014,3366.4095503313256,598954.0306532065,5675104.96069225,601921.3685337334,5676547.75131775
5596,12989,599115.2919962922,5672363.466425573,2019-01-21T12:32:57.980+01:00,10;2;69,153.62260763086243,712.7245857974748,712.1905701314844,599201.9087989895,5672490.342093319,599063.0540575385,5673074.274087993
4617,10656,598804.9747005801,5673375.9341104785,2019-01-25T12:20:22.890113188+01:00,2;18;69;1,885.3673590760623,3579.145815000354,3579.0403303386315,599258.4195744538,5672615.497981093,601693.1214770242,5671261.958480829
41501,98049,599133.8313343937,5672407.956927769,2019-01-04T17:23:29.998+01:00,10;2;69;1,104.5027946050033,720.931650333409,720.1844493242659,599205.6746118164,5672483.847490881,598878.5103549449,5673082.162862114
47142,111320,598098.6487865581,5676806.01080363,2019-01-04T11:21:18.808509748+01:00,5;4;34;11;20,1563.6140218798384,5341.166722384471,5341.166722384471,597160.7996296966,5678057.141399688,603060.604288548,5678782.639133028
27924,65773,599925.4198957927,5676383.392047389,2019-01-07T09:19:54.397060248+01:00,11;14;7;37,1222.4680632371735,3233.2798532943875,3233.503117338114,601026.6172739327,5676914.23336079,602846.6330646039,5677769.25359606
6195,14367,596186.0453138631,5675846.405726574,2019-01-12T12:09:54.393909990+01:00,15;5;18;25,1434.6541783715209,2973.0478528947315,2973.162735719101,595622.6279006626,5674527.014416151,598661.3934159246,5674199.6922392845
52211,123103,599135.8297995013,5672406.298086358,2019-02-01T10:55:53.893+01:00,10;2;69,123.50067811611518,565.4346812560424,565.2494428135763,599222.2847291456,5672494.490844765,599332.8928934064,5672936.281591562
53924,126979,597675.5930024935,5674319.723694392,2019-01-22T07:55:19.818675400+01:00,14;32;69,708.0768949991117,4537.758910504782,4538.059948610064,598346.3201318816,5674546.6554179,602083.2106603851,5675398.6873229295
19778,46387,599151.8508840154,5672393.028025812,2019-01-15T12:58:28.631+01:00,10;2;18,168.19910919649502,701.7945876452419,702.3850073916587,599260.6405036992,5672521.308028086,599809.8256510808,5672148.927945612
11215,26226,599682.8450118364,5676710.095853878,2019-01-08T09:04:03.361407178+01:00,11;9;5;7;14,288.1770463727551,3966.435679578095,3966.4785870611663,599951.5949088514,5676814.112693431,603405.964621428,5678077.938086339
13298,31065,597322.5053838858,5673620.054432405,2019-01-24T11:10:57.379+01:00,27;18;69,367.80896857988813,6482.0588491583985,6482.044056743904,597690.3133096431,5673620.930285103,601521.5747518677,5678558.161698031
44570,105334,599116.1161730071,5672362.209270001,2019-01-20T07:35:34.132+01:00,10;2;69;1,170.3515709015564,667.2958049820286,666.8235943252365,599238.1649248707,5672481.052695891,599121.3221119557,5673029.484767488
23573,55448,598387.2993934347,5676481.392005866,2019-01-22T12:25:36.750248044+01:00,5;14;11,902.4226826366402,5016.722740568402,5016.91017723706,597979.4669521126,5677286.400948638,603175.3427621652,5677978.772303216
53448,125894,600587.7746758327,5674612.755312319,2019-02-02T09:22:42.186792796+01:00,14;9;17;70;7;1;12,1338.9152789517054,2695.14170700116,2696.356756538039,599292.1733687081,5674950.559067756,602991.0348542692,5675832.644379226
36923,87100,600511.7242115204,5676091.853603808,2019-02-05T10:11:32.168+01:00,7;9;11;4,667.7267802363783,3231.2211474308297,3231.2211474308297,601049.8870724903,5675696.581813621,603615.2038430647,5676991.411428628
2506,5748,598387.0110369404,5676525.94365613,2019-01-21T16:09:40.957503641+01:00,14;6;9;33;11;32;1;34;4,811.3384253154503,3816.9860738319344,3818.0693570366134,597669.922446581,5676905.488111984,602159.9422997262,5677104.193060903
28147,66310,598805.0839271792,5673037.726978297,2019-01-21T10:54:54.898698143+01:00,2;69;18,350.62381286915553,1921.9072514047718,1921.6958336482344,598563.2032949601,5672783.8947149655,600712.2255953144,5673275.504480734
26647,62758,598082.4621470503,5674108.516276134,2019-01-15T13:20:37.803976718+01:00,32;69;18,321.4354108577412,2586.4339547798154,2586.2773471781434,597918.3234471618,5673832.148386262,600538.0950114914,5674920.617155037
26249,61803,600323.1865448062,5676391.155638843,2018-12-28T17:11:37.478+01:00,11;7;1,1206.0457582869753,3624.2536598859356,3624.2536598859356,601527.643146611,5676453.048008734,603675.8817118519,5677767.618390996
29504,69494,598759.4553205596,5675967.860018481,2019-01-08T08:06:41.937528586+01:00,14;9;32;17;20;70;5;27,881.4501073535835,3970.794375566582,3970.504080318602,598885.4725818476,5675095.464499458,602696.5664831995,5675451.75570146
12766,29836,599924.7946614196,5676376.165781633,2018-12-31T09:41:15.400539816+01:00,11;14;7;9,1037.675319214588,3819.706081385401,3819.9082080109206,600730.1570187769,5677030.506321,603412.4249693266,5677933.917168582
27329,64391,598241.7895374421,5674381.87517027,2019-01-21T11:36:35.721+01:00,32;14;27;15,1009.8614245403601,2610.3370677350185,2610.562452898647,597243.0339547097,5674531.231732681,600838.4192311789,5674649.034000923
49540,116886,598439.6365004957,5676725.126763895,2019-02-05T08:34:09.162773634+01:00,5;11;4;20,1186.6006174656522,5134.42415702555,5134.42415702555,598050.8286444704,5677846.219746864,603198.0769293461,5678653.741839365
21953,51522,600593.3051623199,5674689.2482433105,2019-02-02T09:54:52.580+01:00,9;14;1,1019.3963707540581,3271.989811324079,3272.6141766533688,599608.085646388,5674427.501292739,603192.3803822357,5676676.891402086
24599,57930,598483.1635989574,5674144.195003767,2018-12-31T09:30:15.100+01:00,2;32;1;10;27,1284.822598999098,3371.699580453862,3371.8222868969933,599264.0337361175,5673123.895567429,601849.5085100017,5674334.142366787
4212,9740,597915.7267121754,5676329.786392079,2019-01-31T11:50:00.268161469+01:00,5;6;20;32;34,1998.4989102354373,5627.088035679966,5627.087909043277,596689.838817662,5677908.13893961,603063.33775038,5678602.718498554
54755,128995,599122.8305130214,5672364.884956331,2019-02-05T11:20:17.704+01:00,10;2;69,211.4179332434033,703.1423745372676,703.6197362821625,599288.340865832,5672496.429114732,599809.9714298254,5672514.037761614
28109,66228,598856.0387278575,5675331.914945486,2019-02-04T10:11:13.733034178+01:00,14;9;20;27,233.24098376678802,3897.4900221962835,3897.165186561454,598701.3711077042,5675157.331773947,602720.5690944977,5674826.115065657
27038,63702,599265.2696571789,5676694.7836695,2019-01-09T12:09:46.018+01:00,5;4;70,653.9490922551241,4654.661542911755,4654.661542911755,598755.8639876335,5677104.8510774905,603313.2717140709,5678992.511552966
44095,104235,597362.238432149,5673513.87168176,2019-01-11T09:32:29.410+01:00,27;18;69,349.75173197920753,6699.547142427313,6699.541246983514,597690.8395354098,5673633.653103351,601604.2063144912,5678699.393873284
3921,9070,599114.0002224176,5672361.319733826,2019-01-21T19:56:15.132+01:00,10;2;69;1,210.9812425799194,460.3654646076074,460.64930462588916,599283.8605052104,5672486.461929149,599492.8581800757,5672622.859422827
21430,50253,599135.1897218486,5672410.104910974,2019-01-07T18:20:22.068+01:00,10;2;69;1,114.55363299003888,581.9170750029479,581.2918944087326,599221.9006759168,5672484.963078704,599021.2763482103,5672980.763500226
29790,70151,598580.3053786999,5676451.149123094,2019-01-08T10:35:45.754330314+01:00,14;4;5,273.26058528374017,4355.980797723703,4356.041783862012,598328.4911219126,5676557.266640726,602932.7397164378,5676626.887695462
12231,28611,601148.0405174152,5674068.702816832,2019-01-15T16:28:58.886991624+01:00,7;70;17,643.9985051403687,4298.408150846039,4301.060983265797,601791.9098564131,5674055.80518444,603723.8766919714,5677509.833536974
9870,23050,598417.1068745822,5674704.771173523,2019-01-02T14:49:53.662879649+01:00,14;27;18;32,549.6491482803755,2803.7333435805517,2803.7845143792165,598061.0953275824,5674285.999201433,601172.5973020407,5675222.644870567
45815,108210,598414.7684785001,5676071.992956252,2019-01-04T13:00:51.683138127+01:00,14;20;4,838.7937441123784,4436.291948215027,4435.526735047769,598669.2033330745,5675272.719630074,602619.7598713656,5674658.227192158
9621,22484,598569.7016838246,5676080.908311599,2019-01-07T07:41:30.416297339+01:00,14;32;9;20,926.2076969494643,4317.343225066665,4316.589342566228,598663.7454070187,5675159.487411024,602676.664076123,5674749.626060806
23735,55832,599131.6990320863,5672407.91577426,2019-01-10T06:48:29.437+01:00,10;2;69,109.74406589978717,661.8705516441217,661.1501347439389,599210.1067212916,5672484.701152254,598919.0649129042,5673034.7007122515
53356,125660,598994.0873810838,5673564.17033187,2019-01-11T12:52:26.301+01:00,7;11;17;69;1;2;10,1509.8941845577192,4926.599801874349,4927.904664076482,600432.1815019257,5674024.241791712,602844.1092607552,5676638.046896386
1130,2611,598445.6060422566,5675879.503582957,2019-01-03T15:40:46.722952404+01:00,20;14;32;4,374.16367654246807,3938.8318433940653,3938.3478406326703,598432.8385006217,5675505.5578024965,601892.0395614045,5673972.544671856
16360,38210,601221.6933767212,5675272.3671849435,2019-01-26T12:30:59.616+01:00,2;7;9;1;17;70;5;11;14,1482.9088353786192,2107.613737287411,2107.703087661438,600418.552127298,5674025.778741423,603324.9721007936,5675407.475565391
1161,2690,597714.135820805,5673971.640958825,2019-01-21T11:52:55.253+01:00,27;14;18,231.52240793334767,5554.133244992784,5554.275263241464,597768.0551524073,5673746.484721837,601507.7130224402,5678028.384495009
48453,114357,598071.6845421063,5675127.603769244,2019-01-07T18:51:22.919253490+01:00,32;14;20;27,109.22368555296312,3764.6569233460723,3764.517086845435,598160.3780303915,5675063.859917606,601766.1161374415,5674403.851782796
36544,86107,598682.9155864917,5675250.925996834,2019-01-08T14:50:49.562424426+01:00,14;12;20,119.22620712680829,3950.117264485652,3949.933046530206,598748.2582236308,5675151.20023167,602622.4084849462,5674961.405520505
52166,123009,597010.3531999155,5674074.989738745,2019-01-10T11:59:28.744+01:00,27;19;25,630.9560626325489,5949.932265721451,5949.931793167015,597489.1173079885,5673664.026867193,600808.5173781692,5678654.907078796
14775,34503,598592.4902247466,5673501.7016963335,2019-02-02T10:42:49.672571886+01:00,2;23;18;69;27,1140.058592098429,2955.594112183447,2955.5193947037646,597826.9663399635,5672656.8900159905,600908.850286065,5671665.942283365
187,448,598865.9290277746,5673431.000219834,2019-01-11T10:42:50.989041033+01:00,2;1;18;69;27,932.0278129560422,3050.945075046273,3050.8458893146217,599298.4503436526,5672605.40882245,601886.9082888829,5673004.444063036
16243,37941,599138.3127846697,5672408.892129145,2019-01-08T17:39:04.470+01:00,10;2;69,146.27317706798397,373.70454047718613,373.76062707922654,599261.0079041675,5672488.527234349,599367.2741079058,5672704.242422923
49025,115626,599196.8213494084,5675141.5903122695,2019-01-10T08:53:46.904+01:00,12;14;9,350.88836838747756,3742.3889424070226,3742.6411132953663,599532.7575032912,5675040.25153596,601083.5218909951,5678373.592178393
43068,101759,598363.6204641515,5676441.472975881,2019-02-01T12:21:01.21242899+01:00,5;32;6;9;1;20,594.2554334228385,4244.729781388976,4244.729460663509,597770.2016912923,5676409.950282929,602585.1944006676,5676884.242007701
40932,96717,598532.7835269215,5675295.993112097,2019-01-07T14:48:50.567433260+01:00,14;12;20,450.43951958699694,3537.6574317996365,3537.9234109946096,598957.353122345,5675145.539067792,602024.9582434885,5675861.445014329
21356,50066,599117.649353925,5672363.936267623,2019-01-21T20:55:17.099+01:00,10;2;1,179.69089095798148,558.320826263365,557.8833348855072,599255.983661751,5672478.62033614,599147.3862386548,5672921.464619122
34951,82355,598524.6004590394,5676852.791404472,2019-01-02T09:39:00.961733544+01:00,14;6;5;9;11;4,419.42172555714546,4484.805005708366,4484.657471737608,598458.5721919404,5676438.599598887,602988.4421469307,5676419.670953938
27892,65695,599114.4929521116,5672365.14841931,2019-01-18T11:13:25.810+01:00,10;2;1,202.3157301242236,424.3983039281977,424.4581491574729,599278.9912707844,5672482.927695117,599376.0983910712,5672699.328781815
14626,34163,599037.3103963893,5673624.413386331,2018-11-26T09:01:46.045+01:00,2;7;17;69;18;32;1;27,752.6846499923226,3347.835811838711,3347.9005315658865,599714.6337785263,5673296.134208885,602372.5190040587,5673914.909800006
35610,83865,597181.7952009093,5673552.888158201,2019-02-01T10:43:09.824+01:00,18;14;25;27;69,519.1932627266787,2362.7197333157033,2362.5262894362363,597696.2490970265,5673482.896495623,599441.8945206417,5674241.651980672
15515,36277,597676.0431959516,5674334.584536239,2019-01-17T08:30:42.764455039+01:00,32;14;18;27;19,65.63723766001625,1966.9950314213772,1967.0335404716027,597641.5301919654,5674390.415526947,599531.2199116618,5674988.334340922
37162,87708,598523.0501185588,5676846.820658327,2019-01-02T09:31:37.312415502+01:00,14;5;6;11;9;32;34;27,528.6718454420616,4387.238571729168,4387.268955238094,598027.4232769671,5676662.842523602,602908.416316706,5676974.9830296235
4129,9540,597836.4814578083,5675839.844848242,2019-02-05T19:47:53.173054932+01:00,14;20;19;23;15;18;27,1325.9746559698306,2926.6320524039293,2925.7529570526763,597290.1431036321,5674631.654800679,599962.8043101128,5673828.893258092
19163,44865,599859.1942386543,5674114.338266389,2019-01-28T11:45:53.20675420+01:00,17;70;9;12,860.7844262905458,4988.58222575367,4992.532372220899,600715.752473801,5674029.145436018,603155.1500530541,5677859.018211676
9052,21103,597883.0641906837,5676091.949963654,2019-01-04T14:12:58.375678618+01:00,5;9;34,1713.2606168361042,5628.800349383439,5628.800349383439,596693.087876396,5677324.515707392,602974.6936842103,5678491.679630485
31791,74969,599449.9287566348,5676964.43250779,2019-01-22T10:37:08.337928470+01:00,9;11;5;6;4;32;7,477.4213392579627,3853.2912159776383,3853.2910143436306,599015.6752885941,5677162.813607377,603179.3367758906,5677933.643022096
40509,95755,598080.1706875106,5675117.581491828,2019-02-01T18:58:46.817849315+01:00,32;14;69;27,332.84207710030523,3505.289222840602,3505.2652762089097,597920.1642280954,5674825.722311342,601550.5448248148,5674624.067679566
51554,121560,597836.4814578083,5675839.844848242,2019-02-05T20:55:57.577239284+01:00,14;23;20;19,1045.715073546654,3535.70625365244,3534.868526225161,597659.2802551131,5674809.252907265,600975.9242370136,5674213.463051672
3599,8316,597226.2647423607,5673053.847088259,2019-01-18T10:10:09.033+01:00,27;18;25;69,666.2596534963741,6695.322685166344,6695.2964857864135,597660.2282938358,5673559.393883193,601343.2054177199,5678333.822972112
29473,69433,598206.6522902241,5676121.897800216,2019-01-02T09:25:04.532992310+01:00,32;14;9;5;20,595.1704279362824,4154.481911978905,4154.346989200016,598189.9584320612,5675526.961540278,602277.9009462751,5675294.45938102
1952,4445,599115.7491045897,5672360.504774565,2019-01-20T08:03:31.117+01:00,10;2;69;1,198.9517155228456,437.15376597157854,437.1939562209665,599270.591624844,5672485.427066534,599376.720783299,5672711.214338185
51284,120933,598450.3516323371,5675882.140764797,2019-01-03T15:32:52.131928055+01:00,20;32;14;4,345.0272862693123,3770.9253271684224,3770.691961453655,598300.4497954679,5675571.3783675,601640.2554607643,5673871.073538555
30539,71925,599456.6592184547,5676591.553131913,2019-01-09T16:13:34.712124668+01:00,11;5;9,1188.0481722749266,4571.0106054775015,4571.0106054775015,600061.6496893726,5677614.023175359,603459.6629685267,5678798.383196122
8189,19119,599131.5194898632,5672418.945491225,2019-01-10T13:20:37.712+01:00,10;2;69,121.79833605210368,467.55815437025666,467.05269748559925,599233.0574802774,5672486.212653851,599113.7765108567,5672886.166867464
20571,48254,599590.3863386993,5675955.91466226,2019-01-15T13:43:10.411+01:00,14;9;12,925.8620097729038,3242.296746402535,3242.2587007435195,599013.9769534774,5675231.364676566,602831.7020082258,5675876.159272386
54853,129221,598097.6257894582,5676807.264298883,2019-01-04T11:27:38.104+01:00,5;4;14;34;9;20,1032.5956800350455,5052.014160909536,5052.101963850747,597439.5424478509,5677602.9904791275,602967.62699462,5678151.115236954
51775,122092,596969.4171083967,5673442.785744358,2019-01-16T07:53:52.570418078+01:00,18;27;14;19;32;15;11,526.4838045847714,1150.1765051779028,1149.6687314200503,597484.9036667313,5673549.831550751,598036.607995999,5673013.822339763
36449,85870,592786.8708272359,5674072.873222326,2019-01-25T13:42:18.519990385+01:00,15;23;50,642.0331623339216,4711.865640625223,4712.352662301497,593167.0097617122,5673555.474950168,597027.3352546702,5672018.575470059
44505,105191,599133.4490398986,5672410.495668365,2019-01-04T14:34:24.026+01:00,10;2;11,108.50771325485252,706.2040446138567,705.4438229145906,599208.3873653162,5672488.96968457,598869.9797797048,5673065.711740788
49954,117850,599114.0335399422,5672361.320376725,2019-01-20T09:31:02.448+01:00,10;2;69;1,170.28483360208824,635.4603803409166,634.9637245621241,599233.2149995307,5672482.945638267,599099.6830280395,5672996.618698611
17870,41848,599171.4303079973,5673758.976321006,2019-01-14T13:49:52.058+01:00,2;12;18,1168.0505768527219,4612.487163411514,4612.468122814943,599610.4974003658,5672676.589034271,602417.7149054025,5670482.289862816
10380,24229,598297.2404993412,5676408.798379443,2019-01-22T11:28:04.845325022+01:00,14;9;4;23;20;32;19,1154.5218097492034,3627.337294487716,3626.9240275463135,598048.0165317697,5675281.4971671775,601671.2390944762,5675076.9915886475
29470,69415,599129.9594900857,5672411.701380054,2019-01-05T13:22:34.452+01:00,10;2;69;1,122.84010928725058,530.9224778511252,530.3504861748712,599228.5246060237,5672485.013114243,599063.9071742381,5672938.499034812
16410,38329,600081.0367983461,5674105.5033006165,2019-01-18T15:57:31.979631733+01:00,17;9;70;7;12;27,569.1522690967377,4877.088381063949,4879.860872986921,600648.456131251,5674149.883544687,603262.0885998145,5677802.38043045
50389,118864,599134.1399453357,5672409.235943529,2019-01-07T17:12:27.305443302+01:00,10;2;69;1,113.61799859791468,625.404117003608,624.7519634056266,599219.8154994017,5672483.8599948855,598990.4085691487,5673017.899726799
45658,107851,592788.4723911855,5674080.1159204515,2019-01-29T13:44:20.566881971+01:00,15;14;23;50;19;32;34,575.0196299638483,4610.3030400814305,4610.829574358797,593207.3322198679,5673686.156507872,595605.2631124553,5670430.378374551
4763,10986,599114.9342650026,5672364.732581913,2019-01-17T17:19:06.531+01:00,10;2;69,172.00145426483704,921.0892117309819,921.2357453724603,599206.5957384624,5672510.275271706,599780.8162670907,5673001.13378812
37495,88562,599113.826602119,5672365.135561321,2019-01-20T10:21:39.588+01:00,10;2;69;1,152.35595789197708,778.2245988071919,777.5502384200176,599211.3225950932,5672482.211900772,598922.1192741205,5673119.378112879
4054,9376,593340.9006054085,5673981.075380179,2019-01-22T15:39:34.237225156+01:00,15;23;50;25,344.15224074264745,4230.601218318076,4231.0638248961395,593182.4807816746,5673675.553000874,595558.2452351028,5670378.108621853
39896,94266,597763.4790756413,5673588.543102416,2019-01-15T12:29:38.581+01:00,27;18;69,195.51401729311263,4302.660002484101,4302.542988708777,597734.2025683484,5673395.2334619975,600546.4717763688,5676869.981007462
47733,112591,599131.5090246538,5672412.579991858,2019-01-06T09:18:43.502+01:00,10;2;69,177.596744474897,496.16394060089,496.6864582510499,599291.1631125396,5672490.369296197,599618.1354120349,5672509.396390557
4553,10532,600512.348476001,5676092.290193591,2019-01-07T09:46:56.069+01:00,9;14;7;4,909.3274580427876,2745.3281402698867,2745.4258400197787,599768.5941369717,5675569.121091746,603237.2989772379,5676426.163468302
9324,21750,598492.3305765288,5676046.322742012,2019-01-28T09:21:30.910467328+01:00,5;20;32,1484.8224992356327,3982.4688379031245,3982.46858203912,597271.2045152531,5676891.041036303,602428.2079985065,5676653.7163244905
4580,10582,598518.9421389417,5676854.380135506,2019-01-07T09:30:33.247925314+01:00,5;6;11;14;34;32;27,919.0049780401257,4607.96355491047,4608.0891090568375,597923.8983560329,5677554.732222734,603009.1272355978,5677889.544818613
26847,63241,598874.4034579513,5675474.8519055275,2019-01-02T09:16:22.228970340+01:00,14;9;20;11;5;6;27;1;4;12,143.4519463983893,3886.563778043518,3886.4832749757284,598820.6364287933,5675341.857290971,602757.3224258736,5675306.571516448
25143,59226,600497.8694159508,5676204.03742499,2019-01-30T09:32:02.178079943+01:00,11;9;17;6,753.4308558315672,3532.1029085074247,3533.577469505102,599885.9025424088,5676643.530997419,603438.923991852,5678160.0407322105
30643,72176,599059.002325525,5674624.185932832,2019-01-14T10:13:14.636162506+01:00,14;9;37;15;32;2;7;12;27,590.5610631509337,1840.7573633580866,1841.1508163615524,599121.2874892765,5675211.453272028,600704.64708329,5675448.953173935
17349,40637,599083.044854846,5674773.174121217,2019-01-15T11:51:55.033+01:00,2;9;27,1521.336434437166,4086.392626381698,4086.392626381698,599317.2081437305,5673269.966849785,602672.0090156663,5672819.218914644
2718,6182,598533.3893931067,5674608.552253429,2019-01-23T19:13:09.300+01:00,14;27;18;69,598.8325880819747,2929.723095176116,2929.972690926571,598193.5108192011,5674115.5177479945,601319.473039377,5675514.651216232
16940,39644,599613.4545635551,5675613.482199062,2019-01-05T13:31:57.768097488+01:00,14;9;4;12,631.3970416183638,3240.0419438029867,3240.2549572038297,598988.0704514303,5675526.551557362,602822.3128965019,5676061.923941856
28677,67528,599097.2772698761,5674786.603894706,2019-01-18T10:17:07.843407739+01:00,14;37;2;4;27,1569.4910011578013,1987.606508204543,1988.2196339811765,600365.3882795302,5675711.372227808,600670.793716504,5676000.945536769
4003,9272,601239.711766921,5673757.332292267,2019-01-31T09:19:25.196+01:00,17;9;1;70;12;7,411.7401576427989,4645.503016775113,4648.371973898492,600835.7757759792,5673837.11745779,603340.5202126609,5677900.676612158
39335,92903,599938.6175595752,5675550.210446745,2019-01-09T11:45:02.459009624+01:00,9;14;11;12,407.08158690433595,3359.9267973023234,3360.280500538755,599644.3000786789,5675831.444582005,602954.6557948157,5677030.960745343
14045,32779,599110.9274023904,5672363.382206659,2019-01-20T08:23:33.267+01:00,10;2;69;1,171.33673026389155,654.9476163430751,654.4706892960088,599234.1494666897,5672482.430927808,599112.5451259274,5673018.327825107
6164,14294,597237.560742441,5673321.400709334,2019-01-15T09:10:29.97386019+01:00,18;27;69,313.1245618333207,1363.9711378910895,1363.7640247597144,597535.2630188672,5673224.342243274,597667.4693277633,5672026.952613323
41839,98853,598569.8753956902,5676241.741943303,2019-01-18T11:45:59.418909058+01:00,9;32;20;27;4,937.0572060937346,3660.343975243814,3660.344529821108,598534.5533244188,5675305.35070094,602179.3884245717,5675633.849097944
31703,74725,599692.1804162981,5674964.472392208,2019-01-09T20:31:19.734+01:00,12;14;9;17,69.08274119629827,4058.532073666251,4058.539799180017,599641.7757795325,5675011.714298644,600791.2322174485,5678871.359609849
18998,44481,599143.8120897048,5672389.902381743,2019-01-14T20:49:00.161+01:00,2;10;69;1,318.23966949234847,1861.2740068420742,1861.5933378698103,599450.2948046661,5672475.604380953,601001.781060828,5672500.772715419
7706,17932,599700.1197936259,5676743.107142489,2019-01-03T11:21:22.398509228+01:00,6;14;9;11;4;7;27,778.4788781551764,3490.6440119463973,3490.7765305922117,598933.0476179936,5676875.883801223,603116.8236314874,5677457.761256365
43554,102947,597013.2120021463,5674078.862901967,2019-01-31T07:34:10.205+01:00,27;14;19;69;18;32;25,634.6892932834273,5215.0364144515415,5215.18806415583,597606.818365308,5673854.225450453,600617.7808373627,5677847.640995228
6425,14904,598695.0916443231,5676803.024818086,2019-01-25T08:12:06.851583710+01:00,4;11;9;32;5;20,944.8540758608975,4507.090498973414,4507.090202603241,599394.8331254165,5677437.935114355,603025.6339171251,5678052.131854897
14076,32848,598076.450116,5675118.783443507,2019-01-03T11:33:33.64078785+01:00,32;18;20;27,455.9437779160256,2984.482739818317,2984.3812725586567,597847.7069310155,5674724.370862643,600758.779373891,5673810.254889544
23066,54250,597629.7138150223,5672735.60088605,2019-01-30T08:19:47.872614941+01:00,18;27;25,643.0823407767266,2951.239836961493,2951.0258565114773,597537.8666666668,5673372.090476191,599396.0824533652,5675099.867877899
20478,48076,599122.4908721026,5672370.394992335,2019-02-05T08:50:42.197+01:00,10;2;69,218.85929865096665,1556.877381468513,1557.2313820004551,599279.3507623448,5672523.019916378,600672.8302141184,5672512.92606097
45437,107318,598495.9029384649,5676465.653286601,2019-01-04T11:23:37.360314513+01:00,11;5;9;14;32;20;4,602.1380616419382,4480.949096072172,4481.0072352648,599077.117180063,5676623.007189131,602932.0904526708,5677097.4326313045
41634,98343,598427.8816039918,5676464.772010755,2019-01-07T11:03:11.153231427+01:00,5;14;9;32;34;4;27,1457.6964209064504,4660.220782871746,4660.314112518364,597113.8221534806,5677095.744764561,602853.6774590063,5677924.22012386
52778,124310,598604.8913286673,5676726.179171427,2019-01-21T12:30:22.501+01:00,11;14;5;4;9,977.4268381038037,4791.258275967582,4791.394286089564,599515.7647253,5677080.682879662,603254.9194936076,5677880.905949626
11299,26423,598861.8447007786,5675319.296161118,2019-01-22T09:44:46.432654882+01:00,14;9;20;11;27;12,92.49488817277559,3854.9092777519154,3854.761538214463,598803.2260894465,5675247.747836584,602708.357182937,5675064.998571083
8981,20916,598581.871235904,5676371.40056044,2019-01-25T08:28:26.431081394+01:00,5;32;4,1219.8069547053599,4158.617338471943,4158.616601985613,597677.8377477766,5677190.334293468,602611.3679483433,5677399.629334731
24248,57053,599634.3640448743,5675610.493315372,2019-01-31T11:45:00.577698686+01:00,9;11;14,494.09770417897374,3804.187885382154,3804.5049409653525,599770.2666666667,5676085.533333333,603195.5118990365,5676948.42882506
12485,29213,598674.9632961896,5676396.9542438965,2019-01-09T13:35:49.325+01:00,14;5;32;11;9;4;20;19,227.8077087572702,3402.2650581466946,3402.2904577643153,598468.6643394328,5676300.32561144,602073.9245117422,5676546.854814459
16834,39381,599448.305885283,5676963.976683192,2019-01-11T10:31:19.58322208+01:00,9;17;6;32;5;4;34,1336.2473933911738,3494.184390061472,3494.5280020344862,598220.9409260063,5676435.646906363,602907.3914604451,5677457.992407086
11793,27606,599114.6402885179,5672357.512906963,2019-01-22T16:36:54.656+01:00,10;2;69,186.03314544895014,465.03071279542894,464.83702356962885,599246.8490034209,5672488.391426627,599274.6756364488,5672794.138892511
54356,128026,597009.7246177885,5673513.988955377,2019-01-03T07:56:47.575+01:00,27;18;25;1,690.7828401387162,5876.225214266324,5876.163877379188,597690.8992108083,5673399.175602258,601002.2385929722,5677825.584359255
5530,12828,597755.1151516023,5674891.989732356,2019-01-11T11:32:58.584546964+01:00,32;14;27,162.151883761547,3786.225495176802,3786.2219070508622,597849.0509286502,5675024.161223979,601462.9890121885,5674125.716325334
45352,107127,598661.8096793048,5673326.078158737,2019-01-17T12:55:45.082+01:00,18;27;69,875.8720996072467,2651.5165217594554,2651.3845478117846,597796.449612569,5673190.786289915,599870.5401043098,5675686.059223244
43054,101721,598401.610453702,5676836.002311698,2019-01-07T09:09:29.174149591+01:00,5;14;11;70;20;32;34;4,623.9853039727143,4589.998776365575,4590.08728689072,597782.0243215478,5676909.9663868705,602926.1377219103,5677608.492937064
41662,98403,599135.4316978964,5672411.382640742,2019-01-09T17:37:48.107+01:00,10;2;69,125.32428736333551,466.81291076550013,466.4469310418441,599234.2329376017,5672488.483172749,599199.5176239491,5672873.775642137
42171,99656,598902.494417504,5675536.500341655,2019-01-17T10:11:52.103528739+01:00,14;9;20,373.19030737335294,3924.579993819203,3924.244108961213,598769.8003331027,5675187.697696191,602787.2281355133,5674978.672350203
33752,79627,598440.8339283338,5676470.112804203,2018-12-31T12:25:17.662299019+01:00,5;14;9;20;6;11;32,590.8855354089577,4456.843298394858,4456.91886538942,597936.6052744982,5676778.169910284,602868.9807181404,5676975.056557876
1181,2736,599198.9928391434,5674744.860248413,2019-01-02T09:04:50.465202437+01:00,9;14;12;2;32;1;27;7,98.37057405879078,3820.4679451084908,3820.732158290889,599269.2416769236,5674813.721490278,602713.4303353507,5676243.094010165
8096,18891,598613.8432545981,5676529.026296672,2019-01-29T12:19:33.89407191+01:00,14;11;19;20;4,353.7974974851508,2175.113146491518,2175.0073930382887,598710.1072386005,5676188.57671948,600773.5590009128,5676270.675575442
18844,44133,598430.3014300076,5674720.3009004835,2019-01-07T16:12:42.646855313+01:00,14;27;32;18,131.1907367755262,3765.563426302382,3765.643076181455,598441.1134236555,5674851.045346672,602188.8188039626,5674950.550910656
5789,13435,599135.539836719,5672410.960374715,2019-01-07T13:58:36.742+01:00,10;2;69,97.36339449625723,744.7633551089256,744.0206244230825,599198.006984165,5672485.642943483,598876.4804146013,5673109.215822903
8438,19680,599408.0684928761,5676959.377432746,2019-01-11T12:27:32.262+01:00,11;6;5;14;4;32;70,995.4118544605797,4317.076043598847,4317.118731631265,599955.7484390282,5677790.57622761,603385.3143248046,5678638.264313576
27474,64725,598233.4144271137,5675343.297761294,2019-01-09T14:37:42.574+01:00,12;14;20;32,907.234328020738,3501.7610571707723,3502.0691620287216,599108.353642193,5675103.390496178,601421.3716663825,5676792.179793107
52664,124062,598664.2803527057,5676384.442475323,2019-01-14T13:18:11.937267873+01:00,5;14;9;20;34;18;4,871.0553286072495,4080.577938406595,4080.626170940837,597793.5288422626,5676361.438289703,602734.5699507336,5676674.026486617
20929,49105,598443.3279178204,5675904.496746953,2019-01-17T15:31:08.114614966+01:00,20;14;32,569.6070328298567,3974.430430462027,3973.95922845299,598338.020691654,5675344.7087871265,601731.4607726705,5673671.946730617
54069,127346,598757.04461098,5676110.39680699,2019-01-21T10:32:50.811778489+01:00,14;9;20;27,958.1871074773787,4081.1604526637852,4080.5729660200063,598717.2509356996,5675153.036375207,602689.7530062858,5675019.674423485
10768,25158,598379.6437035335,5676427.352211234,2019-01-29T10:03:19.925752883+01:00,5;14;32;6;9;27,570.6224330676786,4311.056439376704,4311.105125706327,597816.1325293806,5676517.1582117295,602675.3074475313,5676791.331086987
30147,70976,599134.8240256164,5672387.607135591,2019-01-17T13:28:41.399+01:00,10;2;69,125.57106047275434,647.5392613728974,646.9528029432728,599209.8711716005,5672488.284924144,599041.4167191419,5673028.37399656
10728,25048,599135.9063259646,5672410.967448189,2019-01-07T17:48:46.928+01:00,10;2;69,123.48431601525598,483.9722879946602,483.6137095113346,599231.4637850125,5672489.179648785,599206.3874085662,5672889.780138645
12452,29136,598523.7972762961,5675306.005061358,2019-01-10T14:52:36.510226770+01:00,14;12;20,234.56353800825337,4197.091449150014,4196.766353438343,598707.6618719288,5675160.355262746,602688.0475825832,5674781.985959496
21672,50862,599139.6525268462,5672405.098809276,2019-01-09T18:04:41.897790714+01:00,10;2;1;69,169.33215351093386,444.151684874155,444.4465641343823,599289.2675675983,5672484.400245539,599509.4889483836,5672651.049496368
17764,41600,601219.9357999527,5673338.94828753,2019-01-08T12:38:39.684+01:00,17;1;70,366.7603594816197,5217.993166449585,5223.889187345434,601128.6422830727,5672983.731937874,603636.041704789,5677963.868280538
19699,46199,598002.9125492307,5673159.845397809,2019-01-07T14:06:46.149683631+01:00,18;69;27,233.5986030926165,1503.6322458464092,1503.3399870160188,597790.2959639984,5673063.0854109805,599033.1158307415,5674255.103873929
38119,90073,599126.2060556277,5672371.3153947815,2019-02-04T16:18:40.701+01:00,10;2;69,219.3980110290372,1315.288815003355,1315.7045874105922,599293.0383606699,5672513.802128332,600439.3491130229,5672446.415179652
54756,129001,601149.647091591,5674075.099866058,2019-02-01T06:19:43.175069876+01:00,70;7;17;27,562.1850985075406,4648.429837422557,4650.459912991267,601637.3156328102,5673795.4009585,603559.3436795415,5678050.18002971
14370,33498,598006.7196837607,5673192.593066663,2019-01-10T14:34:47.230451181+01:00,18;69;27,228.64289724307793,2299.6037411573166,2299.379383500923,597876.3993972854,5673004.725567098,599470.2361578217,5674966.373463582
41548,98144,598383.9252416716,5676492.360496997,2019-01-31T12:30:29.585114757+01:00,14;32;11;5;6;9;4,493.12454201693,4398.042143500819,4397.905575392994,598696.5334672981,5676110.984158966,602758.3199412336,5676036.898414653
32609,76961,598852.0950367891,5675268.61015936,2019-01-23T09:47:14.755570391+01:00,14;20;12,182.3282573814419,3839.2031120961033,3838.8512315268645,598698.6818411273,5675170.081052815,602654.430171156,5674737.829543768
3745,8677,600675.635636032,5676250.807590254,2019-01-14T16:43:23.360+01:00,5;11;7;4,1584.8449579786593,3501.134018278995,3501.134018278995,599581.6051621161,5677397.468334752,603442.2342962507,5678396.470953232
45738,108027,597058.8984770231,5673412.225910352,2019-01-21T09:21:37.646686116+01:00,18;25;27;69,480.66688536159126,2120.125804270376,2120.0718931493225,597487.8172295053,5673195.271172094,597215.99494492,5671297.928361352
356,829,597918.9021501159,5673996.760006807,2019-01-30T10:39:54.902+01:00,27;32;18,369.7131996352781,5549.758045724633,5549.740265179264,597694.0285181252,5673703.298425642,601484.5699899872,5678249.5035003405
48815,115171,599128.2058596812,5672423.1250712285,2019-01-06T13:06:12.342+01:00,10;2;69,117.44858916029787,503.75915454690175,503.16995817785715,599227.7692858377,5672485.425113506,599053.7359913201,5672921.3494428685
32207,75950,599133.2666488615,5672413.038267154,2019-01-04T13:49:38.928+01:00,10;2;69,110.36245922290384,599.7368354744775,599.0583134412607,599216.9118387582,5672485.03378516,598972.8069467208,5672990.9110523015
38454,90878,599107.1471263625,5672415.929047266,2019-01-03T17:36:08.379+01:00,10;2;69;1,153.6796917398759,462.08262761867263,461.7702174566254,599244.2290438574,5672485.3984329635,599202.6230770403,5672868.040424682
20211,47418,599109.1707701389,5675172.996516153,2019-01-21T08:30:31.625928199+01:00,14;9;12,43.45348030412363,3479.4115750190376,3479.8565239620534,599065.7658850291,5675175.05099885,602433.2998517081,5676200.844149532
53397,125771,596951.8886152529,5673532.840928616,2019-01-22T07:57:49.579335935+01:00,18;27;69,647.4859826022845,1740.8261508458318,1740.338765301489,597569.4683592764,5673338.332940507,598679.7220853289,5673745.131265546
54802,129104,599136.7146941136,5672412.256109806,2019-01-04T19:12:31.838+01:00,10;2;69,102.8570346723894,655.9828630760829,655.2983325336135,599208.3006649091,5672486.1142059555,598956.6708878494,5673043.047473472
23908,56243,598586.5598327279,5676337.117948474,2019-01-04T15:56:14.652732205+01:00,5;9;20;23;27;32;19;4,1440.393158809667,3186.257009968067,3186.2568596783676,597162.9118808357,5676118.122603732,601710.7158451005,5676963.123494717
14890,34757,599114.4596346125,5672365.147776408,2019-01-22T11:28:05.387+01:00,10;2;69;1,152.44644738319124,788.5586950505639,787.9186688007235,599211.7643439205,5672482.500717855,598954.9516025096,5673137.405507502
32067,75590,598728.1070853936,5676094.563078783,2019-01-03T11:34:01.849147014+01:00,14;9;6;5;37;11;70;32;27,573.8141850095911,3982.6189641960905,3982.682491310084,599112.4888448699,5675668.519205573,602705.9452515305,5676289.645979108
43619,103108,599116.6410677776,5672362.643751754,2019-01-17T16:42:12.469+01:00,10;2;69,148.00774933189282,777.7860856866317,777.1234217556236,599195.8037124701,5672487.702016366,598933.939296797,5673118.667070157
642,1485,597836.4814578083,5675839.844848242,2019-02-05T19:14:54.929622506+01:00,14;23;19;20;15;18,1029.038959835939,3667.021519601984,3666.111406400727,597797.9842724297,5674811.526246067,601074.7862522857,5674119.255157674
866,2011,600727.6753949394,5676551.851763789,2019-01-14T16:48:39.756602687+01:00,11;4;9;7,966.1441051134652,3492.584922806862,3492.584922806862,600913.4350214562,5677499.969790725,603504.7375695744,5678669.887438944
4815,11100,598647.6429382877,5676856.429473088,2019-01-02T09:46:22.675961022+01:00,11;5;6;14;32;9;4;7;27,471.7553875478985,4480.770111621916,4480.831631847804,599097.1309889185,5676999.655301836,603050.6577775213,5677687.549872725
12626,29542,597493.1880582138,5675168.352031239,2019-01-23T11:27:17.473426688+01:00,32;5;19,152.92560413714443,3100.269169801343,3100.269754513894,597511.883897897,5675320.130507906,600583.4010934,5674918.847878195
8360,19525,597224.6059410016,5673051.693939352,2019-01-18T10:13:18.731+01:00,27;18;25,625.5901476319954,5479.840627075418,5479.7462413381845,597628.8249349612,5673529.156019246,600724.785219893,5677268.019153774
54983,129551,598519.8203890186,5674766.999873227,2019-01-25T15:48:40.308929936+01:00,14;32;27,264.46534967556875,3802.746797181959,3802.8113857885064,598389.3042401525,5674997.0160814915,602320.0715323471,5674904.747654001
41040,96959,598648.7016257204,5676969.328284619,2019-01-02T09:59:32.744680616+01:00,5;11;6;9;14;4;34,1135.546255619625,4928.444603263548,4928.4811097840175,597906.5545626837,5677828.795000367,603248.7188649916,5678738.341457506
32322,76200,599130.4767616204,5672414.2574820835,2019-01-06T09:28:43.866+01:00,10;2;1,99.5718997954883,748.501020560085,747.7134625822999,599202.4347547306,5672483.080519334,598825.9755829117,5673098.021191229
17531,41040,601031.9743600329,5673918.740265349,2019-01-23T09:42:00.908136560+01:00,17;1;9;12;70;27,582.8345605736304,4401.223299132609,4408.1061293057855,600636.4177879854,5673490.685218294,603363.8405106602,5677651.456003841
13546,31656,598153.654696935,5675002.713846488,2019-01-11T17:58:29.277671943+01:00,14;32;27,314.5404521884424,4263.448970822428,4263.3260444500365,598460.7884657193,5675070.570637859,602408.7898662816,5674736.590158334
38973,92049,598890.1351345003,5674722.35031195,2019-01-07T08:47:34.774763685+01:00,9;69;12;27,467.04103344626003,4646.357854041415,4646.357854041415,598884.5763651582,5674255.342360191,602194.9831984694,5677988.329580392
31133,73365,599551.3267654174,5676904.44344067,2019-01-09T11:14:28.397420552+01:00,5;4;6,2871.39426358081,4216.567902446376,4216.567902446376,597177.2731068159,5678519.613475993,603209.4964837062,5679001.402951041
16328,38140,601030.0173758257,5673569.4542055335,2019-01-31T10:43:37.319690778+01:00,17;1;70,763.5219820915668,5258.354143589754,5263.139892815942,601202.865254596,5672825.754381719,603654.9757475539,5678125.755539522
44295,104684,599122.5565047781,5673803.438399246,2018-12-31T11:13:03.389+01:00,1;69;17;37;27,1880.256573569963,5761.496896253151,5762.750440198362,600760.415787052,5672879.976567917,602373.6178864973,5678560.05971882
14403,33569,598569.4397244272,5672872.793476702,2019-01-21T08:32:08.687042755+01:00,69;18;25;27,386.4626000329457,5612.734471475064,5612.709019421397,598199.3244818542,5672761.581748726,601203.3778571369,5677829.11854275
6832,15873,600512.7727783759,5676085.933115502,2019-02-04T16:41:26.795+01:00,9;17;7;11,881.3917440389142,3271.4552753010585,3272.854827365088,600635.8046862951,5675213.170515425,603523.4725765426,5677365.818400836
55373,130427,598712.3384741003,5676280.5513770385,2019-01-23T10:19:55.398680312+01:00,14;6;32;4;5;17;20,379.01079618791033,4013.325034001853,4013.0846032939594,598429.519968711,5676028.236342535,602703.0499420802,5675855.110655104
48176,113672,599133.2485675479,5672408.794386574,2019-01-08T06:42:48.196+01:00,10;2;69,104.4938180938444,702.488209065671,701.743965781224,599205.1251305172,5672484.641058983,598886.0602273253,5673066.356253119
102,220,597952.9977112549,5676411.549325243,2019-01-08T09:54:01.657+01:00,14;33;4,618.146959590858,4503.1264489261575,4503.167364597425,598143.3683684869,5675823.44671811,602301.093915658,5675240.136839278
8426,19654,598293.2719318069,5676429.940025421,2019-01-29T09:27:41.879704439+01:00,5;6;32;9;11;27,1735.8864709686159,5241.650274062506,5241.650028907913,597196.9646339508,5677775.827148756,603082.003539855,5678561.35907893
23598,55505,599431.2669914257,5674232.065520762,2019-01-26T10:03:19.026+01:00,12;17;2;69,478.4811110738029,3667.263084710124,3669.466282953273,599694.3905243956,5673832.427959899,601949.446643396,5676898.0718547525
10623,24802,600634.4383985471,5674513.097002014,2019-01-14T14:21:33.750393433+01:00,17;7;9,85.83573991114658,3794.0567575233054,3796.932411920045,600679.2013829531,5674586.336673457,603554.924236326,5676935.003100656
40801,96439,599126.9074377374,5672376.421167888,2019-02-04T16:57:38.494+01:00,2;10;69,318.0301680100471,2409.664612498887,2409.9335574330917,599409.823211982,5672521.6859346,601436.7901983018,5671690.181284773
33622,79330,598270.3343647581,5673484.068402521,2019-01-16T13:28:57.626+01:00,69;27;18,510.45426954216674,3801.1130504379757,3801.002136152598,597884.6821042831,5673149.649660097,600432.5832467729,5676610.2706023855
1583,3599,597879.0403035188,5673918.767977324,2019-01-29T10:51:17.258+01:00,27;69;18,480.0603403949937,5077.215002561354,5077.159270947307,597756.3587631345,5673454.648197452,601113.9836974076,5677831.983205314
53274,125457,597211.1904581077,5673112.546174729,2019-02-04T14:22:07.31693409+01:00,18;27;69;15;25;1;32,256.5025054778622,1361.0540515564642,1360.6548458122334,597455.5352359982,5673190.579275616,598518.7033151597,5673490.538581931
18676,43753,598449.082197164,5674011.991998399,2019-01-22T11:17:59.790+01:00,14;27;18;32;69;1;7;25,328.2567248192025,3728.0189130472154,3728.192495343823,598676.3125316099,5673775.097818444,601507.7102616098,5676143.404529896
33646,79384,597425.2847747931,5674368.859383182,2019-01-22T10:38:33.186+01:00,27;5;32;19,415.5776622666104,4892.462639422846,4892.46168214535,597310.8635685077,5674768.374815834,600713.7748799011,5677991.292751341
36489,85973,599115.7350363146,5672368.1428585695,2019-01-20T20:24:44.098+01:00,10;2;69;1,168.2380111123132,597.0633276058852,596.6440798002105,599237.8202671737,5672483.897879148,599159.4884515132,5672963.600880457
49905,117740,598705.0711603471,5676917.792752888,2019-01-07T10:08:28.203794229+01:00,11;4;5;9;14;32,1435.9166302518943,4835.935031113643,4835.97665735453,599864.8926786085,5677764.356758036,603258.3857916781,5678546.778171257
27682,65184,599096.9255231643,5674963.553057183,2019-01-30T11:22:50.348331061+01:00,14;9;32,355.4513914817758,3737.4969173638447,3737.716830350052,598851.7619342703,5675220.925368022,602792.8165783812,5675519.6758091645
30340,71457,601382.6207791537,5673484.3182845535,2019-02-04T08:04:20.560624778+01:00,17;70;37;1;7,668.250055898586,4679.786115263924,4684.668559804906,601788.2653341675,5674015.365017145,602598.9850162505,5678003.262423103
55332,130337,599106.4141486305,5672415.914904442,2019-01-03T19:02:27.682+01:00,10;2;69,192.63857954023578,544.9428418157598,545.4281043692611,599283.295360826,5672492.221254764,599633.2704755283,5672555.145330908
19175,44888,599095.8816489858,5674639.750226212,2019-01-28T11:10:02.768669269+01:00,9;14;27;12,415.00815757785284,4118.781340378795,4119.251309050277,598968.4410483068,5675034.706760725,602622.1257091463,5676768.121095688
53690,126470,597749.3486557641,5674983.115440814,2019-02-01T11:34:25.860684546+01:00,32;14;69,202.04391140047244,3862.8495054923687,3862.8152442663386,597938.5212333691,5674912.154338678,601566.988106656,5674393.848671789
7877,18331,597952.4740440487,5676412.812384634,2019-01-08T09:56:46.523414906+01:00,11;14;6;20;33;18;32;34;4,864.2608761796756,3659.4604350006916,3660.2493432797132,597658.1547665986,5677225.415008932,601610.9197271768,5676498.985808246
26753,63005,598494.1669926894,5676039.1439784635,2019-01-02T09:01:39.491010579+01:00,14;32;20,897.9805454122767,3981.820525967807,3981.2305449320124,598316.2606275954,5675158.963096373,602054.6688063241,5674256.527492474
19796,46444,599632.1324810067,5675607.055130374,2019-01-31T12:13:59.223743834+01:00,9;14;11,258.1684343538342,3776.9191000652477,3777.187950558326,599622.7554146841,5675865.05321394,603189.5612739372,5676875.841271402
17346,40633,599268.5595336985,5674107.126727521,2019-01-12T09:54:17.940+01:00,2;69;14;17;12;70;27,1426.871756538357,4393.1499916182065,4392.852216974136,599670.7203214804,5672738.101632654,602663.0593864834,5671318.374748894
54717,128890,597836.4814578083,5675839.844848242,2019-02-05T18:49:14.105854451+01:00,14;20;23;15;19;18;32,1323.9583722771663,3366.8347680328234,3365.947401248339,597283.534928626,5674636.883540723,600389.6220613136,5673645.067088657
46042,108735,598564.5335581249,5676225.089486916,2019-01-28T11:43:38.64198233+01:00,14;20;19;4;27,1000.6220348593504,3799.9374785717982,3799.1746004566703,598531.2778195727,5675225.020233064,602148.6386827349,5674962.665114211
33978,80171,599595.343340071,5673679.764914244,2019-02-01T14:07:18.765564286+01:00,2;17;1;27,1091.7274337559836,3836.568993855297,3835.811680520613,599854.5041652037,5672619.244072237,602863.0789750643,5671669.499890819
38911,91897,599116.2997071136,5672363.061517747,2019-01-18T07:06:44.286+01:00,10;2;1,218.07446906954598,466.87718449930287,467.1686051792514,599299.3649218804,5672481.567218886,599503.2840068403,5672624.246236234
48325,114046,599927.9588586248,5676446.246500342,2019-01-03T10:12:32.291804339+01:00,11;7;14;37,1717.9007631105023,4069.099734665934,4069.142985828553,601228.6334970375,5677568.489128692,603315.9340873776,5678699.953779475
14228,33172,599826.8694788457,5675724.567819514,2019-01-31T12:16:52.256129829+01:00,9;11;14,364.3892023713888,3681.254263860184,3681.521023487258,599812.9234554148,5676088.690050689,603233.2334833883,5677120.389163292
2642,6040,596603.5530291505,5676107.586220585,2019-02-05T13:27:44.412381926+01:00,5;32;14;18;1,1529.8852907246842,5200.664805440866,5200.511952899899,597930.8843080228,5675346.836144079,601783.015272588,5675638.453736785
18224,42666,598572.7633027581,5676179.841693048,2019-01-16T10:39:29.260990902+01:00,32;5;20;11;4,394.8016649644848,3571.1286485492083,3571.129170874799,598186.109083543,5676259.634358262,602109.2725868091,5675683.795416669
4408,10200,599111.568043131,5672361.272802843,2019-01-21T14:41:01.991+01:00,10;2;69,150.78144460267515,799.5199927349046,798.9077658531398,599190.221244368,5672489.914623304,598975.722589945,5673149.167612847
33270,78449,598823.1837483455,5675863.422793488,2019-01-24T10:34:32.190079230+01:00,14;9;32;20;4,483.0752874154808,3886.9048095104763,3886.5995632943814,598736.8526130304,5675388.124288981,602649.3995016043,5675179.242986924
11659,27275,599049.2185570692,5674646.063555912,2019-01-24T10:18:20.787+01:00,2;14;9;69;12;19;27,715.1628737406005,2664.036539453867,2663.9598564299163,598940.2776800786,5673939.246874376,601692.3444956482,5674312.933016399
6986,16255,597955.9211017317,5676542.730214894,2019-01-30T10:35:29.313974524+01:00,5;9;6;11;14;20;32;34,786.2974832577462,5158.254429699351,5158.293450902193,597540.6987481477,5677210.4533081455,602956.5511973533,5677808.150069439
6719,15601,598383.1730062806,5676522.89956462,2019-01-09T12:15:01.150380004+01:00,5;9;14;11;32;20;34;27;4,314.0932760888066,4552.066023885998,4552.130247075797,598078.9402461756,5676600.982941616,602877.7996293679,5677243.757806476
39397,93069,597935.2464128552,5676350.527939666,2019-01-28T19:55:25.127015334+01:00,5;6;14;32;4,1592.7347277401714,5229.867407977373,5230.002324621093,597336.6941994034,5677826.515460183,602975.969923213,5677744.306830721
44891,106094,599132.4108659856,5672419.387047893,2019-01-06T13:45:10.901+01:00,10;2;69;1;27,108.5997541356915,625.6307275416933,624.9887252076621,599218.8321696429,5672485.153793841,598997.3876594098,5673030.273732091
40391,95434,598427.9452529094,5676457.983565153,2019-01-24T08:13:02.558695495+01:00,11;5;14;20;4;32;34,746.163158541012,4587.180753403877,4587.266636406356,598514.9941625872,5677199.051677061,602877.5012960997,5677573.186812506
37107,87565,599134.5247384657,5672389.298771862,2019-01-16T19:55:43.334+01:00,2;10;69,411.0705967061288,3003.7915807425393,3004.0063936555207,599527.2972077504,5672510.578707747,601782.3966421478,5670971.011691532
34240,80716,597961.1764122023,5676550.044575954,2019-01-17T10:04:17.954771791+01:00,5;6;11;34,1955.6702495892296,5779.259572457481,5779.259572457481,596751.7672864093,5678086.916623841,603204.8380925377,5678979.829214152
28725,67638,597435.1706187312,5674787.0320535125,2019-01-08T12:24:26.179512492+01:00,32;19;27,297.32077887192355,985.2354583497576,985.2319543062893,597171.8635829808,5674925.1227862695,598210.5803088138,5675394.838536627
8273,19310,598596.4793921867,5676375.500500526,2019-01-25T08:26:51.256842066+01:00,14;9;32;5;20,888.4142698008623,4080.365727257442,4080.151330294395,598485.402469502,5675494.057460941,602594.8709938471,5675561.713631654
590,1378,599112.4342987683,5672361.289517856,2019-01-21T14:43:39.838+01:00,10;2;69,161.23429305481804,655.497363030223,654.9251613096612,599212.70407068,5672487.553012571,599033.7184614722,5673012.043395984
41708,98508,598285.8333020624,5674762.938122025,2019-01-04T14:42:02.554897995+01:00,32;19;27,660.2518105096922,2285.4706978164472,2285.471128872007,597651.639423954,5674946.596985822,600567.828867059,5674636.951805651
19966,46842,601217.9882721263,5673530.720343588,2019-01-25T08:39:20.165702125+01:00,1;17;7,1269.8131577301367,5503.510712492653,5505.936059586823,601211.0147366005,5672260.926334566,603702.6914759843,5678441.4107381515
3271,7454,598669.8137342804,5674629.420194544,2019-01-14T14:44:27.651194535+01:00,14;27;11;9;32;69;12;4,219.0654529930406,4271.004921555406,4271.581609947676,598453.8759667965,5674666.305872918,602265.3378915123,5676934.564240957
14074,32840,599115.2335466869,5672363.040944637,2019-01-19T07:48:36.026+01:00,10;2;69;1,200.1388698598828,542.8789565348108,543.084131624909,599270.336643518,5672489.526503426,599527.9080092293,5672715.769380425
32642,77045,601109.5817432004,5674036.966968146,2019-01-03T14:48:22.278+01:00,1;70;7,1325.6625600706475,5186.74629776357,5186.74629776357,601941.0715595868,5673004.491346924,603763.9229535953,5678493.065025434
9997,23346,598767.980042055,5676332.969289118,2019-01-30T16:05:00.289636261+01:00,9;11;69;27,1149.418461449576,4627.0054194588865,4627.0054194588865,599749.3012405008,5675734.494974714,603130.0592263923,5677876.162193869
33598,79279,598116.1610644861,5675750.979254284,2019-01-17T09:23:56.481067671+01:00,14;20;9;5;11;32,535.0560593429329,4316.14902331995,4316.022259554235,598650.5426216994,5675777.836989667,602394.5069869478,5675180.9805180915
27468,64714,597240.8166673923,5673357.107675515,2019-01-22T10:45:33.847051366+01:00,18;69;27,334.47382363918643,1710.8041755343806,1710.7187626004525,597532.455430237,5673193.3408574285,597452.0588679934,5671659.3951969985
5226,12109,598354.3034019662,5676135.335190328,2019-01-15T09:06:25.141022803+01:00,11;14;20;32;5;6;19;34;4;25,752.1323228165788,3192.0703537518107,3192.1445972345823,597823.1753459205,5676667.881919833,601472.7899274717,5676816.771125352
42257,99856,598350.7060998179,5674711.985432886,2019-01-14T16:15:22.354603623+01:00,14;32;1;19;27,136.98103141187423,3212.472012070769,3212.8640603707354,598487.489808024,5674719.33527207,601470.1801389613,5675479.356364996
51465,121373,600515.5693804658,5676084.29046906,2019-01-18T16:50:15.601608384+01:00,9;1;7,1593.9170934254948,3269.011517171806,3269.011517171806,600336.5147530496,5674500.462466682,603492.935597156,5677434.004035382
44940,106205,598090.5344800841,5676805.431264608,2019-01-03T12:10:24.598588176+01:00,5;14;34;4,1313.3643298594816,5088.443705640557,5088.587401077875,596945.9152107859,5677449.459673375,603015.6576572179,5678084.267077186
25611,60337,598070.3797431644,5675115.696969875,2019-01-09T08:45:27.875670394+01:00,32;9;20,99.75019940371902,3597.663239007317,3597.6651424236193,597976.5766688006,5675081.769318601,601563.6770273299,5674255.432553695
14865,34697,596786.3330437916,5676688.147104377,2019-01-30T13:06:26.721951690+01:00,5;6;34,2023.1281909819845,6681.939563839527,6681.939563839527,596237.0220878796,5678635.2745143995,603057.4840286383,5678994.872415301
18609,43570,599132.9262629811,5673811.701344228,2019-01-15T12:58:13.543+01:00,14;1;27,261.0571950805641,4770.632664526655,4771.486416659276,599393.9564247598,5673807.944517758,602895.5173121173,5676744.591491644
3240,7372,600715.2364188635,5676298.264497907,2019-01-24T17:05:23.725835629+01:00,11;9;37;14,781.7091223801765,2521.7774745307624,2521.9229715553597,601026.0245938796,5677015.537013958,602357.695398443,5678211.818816825
11163,26076,599115.7054760982,5672428.400429148,2019-02-04T10:09:36.073+01:00,10;69;2,100.04330994342604,735.2455957822671,734.4745476770476,599198.6563597592,5672484.327298936,598835.058455625,5673107.976279232
12940,30233,599136.4552077584,5672408.431922993,2019-01-10T18:16:48.633+01:00,10;2;69;1;27,102.7720852479736,746.3737007600865,745.6524517236307,599205.9077602421,5672484.184444137,598899.7388998714,5673116.273070968
8959,20869,598603.7431879028,5676727.005809468,2019-01-21T12:28:47.114787724+01:00,5;32;9;20;4;34;7;15;27,1304.749501070205,3413.2387582872084,3413.2958444392334,597367.952598326,5676308.445324883,602004.6432503496,5676437.044456312
48395,114206,597117.7628854484,5673501.179105346,2019-01-04T09:51:30.602+01:00,27;18;14;19;32;25,642.4116327786419,3540.0241952019546,3540.1541861417813,597633.4530106139,5673884.267085758,599857.9284564719,5675742.443022423
19059,44616,599099.5913795837,5674628.788629422,2019-01-07T09:49:36.306375005+01:00,14;18;32;27,985.7931139832207,2001.8183244510014,2001.4977298355702,598125.9484747801,5674474.491651155,601085.6263953709,5674377.907143109
32407,76423,599740.652194137,5676521.956054462,2019-01-29T09:22:43.548+01:00,9;14;5;7,1160.2786646023205,3396.157001232718,3396.1945660573288,598788.938174027,5675858.264105244,603134.1038740914,5676657.484917943
44535,105251,597836.4814578083,5675839.844848242,2019-02-05T18:52:54.321688058+01:00,14;20;19,950.0192376189406,4504.298766615591,4503.660338549195,598545.990167939,5675208.0743661085,602156.3933539129,5674564.2788606
28734,67656,598387.5775137648,5676470.364133983,2019-02-01T12:22:36.979064241+01:00,14;5;9;34;32;4,725.3164938908552,4262.819106753126,4262.768352532453,597741.6483461196,5676140.425462871,602647.0163860318,5676300.637205297
17459,40869,599114.3836620257,5672362.1758388765,2019-01-21T19:09:19.602+01:00,10;2;69;1,168.2369951002215,703.5532545342759,703.1024142699943,599231.752644333,5672482.708857226,599137.6909170586,5673065.342927006
43064,101750,597818.203837235,5675991.414443626,2019-01-03T12:34:06.872927313+01:00,5;14;9;6;25,1367.5621666177115,5614.787830748632,5614.985773261866,597284.2532813638,5677250.431156561,603072.7752812394,5677970.131534111
6241,14484,597979.0027271307,5676485.034671634,2019-01-04T07:47:12.687641407+01:00,5;9;6,1258.4151979585006,5643.826954082854,5643.826954082854,597468.2866853825,5677635.155506657,603249.7572392051,5678502.936939109
24050,56563,597102.2984433316,5673407.954275362,2019-01-10T10:01:44.67918411+01:00,18;25;27,390.2172801418054,1092.639099584476,1092.2459242491443,597407.524486955,5673164.83581038,597818.3613430131,5672582.657888819
35979,84788,598464.4016062708,5674305.937833365,2019-01-29T11:36:40.908063276+01:00,14;27;32,546.7842570359097,3975.4536023620244,3975.9084882522006,598335.6138067667,5674837.338554517,602286.8560992144,5675398.216641137
20731,48624,598937.0337736149,5674916.335356185,2019-01-15T14:26:26.901284014+01:00,14;69;9,251.25561555777603,3756.3619664987446,3756.4772525258686,598698.6667722358,5674995.774370547,602689.0935482779,5675096.064793714
22635,53249,599136.5715340108,5672407.585461848,2019-01-04T18:07:13.481+01:00,10;69;2,96.7344392120988,782.0570261925151,781.307343967664,599193.2200610561,5672485.997808537,598859.0205578345,5673138.734316625
51608,121714,599155.1978693983,5672388.849103922,2019-01-14T17:03:10.351+01:00,10;69;17,165.04582136459186,1195.0444575624047,1195.1202698668744,599214.4702039707,5672542.884533302,599184.8104229098,5673583.52661364
5337,12383,599133.9739281224,5672410.930151986,2019-01-09T18:25:13.853+01:00,10;2;1,155.930333364634,419.79377769830285,419.6320413772329,599273.8541987962,5672479.834279144,599293.9952636514,5672799.028062274
22315,52417,599137.554676039,5672408.45314368,2019-01-07T11:36:25.676+01:00,10;2;69,117.15594206656318,536.9493851401791,536.4793389294781,599222.7989459943,5672488.820607253,599140.1867852659,5672945.396077522
31090,73243,599741.3216715564,5676830.052812683,2019-01-14T09:30:22.719916078+01:00,11;14;5;6;9;4;27,633.121485043707,3655.55775179193,3655.7126849300985,599248.4805218264,5677227.482574977,603214.4658991039,5677970.39120603
45694,107924,598611.2733543061,5676470.415945954,2019-01-03T13:20:48.817+01:00,14;5;32;4,738.2755196033913,4006.11575510267,4006.0452422931867,597906.8182115814,5676249.522997369,602607.9160625027,5676195.078868354
32805,77420,600308.5474391212,5675802.707988249,2018-12-18T12:34:28.683343668+01:00,14;37;17;5;11;20;1,71.92738344135604,1873.3565856435223,1875.1181076166624,600330.5175533955,5675871.197860256,601589.9514382151,5677169.26156864
28374,66807,594959.3856615324,5675086.469510658,2019-02-04T14:59:50.441796601+01:00,19;15;14;27;32;25,897.9042280209025,3377.911751188334,3377.927320003966,595833.5298072911,5674881.276881322,592139.9377121887,5676946.846101501
20663,48450,598747.5683438985,5676031.708773478,2019-01-14T08:41:38.882868296+01:00,14;9;20;6;11;27;32;4,778.5322457227553,4122.524419167999,4121.855944092579,598693.9730868458,5675255.023505141,602706.7213267398,5674882.659059542
1892,4331,599153.0994392931,5672390.506008454,2019-01-15T07:42:29.033+01:00,10;2;69,185.12319474551518,1060.7640586084385,1061.2340760585282,599297.4059648862,5672506.463862453,600212.9390120535,5672434.783181427
7344,17063,598080.4506856163,5675111.645910484,2018-11-20T11:38:14.864442535+01:00,14;20;32;9,433.2865717243483,4029.6791708858505,4029.560694738586,598479.8406286441,5675279.648668333,602058.3875197115,5674467.959057876
45761,108091,599134.0750173067,5672414.326928345,2019-01-10T13:41:42.459+01:00,10;2;69;27,98.78400567920615,710.8637840534348,710.1575338929239,599199.1180257193,5672488.67534349,598920.5063445622,5673092.350336127
35156,82855,599129.9851906525,5672413.823641824,2019-01-04T12:31:43.359+01:00,10;2;69,100.93961550122678,725.9600293563632,725.1922338754181,599202.3686319375,5672484.175922563,598852.876513466,5673084.814510056
20142,47218,599127.7687415333,5672411.234746991,2019-01-10T15:12:20.488+01:00,10;2;69,141.89172626912213,410.1185443619215,409.9369591454905,599246.8490034208,5672488.391426627,599274.6756364488,5672794.13889251
47899,112987,597951.5305292464,5676518.033899561,2018-12-31T10:41:43.333265821+01:00,5;6;9;11;32;70;19;4,618.3131381114113,4676.055721605956,4676.055426247815,598155.1332793891,5677101.863546714,602302.7576189856,5678230.435699689
39935,94347,598367.1961745594,5674724.183319806,2019-01-23T16:13:21.925379489+01:00,14;32;27,244.9930666873448,3684.2684682105423,3684.3614345196243,598189.5696353781,5674892.915104907,602039.7281963537,5675018.024594556
40987,96845,598519.5014600889,5674761.052806224,2019-01-25T16:09:45.104891299+01:00,14;32;27,300.4144741209144,4006.418244534973,4006.4738023950163,598532.6748614772,5675061.178309567,602524.6835003595,5674860.571520223
3168,7205,597891.4826252444,5676376.851203082,2019-01-02T09:48:34.134847125+01:00,5;6;9;11;4;25,1654.4111151943362,5813.527411583292,5813.5271835497815,597128.0943795753,5677844.609536205,603174.4730720312,5678803.188546567
35810,84388,596912.2773324853,5673645.394110663,2019-01-05T09:31:17.274086113+01:00,18;25;19;32;15;34;14,202.76778929941187,724.0214691969716,723.6548521405589,596714.980251758,5673692.176995502,597626.0030464159,5673523.727791854
17323,40575,600223.347983672,5674690.498062214,2019-01-14T14:07:13.800+01:00,12;7;9;11;27,488.66641164449686,3755.572737544428,3755.572737544428,600242.6038276068,5675178.78493931,602070.1034554502,5677960.6388564985
30837,72641,599123.7405635407,5672371.267814998,2019-02-04T11:16:54.343+01:00,2;10;69,356.98244441865836,2487.065257465505,2487.3508157187675,599450.8640761895,5672514.189727577,601432.6119075285,5671446.818404914
20323,47687,599111.6756037425,5672359.153112955,2019-01-21T08:41:03.474+01:00,10;2;69;1,162.10157748590245,806.9048577034296,806.3125394594923,599218.7807078315,5672480.830629784,598998.3924320819,5673158.0663575595
3448,7919,599134.499384909,5672413.062059312,2019-01-10T08:37:36.121+01:00,10;2;69,106.95156455232389,627.9629628253435,627.2538333739033,599213.9746830179,5672484.632403385,598940.7042429963,5673010.373473611
24151,56813,597688.2566915423,5674263.526027542,2019-01-31T10:52:50.799+01:00,27;32;18,382.56135723864406,3689.4902715696016,3689.3735229745107,597689.7680311678,5673880.967655649,600772.9799717308,5676287.5864882665
15893,37142,599450.2361843975,5676962.316682816,2019-01-10T10:44:07.120135208+01:00,11;5;6;32;17,740.7121296397448,3985.6391518276814,3985.908427485072,599069.1966810105,5677597.504336863,603202.855540641,5678305.137376627
43603,103071,597916.9351180932,5676332.77992657,2019-01-31T11:48:25.146758936+01:00,5;32;20;9,1769.4956605837876,5625.18904440749,5625.188882508778,596838.8767524621,5677735.956698441,603089.1721107198,5678544.276315314
54944,129457,599423.4912588566,5673792.283081369,2019-01-14T10:09:44.791796215+01:00,17;11;27;12,1310.3908164891632,5564.118636202192,5568.671536439838,600314.7504203257,5674752.898092201,603025.0252378752,5678033.552843563
43494,102800,598022.2617914529,5676481.617589028,2019-01-24T07:55:49.289728276+01:00,5;19;20,1635.2970305105778,3943.3879452837227,3943.3879452837227,596688.1531201872,5677427.3186153835,601532.949659855,5678277.551657323
6907,16046,598385.0460005804,5676486.016681271,2019-01-10T08:31:42.351244623+01:00,14;6;32,628.061066134553,4452.246461878875,4451.7127322758115,598328.4765398764,5675860.508408816,602673.8860961661,5675290.88104386
21831,51251,596900.249619985,5673662.989725228,2019-01-29T11:39:35.661+01:00,18;27;32;25;69,676.6988273629104,2111.561949829153,2111.149165600973,597554.434847562,5673489.8915132955,599003.630169698,5673848.688758762
3683,8507,598310.5534459009,5676456.156777101,2019-01-22T13:17:15.610131158+01:00,5;6;32;15;4,1946.7796246655043,3641.7993297225903,3641.915281032404,596608.0327411824,5677400.282911162,601906.4989725288,5677032.245422617
23229,54635,599614.7918137596,5675599.504389563,2019-01-04T12:21:07.902791855+01:00,14;9;4,699.617849446442,3325.244474826325,3325.3146381856864,598943.1418447434,5675403.669115966,602937.2726263673,5675735.047988514
48529,114552,598280.3285658917,5674222.20774296,2019-01-16T08:52:11.870473058+01:00,14;19;32,1087.8711598824757,1313.9590372700163,1315.1537108747193,597606.5087409219,5675076.274780131,598859.3067383192,5675401.729946005
11603,27116,598107.3385435003,5676504.886034166,2018-12-31T11:45:41.181316140+01:00,14;5;6;20;32;9;4;11;34,65.2657502518389,4514.316994353717,4514.2529802742,598042.298851372,5676499.458640336,602610.9608775041,5676194.332016042
40143,94852,600519.2076896996,5676119.583585187,2019-01-28T09:45:49.662+01:00,7;6;11;37,973.7975535698516,2534.3095917438513,2534.3095917438513,601256.8379685296,5676755.337662714,602635.8230767201,5677513.378552258
34663,81682,599083.0672284056,5674687.454910373,2019-01-18T10:07:10.170+01:00,9;27;14;4;1;12,257.1308720057843,4638.678052913502,4638.853138878543,598946.0745224579,5674905.053816289,602727.3261707078,5677557.421955486
22742,53482,597821.5075404673,5675900.241700517,2019-01-28T08:42:20.755652552+01:00,14;20;19,877.1926260215932,4014.108302580381,4013.4362897556716,598400.2101462412,5675241.022315777,601578.382750626,5674486.39796087
27467,64713,599136.4481565463,5672412.2509654155,2019-01-10T18:51:04.426+01:00,10;1;69,97.63823771163273,786.0683389876722,785.3065551892549,599205.1955592342,5672481.583642323,598846.9490013641,5673143.068092136
18817,44085,598238.1047769734,5674168.77987286,2018-12-31T08:47:56.917+01:00,27;14;69;1,594.6707544889699,5560.790272824401,5560.965827619989,597900.8543396859,5673678.988643055,601804.058147235,5678435.671600975
7124,16557,598495.3242481104,5673722.197502085,2019-01-07T09:39:37.219+01:00,14;27;18,603.7003126878919,2676.8962654394654,2677.233491881942,597993.8356808663,5674058.29761286,600757.7974920542,5675152.927538242
481,1156,599451.1016645058,5676962.333464679,2019-01-11T10:43:24.834620383+01:00,32;9;11;6;17;5;4,1350.7771252638122,3049.144016276561,3048.9269016107496,598552.0868093915,5675954.18112876,602373.113025467,5676091.053464674
37419,88357,600847.8867798034,5674676.420933838,2019-01-29T08:02:20.993809121+01:00,17;70;7,1165.6804975856498,4118.383283754073,4122.914023797817,601460.3286938327,5673684.591349488,603656.8488800646,5677688.199941535
32722,77231,598353.3212957218,5676339.430553652,2019-01-24T11:23:32.574266507+01:00,14;71;20;4,11491.446998981291,3693.5920446611535,3692.7053778576756,594332.3536808458,5665574.432942389,601649.0712164495,5674671.901047944
27788,65440,599135.3890566975,5672408.4113455815,2019-01-06T06:43:57.012+01:00,10;2;69;11,108.59110278701343,746.3210673068903,745.5672278224608,599203.691474906,5672492.831765335,598865.5099841871,5673104.227716276
40874,96602,592785.9512036433,5674075.826968594,2019-01-31T13:53:05.348535652+01:00,23;15;50;19,968.2375415853212,4063.6566473043763,4063.8571028441684,593624.7243917091,5673592.149931805,596823.9666819678,5673620.045942231
46952,110866,599097.4543578107,5674715.315721052,2019-01-21T10:15:44.145882406+01:00,14;2;18;4;27,541.4186540371724,3023.5340923120734,3023.0056584139147,598772.3294507968,5674282.386218963,601846.407691319,5673456.342338662
45204,106793,597958.3746766621,5676412.500706544,2019-01-07T09:39:53.43615848+01:00,5;9;14;6;20;32;4;19;25,1080.0469012710648,4741.1820014011,4741.246067335401,597223.6605281236,5677204.142310354,602450.1664456176,5677929.937187836
26461,62304,598368.4690032284,5674722.085950049,2019-01-08T15:50:10.531+01:00,69;32;19;4;27,631.2828521461427,2999.3634320591523,2999.361595044421,597739.1905673073,5674671.819763616,599838.7482640162,5677336.365945166
52100,122862,598751.8281025846,5676049.1893084375,2019-01-28T08:33:07.777235220+01:00,14;9;11;20;32,659.2391816154848,4082.0371943147466,4081.7069740672327,598957.8503500633,5675422.969592906,602769.0057935066,5675324.405854344
15379,35919,598583.4655084572,5676258.977260415,2019-01-22T11:15:25.705569889+01:00,14;71;9;11;20;4,16221.683789807441,2854.6431125034305,2854.190772099742,592483.356362183,5661227.952898116,601209.7730661621,5675140.274479466
54393,128099,599031.9968279655,5675469.403844541,2019-01-31T11:30:46.752+01:00,14;20;9,454.0630627652554,3709.267007884657,3708.6963561120997,598673.890005763,5675190.239432662,602641.5945885382,5674615.3161777
50685,119561,600515.0201621731,5676088.523302629,2019-01-07T16:41:35.596917927+01:00,11;14;9;17;7,369.603885689079,3092.626694146247,3093.206015109894,600237.5066420588,5676332.640648326,603313.2803271243,5677405.367985419
191,453,599136.9304040803,5672409.71415417,2019-01-07T14:05:27.801348681+01:00,10;2;69,103.08308538465167,677.3493064274691,676.6396854725652,599206.7052940478,5672485.592920781,598928.7562553346,5673054.280370095
50818,119850,597709.2524559831,5673216.204483535,2019-01-21T11:02:47.654948637+01:00,18;27;69,171.37017367782306,1039.971114790204,1039.942307548794,597538.7644434335,5673233.570369728,597756.168601773,5672177.29217017
3549,8180,598576.075427943,5676281.326036559,2019-01-28T15:44:06.114749120+01:00,9;20;14;1;18;25,1353.3436029881718,3817.993378275145,3817.9070698300643,598996.3858537871,5674994.9054001905,602360.4258341623,5675775.593459498
26260,61833,598453.5215381787,5676537.828629623,2019-01-28T12:41:33.422423643+01:00,11;5;20;32;4,349.13773633194853,4022.382311508799,4022.382304072615,598696.5920548558,5676788.455609123,602475.8757016066,5676552.87668241
27542,64870,598560.205714798,5676245.79970202,2019-01-24T11:06:09.152169670+01:00,14;11;20;9;5;32;27,528.2832105900861,4059.592329403784,4059.51239635208,598913.1153361939,5675852.68655073,602607.0217874087,5675923.977460071
38661,91331,597870.0194296641,5676286.903264663,2019-02-05T08:08:26.456764377+01:00,14;5;6;20;11;32;34;4,669.1993918844521,4746.2998271088645,4746.361984100174,597704.9393113996,5676935.421869371,602600.25485438,5676677.076143752
53071,124997,597875.1176507019,5674346.439107104,2019-01-24T13:31:01.863163609+01:00,69;14;19;1;27;32,723.4436535802597,3842.3531132547555,3842.686138964864,598212.2710240145,5673706.36229705,600339.9912073578,5677293.99331299
47834,112833,593595.4507134077,5674293.356579939,2019-01-21T15:28:36.464676386+01:00,15;19;50;34,364.33783297041515,2558.970814218543,2559.380481370434,593676.5797080892,5674648.546870847,596147.3788984354,5674483.077866261
33321,78592,599134.4487785419,5672386.32683378,2019-01-17T10:19:55.312+01:00,10;2;69,129.1017802565808,776.9286711802233,776.7499811883263,599191.5165335773,5672502.130724045,599405.813425373,5673114.32366657
13618,31816,597875.3807567598,5674355.355500244,2019-01-16T11:31:16.127365212+01:00,32;14;18;19;69;27,214.917267456881,1630.4211041048552,1630.5798874937298,597660.539764672,5674349.63012079,599308.3817451061,5675133.032260928
3804,8810,599158.8879060609,5672389.34469198,2019-01-14T17:46:51.881+01:00,10;2;69,158.05081017029164,716.1647028654405,716.581331837579,599271.4249364064,5672500.319803588,599839.3654988648,5672612.598196593
20137,47200,599440.8831210779,5676965.53019148,2019-01-17T10:22:15.623820811+01:00,14;9;6;4;5;32;70;7,882.7609898535188,3580.699085207702,3580.702475641292,598918.9940921909,5676253.561929031,603021.5392637813,5676983.066625778
28569,67284,600513.5552501593,5676088.494601947,2019-01-25T16:52:45.172150115+01:00,9;17;11;4,595.5299693301858,3324.103733301604,3325.6712886691485,600107.6500598316,5675652.7229635455,603398.6950679087,5677739.443983905
19492,45694,599100.6263049438,5672418.773703068,2019-02-02T15:43:08.283+01:00,10;2;69,109.17125498504025,841.03455177034,840.7329676113982,599171.4157269184,5672501.883393547,599272.4712694226,5673242.064918528
43148,101964,601181.7560590438,5675750.25853086,2019-01-18T12:40:54.353873451+01:00,37;11;5;7,2027.4864925364507,3327.4058040484256,3327.4058040484256,602215.0454131259,5677494.682386509,599419.9940621139,5678572.991966909
32219,75982,599119.3993847377,5672366.516156503,2019-01-20T20:51:05.628+01:00,10;2;69;1,192.05044016750193,469.9487368596554,469.977454686812,599270.5413881964,5672485.0044106,599394.6128409873,5672747.448392964
25566,60220,599150.4117418046,5672398.516836838,2019-01-15T11:40:27.148+01:00,2;10;69;18,218.32770403528392,2283.1429555807854,2283.306452666889,599278.9789034437,5672574.974965858,601273.8257827724,5671559.55642881
33883,79949,599445.8923340372,5676963.081171125,2019-01-08T10:38:36.680314808+01:00,11;14;5;17;32;6;20;27;4,592.9607938635688,3502.7103205945255,3502.7665180710806,599092.518392379,5676486.920105501,602946.7175309308,5677077.983437398
7595,17677,599133.540804467,5672410.921792594,2019-01-09T14:04:58.143+01:00,10;2;1;69;11,118.04745157929129,739.0148605108407,738.2970556822372,599216.8299063207,5672494.576597218,598904.1850677573,5673113.445037828
54403,128122,599135.7818126293,5672412.238104502,2019-01-10T20:28:04.085+01:00,10;69;2,95.01205673214766,759.4444605475763,758.6921366624999,599196.2062829719,5672485.5605042735,598862.4524799439,5673120.790829816
48741,115002,599110.9431952201,5672360.836392984,2019-01-18T13:16:46.909+01:00,10;2;69,278.5900171267918,1059.1262422796367,1059.708195969146,599355.790757669,5672493.735109326,600135.6646507715,5672093.078413424
42125,99555,600551.4123958641,5676204.662231195,2019-01-22T09:56:08.229610971+01:00,11;17;7,747.3983988124938,3450.726830463444,3452.313136865339,601217.7647612904,5675866.167191884,603616.2197360839,5677790.370787587
28122,66255,598517.2514834879,5674814.0537720695,2019-01-30T16:49:27.465224764+01:00,14;32;9,314.121451124777,3887.428112695823,3887.331026583083,598473.4086458916,5675125.100539692,602399.4906226438,5674613.263837602
53422,125836,599112.5692990198,5672366.384359671,2019-01-18T10:27:02.527+01:00,10;2;69,158.2975982213341,645.2495773406343,644.7514715269534,599212.1593607942,5672489.428860557,599095.1444784672,5673011.39861741
18115,42398,598258.8287316165,5674133.955277354,2019-01-11T14:13:53.242+01:00,14;27;32,806.0630515227468,4290.407488644699,4290.897771752377,598430.4919842586,5674921.52709676,602408.9085465195,5675222.272303112
9399,21958,601241.2521789912,5673758.635746481,2019-01-31T09:26:47.347+01:00,17;1;7;12,541.2875402779785,4558.9258925450395,4563.872230656238,600931.9067135646,5673314.453819473,603378.4623906186,5677785.562341917
35734,84212,599138.2450152317,5672405.495995755,2019-02-04T17:18:00.124+01:00,10;2;69,145.56227438612797,399.5473266008359,399.5854059902007,599257.1409856613,5672489.472920801,599375.9382036328,5672726.6501867315
36106,85101,599133.4566578959,5672408.374049586,2019-01-09T16:42:59.794+01:00,10;2;69;1,127.38091833953932,500.5754487009699,500.09021520645433,599234.9208994325,5672485.386425517,599127.4906067072,5672908.9139441755
36152,85214,600404.8232475733,5674719.082000598,2018-12-29T09:57:29.403+01:00,17;7;11,719.6008758484315,4146.342102677768,4150.212017996255,601117.3613795746,5674819.654516555,603624.2301703277,5677332.044284704
44784,105836,598556.0848494043,5676162.122729193,2019-01-28T11:27:50.220811921+01:00,14;9;20;5;32,798.4025204094957,4237.3515128632225,4236.79989508067,598552.3625119717,5675363.728886031,602626.9766185659,5674986.117607038
33499,79043,599134.9243212104,5672413.494613931,2019-01-08T06:09:06.334+01:00,10;69;2;11,108.14648215747671,765.8855809922287,765.1298176578517,599202.6662245346,5672497.795836561,598857.3958651872,5673127.328403597
4226,9771,598871.1806267618,5675424.291606845,2019-01-30T10:08:26.986670944+01:00,14;20;9;11,99.79167181162968,3756.644836446193,3756.3853242698992,598810.6735217266,5675344.936279342,602588.5127487613,5674882.2378069805
39018,92145,597901.2404608764,5676088.901966211,2019-01-09T17:18:30.21068621+01:00,14;5;6;9;23;20,390.50492186658374,4481.423513286832,4481.180454559124,597782.8306455401,5675716.782080107,602312.6730764883,5675299.966618191
31174,73488,599442.2064034677,5676965.980205094,2019-01-17T10:26:28.953011902+01:00,11;14;5;9;32,401.2832888821861,3648.681490070842,3648.7330750738643,599241.7999142117,5676618.323021938,603082.9534002858,5677206.475363352
10905,25488,600557.2468326439,5676199.259915064,2019-01-29T09:59:30.301+01:00,7;17;9;6;14;37;1;4,871.8798182580892,2432.0718451851158,2433.4175923368884,600612.8162212683,5675329.152760437,602748.2118684882,5677255.027726588
45499,107460,599406.6318855631,5674241.348579628,2018-12-26T16:10:29.884+01:00,11;17;9;12;27;69;4,932.4297296172356,5149.252129760893,5151.226573121921,599781.7572098388,5675094.991474381,602742.5090395352,5678163.939701509
15155,35385,597800.1472350463,5675911.2919947095,2019-01-31T19:49:50.468634684+01:00,14;20;6;32;19,273.31642940079223,3754.172991195487,3753.8775790682143,598056.7599773892,5675817.208143557,601465.3814677133,5675098.966402655
2784,6325,598054.9532477749,5675098.428105027,2019-02-05T18:35:13.501926820+01:00,32;14;69,216.9322046099285,3546.922693507914,3546.900918476964,597885.7922510218,5674962.618905875,601501.0199579664,5674258.615731559
9486,22156,599129.5176094628,5672410.419792538,2019-01-10T06:35:50.312+01:00,10;2;69;11;1,115.77443741117578,735.196996533831,734.4569654011327,599210.1665744894,5672493.482809567,598878.9570509905,5673101.602858194
41153,97239,598102.3368473187,5676505.21472975,2019-01-03T11:09:50.776259754+01:00,14;4;5;6;11;9;34;27,461.1023827735223,4904.260571590994,4904.429791894489,598104.7280394954,5676966.31091234,602930.9012418393,5677363.54895488
42182,99692,598032.5103087574,5673871.62275407,2019-01-16T09:40:37.775+01:00,27;18;32,436.82403828334515,2304.2421365519012,2304.01057153404,597638.5611335076,5673682.892025935,599917.7555884321,5675196.531075172
48888,115337,599413.9893817027,5675134.335041529,2019-01-02T12:03:49.078+01:00,12;9;14;11;69,229.50394518927294,3917.5612921173733,3917.5979463297053,599623.4568803838,5675040.55109912,600950.0081230713,5678738.212523306
15032,35080,597393.6602179852,5674671.245257717,2019-02-01T13:07:32.376823330+01:00,32;19;15;69;27,423.1307124150304,1625.8159911818373,1625.9115377631608,596983.0923729942,5674568.904432782,598994.702086426,5674953.9864338515
26891,63362,598112.2396841204,5675384.687861717,2019-01-24T18:57:53.638798137+01:00,20;32;27,220.81605485191426,3481.405837917,3481.4065446765417,598116.7833442629,5675163.918558523,601325.0192244739,5674043.705299053
39673,93750,598708.5057319562,5673741.568319786,2019-02-01T15:19:30.749+01:00,18;1;32;27,387.38861653097194,2303.696084853061,2303.4847337862716,598637.8079851661,5673360.685439078,600636.659356275,5675002.218648939
10190,23779,599081.5424485012,5674761.263186182,2019-01-29T11:30:05.109+01:00,14;9;12;18;69;70;11;4;32;27,255.6395547376744,3516.849804867301,3517.0543957842515,599300.4463163274,5674893.296055564,601916.6990272327,5676842.15715851
49,112,599171.5520809735,5673828.572768061,2019-01-15T12:56:28.204+01:00,1;18;32;70;27,570.1635291689347,3015.2599604548227,3015.122801409888,599503.3140189938,5673364.869774244,601415.348542919,5675842.814577399
32849,77508,598069.0871816936,5675127.554133931,2018-12-28T18:08:51.281871595+01:00,32;14;20;69,221.43326379656222,3549.5614471282,3549.5279727178563,597926.660149374,5674958.004050533,601513.8928691983,5674271.575020708
12435,29103,599134.7811595749,5672408.823966037,2019-01-05T18:33:09.52104090+01:00,10;2;69;1,122.07783835243643,534.1873931671358,533.6115098782045,599230.7117339781,5672484.324452866,599065.2278347642,5672938.463943782
1885,4317,598648.2910800319,5676853.8958086725,2018-12-31T10:25:06.843173539+01:00,9;11;32;5;6;20;34;7;4,297.21266498297786,4125.93415522117,4125.93403985339,598351.8340075399,5676832.716280921,602761.0946896805,5677182.801755232
48906,115376,598395.0021079889,5675906.115852676,2019-01-17T09:46:38.834536294+01:00,14;9;20;27;32,826.1782756280215,4032.1094473843614,4031.8635324150414,598565.7488359003,5675097.774280055,602357.4654420359,5675159.93161134
33024,77892,599096.8087021158,5674962.702091767,2019-01-30T11:23:46.311005484+01:00,14;9;32;19;5;11;2;7;12,510.9012065099895,3014.0361288008253,3014.330585654336,598761.043807307,5675347.7760823555,602005.5620671768,5675752.365087585
22938,53937,598094.6188741754,5676835.638480096,2019-01-07T11:49:04.367490214+01:00,5;6;34;4,1934.2837511876069,5519.845218800543,5519.845218800543,596614.4270627381,5678080.823539219,603179.6177075773,5678983.073718658
47322,111742,599114.933113101,5672361.337735059,2019-01-21T19:59:24.923+01:00,10;2;69,162.90014780651617,615.5656498187783,614.9587254239943,599220.2694409279,5672485.598413454,599013.1599565957,5672968.431874259
42313,99998,599133.715577555,5672410.5008125985,2019-01-09T14:08:39.574+01:00,10;69;1,99.18693326018148,848.8637710172842,848.1661327242404,599202.8590493063,5672481.61500277,598897.2552555751,5673225.765320519
27962,65862,598084.0371950237,5675108.743989935,2019-01-09T19:32:33.253934707+01:00,32;27;69,291.61603948068193,3463.27806036887,3463.280022926272,597848.0130088396,5674937.476660831,601457.2027896092,5674323.856230483
49470,116718,597079.4535416724,5673416.009280606,2019-01-08T11:24:09.348529711+01:00,18;27;25,445.75063607900194,1624.1624117528415,1623.984170326271,597475.1204676934,5673210.725785853,597508.6710174873,5671849.587913858
16649,38958,599994.9129085597,5674312.184154037,2019-01-14T13:40:21.375405945+01:00,2;17;69;12,1335.2961468817189,2859.027449229193,2858.150418438941,599862.8686604798,5672983.432816719,602776.7086610851,5673652.146013717
28166,66356,598867.0689331434,5673783.659768808,2019-01-24T11:04:58.919+01:00,27;1;32;2,432.5386059016827,4278.961650407286,4278.960339623066,598895.6975480932,5673352.069629901,602265.5533034271,5676383.624535991
3731,8636,598800.9498017229,5673347.8493684875,2019-01-28T09:24:44.089+01:00,2;69;18;1;27,738.8839908333995,2866.9374268237198,2866.832524872375,599046.2409955424,5672650.868893765,601651.8395818934,5673650.764654734
49179,116041,600516.8844975563,5676085.164954221,2019-01-18T16:48:41.117553063+01:00,11;14;9;17;4,385.26477295349434,3039.5206543434115,3040.552770780509,600132.4369208651,5676060.084961095,603292.8162210798,5677323.26384951
20513,48144,598743.4233300161,5676343.954133786,2019-01-10T15:28:56.459+01:00,9;4;20;32;70,902.5217358420989,4305.756765156562,4305.756649601805,599395.8355860806,5675720.3326686295,602990.5993816553,5677051.793739257
21698,50925,596938.7745916061,5673957.366096443,2019-01-04T07:50:43.722167578+01:00,19;18;25,569.5324444924295,3372.0753292223885,3372.333759174304,596415.8935878075,5674183.115207617,593758.0475835998,5675077.128449127
38806,91642,599133.3671694308,5672414.737619864,2019-01-10T13:33:48.447+01:00,10;2;69,116.2342943889096,526.9723965148034,526.3914723632071,599225.1103349376,5672486.10710056,599060.789397013,5672936.688166984
12233,28615,600528.0159802148,5676205.476792154,2019-01-24T09:41:33.392+01:00,7;11;6;70;17;27,290.8851117716946,3446.025816312454,3446.5145165388035,600809.9640740878,5676133.926665586,603548.0965699297,5677865.0572085
53367,125689,599114.1416778357,5672360.898110288,2019-01-20T17:26:01.753+01:00,10;2;1;69,265.11918016956304,858.862100823952,859.4379940673314,599347.3287976426,5672487.040675864,599969.8255900454,5672287.079747957
14809,34579,600243.0807984879,5676519.443492294,2019-02-04T09:42:39.141584969+01:00,11;7;14;37;5;4,1226.977864073266,3680.3628376251154,3680.437323557065,601117.7082607716,5677379.967449628,603367.5138446819,5678464.434175157
28978,68230,598524.9258883555,5676854.91942921,2019-01-02T09:40:34.535912678+01:00,14;5;11;6;9;34;4,482.9636762951357,4417.391384028029,4417.303913910251,598272.9143424195,5676442.919315939,602933.9833127069,5676583.701309505
51160,120631,599638.1967802226,5677018.160713128,2019-02-04T10:32:41.529495454+01:00,11;14;5;6;17;9;12;4,465.05886266472805,3893.89902579348,3894.2637032810626,600082.5750122032,5677155.302000437,603307.9226632661,5678320.298020172
4541,10499,597839.6299873017,5673948.145673994,2019-01-08T09:14:52.168+01:00,27;18;32;69,322.87062865865516,5507.556096334875,5507.528957535984,597701.2417942218,5673656.436656536,601397.0255888719,5678152.680212823
27949,65830,598134.5830787765,5675989.393599372,2019-01-14T14:27:48.934856933+01:00,14;20;5,341.8602793625467,4405.105269065312,4404.68764644662,598295.981829366,5675688.031866709,602375.0421000613,5674796.305287322
32753,77296,598381.3587620918,5676636.591679106,2019-01-31T10:58:05.910+01:00,32;18;20;14,1788.3937812096276,3921.7034514593574,3921.656549183444,597839.0385077143,5674932.4082798315,601210.4250768335,5673920.686351598
5673,13154,598019.6795646354,5676526.125327231,2019-02-05T11:32:45.197866852+01:00,5;14;4,862.2278056836776,5203.586270450506,5203.771620138695,597595.7536366486,5677276.940615085,603071.6586544513,5677773.048480471
38440,90845,599800.9227224819,5676409.400425369,2019-01-08T12:06:51.675689157+01:00,5;11;12,1136.8285215829176,3967.6014001362196,3967.6014001362196,599078.1680925057,5677286.899617581,602867.0205425993,5678927.515797594
15749,36821,597591.8457870249,5673775.811128989,2019-01-10T10:46:06.689+01:00,27;18;69,368.0987756974344,4880.288962094846,4880.202101927816,597739.3131276203,5673438.542553329,600858.3581223639,5677401.706537936
19915,46735,599134.8133395223,5672405.429761831,2019-01-07T06:35:47.512+01:00,10;69;27,100.01958975906635,787.0519928594077,786.281012729279,599193.861817062,5672486.158911683,598833.8588274885,5673132.669214247
38506,90995,599114.1352211164,5672366.414575703,2019-01-20T10:01:37.406+01:00,10;2;69,165.0239623769177,563.1573115834774,562.7063971697213,599225.5943884063,5672488.109942031,599132.9900065497,5672929.256165013
30408,71606,599143.240337441,5672398.802762442,2019-02-04T15:54:20.248+01:00,10;2;69,157.76185567795469,417.45385148200796,417.7456134151024,599271.8938740174,5672490.1103231,599489.553868704,5672631.90071649
31456,74139,599115.8683062363,5672368.145430211,2019-01-22T10:58:02.944+01:00,10;2;69;1,154.03093353729008,731.4409458724963,730.826509135395,599219.4091020013,5672482.184160907,598990.597447531,5673088.779227127
1312,3004,598420.8765276325,5674645.434051163,2019-02-05T14:47:50.8064976+01:00,14;32;2;1;9;18;19;20;27,287.1332436815351,3076.3500926712486,3076.225190110824,598576.6671502593,5674404.239562153,601485.5424391076,5674377.56702497
30501,71850,598797.5355828495,5675832.375306091,2019-01-28T11:08:20.869470429+01:00,14;9;17;32;11;2;4;27,707.1586246968116,4061.8700805018675,4061.347841483891,598862.5288828034,5675128.2097066445,602780.2180799575,5675034.234542751
33995,80216,599113.8178405236,5672363.862333027,2019-01-21T16:55:58.234+01:00,10;2;69;1,163.36625965457742,651.0757025352714,650.5080389911263,599224.7825860023,5672483.759622631,599040.3684871141,5673010.78177385
32418,76452,598381.6530815199,5676605.619469466,2019-01-23T08:13:05.476791586+01:00,5;9;14;6;20;32;4,337.8796004504203,4450.508523251788,4450.529710721637,598046.4942987196,5676562.826774851,602829.4015239114,5676762.335482498
37375,88259,600158.0494971101,5676100.213648583,2019-01-09T11:13:57.587587189+01:00,11;17;7,1090.8268950525478,4083.527064786884,4084.9570246643625,601131.324256086,5676592.79821849,603570.507905134,5678343.051338286
43321,102389,599060.8418016298,5673917.671550062,2018-12-31T10:02:33.033+01:00,69;27;2,1254.092636478268,4536.542530866888,4536.542530866888,598277.7520438393,5672938.121259309,601699.4184670601,5677607.946785733
18448,43205,598564.7088622646,5676226.365918139,2019-01-28T11:44:09.371871662+01:00,14;9;32;19,1071.306615493972,4130.924935074322,4130.11123731014,598629.0914224146,5675156.995659365,602463.7627710053,5674861.844230531
11227,26253,599140.5176415198,5672401.720681847,2019-02-05T17:45:31.746+01:00,10;2;69,110.92015226617684,634.4409898929184,633.8467274289758,599209.8711716004,5672488.284924142,599041.4167191416,5673028.3739965595
17881,41877,598380.4551001779,5676398.936052836,2019-02-01T10:55:54.122741914+01:00,5;20;32,1213.50903371564,4055.7633699159005,4055.763264529763,597271.2045152532,5676891.041036303,602428.2079985065,5676653.71632449
14911,34807,600938.4382287619,5673641.067115815,2019-01-24T10:07:12.432585618+01:00,17;7;14;1;70,208.70799443890678,4281.595827865695,4287.5025189596145,600881.2036235166,5673841.773934098,603563.004942745,5677023.922772956
9608,22459,598378.0834215386,5676739.646933107,2019-01-08T09:03:31.387116505+01:00,5;14;11;18;23;34;1;32;27;4,1165.7771467138168,3877.8366049555693,3877.8073850864607,597301.9231565739,5676291.411013181,602253.6270276469,5676872.982944321
4248,9820,597245.5990916672,5673625.386834,2019-01-11T09:45:32.690+01:00,27;18;14,450.92333692051767,6121.671540845231,6121.671607410801,597696.4036087163,5673635.737833356,601351.9942970398,5678165.472832226
46084,108836,598609.2505277458,5676322.701657269,2019-01-11T15:47:12.558023138+01:00,32;14;5;19;20,1148.0654228556182,2554.7191235694886,2554.4314899492147,597696.5736489842,5675626.2283052085,600957.387958749,5675316.301932779
44995,106339,597936.0107949135,5675909.215754591,2019-01-02T09:35:37.883311523+01:00,14;20;5,251.00024898561594,4523.429209641469,4523.153750932022,598179.7064106481,5675849.10276213,602361.5931504787,5674973.463314707
31898,75208,596187.8829897144,5675844.318438061,2019-01-31T15:19:25.799689999+01:00,2;15;5;19;27;32;18;1,2315.87480212992,4460.015013559525,4460.147149231734,597137.440009577,5673732.064294931,599545.2097825019,5672908.319335948
41896,98973,597875.2375175139,5676086.708412243,2019-01-30T07:37:36.850597124+01:00,5;20;1;32;4,425.4199877429557,4695.831249795312,4695.8310910081345,598291.0927578091,5675997.005652585,602529.9790468571,5676706.55712085
30514,71875,597878.3829128823,5674363.899769277,2019-01-17T11:37:40.220+01:00,27;69;1,1376.5016152141527,5887.645551936861,5887.645551936861,598380.4059641653,5673082.209653583,601902.2852798055,5678661.873697387
45941,108502,599135.8648215141,5672411.391000295,2019-01-07T17:52:27.727+01:00,10;69;1;27,96.6150305583253,784.9426998462933,784.1760814953761,599199.0692981379,5672484.463965641,598840.8079026429,5673138.767420499
49771,117441,599561.4380524924,5676824.436151501,2019-01-18T11:23:22.43470790+01:00,11;14;4,550.5331392735445,3721.7328412112747,3721.896422400344,600101.064059183,5676933.479768194,603225.4700654609,5677477.24910273
32787,77381,598070.2673665835,5675107.63212866,2019-02-04T11:25:30.404857823+01:00,32;14;27,138.48783592358794,3732.904206184728,3732.8084655498665,598026.0660406242,5674976.387610747,601756.2556403301,5674517.662418968
18595,43531,599145.0072842373,5672402.231693853,2019-02-04T16:16:26.753+01:00,10;2;69,105.8926735307706,656.7981463691921,656.1523687638288,599208.0006662674,5672487.349800786,598997.4963734623,5673042.250706286
17054,39896,598110.1848453754,5675934.609790801,2019-02-01T08:22:45.926092791+01:00,14;20;18;32;69;4;25;27,1285.732700528278,3180.060770758842,3179.784196610487,598135.2596139526,5674649.121621587,601127.7739863227,5674931.144653312
6917,16074,598078.7114197622,5674069.404268745,2019-01-17T13:12:38.214+01:00,14;32;27;69,256.5681146106503,4352.760023739189,4353.137817673932,598138.0629077213,5674319.013159436,601896.840578414,5676159.478322963
32380,76368,600542.8546101853,5676136.596980106,2019-01-02T09:41:03.657+01:00,9;7;14;17;37;11,622.3569823094784,2015.5001125989545,2016.3184501564492,600774.1419354499,5675558.812949,602385.1932351929,5676953.927448577
53610,126270,599154.125213092,5672394.344988794,2019-01-14T19:53:42.935+01:00,2;69;10,172.94604068501323,2433.7455645451337,2433.8795805918485,599160.8584847678,5672567.159907251,601462.1368142338,5673166.4848219445
44845,105983,600226.5527539524,5676528.456425732,2019-01-02T09:53:40.35407212+01:00,11;7;9;37;4,1208.8371948773447,3470.7265885782676,3470.7265885782676,601343.9316994472,5676989.706526961,603291.1130667317,5678157.693407267
42540,100494,598516.7367096839,5673636.040424789,2019-01-09T13:35:30.845454040+01:00,27;18;69,837.4630407564587,4328.46855537027,4328.394059517769,597689.9455807285,5673502.770871951,600795.8289869122,5677315.9016214525
17740,41541,598961.9840211732,5675109.897714372,2019-01-16T12:41:09.548305803+01:00,14;12;9;4,42.749307926558814,3426.058344078423,3426.4539442057103,598941.6658140089,5675147.509863816,602318.4227189411,5675797.062210803
28389,66843,597927.8619950004,5676393.67095628,2019-01-11T19:56:58.335693865+01:00,5;14;6;32;34,1438.5914743092253,5252.177456269739,5252.302879637017,596976.8961764644,5677473.119631267,602958.6527365405,5677902.482590309
14049,32789,597589.5642169261,5673909.8624125905,2019-01-31T09:51:12.383+01:00,27;18;19;32,216.98751034628725,3431.1206675652384,3430.9971613447105,597528.8777162612,5673701.533998102,599851.4189676555,5676489.901583223
53209,125310,599135.4486406704,5672412.231674077,2019-01-09T14:01:17.280+01:00,10;2;1,120.108549613664,624.9213074489858,624.2804485919551,599235.3431664086,5672478.918609963,599002.8098683946,5673022.914567724
45341,107104,598633.8434109632,5676256.126421066,2019-02-04T15:44:09.801059962+01:00,9;17;32,1596.7594910474497,4263.037632720109,4263.1671797800755,599336.2515171693,5674822.15859556,602892.7334870003,5676444.129554604
54179,127610,599137.2474371016,5672386.380849295,2019-01-17T12:54:56.760+01:00,10;2;69,129.9539414498798,591.3988757805441,590.8472718938034,599218.4971308826,5672487.803303214,599078.3322599259,5672974.837841923
924,2154,597905.9658938014,5676317.718218844,2018-12-31T12:49:27.203897967+01:00,14;20;9;5;6,357.2080727045795,4745.251104098422,4745.151411478812,598253.2925825587,5676234.280946105,602624.9577182169,5675819.1962012295
52434,123565,597806.1500658226,5674239.885502068,2019-01-23T11:01:29.972+01:00,27;18;32;69,597.409969408265,4390.180083896911,4390.110130785237,597760.062827541,5673644.255887277,601053.1943522863,5677194.607920636
39407,93099,600068.5745195997,5674124.356417636,2019-01-18T15:40:08.279424210+01:00,17;9;14;70;12,308.68081178160895,4377.580844617692,4380.448202673034,600276.9050936379,5674352.133096607,603201.3634502667,5677181.944939177
38191,90262,596769.8106899507,5675390.598613415,2019-02-01T13:22:33.246371134+01:00,32;20;19,1120.6042559681002,4750.756627270568,4750.758995793122,597834.9199616908,5675042.322662842,601342.4317721651,5674101.868630042
43002,101620,600191.6679174969,5676196.775122699,2019-01-09T09:27:17.219503979+01:00,11;6;9;4,1646.2910307940315,4007.345429545053,4007.345429545053,599781.317401039,5677791.104640621,603402.5375280166,5678594.510249008
21513,50461,599642.4987174211,5676625.289140078,2019-01-30T11:13:58.278821819+01:00,14;11;9;5;6;34,1527.8303084426332,3510.292589528261,3510.4823429805797,598178.6381761483,5677062.756586982,603023.9783994514,5677567.4935892895
42365,100111,599087.8136286355,5674715.978301524,2019-01-29T11:11:46.420280777+01:00,14;9;69;32;12;4,376.072477691712,3795.198562125464,3795.6321874122973,598851.4773643122,5675008.511510994,602487.6966298294,5676402.491777353
48447,114346,598124.7362395185,5674745.0033740755,2019-01-04T11:46:51.278351070+01:00,32;69;19,811.7211781012064,2730.8721339757385,2730.8697621209335,597803.5506018704,5673999.529660826,600335.4144144836,5676348.301418376
1340,3049,598118.795205816,5673619.508899552,2019-01-03T08:37:38.308772486+01:00,18;69;15,1007.8691535899062,565.6769225143298,565.4368531050671,597270.0204010117,5673076.018732679,598645.3271011066,5673826.280618863
27313,64353,599211.101464431,5676342.793038076,2019-01-07T08:29:41.218074872+01:00,9;11;5;37;4,421.8140771387379,4086.667534679677,4086.667534679677,599565.0913915177,5676572.179714222,602935.9889949772,5678023.883286631
2054,4693,598033.5509071365,5676309.121607156,2019-01-22T13:13:56.858431159+01:00,14;9;20;5;6;11;69;4,520.1616193617883,4717.456139794083,4717.506067404621,598553.6841277482,5676303.686253151,602740.2785810481,5676627.094930747
18465,43241,598412.8914806477,5676654.170737496,2019-02-05T08:35:12.356238181+01:00,5;34;4;6;14;20,2082.7312927808184,4783.530114879263,4783.60103349274,596718.7970158929,5677865.704303855,602909.9118216833,5678284.805096348
27001,63625,599082.6921843658,5674763.831509669,2019-01-18T10:26:30.869540182+01:00,14;9;27,404.45817059926344,3947.429900434795,3947.890660742061,598861.8355696634,5675102.665934583,602842.3100939647,5675966.942474074
53079,125022,599138.5465725531,5672410.594054216,2019-01-06T06:26:03.134340380+01:00,10;2;69;14;27,110.9682991020093,626.8777656163162,626.2369429193043,599210.5253043134,5672495.051295348,598996.0606421613,5673021.063949185
35520,83679,599113.9669048938,5672361.319090929,2019-01-18T17:04:31.449+01:00,10;2;69,159.11615623995712,670.988656073846,670.4262276097469,599209.8711716007,5672488.284924144,599041.4167191419,5673028.37399656
51242,120830,597949.9216964662,5672877.065615847,2019-01-10T13:44:49.213719295+01:00,18;69;27,480.54552361039276,1163.5981747545168,1163.839775156193,597562.6208567582,5673161.533645375,597535.7422611234,5671789.676031737
24851,58522,599203.6563006917,5674832.791873177,2019-01-16T12:27:44.699568544+01:00,9;12;32,538.2106835449488,4510.5194152655085,4510.519203144411,599360.9897566999,5675347.492682873,603061.720719022,5677169.482768332
13893,32393,599136.8801443032,5672408.86447778,2019-01-10T17:54:09.084+01:00,10;69;1,100.11811651198026,859.6073113001772,858.917869153978,599207.171456412,5672480.158016729,598906.9758217739,5673237.157138693
27780,65424,598589.5044427263,5673452.419475972,2019-01-08T13:11:04.484+01:00,69;18;14;27,525.7373177880866,2906.512054077297,2906.8063835287203,598069.8878321316,5673532.408883452,600585.958287583,5675564.760444152
27002,63627,593595.1331368018,5674292.502108715,2019-01-22T15:31:40.657876410+01:00,15;50;34;19,433.96253901918146,3553.779176108701,3554.3413831215194,593201.0078621346,5674110.874046069,596694.4756814705,5672553.703033677
22031,51711,597958.4393901672,5676663.718928374,2019-02-05T10:15:47.9566726+01:00,11;20;32;34,251.53449595206658,4090.6216378924146,4090.6218842332346,597707.2829089225,5676649.933987945,602018.3174871549,5676163.144036881
12295,28780,598818.4552755945,5675861.634300882,2019-01-17T10:32:56.415555932+01:00,14;9;11;20,479.85170463864273,4041.7494013074206,4041.6197496533873,599042.9733801738,5675437.547895581,602847.8650951642,5675546.047975252
53300,125520,598829.1965383455,5674733.058475287,2019-01-09T10:08:12.460+01:00,27;14;32,802.4399261263471,3559.0463049175546,3559.474775719024,598072.0785962956,5674467.197126333,601991.4577395647,5676366.127578482
8206,19161,599114.9342650026,5672364.732581913,2019-01-22T11:26:30.269+01:00,10;2;69,157.12539671909886,648.6826327641437,648.0385327546794,599215.6019595043,5672485.374223056,598976.4361176193,5672998.457617887
48071,113418,597836.4814578083,5675839.844848242,2019-02-05T19:05:28.346715792+01:00,14;20;19;32,687.9779510370154,3108.6999132533374,3108.1177290371384,598117.7630911355,5675211.995898361,600687.5846084203,5674600.80248608
28574,67303,598834.9955057789,5674722.56128902,2019-01-16T09:48:18.890441256+01:00,2;14;32;27;12,630.4666270891425,3718.0903648415797,3717.7688844587924,598877.0056548176,5674093.495858996,602330.6952572088,5673455.959848558
37572,88726,598247.5243475331,5674378.165760198,2019-01-16T08:44:49.652+01:00,14;32;18;27;69;1,333.61503375047437,3693.603815340941,3693.8734140869224,598520.3002962909,5674186.092147945,601779.0013249982,5675460.468630163
748,1729,599112.2010760966,5672361.285017646,2019-01-18T14:55:22.555+01:00,10;2;69,163.11539064807718,663.797429238271,663.3980004085668,599209.5033117227,5672492.200660747,599174.4159782364,5673022.160446918
12107,28309,601275.2936412133,5673492.384883594,2019-01-25T08:35:50.278+01:00,37;70;1;27,1282.3464496636097,5402.467451147486,5402.467451147486,601969.9190439244,5674570.303232484,600724.1506317162,5678866.665853527
2716,6180,598814.4632201493,5675233.512691882,2019-02-04T14:06:47.379298351+01:00,14;12;9;32,139.1090446573907,3956.4882508620185,3956.1599573341196,598698.9478488385,5675156.0044646,602741.1844570622,5674749.095922162
7477,17407,599138.9026052252,5672404.235628486,2019-02-04T14:01:08.665+01:00,10;2;69,114.97851365822947,680.856108407657,680.6745717217706,599203.954505758,5672499.042320444,599376.3354683056,5673042.350567886
31018,73081,597934.5220197032,5676412.893978477,2019-01-07T20:09:22.649597750+01:00,5;14;20;18;4;34,1719.868628138454,5491.267528706293,5491.311500053923,596813.1535942729,5677716.91888334,603024.9268063819,5678472.456596992
4915,11338,597078.8551827932,5673417.695362013,2019-01-08T11:22:02.851967883+01:00,18;25;27,439.8534325814217,1684.6672229114215,1684.5241153144486,597452.424488243,5673185.494982643,597432.7754944889,5671770.624002016
3037,6898,599132.5991664616,5672409.630559398,2019-01-09T14:56:03.147+01:00,10;2;69,140.92430651958284,390.3520237956014,390.1585382724262,599249.9799245734,5672487.614005033,599267.2553626309,5672776.021622764
47168,111388,599116.2570530296,5672360.090223098,2019-01-22T17:30:39.884+01:00,10;2;69,157.7471054920513,680.6509551522837,680.0295403424659,599210.2739496382,5672486.758973953,598991.1979808203,5673029.153711272
46504,109839,598803.9364469895,5673021.155143996,2019-01-12T08:59:32.333479257+01:00,69;18;27;10,702.949015191376,3592.9126333880795,3592.827419508368,598110.2787857576,5672907.24128631,600306.8625042818,5676284.624840112
7883,18345,599103.4910011005,5672417.131562533,2019-02-02T14:34:08.184+01:00,10;2;69,119.69572806792357,691.3647362235298,690.9314944321037,599195.4890420152,5672493.704585103,599139.3658747249,5673107.564898877
22532,52962,599133.5326174134,5672411.345987747,2019-01-05T09:08:12.784+01:00,10;69;2,97.81295210747408,757.879006351823,757.1012382812734,599198.6563597592,5672484.327298936,598835.058455625,5673107.976279232
41949,99129,596256.2278015713,5676426.533100085,2019-01-25T12:59:29.106867307+01:00,11;15;25,1798.626826169418,4111.904462888641,4112.1967771975615,597878.8309845452,5675650.506444345,600339.5510119565,5675942.560093139
17745,41553,597195.957809783,5673005.321991746,2019-01-09T08:55:30.439961362+01:00,18;27;25;23;69,123.36951095780552,2127.3540168786676,2127.059082325427,597178.0416129642,5673127.383640619,598833.8685856992,5674362.850408859
47401,111921,599113.333871929,5672361.306875909,2019-01-22T17:00:37.325+01:00,10;2;1;69,187.26122696027494,595.953575097528,595.6634156931877,599257.9480798418,5672480.275350693,599250.3831018665,5672941.288058573
28053,66085,600280.0533407535,5676449.298177937,2019-01-15T10:01:05.704196280+01:00,11;14;4,989.1985073683273,3599.967160634476,3600.1827839545394,600724.8136792534,5677332.871563841,603407.3736520637,5678232.450226449
32217,75975,599134.6654022634,5672411.367850853,2019-01-05T11:15:08.35321468+01:00,10;2;69,109.67073185010815,608.0385687398342,607.3654409395363,599215.6019595043,5672485.374223055,598976.4361176194,5672998.457617887
27461,64694,597378.5213874308,5673693.680285862,2019-01-17T09:52:19.397+01:00,27;18;69,332.7877541340791,6240.486358292479,6240.463586432792,597697.2863771868,5673598.094875848,601446.2664510359,5678426.239856068
3485,8009,599133.596975725,5672404.557579324,2019-01-04T14:54:24.594+01:00,10;2;69;1,105.45389254928071,760.1351336098336,759.3755788892303,599204.1363108995,5672482.94587977,598854.4015834416,5673111.5620731395
34656,81668,598877.1496991407,5675543.225926062,2019-02-05T10:41:39.71429870+01:00,14;11;4,294.0738838205311,3952.938102463754,3952.5159473019294,598774.7070959118,5675267.572226306,602777.247859228,5674899.0567063745
29581,69672,598383.8920328805,5676511.455794342,2019-01-18T08:24:45.745159377+01:00,14;9;5;32;6;11;20,679.165722161133,4437.653515296005,4437.468104612692,598633.4395244597,5675879.797557947,602775.4660289385,5675873.610547463
1708,3897,598626.215364947,5676266.5886288835,2019-01-09T08:15:49.636459198+01:00,14;32;5;9;6;11;20;4;27,344.30990706154523,3917.895411093161,3917.8691324237507,598294.103891822,5676175.752064002,602541.6973815945,5676129.093066864
41166,97273,599134.0656926371,5672411.356276236,2019-01-08T08:49:45.472+01:00,10;2;69;14;11;1,106.28005245719946,733.3310429247255,732.5735173680154,599205.1454357113,5672490.36969076,598862.371309387,5673092.49985921
31600,74475,599675.930578013,5676539.794101832,2019-01-22T12:48:08.585841773+01:00,6;14;11;9;34;4;12,2956.5167390404376,3762.129244854019,3762.351655332458,597555.2025610337,5678599.770777969,603103.4419234652,5678090.852589376
24900,58641,599147.3022224118,5672390.394102915,2019-01-14T20:28:58.696+01:00,10;2;17,230.4818515423513,711.2688731534898,711.6880036091418,599322.1476562701,5672540.563867346,599410.1166762398,5673051.326756652
5676,13160,599115.2335466869,5672363.040944637,2019-01-20T17:50:48.524+01:00,10;2;69;1,154.08363631231933,744.0246681342765,743.3408490229292,599212.027907593,5672482.926801501,598921.1518852435,5673081.306226746
22623,53215,599136.1810508684,5672410.548397407,2019-01-06T16:09:27.195309273+01:00,10;2;69,111.54151011068184,581.7256077173307,581.096577222775,599218.2108540136,5672486.130272706,599018.7540607476,5672980.298855647
28022,66004,600350.2040071895,5676416.2969163945,2019-01-22T10:03:29.854+01:00,11;7;37;17;1;6;4,1076.5191405956186,3236.0227880671277,3236.346999220986,601386.3669465036,5676708.289764356,603105.8849300746,5678112.783325458
23939,56321,600877.8942272398,5674909.135231936,2019-01-05T09:47:58.713+01:00,7;9;1,387.03261834251344,3517.287465995039,3517.287465995039,601049.066521798,5674562.012352776,603643.7532359274,5677081.998564617
45782,108138,599130.6580113464,5672408.320035988,2019-01-06T07:18:10.59940066+01:00,10;2;69,106.93175087493097,699.4595153788707,698.7146533703545,599205.7119518036,5672484.486336719,598884.3581129706,5673062.980233124
33112,78085,599113.5255918049,5672361.7349284105,2019-01-20T09:46:19.553+01:00,10;2;69,155.65747418143818,708.2403007552833,707.5943707652933,599206.480144961,5672486.589645246,598961.7938174745,5673053.530991042
32774,77353,599973.1877997273,5673869.15711519,2019-01-05T11:43:09.72088771+01:00,17;1;70,1524.595857865434,5557.898959584026,5562.506808500787,601236.4553903382,5673015.60716098,603645.3460619745,5678041.146393934
52435,123566,598561.0819005137,5676210.595123484,2019-02-04T11:07:38.679220669+01:00,14;32;9;20;5;6;11;4,747.0504605181337,4282.334336519619,4281.772845486248,598610.0287780373,5675465.149891598,602691.475580686,5675080.004385627
9327,21762,599099.4350717766,5672418.326366667,2019-01-03T14:32:21.295+01:00,10;2;69,130.72999620716237,612.8003263546213,612.2470448959092,599209.8711716004,5672488.284924142,599041.4167191416,5673028.3739965595
42779,101063,599113.1935696249,5672365.123346312,2019-01-18T10:24:24.651+01:00,10;2;69,216.2238850462314,532.3474771928035,532.81332987863,599289.1043283516,5672490.853905162,599622.0958610349,5672521.367687877
1053,2427,598313.9905375048,5676455.798295773,2019-01-22T11:40:09.181547021+01:00,5;14;6;20;9;11;15;32;4,693.9221649828309,3951.8079124737956,3951.8741316814394,597657.1942902635,5676679.732796608,602265.7983723823,5676455.01516668
22551,53016,594954.700183202,5675087.655847873,2019-02-01T14:45:08.206169729+01:00,15;19;25,1301.7504842671908,1038.8171585482958,1038.813369286927,594620.4600205452,5673829.547014362,594945.3876855891,5674048.8804312
32551,76805,599131.4669509181,5672411.306120374,2019-01-10T14:36:30.404209559+01:00,10;2;69,116.21904614603197,565.871309746283,565.2336496838587,599220.99548518,5672485.410831695,599011.1869686506,5672964.246501482
35172,82893,597454.4155063726,5673260.58633422,2019-01-25T07:54:37.202685664+01:00,18;27;69,63.7638414292749,1756.580963567644,1756.620952717531,597504.0032242123,5673220.500355209,597355.7585200934,5671506.778054896
39356,92963,598520.258071606,5676856.951540225,2019-01-07T09:35:17.817680877+01:00,14;11;6;4,441.03073196101167,4520.873869817672,4520.790215418622,598945.90013812,5676741.46587987,603034.1218191601,5676605.287845351
3204,7296,600339.1940011078,5676434.328993052,2019-01-21T09:59:08.146193606+01:00,11;7;17;4,1090.6215109482093,3834.974202750201,3835.4698800865713,601145.5376996853,5677168.675723083,603560.5762527044,5678515.127763923
26048,61351,598077.6162094364,5675136.204174455,2019-01-02T11:13:18.884129423+01:00,32;14;20,75.36476262009052,3849.1627019812036,3848.956854275693,598152.575460997,5675144.011738113,601785.8679614131,5674104.253376071
40411,95478,600514.1878258017,5676088.5069953725,2019-01-09T16:56:16.781+01:00,7;9;11,340.4630014533549,3294.9439092431016,3294.9439092431016,600832.2200565616,5675966.972820934,603555.5965087286,5677355.980304155
4600,10614,598515.8216746184,5676052.7147302395,2019-01-25T08:41:21.541612570+01:00,9;14;17;23;20;70,1616.8446817515032,3763.0179531389986,3762.4678211284863,598571.5868771794,5674436.832009529,602183.6991411727,5675211.894294005
43602,103070,599070.7867761888,5675782.478089895,2019-01-23T13:14:34.792883243+01:00,14;9;4,612.379604098558,3813.1059525976684,3812.709349563879,598797.9239912007,5675234.249414902,602826.6945591911,5675124.501090815
31611,74508,596593.2152203373,5674712.132994597,2019-02-04T15:29:18.992856312+01:00,19;27;32;14;15;18;20;23;25,354.80079473922797,1528.29636221705,1528.4223007691967,596317.0644554417,5674489.367739238,595611.5061422159,5675883.430162996
33354,78679,599447.465855635,5676966.082181265,2019-01-29T10:30:29.508157747+01:00,5;11;70;6;14;32;4,373.034415115255,3910.219554129357,3910.302239826525,599082.9330803074,5677045.268863051,603180.4440848,5678129.993905613
6405,14867,600512.2152517736,5676090.590145915,2019-01-04T16:51:05.199724296+01:00,14;9;11;5;7;70;4,624.7506695332759,3063.5679061966644,3063.823370994517,599901.0978525088,5675960.786743039,603312.7004247769,5677332.657419321
34952,82356,598896.6544731726,5676001.905122706,2019-01-02T13:25:16.375+01:00,14;69;9;2;4,1217.7824544642217,3807.643739684623,3807.300314047881,598766.7672449258,5674791.0692897625,602639.4720959718,5675302.28587567
15555,36366,597386.2021752597,5672687.694056548,2019-01-08T09:56:06.546368448+01:00,18;25;32,565.964149791511,563.4245507288689,562.9116048135427,597369.5089058094,5673253.411966468,597895.885683826,5672447.548381052
34339,80930,599054.8482143228,5674625.378826226,2019-01-14T10:20:15.912+01:00,9;12;7,889.1320119698978,4872.986506930833,4872.986506930833,599575.0074797866,5675346.4821983315,603142.257983209,5677278.505072364
12190,28507,597687.5164315064,5675531.048856867,2019-01-08T09:31:24.802738123+01:00,20;32;19,420.6776759072476,1214.5741069132187,1214.5767287988665,597409.7536260686,5675215.109731524,598407.152167847,5674552.624272054
26790,63109,599410.2352924331,5674234.204321921,2019-01-11T16:10:52.816+01:00,2;9;17;1;7;11;12;69;27,838.8949906139342,3479.8704787765587,3480.0179253986535,599988.8018004871,5673626.746009742,602863.280441825,5674665.4556933055
15925,37207,599114.0843805871,5672363.86747621,2019-01-19T19:43:24.326+01:00,10;2;1,244.1650961540523,655.2826779659284,655.8736345850041,599324.7856349706,5672487.243225777,599769.33377003,5672357.262502556
36580,86192,598203.1766588152,5676390.447004139,2018-12-31T10:43:20.974+01:00,5;4;20,1412.202714314821,4795.2262995591855,4795.2262995591855,597738.1327395246,5677723.882664173,602789.4509538845,5677790.548198472
13152,30752,598564.4969938673,5676074.443002219,2019-01-03T07:47:39.416307844+01:00,5;20;4,1954.5623582942023,4504.828100799036,4504.828100799036,597283.4001567798,5677550.622160203,602778.2953019991,5677667.358579434
18119,42406,597060.7213017822,5673410.987320983,2018-12-31T08:50:17.75363212+01:00,18;25;27;19,330.36095080157924,936.8293418721755,936.6087688122464,597330.1148306987,5673219.766285549,597406.3341058444,5672540.239937719
41638,98351,598607.3541066805,5675192.610100282,2019-02-04T14:52:09.128585710+01:00,14;27;32,94.2759596903215,4165.527008880918,4165.231257837429,598693.7610200556,5675154.903311815,602747.6550065413,5674734.872489496
44228,104552,597836.4814578083,5675839.844848242,2019-02-05T20:41:49.612480345+01:00,14;19;20,839.514445899301,3730.626313284311,3730.022647498947,598358.6807747672,5675182.507508483,601418.1438135525,5674796.165079915
7492,17433,597875.2889315328,5674354.929398129,2019-01-16T11:31:48.205+01:00,1;19;27,975.3625294916737,4083.756449639864,4083.756449639864,598259.9,5673458.600000001,598821.8941795126,5678327.460737775
39376,93021,599268.4128651386,5675134.487527928,2019-02-04T12:31:13.647+01:00,12;9;14;11;70;1,407.6254212698273,3944.595740241193,3944.7000699665846,599671.2592990407,5675072.25221032,601102.9695636545,5678626.5123379575
439,1056,598536.6760501256,5674603.947463456,2019-01-28T19:34:50.968+01:00,14;27;32,314.7646238402905,3789.5748663630416,3789.9283467624264,598283.7648188322,5674791.331234116,602220.1569273398,5675494.366631582
46878,110678,599125.1060069619,5672369.596753142,2019-02-05T14:47:41.385+01:00,10;2;69,189.6223169615325,797.1261620372684,797.4930294147993,599259.8934265913,5672502.9720679475,599859.403297977,5672679.7863832265
26029,61312,598749.5387222276,5674949.643149462,2019-01-30T17:14:47.322867943+01:00,14;9;69;19;27;32,162.11168449567987,3638.343545202567,3638.486623430085,598610.029171969,5675032.209992908,602380.4680994261,5675181.797431597
5250,12177,601313.9343404472,5673486.357421463,2019-01-28T08:37:58.237415870+01:00,17;70;7,428.46676832386936,4468.44524504924,4477.080013726854,600895.3306471152,5673577.7615761105,603583.6233437066,5677335.450137479
15095,35234,599946.3083294233,5676369.370803861,2019-01-02T16:22:46.90583912+01:00,11;14;7,811.6855977240048,3630.6505964925127,3630.878479267055,600633.8795503459,5676800.739933159,603374.2410140224,5677565.573656085
28149,66322,597817.2548818362,5675901.433677086,2019-02-05T08:26:53.151177308+01:00,20;14;19;5;32;6;15,218.67333984807226,2852.76452555869,2852.5814612737463,597599.4752980324,5675881.683172319,600529.1465350946,5675016.047264679
18417,43139,597841.4227495443,5676015.620920242,2019-01-03T08:12:54.610410972+01:00,14;20;32;5;9,623.9976080869958,4604.066655247513,4603.755642947451,598263.2324773085,5675555.784461855,602302.2688906695,5674876.199369116
10591,24730,598843.4652467752,5675714.864947082,2019-01-28T10:52:32.684289383+01:00,14;9;27,632.3136143681604,3943.0993101839204,3942.6935743636627,598691.2114913098,5675101.155487433,602730.9523539959,5675054.958771049
53942,127015,599131.3336821119,5672411.303548314,2019-01-09T15:31:51.803+01:00,10;2;69;1,105.92575806732874,763.2095022741327,762.5362927242987,599209.8562149567,5672482.398400854,598939.9729474868,5673150.133578568
19847,46575,599131.6084066181,5672410.884497282,2019-01-05T10:35:38.210+01:00,10;2;69,130.10028152217026,454.41932004199873,454.05257046359895,599236.4441441442,5672487.927027027,599194.0320061643,5672860.995830895
41475,97986,600144.9353357427,5674529.409154812,2019-01-16T11:31:11.507+01:00,9;17;70;27;12;2,313.2723771719627,4043.6198054622796,4045.8996612492333,600090.2649012625,5674220.944041885,603072.8649188873,5677318.331793982
47552,112218,598607.8111781329,5676449.556014004,2019-01-21T11:06:24.56868901+01:00,14;6;11;32;9,221.2274917469353,4245.157774887777,4245.075643961436,598765.2806821793,5676294.169533254,602844.4050341281,5676180.04342982
21665,50850,601182.3259227664,5674116.058024574,2019-01-28T08:10:32.011+01:00,17;1;70;7,809.6531256144323,4436.571325497475,4440.926950451895,601339.1580342222,5673321.73952886,603671.5373524668,5677788.52199097
55235,130150,598075.0081294633,5675131.486455534,2019-01-05T09:24:05.805949069+01:00,14;32;20;69;18,458.48843933700635,3420.9109890718546,3420.6437401957523,598200.4010649244,5674690.478223477,601401.354615415,5674332.7054777
8825,20573,598618.0077068801,5676452.722512293,2019-01-02T07:43:54.636640472+01:00,9;5;14;32;11;34;4,521.6065105201492,4209.42814560381,4209.490565462288,598097.5534580675,5676418.071008575,602783.4405732162,5677059.726918412
17628,41287,600408.1180205795,5676321.100602407,2019-01-11T10:00:50.484+01:00,11;9;7,1457.7301080368884,3990.592379949202,3990.592379949202,601143.6640451481,5677579.651004107,603546.1672958646,5678786.3539948175
19709,46222,600515.0534556279,5676088.523954921,2019-01-07T16:53:43.681+01:00,9;11;7;17;14;4,324.8726818776222,3145.7612436055997,3146.3962780385295,600409.5935661917,5675781.244812853,603428.5027402389,5677274.958558164
35987,84806,599242.3156462387,5673860.069319097,2018-12-31T11:07:32.300+01:00,69;11;12;7,1321.352617915798,5414.153350936199,5414.153350936199,599939.1226636388,5674982.7592680035,602335.1488029903,5678303.878447756
45845,108276,597968.3846744004,5673189.739807976,2019-01-23T10:25:54.303518549+01:00,69;18;27,178.03893371706062,3044.435329358507,3044.2562794741166,597904.0510662914,5673023.730625138,599841.3775160142,5675589.840699587
2960,6721,598514.8604779906,5676784.283218061,2019-01-18T08:35:15.91984394+01:00,5;6;4,2334.2510049415077,5198.534603021879,5198.534603021879,597146.7446550616,5678675.575593428,603215.3483367044,5679004.683161517
39432,93176,598719.371331577,5676126.221577078,2019-01-28T12:28:57.51851068+01:00,14;9;11;17;20;27,982.9259050793536,4132.645694618291,4132.595645721956,599377.0919446399,5675395.778608717,602851.1272737365,5676040.4703574
44259,104613,598454.8642186937,5675865.6775572905,2018-12-14T09:55:06.952556776+01:00,14;32;20,730.573842977966,4063.509654238696,4062.9103223829175,598405.046740956,5675136.8042082405,602259.5970379316,5674438.7511806665
23575,55450,599114.9839533,5672363.884834558,2019-01-20T20:01:00.449+01:00,10;2;69,173.60600068188242,503.35667010721033,503.0049715049057,599236.4441441443,5672487.927027028,599194.0320061644,5672860.995830895
20455,48028,598379.320662614,5676942.51202924,2019-01-28T09:42:41.478222887+01:00,11;6;14;32,721.1511577687833,4657.956427642942,4658.009169491024,598966.0599347278,5677361.792387605,603025.4035081158,5677274.885726385
51820,122189,599105.7221174234,5673684.718636221,2019-01-11T15:17:07.713+01:00,27;1;12,1036.3335726976566,5794.772765192917,5794.772765192917,598082.18651001,5673522.35443371,601813.1478336354,5678808.119595683
10563,24668,597193.657716062,5672956.054028514,2019-01-11T09:02:58.186+01:00,18;25;27;15,300.02855415228765,2919.9020042253696,2919.772561858299,596948.8497421277,5673129.507737626,598998.5818687668,5675251.283105809
19585,45917,599102.8345793667,5672421.786781268,2019-01-04T06:43:24.348+01:00,10;2;69,136.20537674588167,530.8942643636236,530.3630567368631,599222.5408318933,5672486.766145381,599067.6055241558,5672951.510892106
26445,62264,597707.4142844124,5673219.988657628,2019-01-04T13:00:53.762300445+01:00,18;27;69,197.0312604024451,1791.8346132336658,1791.9830946053987,597510.8302088388,5673206.721449683,597334.4692825153,5671467.395348631
53321,125565,598423.0400293425,5674716.766826448,2019-01-07T15:33:41.143018943+01:00,14;27;18;32,109.38299320656449,3693.110642265105,3693.150593731263,598426.7077568054,5674826.08831097,602111.9801687375,5674892.228685473
29401,69244,599136.7714373677,5672407.589320141,2019-01-04T18:31:27.504+01:00,10;2;69;1,120.84507897003495,533.6446178893416,533.0637354278865,599229.8958369351,5672484.604768698,599063.4291512865,5672936.169954741
6899,16017,599039.7898391997,5673642.708425376,2019-01-10T10:59:31.339+01:00,2;17;27;69;1;32,1043.6601368041431,3946.6995958108805,3946.359652071344,599559.0618721897,5672737.400170189,602649.6073908258,5672047.197553101
50770,119738,599110.0746289088,5672354.029984652,2019-01-19T13:33:23.652+01:00,10;2;69,227.75734906180568,525.5391793384196,526.0162948807866,599292.8044971001,5672489.982937259,599614.9779077765,5672499.852164064
32228,75998,599133.390592524,5672410.070187156,2019-01-05T16:20:29.480+01:00,10;2;69,106.71796378428273,663.0242097913462,662.3045504113475,599209.5224104801,5672484.854343827,598920.7297305686,5673038.06418439
7850,18279,597922.1144784247,5676103.3039803635,2019-01-30T10:28:43.075+01:00,5;14;20,1780.663010658623,5702.4882399310745,5702.634982748057,596959.2222176234,5677601.168878015,603152.4596310409,5678375.2770680245
4032,9331,592977.9257358646,5674419.6201133495,2019-01-31T13:52:02.187567349+01:00,15;50;19,746.9522425002666,4638.021369539827,4638.518826754705,593192.5782531977,5673704.174832857,595685.0318501877,5670653.611787535
52459,123620,599113.3928981856,5672363.429780246,2019-01-18T07:27:49.083+01:00,10;2;69,173.8984361716044,517.5619452184818,517.2182893522546,599234.2329376017,5672488.48317275,599199.5176239491,5672873.775642138
17896,41912,599993.7856045157,5676930.449141895,2019-01-15T09:23:23.125164930+01:00,11;5;4,898.649805153031,4012.3220120342507,4012.3220120342507,600269.5893204535,5677785.729085877,603479.6151288521,5678917.336268916
14227,33171,598738.1448189928,5673148.044233655,2019-01-02T10:07:40.352703566+01:00,69;2;10,552.9190158110996,3193.737773570734,3193.803383770442,598890.5244122258,5672616.537039337,601489.6590017611,5674769.5036590975
2066,4719,599113.151490365,5672363.849475128,2019-01-22T13:54:02.497+01:00,10;69;1,146.29971027361873,937.0596232877066,936.4221212243543,599198.9246584494,5672482.367696777,598930.6557472545,5673282.966465147
12045,28168,597706.0436159146,5674267.259352811,2019-01-08T10:49:07.705+01:00,32;27;18,36.22523129807376,3042.301185048913,3042.157136655358,597725.9520847067,5674236.995178397,600664.584734504,5674976.224055857
42758,101008,598367.8273499311,5674720.800594101,2018-12-28T17:10:50.37841439+01:00,14;32;1;27,400.39647484056803,4242.69199063977,4242.951645712237,598765.8370821857,5674677.147528969,602565.7419611512,5675335.575548327
21738,51023,599134.963551406,5672406.281367305,2019-01-09T19:35:17.764229802+01:00,10;2;1,279.8054793775966,1086.8891643719542,1087.4536468679141,599405.7947962204,5672476.577477596,600198.5154768268,5672182.260480861
47434,111972,600514.6123795344,5676090.6371102715,2019-01-24T16:56:57.915+01:00,11;7;1,1007.559019639924,3736.7756146322627,3736.7756146322627,601463.3394016302,5675751.384673872,603675.535681583,5678083.638834475
26533,62479,598539.2226321143,5674601.450233208,2019-01-25T19:26:26.649917503+01:00,14;27;32;69,178.33762088532876,3996.1627340648856,3996.6710702049895,598405.82114841,5674719.807113737,602377.8380865392,5675712.462379937
21519,50473,597762.6158504136,5675661.05774237,2019-01-09T09:58:30.828333899+01:00,14;20;5;32,315.6688470817974,4513.103758191648,4512.946026290183,598056.4125690542,5675776.514700298,602221.8834330525,5674966.048275795
36851,86886,598519.8772632875,5676477.9955988815,2018-12-31T08:25:53.422038364+01:00,14;5;18;19,808.9495310191448,3781.0004925605417,3780.7281740332523,597925.3209561572,5675929.450120924,602262.1997174555,5675938.563143635
31483,74185,598382.9583173802,5676488.947119397,2019-01-25T07:35:19.190828929+01:00,14;32;6;20;5;4,356.16927096054474,4177.3357585231915,4177.100524909987,598073.1444615201,5676313.243037789,602467.2473366946,5675612.181902167
50762,119718,597836.4814578083,5675839.844848242,2019-02-05T20:11:27.383365542+01:00,14;20;19;23,1193.0199154298555,2682.076984494775,2681.2334895708723,597297.2700050204,5674775.63268528,599911.4022378328,5674140.36236602
41213,97387,596907.9958638306,5673665.682016114,2019-01-17T10:15:10.581+01:00,18;19;27;69,321.2710647041683,1106.4177692836122,1106.3812991039267,597225.1894165358,5673614.659010142,597023.040510103,5674766.102394674
34643,81649,597191.617238964,5672908.9127274165,2019-01-07T08:23:30.868149126+01:00,18;27;32;25,646.9870758252376,2379.769003101276,2379.4455571838607,597533.0047319559,5673458.500623857,599126.00865795,5674295.069409136
3786,8769,598774.2211007781,5676216.391842209,2019-01-09T15:10:29.135+01:00,14;2;9,1357.1856150579567,4406.405409761903,4405.583820122746,598902.4947509023,5674865.281682228,602811.994734456,5674452.081008383
39168,92530,598141.7291864726,5676491.540225411,2019-02-05T10:14:13.801+01:00,5;14;20;4,1194.238804562682,4974.098693805179,4974.213779300817,597296.3369114135,5677335.055621591,602961.9919808144,5677719.027255566
53523,126067,599114.1171218747,5672362.170695678,2019-01-20T12:51:55.821+01:00,10;2;69;1,158.60409916674277,771.5539160736677,770.9695954908899,599217.541857153,5672482.414549597,599012.1482609588,5673126.956807485
51563,121591,597713.6880545999,5673224.7758863745,2019-01-11T10:13:31.593382194+01:00,18;27;25,228.89218784141664,1984.6749679033073,1984.8561985407923,597485.6686546985,5673204.806236316,597220.8112405494,5671302.27564596
23450,55164,597836.1930821517,5675980.724299066,2019-01-11T08:12:12.334134214+01:00,14;20;19,788.0966170199163,2690.5256121379293,2689.810136800337,598059.5122509145,5675224.930129585,600233.5963872947,5674759.501361982
29477,69439,600512.4564651325,5676085.078199592,2019-02-04T16:44:23.003+01:00,9;11;17;7,687.2232779781092,3219.680638619614,3220.346504714115,600018.1987116563,5675607.600339453,603390.6790571491,5677528.053641347
45122,106625,599134.4868678233,5672375.718740355,2018-12-08T18:09:13.349706384+01:00,10;2;69,171.88409551412957,378.52390235348787,378.5586912795958,599265.0195054691,5672487.546164541,599358.285840467,5672680.9962608125
10023,23417,599232.1049644422,5674383.101208353,2019-01-19T10:02:25.742+01:00,9;12;14;27,625.9326890943352,4148.365607533126,4148.841096014813,599093.8788937604,5674993.580761378,602166.8132695877,5677315.067166115
6431,14917,596966.8859310605,5673432.129236186,2019-02-05T07:53:12.320+01:00,27;18;69,720.4798956104732,5706.022863102747,5705.939158307836,597679.2313981056,5673540.088559818,600925.1790813865,5677541.948240757
48587,114681,597785.0201214543,5675890.634761505,2019-01-03T11:42:58.677121673+01:00,5;6;19;14;20;25;27,1791.1484890479715,4242.1401338700125,4242.227727863315,596846.0519622812,5677415.938569236,601407.2727753768,5678098.583725259
15336,35814,597153.0545902334,5673583.746073848,2019-01-24T10:51:59.452387244+01:00,18;15;32;69;25,662.2825495602311,1276.4848410279876,1276.4266294870197,596496.0552503733,5673500.259291208,598126.3659382039,5672757.865592612
29386,69192,598243.2424825092,5674356.441844464,2019-02-04T10:12:56.692+01:00,27;69;1,1212.968874825657,5743.271220418949,5743.271220418949,598399.3019832826,5673153.554100943,601972.786730815,5678724.0114216115
22937,53936,599142.8792041441,5672389.884375202,2019-01-14T20:46:53.805+01:00,2;10;69,230.19934848648302,1933.551936174722,1933.8717061416735,599328.8804986528,5672525.513496281,601066.4886293166,5672194.053148701
39242,92693,599062.6524575006,5674609.403970803,2019-01-28T10:41:29.17547918+01:00,2;14;32;69;27;12,835.6892881457993,3221.5343061498734,3221.3980192167232,598846.1463012192,5673802.247436658,602227.0270415688,5674005.237787205
41179,97300,598564.0406076072,5674481.834798873,2019-01-02T07:59:03.561989114+01:00,14;2;18;69,399.7116638242987,3291.3045851609504,3290.937693753118,598645.7425204348,5674090.562244715,601802.4957197319,5673894.3874743795
35435,83460,599133.7231956617,5672408.379193819,2019-01-05T08:23:58.895+01:00,10;2;17;69;1,117.31512541625288,655.5907198045319,654.9538505198445,599221.0875484387,5672486.675480546,598967.9014670879,5673042.652278718
9950,23256,598022.7703840928,5676109.89406861,2019-01-21T09:34:56.297520634+01:00,14;5;6;9,475.04108222801216,5033.920237360899,5034.0777918751,598059.1497444136,5676583.54010939,603017.7063251302,5676735.168329271
52897,124591,597307.6784442994,5673124.133650067,2019-01-22T10:04:59.107910227+01:00,18;69;27,271.70112925156565,1017.2877027557402,1016.9827975318681,597570.8413315155,5673191.711741404,597796.0279102526,5672231.727313648
19077,44657,597876.0373525807,5676303.14347796,2019-01-08T08:32:48.325039735+01:00,14;5;9;32;34,433.85985527302444,4883.770190551179,4883.631028644365,597974.9239829442,5675880.703176434,602743.2275042298,5675901.059777958
36518,86043,599047.7432456486,5674971.090732705,2019-01-15T12:25:14.389983718+01:00,14;2;32;9;18;69;4;12;7,311.07661330019107,3477.490779947525,3477.2666513517042,598738.1601778591,5674940.644329298,602507.6069126732,5674621.397252321
48701,114928,599893.1954515652,5676451.086079225,2019-01-11T12:16:30.102037781+01:00,5;9;14;17;34;11;12,1881.3147977107785,3313.321017478415,3313.6026945632607,598011.8884377043,5676456.497888841,603070.0064228759,5677392.344926421
19705,46213,598069.6132132414,5675098.283877551,2019-01-30T11:24:42.520255174+01:00,32;18;27,410.8382782731228,3146.940078896456,3146.8675551315946,597798.6489646123,5674789.469261868,600983.8846240204,5673910.742718482
13389,31294,597712.8631572288,5674197.795633993,2019-01-18T11:06:21.556+01:00,27;18;69,729.0313145687146,4726.047560460188,4725.9714377616365,597732.2838488433,5673469.023039586,600979.8855183186,5677612.775932014
7505,17458,599112.8843736734,5672362.146908567,2019-01-19T06:54:48.705+01:00,10;2;69;1,175.2007119073316,527.7306346856708,527.2604926710392,599238.2444831758,5672484.540259687,599118.9990012051,5672889.842118055
53171,125238,599391.573392275,5676712.506357293,2019-01-23T09:42:16.235672380+01:00,14;7;34,1458.3622405452852,3644.7218830201846,3644.074843307726,598571.0273693387,5675506.884256926,602822.3193787412,5675482.067581525
16318,38109,598996.0593465468,5674743.9125632355,2019-01-30T09:37:32.146854484+01:00,14;9;11;69;27,563.4940013027848,4433.080478177541,4433.529210329136,599254.5069940025,5675244.642333699,602786.005564233,5677043.588669352
10005,23370,599224.5176593772,5675111.57215873,2019-02-01T08:40:05.032+01:00,9;12;14;1,249.79042131992355,3830.408570148498,3830.724208658717,599458.9560335794,5675025.352072412,602254.132356963,5677455.386272186
17640,41323,599089.4345274984,5674707.94685543,2019-02-04T10:51:17.982806965+01:00,14;9;11;27,713.5679429788553,4042.7695812690704,4043.295767437968,599099.983720935,5675421.436815951,602905.4273786967,5676042.931666893
468,1127,598044.5865858933,5676472.284114844,2019-01-03T13:17:49.748557841+01:00,14;5;4,799.8075745629981,4876.988353267208,4876.593997047696,598387.6519459789,5675749.789606188,602839.6823203545,5675582.299679443
10041,23455,598818.5610138557,5676271.138834636,2019-01-23T14:03:00.318886241+01:00,11;14;5;9,461.36111916316406,4513.519019875792,4513.723899969221,599077.8669490262,5676652.733533578,603189.1725963325,5677397.907816238
47830,112825,599424.2137670951,5673224.934842083,2019-01-03T11:38:42.73786441+01:00,2;1;27,754.0714918044285,3711.943969813966,3711.943969813966,599700.3190202969,5672523.229986815,602748.5751465283,5671573.52651766
22824,53675,599132.9995421895,5672411.335699312,2019-01-05T14:24:09.632+01:00,10;11;69,106.4055714285153,767.2104002412585,766.4281023526811,599202.3067651312,5672492.073884077,598827.5957888181,5673115.139894856
35376,83335,599134.7735410229,5672410.9455848085,2019-01-05T20:42:42.490+01:00,10;2;69;1,106.23066026888019,678.1525928812317,677.4508062136524,599212.0132003783,5672483.876978624,598934.7709318975,5673058.934701673
11233,26266,597889.1763885296,5676251.623153785,2019-01-14T08:31:09.871288640+01:00,5;20;6,1757.1102795261284,5047.2793098267475,5047.2793098267475,597093.4579916107,5677818.23375225,602763.4229363899,5677561.870848718
30367,71524,598123.5342477143,5675981.968270586,2019-01-22T09:55:21.222563466+01:00,14;20;32;69;27,1163.8002320312428,3990.171986231422,3989.8757054269236,598339.6669941855,5674838.413455118,601978.6145981697,5674952.488804429
24641,58025,599115.3001817133,5672363.04223045,2019-01-19T08:02:49.931+01:00,2;69;1,587.6620254167763,4204.907699096453,4204.907699096453,599685.9696587563,5672503.3383604335,602721.373482229,5670200.293028802
17799,41682,598443.8702934292,5675869.285786935,2019-01-31T15:30:16.749364499+01:00,14;20;32,671.0811581072327,4199.710814356086,4199.005252696138,598539.0492353252,5675204.988496721,602370.3754636302,5674379.276366628
8044,18746,598648.599487301,5676855.174805423,2019-01-02T09:51:39.074+01:00,11;6;5;9;4;32;27;7,698.4119612890131,4693.194815014003,4693.194593243801,599041.7172678546,5677432.442228966,603123.8405810773,5678268.785333203
6158,14286,597752.9983439279,5675830.190926074,2019-01-04T14:10:52.121878711+01:00,6;5;19;32,2246.1411437264237,3826.933261053888,3826.9324446744267,596795.670243114,5677862.104542578,600955.9624042152,5677924.573749979
30709,72339,599100.369111649,5672421.739212399,2019-01-03T19:53:31.114+01:00,10;2;69,127.57650298552224,624.8235079656132,624.1571679543819,599210.9079113309,5672485.433308506,598949.3341157656,5673028.033568406
5694,13199,599122.0092024751,5672374.629228235,2019-02-05T10:32:21.252+01:00,10;2;69,161.3216864010618,731.653132710415,731.7384488804901,599220.3827547072,5672502.4859086415,599597.3024648385,5672930.877932824
15048,35121,599804.6689423273,5677034.9769565705,2019-01-14T15:59:47.375548495+01:00,11;14;5;7;9;32;12,850.3310997214429,3739.282187806057,3739.3814368676453,600642.8094409726,5677178.446408664,603363.9188665752,5678181.262809569
36590,86225,598583.1296310651,5676791.111511129,2019-01-21T12:26:40.992+01:00,14;9;4;6;32;18;70;25;27,1015.9407468745254,3672.455471274292,3672.2495099329567,598497.8220266195,5675778.758700206,602197.1219343226,5676138.433320527
32491,76645,601331.5899068512,5673476.521188081,2019-01-22T08:54:18.2609151+01:00,17;1;7;27,673.1777633523039,4424.296210668996,4433.336006598732,600658.4299608566,5673481.418961099,603516.1599229518,5677323.864531805
963,2237,601387.2172304653,5673487.803921703,2019-02-04T07:56:58.380610538+01:00,17;70;7;9;37;27,464.1299467494728,4451.68946226738,4458.634821737579,601128.6979002792,5673873.270344871,603256.733928239,5677527.90867099
5547,12876,599268.4070493083,5675143.398879693,2019-01-03T09:20:54.351324332+01:00,12;9;14,245.296601122765,3821.4676251633637,3821.598206623995,599513.6363246666,5675137.652138908,601691.2441260739,5678098.644268763
19894,46681,598366.2528009863,5674790.788632374,2019-01-08T11:09:56.74079885+01:00,14;32;27,215.80116186815204,3838.474618963698,3838.4783947931437,598316.6195880692,5675000.8045499595,602204.7176283828,5674799.458653598
25216,59393,598379.4687255237,5674238.534747706,2019-01-10T11:47:36.679+01:00,14;27;32,506.6748175353509,4071.5838972098636,4072.085146413099,598251.6969189536,5674728.834386876,602189.7981143986,5675673.520942864
41827,98810,597432.4040847619,5673716.34436133,2019-01-04T09:36:13.632+01:00,27;18;69,295.46649125872113,6188.302645344794,6188.280118347132,597700.8277897503,5673592.856863757,601446.897201504,5678425.795990343
14814,34590,598534.0887539574,5674608.565679047,2019-01-23T19:12:06.891236575+01:00,14;32;27;69,312.67304153507064,3920.4477567047206,3920.735584359813,598448.9922991414,5674909.436123393,602411.4824689922,5675187.986589664
24921,58701,599106.9502210409,5674625.535877047,2018-12-31T09:07:01.209+01:00,9;32;12,679.7942091144703,4267.634029891557,4267.633185911491,599115.816869072,5675305.272259256,602864.8855405513,5676648.064578318
54884,129294,599142.284022783,5672403.452188674,2019-02-05T14:49:49.583+01:00,10;2;69,150.91620039001344,607.0793668478773,607.4168697123284,599260.1836327742,5672497.661431873,599677.7301234993,5672689.534049127
29293,68961,597894.2810591552,5676163.879569048,2019-01-21T08:04:49.672281234+01:00,5;14;11,1820.339726217276,5882.23900106084,5882.319429216026,597067.1479731675,5677785.449048568,603210.8999189262,5678680.683011021
50587,119340,599940.1606248765,5676450.727787265,2019-01-15T12:21:52.874331365+01:00,11;37;7,1989.7146792374774,3658.415334290764,3658.415334290764,601528.7105714104,5677648.840291223,602730.6779708518,5678816.529068012
32034,75522,598533.9890877301,5673556.593229138,2019-01-04T12:28:47.944+01:00,69;18;27,791.8540447499333,3106.856031309174,3106.731604622972,597922.1319285171,5673053.936641688,600192.7493144093,5676183.58179205
32679,77125,598527.7463722115,5675313.719248213,2019-01-10T15:08:24.744817173+01:00,14;12;9;20,301.52992525881126,4028.4034286053907,4028.298883344991,598795.1520383466,5675174.383303298,602551.6622096816,5675123.625806566
12489,29219,599114.7457412034,5672422.865318789,2019-02-04T11:11:10.025+01:00,10;2;69,106.1793308844354,721.7901917481345,721.0198879433818,599201.6099758927,5672483.928032772,598839.6021048567,5673090.156155143
41390,97805,600375.0186667437,5676041.648935235,2018-12-28T17:01:41.329+01:00,9;7;11;14;17;1;37;4,626.1794284857717,2746.6127750556007,2747.4092671336994,600643.1535898999,5675475.782926676,602753.7628709157,5677414.768648595
34897,82210,597220.603599193,5673139.88269418,2019-01-17T13:58:26.739+01:00,27;18;25,467.33927997578064,3832.110606498452,3831.914241077534,597580.1425853806,5673438.442102036,599891.8682783367,5675887.502885254
28606,67359,599919.0446956889,5676384.116583825,2019-02-05T09:30:33.316985028+01:00,11;14;7;37,1011.6435262942709,2623.8258496869084,2624.0550886904052,600928.5070805014,5676450.511748873,602438.9579744511,5677115.211076352
45193,106772,599135.3235590892,5672411.804906772,2019-01-10T20:54:56.940+01:00,10;69;2,95.38591795155287,760.6928604815689,759.9526695275717,599195.1649996457,5672486.084616893,598874.0949480161,5673126.237017434
32620,77001,600910.239495988,5673361.70921286,2019-02-01T10:27:07.054+01:00,1;17;70,707.5704830702773,5615.201324614219,5619.260040716587,601312.8544052815,5672779.85250943,603669.9285712579,5678251.965047046
39326,92891,598151.6264750386,5674958.966757237,2018-12-28T19:36:20.484121084+01:00,32;14;27;69;1,306.3840077479741,3577.7581901470794,3577.766798007487,598093.313225958,5674658.183238431,601728.3628578564,5675044.468306881
46513,109850,598323.9625729182,5674248.92880501,2019-01-29T11:22:22.820+01:00,14;27;32;69,167.02320869921044,4373.74792475714,4374.269667833074,598156.940484012,5674249.540410772,602004.5045649813,5676611.825661409
51304,121005,597105.7894042234,5673549.328399362,2019-01-08T10:05:25.196+01:00,27;18;25;69;15,245.60003664751696,4270.661373361714,4270.63931363928,597136.7493412182,5673305.687556516,600071.2491331259,5676622.534731872
5500,12740,598656.0059786193,5676963.527809508,2019-01-04T09:24:23.203045717+01:00,5;6;9;11;14;4,1461.88818527152,4836.239522399646,4836.300420642061,597445.8509843018,5677783.675330363,603215.8608718619,5678575.0289949225
13591,31765,599135.1653862976,5672387.189370829,2019-01-17T13:06:00.882+01:00,10;2;69;1,165.08879895654735,671.6341723712626,671.6170427561908,599269.787077716,5672482.747268151,599496.1110002619,5672953.590929139
19621,45995,599132.9323385869,5672409.636989635,2019-01-06T10:29:48.549+01:00,10;2;11;69;1,112.90171393733127,719.7313712473292,718.9882149837662,599210.749274511,5672491.43748776,598882.8855215543,5673084.536860764
43466,102740,597755.639217036,5673596.032139471,2019-01-11T13:31:43.266+01:00,27;69;18,174.84549941137462,5210.435967622085,5210.371457766959,597767.6849628334,5673421.602071327,601016.3903127795,5677660.0382005265
26756,63015,599134.0984410248,5672409.659495637,2019-01-10T19:47:28.242+01:00,10;2;69;1,100.49497843812102,754.2653416928124,753.4884725912116,599202.5497160949,5672483.237098428,598838.2010775737,5673103.461308824
4316,9988,597628.9626375971,5672733.04050972,2019-02-04T08:08:10.559+01:00,18;27;25;69,406.2084285987717,3590.108832785089,3589.957188967743,597477.6267738343,5673110.005685571,599568.2718789955,5675754.292087704
19562,45842,599133.382405485,5672410.494382309,2019-01-09T09:38:58.336+01:00,10;2;69,101.11901586579924,728.7829134505332,728.012207119601,599202.7410101334,5672484.0772562055,598851.7796664787,5673082.6732516
47985,113206,599117.2238367042,5672361.806291091,2019-01-17T16:36:24.784+01:00,10;2;69,162.5661980521015,657.5549099123035,657.2532303408317,599211.5939845352,5672494.177148713,599255.680918141,5673004.618935763
53684,126459,597827.1285849487,5675815.054083478,2019-02-05T16:32:02.851750040+01:00,20;14;18;19;32,775.3607469153883,2784.286013350383,2783.7944614330563,597891.2796829322,5675042.351731673,599665.9460114577,5673724.36063964
38557,91105,599100.0938104191,5672420.460841552,2019-01-03T15:36:36.198+01:00,10;2;69,119.49996143309559,688.1030276630968,687.5418588192804,599197.1562402425,5672490.168269415,599027.5421011334,5673104.728352223
6671,15508,599134.0984410248,5672409.659495637,2019-01-08T14:07:50.407+01:00,10;2;69,136.04874992762055,423.02387050613464,422.83103984725307,599244.6644226285,5672488.933867718,599279.8530864283,5672806.780104975
18324,42903,600501.5939934296,5676070.012819235,2019-01-11T16:57:42.582+01:00,9;14;37;11;7,517.6452095383531,1582.3468057349796,1582.7753012385238,600985.7778643386,5676253.104441407,601629.6768471434,5677179.630090539
24931,58724,597878.2054508149,5674359.228521429,2019-01-23T10:39:22.742976817+01:00,32;14;19;27,536.9816730624758,2221.238856974342,2221.7012204861517,597592.9917843223,5674814.203775317,599598.4576230082,5675764.445417071
54799,129100,599458.6141892659,5677026.557085359,2018-12-31T09:07:20.462+01:00,11;14;5;4;6,166.03174749444798,3778.5536706425373,3778.681340717339,599392.1878414748,5677178.72173794,603197.118531483,5677575.240167975
4759,10975,598077.6271940346,5675125.171223724,2019-01-03T18:58:07.646269026+01:00,14;32;9;20,490.7164495972165,4184.528972285549,4184.451403899301,598553.609061922,5675244.519015274,602247.2629278668,5674772.438226902
9452,22087,597551.3524862855,5673935.870253534,2019-01-17T10:45:31.704+01:00,14;27;69;18;19;32,366.97892555069944,3358.9296246826048,3359.3726176451105,597835.2292249047,5674168.437510622,600150.1196822791,5676063.972056691
17821,41727,598518.9874597699,5673603.832828604,2019-02-02T09:51:52.334508720+01:00,2;18;69,1034.0538791865592,3418.7502196503137,3418.62724246459,598993.6156457597,5672685.140545995,601414.7812786679,5671786.628596055
38944,91981,598381.5536195687,5676739.289137637,2019-02-01T11:17:29.704776930+01:00,11;14;34;4;5;6;20;32,350.2016581906615,4397.782099073046,4397.841392839201,598336.2039164691,5677086.542079782,602763.5373344878,5677111.72183372
14743,34425,598341.2033494173,5674242.893776327,2019-01-29T11:35:01.439031263+01:00,32;18;27,671.3081470783975,1661.0906939556269,1660.832792322594,597687.024661626,5674092.212414595,599995.3313796399,5674090.963683265
45740,108034,597554.2360489032,5673754.303214012,2019-01-22T08:10:28.001+01:00,27;18;32;19,118.06132091031306,5276.194497898062,5276.143278699466,597635.0135798844,5673668.201727476,600949.3690596638,5677793.028287459
25626,60374,601238.1458132531,5673762.393730061,2019-01-21T09:27:36.287+01:00,1;17;70;7,1203.356790064933,5266.003480739394,5267.9239514649535,601443.4205095102,5672576.6745966775,603717.0606277118,5678408.443019707
45511,107485,599133.2660798013,5672411.340843523,2019-01-04T10:48:01.180+01:00,10;69;2;14;1,100.49178782192074,812.9992242808822,812.3558610281325,599186.8204802601,5672496.373340906,598951.1640197674,5673203.683306359
13169,30796,597091.0407796941,5674174.115415183,2019-02-04T07:35:23.939777812+01:00,19;18;32,449.6949499867058,1874.5911378503608,1874.8032395503728,596748.3121243769,5674465.255616577,595293.2678873095,5674705.250578314
12899,30145,597868.3371955726,5676315.727149286,2019-01-21T08:01:45.192221585+01:00,5;6;14,1754.5967326624411,5637.807011467417,5637.964443167901,597048.1365505714,5677866.817280842,603153.259205427,5678279.006866572
20916,49078,597871.3612277337,5676305.600378956,2019-01-31T07:53:29.738911355+01:00,14;5;20;9;11;19,476.85869396211456,3464.296777590692,3464.3034275558266,598296.6646970368,5676089.935887196,601335.474523016,5676341.254841135
27747,65336,597013.6850645988,5674076.750097467,2019-01-08T08:15:53.724+01:00,18;27;14;19;25;32,617.6255175131046,1503.3622760557976,1502.965662142354,597513.4847258852,5673713.898091187,598516.1467427408,5674024.720886609
28730,67650,598207.7000044986,5675223.138091455,2019-01-02T14:23:30.400699895+01:00,14;20;9,496.6066128168443,4526.688830345284,4526.416762278642,598702.3735968767,5675179.364070654,602707.8662196823,5674733.836750263
16951,39665,599115.2253612714,5672363.465139761,2019-01-20T16:50:11.056+01:00,10;2;69,153.0460621297443,709.9735846496559,709.287146541474,599207.8647691783,5672485.288935614,598925.4526801809,5673047.6060758345
54473,128303,596602.1360618164,5676105.013443854,2019-02-05T13:26:41.268681341+01:00,5;32;1;19;20,897.7582027740953,5749.387822564201,5749.38742253087,597362.125432401,5676582.910867206,602118.4024199828,5677725.589205739
11302,26429,598308.755934537,5672968.792355105,2019-01-10T11:29:40.494444075+01:00,69;18;27,232.58915945246898,6120.629410174685,6120.621878559692,598268.4681590273,5672739.718977693,601465.1269612423,5678212.781897283
13122,30688,597996.807519573,5673677.012656145,2019-01-21T10:21:14.130+01:00,27;18;69,444.8717351222538,2803.1436889629476,2802.94801051559,597686.8225193358,5673357.919941815,599881.5025102958,5675751.992013372
8881,20695,598383.4481316207,5676505.081969082,2019-01-18T08:06:24.999216016+01:00,14;5;20;32;4,517.7605124656039,4089.531270356943,4089.3407316630883,597991.0345530219,5676167.313510519,602372.0705622247,5675602.221449783
52065,122762,598081.9158678686,5675111.673912916,2019-01-22T19:39:25.352255485+01:00,32;14;69;20,255.99337165413945,3801.078500704499,3800.9706569642144,598194.0398163532,5674881.541719369,601852.4476927101,5674630.75029489
4158,9609,600450.6298022617,5676271.009730407,2018-12-28T17:11:05.575+01:00,7;11;1,1116.250367137236,3522.2664479862788,3522.2664479862788,601565.4666666667,5676214.852380953,603692.5205724678,5677648.146312109
16907,39558,599132.3665153602,5672411.323481869,2019-01-09T10:43:15.899+01:00,10;2;69;1;11,106.70114056731681,741.7872542954146,741.0237739667062,599206.0518916015,5672488.496007592,598855.0019139372,5673099.304011036
10467,24464,599133.1333800997,5672413.035695048,2019-01-08T19:50:13.953+01:00,10;69;1,97.7307862739404,770.2542782807536,769.4763713919127,599201.4126450302,5672482.958856921,598831.3018724972,5673121.688920701
13569,31713,600152.3046890518,5674682.7459568,2019-01-10T11:56:42.123+01:00,7;12;17,816.934163553323,3747.5710075606085,3749.4632652673336,600968.1328852826,5674725.240448388,602863.0763511121,5677270.410048772
39509,93371,598521.6777888123,5676044.340102295,2019-01-11T09:01:04.941364677+01:00,14;9;20;32,790.5538795709629,4061.223924483545,4060.8693945856535,598668.0075777179,5675267.446911835,602407.1873587539,5674862.665381109
40675,96145,600240.6758057703,5674047.086183309,2019-01-02T12:07:05.990668816+01:00,17;70;11;1;2;27,674.9230073908698,4568.67303428107,4575.391123281165,600725.960755167,5673578.023731396,603509.9816952953,5677238.388784894
18112,42394,598593.894864328,5676322.830864174,2019-01-30T15:57:06.395622401+01:00,32;5;9;14;18;19;20;4;27,1024.98920714004,2791.2917176500478,2791.1822918373014,597855.9177521458,5675611.499256098,601299.4881797227,5675636.482363256
47569,112247,597701.6847129957,5674315.976727342,2019-01-30T11:19:26.236+01:00,27;14;19;32;1,362.4059915800736,4450.470228887959,4450.701401271732,597866.4972821204,5673993.215329725,600687.911998791,5677615.845187719
24770,58320,597061.219723634,5673409.299348547,2019-02-04T09:48:14.750935811+01:00,18;27;25,450.51893105126317,1444.8262006972666,1444.575810371999,597462.8540424121,5673205.198439154,597616.1464771482,5672075.290709724
19461,45610,598237.8694969211,5674130.5836853,2019-01-24T11:39:55.309+01:00,27;69;9;19;32;1,297.4651943932503,4557.7380877826345,4557.737300265599,598074.8839551503,5673881.743867246,600854.4344272818,5677862.414930417
8698,20299,598084.004765216,5675110.440779454,2019-01-10T17:48:33.973656011+01:00,32;14;20;27,214.74886413443767,3560.71871675171,3560.686199790501,597883.878176096,5675032.553534194,601510.1951707643,5674140.937254574
234,558,599134.6899637034,5672410.095265405,2019-01-09T17:09:52.677+01:00,10;2;69;1,106.25594294895828,723.7551215606749,723.0994780422201,599211.4823322438,5672483.53406677,598967.7022163646,5673114.322904897
46685,110277,598561.172576338,5676249.213112686,2019-01-17T11:16:09.532+01:00,14;5;27;4,578.120113974813,4217.533432690622,4217.580267458352,598124.7626378046,5675870.043979275,602777.0352944211,5676367.913568204
15868,37078,601334.361990827,5673486.3361693565,2019-01-30T08:45:11.526556586+01:00,17;1;7,331.6069306518411,4557.881759606268,4564.302686040326,601011.303777583,5673411.526094421,603634.7264650714,5677421.130880671
49388,116523,598380.9875279221,5676492.728508362,2019-02-04T11:58:30.32130530+01:00,14;5;32;11;6;4,464.2325124102265,4443.61973898819,4443.365950836716,598504.4516107783,5676045.214881951,602774.4691579365,5675827.089303197
5047,11684,599011.7052535173,5675000.100175604,2019-01-11T11:29:31.672025287+01:00,9;14;32;12,326.9512734807663,4185.409368082168,4185.554227616664,599157.1888542388,5675292.899863363,602870.9982196313,5676619.825269604
24720,58208,599550.4023474626,5676821.675805384,2019-01-22T11:40:44.987107164+01:00,14;11;5;2;4,685.8758555310758,3544.9097830039223,3544.7336815571857,599216.5069138021,5676222.560183337,603056.1735925284,5676296.363187121
45671,107874,598627.5035915092,5676261.945495321,2019-01-02T15:54:18.864517728+01:00,5;14;20;9;6;70;4;27,265.6305936106665,4200.582892510861,4200.657439971352,598396.9893255284,5676393.94089464,602774.9426664381,5676928.012876754
37733,89098,597707.8322214618,5673222.542710149,2019-01-02T12:25:27.233107618+01:00,18;27;69,194.03410534732248,1655.6315439531108,1655.7580032298383,597513.9772449454,5673214.207116724,597409.248655102,5671594.057627861
39372,93010,601040.333480377,5674100.106205832,2019-01-24T07:57:26.528+01:00,17;7;9;70;1,131.3205338521761,4190.882122445654,4194.951454276609,600979.9821931802,5673983.475143311,603595.393730242,5677422.027349357
32749,77291,599135.5638300134,5672407.990365648,2019-01-09T17:02:30.004+01:00,10;69;1;2;27,100.07709429137651,817.1185011984493,816.3976839381004,599199.9352068235,5672484.6177148735,598880.9939001859,5673184.441778054
2881,6509,598866.0633721198,5675523.9163483055,2018-12-31T09:11:42.166658016+01:00,14;9;20;11;27;5;2;7;4,292.9541403245313,3952.5821116241423,3952.4258618537674,598824.1961097121,5675233.969351991,602807.463212314,5675226.809214684
40684,96179,599143.2456949003,5672389.89144918,2019-01-14T20:43:44.270+01:00,10;69;1,140.61128955958463,1564.1568566898814,1563.8215869717785,599267.8397392397,5672455.067049421,599380.4887640988,5673935.951732108
12764,29832,599139.3286762513,5672408.063030747,2019-01-06T06:33:25.369+01:00,10;2;69,107.54899720159082,622.4782011804929,621.8112908587092,599213.5334772766,5672485.9118220275,598982.167085175,5673010.374698603
22462,52807,597915.7284748377,5676317.48019582,2019-01-08T10:03:03.153871711+01:00,14;5;20;9;6;32;34,265.51050230473743,4835.477510866353,4835.352203748635,598027.5075556337,5676076.645680166,602734.7102780784,5675918.409853488
38424,90806,599114.276100295,5672364.295528742,2019-01-21T19:49:55.527+01:00,10;2;69,160.14411593204116,623.3655097921347,622.7678390977161,599218.2108540136,5672486.130272707,599018.7540607477,5672980.298855647
28007,65970,599114.3918473683,5672361.751643755,2019-01-20T18:41:56.282+01:00,10;2;69,148.85318584449328,792.8960038101002,792.1868500936841,599196.168627451,5672486.129411765,598881.8736394466,5673119.788157283
5170,11965,598079.9161497639,5675108.240875993,2019-02-01T15:29:54.532437179+01:00,32;14;69,337.33566741619615,3596.261270715239,3596.2165934981003,598018.4136925724,5674776.559100385,601652.5456194769,5674696.641799969
47025,111025,600044.0914299273,5676562.238148452,2019-01-03T11:35:24.537+01:00,14;11;4;33;34;9;5;6,1855.0709713818499,2337.826218456779,2339.0551688029514,598306.6755602045,5677212.372291917,602310.6773308299,5677134.96826075
4704,10855,598118.9000347572,5676440.181099058,2019-01-24T10:15:16.815+01:00,5;20;4,883.0076154618788,4332.44541620385,4332.44541620385,597648.7194663007,5677187.598440314,602445.0552913533,5676673.556290996
7048,16389,598460.1071394412,5676465.390448795,2019-01-14T15:51:30.481+01:00,14;5;9;11;32,381.4222842036337,4674.46812961214,4674.576583462375,598827.5831852665,5676363.193019122,603092.3091899501,5677092.571808547
5493,12726,598124.2135511641,5675077.26123136,2019-02-05T19:02:08.259759912+01:00,32;14;27,129.49335705412264,3663.6056819254763,3663.4978842738337,598006.140730432,5675024.08850785,601709.7008819301,5674324.74067114
16761,39195,597032.7451875309,5673473.68649048,2019-01-17T07:53:34.056+01:00,18;27;25,488.235592358059,2091.4339427399077,2091.047507797273,597489.5651487894,5673301.380029078,598922.9928983272,5674368.705780034
40995,96859,598370.0554666359,5674714.053652435,2019-01-24T17:20:50.589143490+01:00,14;32;9;18;19;27,345.0947775202485,2199.629397018334,2199.6062228960823,598036.2070389931,5674801.4357606275,600562.3328750137,5674893.745747262
4190,9677,598066.9601823759,5676676.4013883835,2019-01-22T11:57:35.524997483+01:00,5;14;4;9;32;11;34,378.331245676987,4944.6390112499885,4944.761113449837,597924.8943415642,5677027.046263335,602951.8147980967,5677442.984935589
1584,3601,599264.4496168084,5676991.817443924,2019-01-23T10:45:35.056+01:00,4;11;5;9;6,1123.3178614021808,4405.8821886702435,4405.8821886702435,599271.3043572445,5678115.114390541,603269.3037842533,5678828.374265245
31238,73615,599136.7476766447,5672386.371203555,2019-01-16T10:54:42.494203952+01:00,2;11;69;1,668.6362598268935,3955.3625293098075,3955.3625293098075,599734.1455642955,5672686.688055872,602741.8483945151,5670759.060061739
37038,87397,598924.7922116495,5675480.490981326,2019-01-21T10:13:52.466541909+01:00,14;11;27;4,160.79770586711422,3813.1866749471315,3813.2175419878695,598827.8132038553,5675352.22962994,602737.6121568517,5675533.374659929
40372,95381,598110.2763123992,5676622.912474565,2018-12-31T12:18:20.938+01:00,5;14;4;9;11;34;6;32;2,622.4650965090092,4921.249067215286,4921.316255346773,597777.3185217206,5677148.842038289,602936.8237065627,5677583.710389561
26110,61484,597074.7726984606,5673483.816555176,2019-01-14T10:14:16.708+01:00,27;18;15;69,121.89176992299366,2743.551275418467,2743.4746059022973,597028.5480699826,5673371.029644158,599311.2257686963,5675072.95193817
41078,97051,599130.8841848176,5672412.143579441,2019-01-04T13:27:31.919+01:00,10;2;69;1,108.8053939389196,666.5322991715136,665.8234863775118,599212.8223066203,5672483.730994157,598928.1549918873,5673047.097262927
21713,50952,599135.7643016467,5672409.691647526,2019-01-07T11:33:16.141+01:00,10;2;69;11,107.76945471482271,761.521858746937,760.8136838649156,599199.0120317953,5672496.94977036,598907.3765278143,5673136.158829244
12151,28417,597153.2025718519,5673206.078505623,2019-02-04T14:25:16.851+01:00,25;18;27,404.3824932551187,4234.230778450235,4234.134922904694,596967.1318341751,5672847.048031385,599491.5404934452,5676736.076529647
32358,76306,599114.7080757975,5672360.909039603,2019-01-22T17:43:18.599+01:00,10;2;1,174.82078856546684,586.85591446415,586.325026958514,599242.0695936918,5672480.66442309,599076.7591574456,5672946.53668917
34709,81796,599139.2544214182,5672410.183363401,2019-01-06T06:27:06.412+01:00,10;69;18,92.80812362393594,772.5656739449608,771.7810210789027,599192.4154106514,5672486.257386789,598823.2465526474,5673115.163325835
31074,73216,599133.7412766032,5672412.623074403,2019-01-09T08:42:34.744+01:00,10;2;69,132.78523373413915,437.46696980498376,437.27827489992495,599241.9282872486,5672489.613262255,599286.3377191387,5672822.612922321
24876,58573,597058.5308237968,5673410.521566832,2019-01-02T08:41:13.327013576+01:00,18;14;32,527.5203804256936,2050.8937737479932,2050.5175242813107,597585.7979190544,5673394.176475122,597639.8793572255,5671443.747773566
39700,93822,599096.9741301422,5674959.310447058,2019-01-30T11:22:36.834817950+01:00,14;12;9;18;32;70;11;17;7;2,164.84757469482113,3305.516950690606,3305.8018902255435,599255.8002886836,5674915.163258634,602356.0439553547,5675511.493555902
9353,21826,598384.0036945045,5676500.424729412,2019-01-16T08:19:15.094+01:00,5;9;14;32,467.571556319799,4458.466839684784,4458.499565248028,598055.9496908349,5676167.252505247,602835.4175583739,5676751.106146993
12250,28676,599047.5516288341,5674970.662679881,2019-01-15T12:26:11.845380090+01:00,32;14;9;12;19,797.5681711944162,2888.742007225352,2888.6050181312667,598259.4897387049,5675093.436638962,601914.0519688898,5674612.883160108
18213,42648,599113.5594857391,5672363.4329947205,2019-01-18T07:29:24.226+01:00,10;2;69,151.0779595522994,751.108277810493,750.4971599098373,599197.7711106732,5672488.864059806,598986.3009753339,5673103.682220674
32412,76439,598624.8878053791,5676255.954242632,2019-01-04T15:46:48.681356550+01:00,32;4;9;20;14;6,339.13408970801675,3630.9238502653557,3630.874449914503,598306.2545688087,5676139.830208277,602194.5131545066,5675591.587722334
4807,11080,597010.5117150352,5674075.417083053,2019-01-10T11:57:53.581+01:00,27;19;14;18;69;32;25,727.7243514393284,5793.2246475360735,5793.270180979477,597645.6621086521,5673720.217548754,601074.8266833455,5678203.709182116
13401,31323,597823.4423889644,5675907.06822652,2019-01-28T08:35:59.409004492+01:00,14;9;20,1155.3061967199683,4776.587436167924,4776.387496245356,598832.3480620749,5675344.181247682,602522.4785983848,5675049.836497107
32914,77651,599134.4135326424,5672405.422045406,2019-01-07T06:35:15.618+01:00,10;69;18;27,98.86345699367706,787.6655866419355,786.8974123667343,599188.8411087933,5672487.954597063,598832.3466957856,5673132.864622144
34649,81657,596973.4281745681,5674168.92187743,2019-01-02T09:18:08.26948910+01:00,23;19;15;5;32,3760.6669944337777,2836.193025264468,2836.203320665979,593493.9242312505,5672742.153307738,597736.8803184511,5671437.41465603
13088,30609,597376.5662420238,5674897.94832325,2019-01-04T14:02:27.97808483+01:00,19;23;5;6;15,2131.6084169363194,1915.1864198539147,1915.1287646144087,595294.9191323217,5675356.750844846,595752.7407736965,5675913.393974776
9263,21612,599116.4499236448,5672363.913122573,2019-01-23T07:27:24.663+01:00,10;2;69,214.2977035549825,529.593952131583,530.0575202856213,599289.1043283516,5672490.853905162,599622.0958610349,5672521.367687877
18950,44384,596946.9601106674,5673456.789528908,2019-01-08T08:24:20.38527661+01:00,27;18;14;23;32;25;19,516.6120393202106,3978.6245189827073,3978.519565426163,597451.3145891504,5673568.658019578,600036.1039841487,5675964.107456891
52277,123250,598452.0509683095,5675255.403085656,2019-01-09T17:21:47.207363410+01:00,14;20;32,24.656183884731387,3878.5981377253174,3878.1432694902655,598472.2913602635,5675241.322817999,602177.8624976218,5674177.510715329
6485,15044,597522.1334344478,5673869.116525293,2019-01-24T10:34:36.083+01:00,27;18;69,291.69213777553597,6295.925351447441,6295.917811491786,597690.8976314508,5673631.202782416,601589.7621952655,5678674.641709409
32978,77793,598086.6865749251,5674114.113561115,2019-01-15T13:09:03.7264538+01:00,69;32;27,496.24707586583264,4398.743806442691,4398.7417670069635,598083.8165447708,5673617.874784686,601522.5950932446,5676860.653152757
54397,128109,601027.3946092525,5673917.8014228,2019-02-01T09:27:38.77180750+01:00,17;1;70;9;2;27,585.5976749722939,4236.195097631682,4243.922745940735,600711.3973950107,5673424.779721934,603527.5633865764,5677337.5243633455
45408,107251,598014.0423170463,5673212.252966298,2019-01-15T10:55:32.623568+01:00,18;69;27,264.73887904016374,1550.88291497546,1550.5948000216972,597788.5217872726,5673073.590914077,599080.9817312747,5674337.809762878
8311,19411,600346.3591096951,5676420.4652951695,2019-01-02T09:49:27.987+01:00,7;9;6;1;5;4,713.8071638302629,3420.830477625583,3420.830477625583,599705.6953440824,5676105.710459517,603500.7739585371,5677744.0015123
49885,117695,597816.1102649833,5673939.210478911,2019-01-14T09:26:52.099+01:00,27;69;14,325.98897755540014,5943.907170592946,5944.063822087197,597861.1450576765,5673616.347224677,601727.7363719331,5678414.611427659
22894,53836,599407.0770953145,5674256.209632169,2019-01-21T10:03:13.248+01:00,9;17;1;12;27;4,514.7657469855828,5146.797544219747,5148.8313962850125,599921.0742893737,5674284.328287345,602806.8864788805,5678120.251701894
38303,90518,598452.2546107268,5676416.438996418,2018-12-31T08:47:29.966081497+01:00,20;5;4,722.0299281068839,3730.867951705764,3730.867951705764,597777.5363698378,5676673.504187554,602064.4766532028,5675483.043266347
27008,63635,597772.3039364094,5674311.3804034805,2019-01-18T11:00:02.299+01:00,14;27;32,717.1189258387583,4701.591838468344,4702.04717264178,598323.215017202,5674770.462678085,602288.7863314506,5675617.65472032
42317,100005,599597.1085879623,5675664.512046948,2019-01-07T12:38:34.856567266+01:00,9;11;12,210.84969737645065,4070.8626075830844,4070.8626075830844,599766.2182364186,5675790.446639824,603150.2961534996,5677651.162618621
40808,96457,599114.7566118852,5672356.666445418,2019-01-18T17:35:05.600+01:00,10;2;1,187.12238735450836,482.15779480995207,481.80198334009094,599252.6860774428,5672483.119007196,599189.0944231865,5672833.059170916
22865,53769,599117.0163212772,5672363.924052144,2019-01-18T11:03:25.143+01:00,10;2;69,188.14207394834864,445.65770483078575,445.68200953489276,599257.1409856613,5672489.472920801,599375.9382036328,5672726.6501867315
15856,37060,598774.4728190694,5675995.732175909,2019-01-28T08:35:20.382943282+01:00,9;14;20;11;4,547.3227264039012,4030.3590096173943,4030.3422042719503,599183.9507295139,5675632.56553689,602804.0622994247,5675916.9770731265
50526,119178,598921.3038254154,5674811.216625464,2019-01-17T10:01:31.374890671+01:00,14;69;9,365.6367527631531,3929.397309394745,3929.905892773569,598744.4749588907,5674491.182585189,602521.0456304414,5676386.660103418
49575,116963,598565.990123231,5676204.748462462,2019-01-21T11:04:27.837+01:00,14;5;20;19;34;32;27,886.493301140406,3321.9198651527945,3321.494878363506,597959.2584771649,5675558.4148932975,601784.9216250363,5675383.997844319
22851,53743,597325.9272209094,5673421.948189944,2019-01-17T09:50:57.574+01:00,27;18;69,421.92436281713265,6793.518709480237,6793.512850445946,597691.3037063594,5673632.946274814,601604.1649748897,5678699.123397996
24590,57909,597194.6511978467,5672912.364934588,2019-01-30T08:54:08.895+01:00,25;18;27;15;19;32,848.5540848941746,3095.7532905632343,3095.7476831404806,596474.7645887146,5673361.594614131,598393.4738876912,5675766.574561498
18711,43835,598535.6628626616,5674609.868956993,2019-01-10T19:17:35.911120812+01:00,14;27;32;19,351.09003820626384,3546.938450662254,3547.370053363849,598231.8623117039,5674785.850320113,601938.8860038762,5675609.291101979
6798,15796,597934.2959895415,5673947.828910915,2019-02-01T11:11:05.039+01:00,27;32;18;69,188.06855677920345,3316.119544676442,3315.99729437677,597813.7297879205,5673803.490513128,600695.2951111476,5675784.546822048
16015,37414,597839.3344258815,5673940.926076301,2019-01-21T09:12:46.731+01:00,27;18;32;69;14,198.16938895049432,4926.525379874232,4926.609220018715,597806.5802599788,5673745.482295809,601319.7360408873,5677427.680572507
17968,42072,597836.4814578083,5675839.844848242,2019-02-05T17:57:55.211000166+01:00,20;18;19,936.191990524569,2648.434979282031,2648.3991885319037,597644.4205665959,5674923.565383674,598381.1766328522,5673248.027916865
52724,124190,598324.5929202802,5675996.426399933,2019-01-02T08:54:12.185385510+01:00,14;20;32,728.4931459616591,4208.336031141655,4207.6828245178285,598431.8543796143,5675275.8729716195,602036.7545536023,5674014.016714955
41798,98724,599134.9418324991,5672416.041070914,2019-01-07T20:37:45.873+01:00,10;2;69,96.3531693503175,718.8287240714999,718.0640987549957,599202.8976344939,5672484.348773401,598862.1326132965,5673081.089839403
396,946,598421.5665036781,5676835.536497589,2019-01-03T09:05:01.888445698+01:00,5;4;6;34,2248.054422092804,5186.704670075272,5186.704670075272,596625.3598545853,5678187.346528047,603141.0101807469,5678986.991055221
24086,56660,598695.7228512777,5676799.642122834,2019-01-21T08:19:32.265+01:00,4;5;11,1457.3457504309176,5033.892365156412,5033.892365156412,598737.3462189975,5678256.393347841,603227.4325408143,5678991.371949647
51882,122362,597227.261932498,5673325.024834337,2019-01-11T09:14:02.942771774+01:00,18;27;69,299.3250718891092,1717.6660967523537,1717.5869513245605,597508.9779195517,5673223.873456196,597422.2476668672,5671618.461802004
26986,63598,599132.4658976116,5672409.627987309,2019-01-07T08:07:56.179+01:00,10;2;69,140.07442079999464,399.07751139620837,398.885170101528,599248.591388033,5672487.958784808,599270.5461901012,5672784.056475713
48736,114988,597817.1532642304,5675973.147266275,2019-01-04T07:52:59.319614431+01:00,5;9;14;20;19;32,78.40796336381403,3225.1266747962995,3225.1525929517225,597741.1119949688,5675954.028320489,601036.6096927467,5676164.307862026
30178,71051,598908.0237885246,5674784.650722829,2019-01-10T10:11:33.490444353+01:00,14;2;9;32;69;12;27,533.8771304679345,3442.327358043541,3442.3170209839172,598874.8962858286,5674251.8023776105,602350.1331558374,5674745.911293405
51881,122358,598068.9883927775,5675113.548620087,2019-01-09T08:37:33.429841632+01:00,32;14;20,177.90773520241459,3938.5039817950833,3938.2537311380297,598235.7235687841,5675175.601366416,601875.5424841639,5674102.62846302
31301,73771,599074.8219976295,5674755.616844061,2019-01-22T11:40:50.178922745+01:00,9;32;4,719.5792580529317,4790.612631850634,4790.612494600122,599367.2434159677,5675413.099940967,603228.232298881,5677142.906574677
44102,104261,598030.2063770862,5676491.1051766,2019-01-17T11:37:46.276341628+01:00,5;14;32;23;6;11;18;9;27,687.1795343992992,4337.76561740123,4337.760355851312,597343.5247535643,5676517.259725238,602360.442923887,5676746.569460324
20220,47436,599115.1008525143,5672364.735796437,2019-01-19T19:10:43.404+01:00,10;69;2,144.63932418433575,809.3889526528388,808.6825119712911,599192.8590639121,5672486.695603999,598880.8871251363,5673139.496667018
7473,17400,601070.0521684072,5673638.13957247,2019-01-21T10:14:33.456405066+01:00,17;70;1,293.3988211469462,4667.784925568312,4675.7133148024695,600947.5633198606,5673371.532464103,603589.6827081527,5677567.475146654
20375,47826,597755.850759852,5673898.173741696,2019-01-04T09:07:46.836+01:00,27;18;69;32,292.54349088948385,5521.94038126815,5521.907444381152,597715.8919639051,5673608.372104903,601342.329677532,5678096.863364343
3756,8702,599561.1549232127,5676823.581940887,2019-01-18T11:24:25.165914000+01:00,5;11;9;4;7;12,139.84383858394017,3910.6172699256863,3910.6172699256863,599466.9443211183,5676926.929227464,603187.0706245963,5678288.390036953
10298,24038,599073.6646163729,5674755.170148258,2019-01-22T11:52:35.790918853+01:00,9;2;14;4,603.7497956901265,4586.055400036123,4586.118805833162,599388.3080714991,5675270.449986736,603222.7968543469,5676708.7836729875
28667,67505,598078.5973921522,5676464.871568175,2019-01-30T12:38:27.283532089+01:00,5;14;32;20;4,898.5404330690156,4923.844071252731,4923.96941861489,597386.1100127866,5677037.44133622,602914.8889146423,5677389.27664578
53551,126129,598218.5263716168,5674296.983919946,2019-01-28T08:51:57.447+01:00,14;27;69,255.1951299505779,4669.262321858771,4669.922392996906,598301.5923149375,5674055.686171488,602111.5599537939,5676875.025843261
18606,43561,600085.1035951694,5674194.273175566,2019-01-19T09:44:56.283+01:00,2;1;7;12,1342.6185030053932,3203.89772482184,3203.89772482184,600113.1962634176,5672851.948607288,602797.5898572743,5672489.169393091
12498,29242,598107.3210594879,5675950.256088883,2019-02-05T08:45:23.829094704+01:00,20;14;18,1129.0687918756769,3890.0884196488914,3889.290083079401,598222.9658220945,5674827.12536378,600644.8946895826,5673001.7805531975
42248,99839,599159.092020331,5675165.049408093,2019-01-18T08:23:02.659294829+01:00,9;14;12,118.98535573935118,3869.9643771950837,3870.279424592022,599085.2238095237,5675258.328571429,602911.5544092942,5676111.437436428
32924,77667,599207.0018424509,5674828.612989179,2019-01-02T12:28:26.138+01:00,12;9;14;1;2;17;11;37;27,682.5580958005195,3860.05736916996,3860.6256036601135,599882.534431253,5674926.292442542,601715.2522882638,5677762.675461991
10142,23660,599114.5245413336,5672360.056791933,2019-01-18T12:34:05.083+01:00,10;2;69,160.38604407213896,676.7420565607313,676.2572664981255,599207.7638925212,5672490.556242213,599106.8043481323,5673036.7548115365
1760,4004,599643.2646782438,5676842.999443832,2019-01-11T11:37:30.620321610+01:00,9;11;14;5;6;7;27,716.2468476056182,3624.3350999294958,3624.444359510034,598929.0122181629,5676789.586243466,603185.5275843652,5677609.927354719
36686,86470,600702.382866919,5676559.418011462,2019-01-10T17:05:49.456661794+01:00,11;4;9,1226.7766102798537,3640.0874241684837,3640.0874241684837,600973.563956601,5677755.846725648,603505.8608332736,5678881.216398005
28543,67216,599114.6829436336,5672360.484201576,2019-01-20T17:27:36.920+01:00,10;2;69,151.10533676847146,775.0831885572542,774.3735328507788,599199.2626068264,5672485.7004280565,598886.262044508,5673101.144610958
24090,56668,597867.4129850648,5673226.43033604,2019-01-03T14:01:10.926483955+01:00,18;69;19,389.63683838992324,987.0234688054622,987.3758241549675,597478.8858713722,5673255.8165191235,597293.1886715655,5672423.634119209
11184,26140,598238.6083699972,5674704.746415483,2019-02-05T14:31:29.498+01:00,15;1;69;19;27;32,1573.367513810522,1557.3464484114836,1557.4577300433498,597185.3229530149,5673535.954233833,599126.0205060845,5675984.522826074
23081,54279,598106.9032204775,5676550.283521549,2019-01-04T11:03:24.236131142+01:00,5;14;9;6;18;20;32;4;34,456.5883685063108,4414.775442560883,4414.752645669784,597656.6423048023,5676626.033413104,602520.3889073902,5676656.990127041
35588,83822,598615.6277405497,5676453.525467858,2019-01-29T08:54:52.262082000+01:00,14;9;6;5;34,583.1431797079995,4312.488661929054,4312.527448075499,598071.8343039595,5676242.943734649,602925.9082751876,5676591.511597554
43952,103913,599142.2806248683,5672393.267646895,2019-01-15T08:50:28.656+01:00,10;2;69,139.41558659887772,634.977748005746,635.0907953864715,599232.4688687868,5672499.582210552,599572.0212858961,5672860.728559402
28812,67825,599113.8014699213,5672364.7107232865,2019-01-22T08:15:43.189+01:00,10;2;69,172.24352687334184,570.7331381228412,570.5531856900104,599228.905624014,5672492.846847234,599317.2013922639,5672897.969372108
24386,57416,599133.3163401292,5672412.190519874,2019-01-08T10:30:23.081+01:00,10;2;69;1;27,112.64681521387296,630.0365622297602,629.3927619891409,599219.682999208,5672484.509985977,598995.9026030307,5673027.05923318
48651,114817,599137.8895509068,5672413.551845172,2019-01-06T13:53:05.83614687+01:00,10;2;1,123.91399918768305,462.06177565002105,461.54202859405325,599239.65335719,5672484.254086477,599111.5911739226,5672874.864623973
9412,21995,599114.9915627581,5672361.763216002,2019-01-17T17:26:29.365+01:00,10;2;69,279.55353219192256,1287.1981228288687,1287.717733025504,599357.9377653614,5672500.0647705905,600367.6753090593,5672065.684781855
44337,104782,597783.2108588932,5675767.113828491,2018-12-14T22:01:35.431091924+01:00,20;14;9;19;32;18,736.1124505214641,2659.709805864568,2659.3943179291477,598109.1637742149,5675107.101527995,600176.3461771638,5674606.527942028
29455,69387,599263.726397555,5676994.773943866,2019-01-18T11:03:23.332+01:00,4;14;11;9;5;6,1074.2147554447517,4132.749356594254,4132.8478781620615,598984.0014260601,5678031.929323323,603127.6184480864,5678461.046587773
44772,105808,599967.679611187,5676800.510905452,2019-01-14T10:17:39.142610081+01:00,11;7;14;12,1376.7455046119123,4007.143337737042,4007.1788303947574,601162.132582071,5677485.135097849,603533.762021238,5678628.147076547
3542,8168,597836.4814578083,5675839.844848242,2019-02-05T16:43:03.195478304+01:00,14;20;19;37;9;18,1073.8354996036526,2097.4266262521696,2096.9896098742665,598817.9921676245,5675404.2310207235,599679.5735703981,5674838.740499524
23272,54738,599646.910465295,5677022.149222422,2019-01-08T10:47:00.888362377+01:00,11;9;5;4,545.1750931219548,4086.721362090815,4086.721362090815,599994.3290758189,5677442.287522536,603406.3509549741,5678624.615663859
41057,96998,594662.246818199,5674877.295096421,2019-01-22T14:39:01.742933743+01:00,19;15;25;14;32,979.4918954999091,3349.6279163017953,3349.598179191815,595640.1283231389,5674821.151212991,591886.2909734093,5676751.882071049
35672,84031,598715.3378090966,5675937.730509693,2019-01-05T10:51:05.360+01:00,14;4;20;32,196.9504985748456,3634.901518185313,3634.6495445630344,598519.8937961308,5675913.417207064,602249.4467068675,5675087.681484282
34067,80358,598075.7571874144,5675114.9510301035,2019-01-08T09:51:59.101661353+01:00,32;9;20;27,69.47199003722753,3602.6930357774963,3602.694331545273,598030.3515073477,5675062.370790304,601619.3879395048,5674465.275570448
32122,75740,598006.2374470525,5674038.315565301,2019-01-08T11:28:05.877+01:00,27;32;14;18,190.52235972988814,4179.324464617792,4179.456074634059,597821.9935276574,5674086.822757788,601326.2536530857,5676576.867391093
19135,44790,599799.5140679186,5673917.549573979,2019-01-05T11:13:22.66553382+01:00,2;17;12,708.6767051614538,2950.8509927948508,2951.0079225473255,600051.5011802672,5673255.186254004,602748.5536985979,5674020.926739549
39522,93406,599133.8073421014,5672410.926936831,2019-01-05T16:31:32.911+01:00,10;2;69,102.29559566633864,707.1717399216,706.4106975124391,599205.2818196197,5672484.110185982,598868.6921336304,5673066.522693362
1364,3107,598879.4561100483,5675995.632660399,2019-01-14T11:56:32.623062958+01:00,9;37;4,2443.3628084595184,2503.621319722473,2503.621319722473,601233.379636498,5676650.663839344,600340.7163748075,5678028.570965219
19162,44861,599111.4587511577,5672358.3002225235,2019-01-20T13:26:43.730+01:00,10;2;69;1,159.64591289064825,816.670679677653,816.0529196100441,599212.2268584361,5672482.125123324,598970.5583836974,5673162.724293207
1704,3889,598571.6507958863,5676248.141372338,2018-12-31T10:13:19.49983755+01:00,14;32;9;20;11;5;19;27,695.0341292402408,3408.662358284774,3408.426706394387,598490.3548863113,5675557.878077721,601902.3657234899,5675523.353718038
12527,29316,600513.0475878022,5676090.606452856,2019-01-04T16:46:52.490+01:00,11;14;9;17;5;6;7,815.5551581747067,3204.321339644969,3205.091118185476,599872.345268307,5676595.215959127,603345.6240793205,5677588.667088279
35815,84395,599135.1067130646,5672410.952015189,2019-01-07T06:07:51.714+01:00,10;2;69,105.66186377079515,649.8946906091062,649.2052404409624,599209.7518969614,5672485.735208332,598952.5871316239,5673034.6905110935
587,1369,598492.6825831908,5676466.864516459,2019-01-11T11:44:47.93371788+01:00,5;14;11;6;20;34;9,784.372185425441,4416.792349572816,4416.900848452243,597986.580970313,5677066.114783636,602855.718791323,5677153.865030122
50061,118099,597836.4814578083,5675839.844848242,2019-02-05T20:32:24.143433751+01:00,14;19;20;23;15,898.6874393144577,3863.494649862246,3862.726991397579,597971.8552415817,5674951.411928856,601417.7394932716,5674390.299473669
3989,9225,599132.2414335004,5672410.8967146315,2019-01-05T10:43:31.899+01:00,10;2;69;1;27,102.97030491349584,734.1743583090811,733.4273787339147,599204.4863137364,5672484.269468251,598873.6652491684,5673098.028685431
15019,35053,597775.8080314393,5674309.325391737,2019-01-18T10:56:21.423+01:00,18;14;27;32;69;19,636.3643852151677,1457.766912361231,1457.1568169499044,597692.5719388195,5673678.428107184,598722.4248244335,5673200.722208449
30066,70804,599136.3225069768,5672410.1267744405,2019-01-07T18:16:09.415+01:00,10;2;69;1,110.66747375032513,620.0967192467932,619.5050069147769,599216.7165014312,5672486.180015015,599042.5487071939,5673023.092039113
14412,33584,599028.7253552955,5673625.520858038,2019-01-17T08:59:38.874+01:00,2;69;32;27,864.0553257665173,3765.4486477073297,3765.448939245096,599239.8631662254,5672787.659037222,602406.3225314476,5671961.056729807
50673,119535,599069.6129537155,5673677.232097437,2019-01-10T14:58:59.258+01:00,2;69;17;1;11;27;70;12;7,1066.854821128337,3804.85272980447,3804.683833826165,599818.3720192163,5672917.272183234,602733.6914157807,5672651.837871136
6029,13996,598382.2068355916,5676521.183617684,2019-01-15T12:04:53.436595914+01:00,32;14;5,1131.3828342951122,4000.206579159682,3999.911878682024,597918.4696978269,5675489.207365634,602076.1137237693,5674986.027411487
32303,76163,598424.5368429039,5676505.445835372,2019-02-05T11:45:56.271372392+01:00,5;9;14;32;11;20;34,481.08968538963194,4370.638186395218,4370.679602413863,597943.689269047,5676520.706769295,602770.7641126168,5676966.733897629
28795,67787,598430.7003496028,5675845.69365211,2019-01-21T09:44:53.710322668+01:00,20;14;32,418.3611104683728,3987.2682763322164,3986.909612686936,598342.5453736635,5675436.725781771,601559.9579452554,5673374.650308197
16228,37910,598027.7819128947,5673194.268148647,2019-01-07T14:23:04.191874730+01:00,69;18;27,199.82509426412514,3117.281068209457,3117.111892447904,597897.5442121075,5673042.715485881,599897.4445058225,5675688.622383078
39183,92564,599130.4259308706,5672411.710382154,2019-01-09T12:23:52.088+01:00,10;2;69;1,109.45939464895748,671.8544454254026,671.1518481975694,599212.938649117,5672483.63402503,598932.1552763772,5673053.642733267
26011,61261,599152.8012720593,5672395.592491063,2019-01-15T14:32:49.156+01:00,2;10;69,279.7400790041259,1777.4458349518318,1777.8887112643865,599411.1145014564,5672502.964681689,600798.0145389306,5671722.846623221
16170,37773,598938.3395972899,5674936.729541807,2019-01-16T09:23:36.35217787+01:00,14;9;2,84.4658687349249,3929.783394713033,3929.788678923014,598927.4240504254,5675020.4871314205,602868.1104640566,5674946.652448341
12720,29738,598074.3713267143,5675107.286203694,2019-01-24T19:42:10.830228653+01:00,32;14;69,185.9700747247694,3598.9530897068485,3598.896965898018,597925.1240076956,5674996.33528455,601567.5973050512,5674241.355717925
47636,112374,598404.0669685912,5674225.851294581,2018-11-28T12:30:05.636+01:00,27;18;69;32,990.0379077218182,3820.0036831007897,3819.9139916626846,597671.0455449524,5673560.378041014,600780.7763040593,5677216.450042926
26546,62520,599114.116545625,5672360.473272266,2019-01-17T20:55:48.139+01:00,10;2;69,161.42364071055144,808.3176891843315,808.1483340835263,599191.5165335775,5672502.130724047,599405.813425373,5673114.323666571
40172,94915,599131.582706645,5672408.762235505,2019-01-10T06:54:17.629+01:00,10;69;1,100.9431881299598,777.9889948987615,777.2169323530362,599199.3772316391,5672483.551470095,598833.6834613187,5673127.457522687
1103,2551,598374.3344391598,5676598.265085326,2019-01-03T10:51:24.544090436+01:00,14;9;11;5;20;4;34;18;19;32,598.9595100938694,3851.9491059153065,3851.845212524639,598436.115131175,5676002.500332402,602210.5215550134,5676250.15543777
30345,71468,599115.3317716408,5672357.950603082,2019-01-21T17:30:13.490+01:00,10;2;69,179.25753005713352,489.87563888142205,489.5131751884164,599239.6136341902,5672487.1298611825,599186.1690541379,5672842.6775581585
33975,80167,599448.8220379554,5676964.835405713,2019-01-11T10:25:00.927+01:00,5;9;11;6;17;32;70;4;27,666.1250954833489,3760.234244252911,3760.5838262936263,599083.1421173522,5676408.058216435,603097.599072171,5677873.564037502
13355,31217,599198.8597037514,5674717.274602153,2018-12-31T09:34:32.608939346+01:00,9;14;32;69;11;1;7;12;27,384.71767161561326,4407.101309197963,4407.232048314672,599396.5269950092,5675047.328126328,602918.6418688549,5677080.696399826
50330,118737,599115.4369059548,5672373.229342739,2019-01-19T20:53:30.397+01:00,10;2;69,157.75914576807378,572.7017800898897,572.2592683573075,599222.7989459945,5672488.820607253,599140.1867852659,5672945.396077522
26735,62969,598420.9680409561,5676837.22243153,2019-01-03T09:02:24.198004184+01:00,5;6;4;34,2544.1729875119368,5207.488843255076,5207.488843255076,596648.0024085825,5678661.889265998,603158.700839846,5678998.663612536
48551,114590,597176.5180993406,5673579.9466102505,2018-12-31T10:03:16.584+01:00,27;18;69,536.4612382089299,5501.544479776376,5501.465463272235,597707.3485864784,5673502.424651905,600954.1728634086,5677579.486102051
41433,97901,598406.9054016671,5676533.963647751,2019-01-16T08:15:47.799221519+01:00,5;14;32;6;9;11;34;4,1359.7265866595153,4761.886478534017,4761.990596731764,597345.4296961355,5677383.74345278,602966.302162228,5677907.81371753
21832,51252,597299.2510153479,5673637.4363672035,2019-02-01T11:54:12.097+01:00,27;18;32,361.2448173123615,4926.703170466626,4926.600860080697,597659.3575170954,5673608.781080881,600774.9065167927,5677129.172749745
52244,123176,599548.8334880072,5674227.554380475,2019-01-24T11:42:15.217939159+01:00,2;17;12;7,1181.3026005732152,3506.5986755248755,3505.6152127390383,600087.6900339326,5673176.31251628,602824.4276026943,5672975.868530503
35730,84199,599076.4925742358,5674772.623278913,2019-02-01T11:15:06.530+01:00,11;14;9;18;70;12;27,846.4725678805256,3727.4653977412972,3727.7195974396122,599751.874521267,5675282.892848649,602305.8318674188,5676634.172639221
48435,114315,601245.5549676125,5673501.558674235,2019-02-04T08:29:36.630807092+01:00,17;70;1,244.06453980254815,5043.315012964952,5049.351710732871,601293.5825672089,5673262.266281405,603634.2765936274,5677943.296545092
31349,73883,600514.7203717611,5676083.4251163,2019-01-29T16:38:22.232256684+01:00,7;9;14;4,700.7274186136239,2979.7921797737768,2979.836306624413,600671.3791295654,5675400.433938611,603481.4414421347,5676362.221682352
48229,113812,600347.4661194473,5676421.760027572,2019-01-24T09:46:48.448547383+01:00,11;17;7;9;1;37;14;4,737.7821650332708,3405.4339340894894,3406.1985706252285,601079.0685962875,5676517.050839943,603249.0302767615,5678204.428174041
6739,15651,600513.1556784392,5676086.789335992,2019-01-28T16:43:07.217+01:00,7;9;11,493.9430621450843,3253.3626998011387,3253.3626998011387,600912.3367304357,5675795.869696971,603580.3453743043,5677171.554852607
31607,74495,598480.5151394687,5674198.885694209,2019-01-15T10:35:32.372+01:00,27;32;1,758.8234237116076,4860.919595613507,4860.918241783541,597794.0774739254,5673875.441232675,601660.2779923024,5677875.521046641
11905,27857,597909.7823401744,5674548.242750498,2019-01-03T11:18:13.217+01:00,27;32;18;69,659.6113695312416,3981.0285364559104,3980.973180500247,597767.7019727465,5673904.115179277,601196.6660018531,5676794.346933893
21120,49552,598640.7010535374,5676874.5432300735,2019-01-07T10:16:53.787633087+01:00,14;5;6,1007.8312584171186,4373.309755279059,4373.346332535089,597670.7773975814,5677148.353286608,603012.2092777821,5677000.058412342
40518,95779,599116.1506415936,5672365.604759796,2019-01-23T08:39:35.801+01:00,10;2;69;1,173.55647498555211,639.4927751717873,639.2079830916266,599242.4421575483,5672484.65224195,599265.5256187022,5672987.407080241
9016,21024,599167.5040237227,5676857.967211969,2019-02-04T08:50:06.692506121+01:00,9;5;32;34,1610.2185501710214,3599.908825904482,3599.9086394641336,597670.7882267364,5676264.127500964,602745.2728437874,5677256.607181111
24145,56793,599452.8402573444,5676596.147013599,2019-01-07T16:17:20.734449543+01:00,14;9;5,1280.661864295753,3560.506623141547,3560.2705909391143,598613.1321227099,5675629.200758996,602971.3187965375,5676050.696573437
49184,116054,599126.2130977275,5672367.49635267,2019-02-04T16:01:50.069+01:00,2;10;69,245.40083107019407,1737.1010792055524,1737.4568598350047,599317.1332031881,5672521.675084085,600860.9430449824,5672276.765048953
26463,62309,598076.0702838665,5674209.389848354,2019-01-21T11:27:06.816+01:00,27;69;32,542.2539728759684,4849.271697791885,4849.270219336152,597903.2918296148,5673695.398625816,601578.7357327675,5677563.0103921965
1637,3732,599114.9670065797,5672363.035801394,2019-01-19T11:32:40.409+01:00,10;2;69,154.91459730674313,752.8593292604671,752.4936526838922,599194.3862333111,5672496.043766885,599213.3344219533,5673109.44120146
20395,47870,598089.1360792068,5675133.029528928,2019-01-03T18:33:51.472317228+01:00,32;14;9;18,199.838350675988,3535.880154165119,3535.686161029764,598111.739827786,5674934.473650266,601511.1643801631,5674242.989770224
24673,58087,597507.4589350609,5673525.963118248,2019-01-16T12:29:30.303+01:00,27;18;69,199.1109147814084,6186.579693057231,6186.552388684489,597694.8097072155,5673593.378580555,601394.5983012489,5678338.853709813
4343,10038,599645.2873067891,5677019.995897749,2019-01-15T10:57:50.706954753+01:00,11;17;9;14;7;70,1509.8371534826338,3933.1829288675062,3933.5718555951144,600862.6021812977,5676126.8258544,603481.696195756,5677887.114568169
41552,98155,598225.8226401026,5676108.685496485,2019-01-08T10:02:58.994474586+01:00,5;14;6;9;32;19;20;4;27,546.0148656294142,3369.9151081779223,3370.001154773157,597753.1394858481,5676382.003752685,601545.4705719836,5676688.569488921
33331,78630,597457.4689505164,5673691.3590951525,2019-01-29T12:49:50.753+01:00,18;27;69,486.20786443608523,2595.7638011283034,2595.48601396928,597707.9229260699,5673274.620695711,599566.8127898463,5675204.190308054
8561,19976,599756.0493911786,5676620.706455425,2019-01-23T11:22:23.846760411+01:00,14;5;4,1737.1776259139383,3258.4102494821263,3258.5738050221967,598030.0847461085,5676817.765197794,602985.7552635255,5677052.258691033
37738,89111,592719.4736333408,5673618.886921025,2019-01-21T13:51:11.43152523+01:00,15;23;50,453.5980685200807,4359.541295577712,4360.118308287234,593172.7252708977,5673601.162338742,596469.4708632347,5671395.573833843
55217,130108,600554.4939440367,5676304.022782318,2019-01-09T10:01:26.783+01:00,7;5;9;6;4,994.916852330293,3181.309189373957,3181.309189373957,599611.6115452021,5676621.563842685,603486.37158643,5677538.859471289
20019,46947,594652.936838202,5674896.218842934,2019-01-25T14:39:11.732005667+01:00,19;15;25;32,996.5959172510438,2333.0170419860046,2332.938320994399,595600.5429371564,5674587.599168406,592870.0669918702,5676400.992456883
42117,99538,601096.2009066232,5673763.8403554475,2019-01-21T09:40:14.332+01:00,7;17;27;70,609.5747766683116,4437.132282171098,4439.980709056398,600524.9653534527,5673976.611009308,603142.5840560859,5677700.902571755
39862,94192,599074.9087785576,5674740.766106173,2019-01-24T10:48:48.828129572+01:00,9;14;11;2;4,1001.9898766592864,4224.638383672357,4224.917493944479,599472.2394839555,5675660.609583878,603082.1029061902,5676078.661728509
24213,56964,597681.4265718808,5673871.296136314,2019-01-02T08:56:45.016+01:00,27;18;69,303.658086285137,5691.565203431454,5691.531359325593,597704.9328793046,5673568.549233972,601336.1450957952,5678234.431130314
1863,4258,598612.1239575706,5676265.044674222,2019-01-08T07:56:09.434832336+01:00,9;32;4;20,585.6625274459145,3965.796018145415,3965.796054280843,598854.2677114734,5675731.7839514045,602577.4451681152,5676203.678928537
47837,112838,599131.1255920464,5672411.723885385,2019-01-10T14:27:01.362+01:00,10;2;69,132.88152250484495,427.688781604698,427.3088430709758,599240.733184297,5672486.848280519,599183.3916455784,5672836.207045898
27476,64729,599131.2244041014,5672408.330967189,2019-01-06T07:22:54.156+01:00,10;69;27,100.67050986304648,773.4827560844967,772.7038683184653,599196.4730894885,5672484.993608751,598827.0833788705,5673119.508730291
19824,46515,598210.0757512011,5675349.64068752,2019-01-02T13:56:04.647+01:00,14;9;20;12,742.2304491696664,4067.0808137576573,4067.153639432362,598948.7080252528,5675276.644773909,602267.7360640408,5675626.297751846
50819,119851,598368.5324778522,5674715.297521827,2019-01-08T16:54:14.160249427+01:00,11;9;32;1;27,1403.8932614114904,5265.642745628922,5265.641701735707,599711.3088407369,5675125.014410318,602857.3817177444,5677467.973678972
44778,105819,598032.1409411908,5674037.537093034,2019-01-18T13:22:35.400+01:00,27;32;69,422.69635082740297,5480.323884826499,5480.3230578792,597782.1223896841,5673696.710261776,601622.1931855363,5678178.246544984
37152,87672,598077.3124166192,5675112.010285896,2019-01-28T18:29:59.576988272+01:00,32;14;69,221.9743742002768,3638.469270621429,3638.396198739018,598001.854794421,5674903.254998409,601658.8117243459,5674470.666897368
11467,26790,599425.9040618745,5676966.9372226875,2019-01-03T08:42:10.565125019+01:00,5;14;6;32;4,1915.968220028101,3503.9249070323876,3503.99491275878,597514.5946848284,5677100.468812109,602916.4237083136,5677273.143610512
21394,50170,598375.2867906082,5676871.567478247,2018-12-29T09:34:53.857+01:00,5;4;20;32,1055.7577742717317,4321.790187636018,4321.790025457707,597418.9912787037,5677318.9189864,602663.4582448011,5677409.5786355585
22419,52690,599136.1395463938,5672410.971949502,2019-01-07T18:59:50.632+01:00,10;2;69,127.56159111586439,443.07384505495753,442.69381122645456,599238.2079331984,5672487.4834123235,599189.6563531365,5672850.801897968
18188,42567,598204.2709608043,5676486.371862951,2019-01-28T08:33:32.471+01:00,5;4;14;32;6,1065.622306261453,4750.330843995257,4750.425414418601,597603.384347307,5677366.420825976,602842.9368574815,5677510.2965801135
11755,27503,599112.6844685595,5672362.143051226,2019-01-20T19:17:47.016+01:00,10;2;69,180.16751081158395,463.43583637528116,463.0673502737207,599243.3458567893,5672486.1911611585,599176.9100607907,5672821.106936231
6975,16217,599130.3644550749,5675169.162313474,2019-01-23T09:55:26.743+01:00,12;9;14,398.4355733852986,3783.537310904695,3783.745335533399,599519.0977058542,5675081.770289368,601348.9360764644,5678233.977894186
15124,35308,597863.6770621478,5676301.6346101165,2019-01-11T08:02:10.763704086+01:00,5;6;9,1938.9983760196071,5941.950804773727,5941.950804773727,596921.5208416962,5677996.348851064,603235.1889357754,5678842.036066152
24816,58424,598566.940095738,5676453.43842155,2019-01-07T16:10:29.795455563+01:00,32;11;9;5;14;20;27,544.0723443782579,3971.060237413614,3971.056371067076,598896.2736803447,5676020.363247975,602537.55930901,5676394.2567321295
28960,68178,598617.9322993674,5676451.447998596,2019-01-02T07:44:57.849+01:00,14;9;5;11;4;20;32;34,342.93150212925303,4051.237689615582,4051.2738998014975,598280.4586392146,5676512.386852013,602660.2167946955,5676720.637293688
32754,77297,599133.1906892654,5672410.066328993,2019-01-10T19:07:24.451+01:00,10;2;69;1,116.91337754593873,584.9987688458522,584.3804510531646,599223.3856420959,5672484.454556107,599024.5671103781,5672984.891935295
28220,66480,598564.1472205624,5674478.0176678365,2018-12-31T09:11:21.759+01:00,27;32;69,1146.129114263185,5019.920028716564,5019.91952902289,597735.9598135639,5673685.731377755,601640.056393231,5678445.180363795
53183,125266,600800.1505417747,5674377.583170129,2019-01-14T14:54:36.826779165+01:00,17;2;9;1;7;27,1007.5515653341597,3065.885355411177,3070.2103151797555,600421.6704039328,5673443.8203833,603374.3309068901,5676042.890487227
39912,94297,600403.6235266584,5676319.315197215,2019-02-01T09:48:25.315+01:00,7;2;11;6;9;37;4,930.1561795744051,2645.6319973350055,2645.6319973350055,600773.4785740294,5675465.852976414,602934.3801432058,5675548.186405687
9210,21485,598606.7771355392,5676444.443881318,2019-01-29T11:19:18.949137570+01:00,14;11;32;4;9,676.1715244818995,4210.008701425607,4209.97387818562,599191.7935335006,5676105.380841993,602814.5234742609,5676306.443826777
22491,52868,599114.7431213444,5672366.001952792,2019-01-19T10:26:47.625+01:00,10;2;69,193.27696974893738,398.1638734530709,398.21911308767034,599265.0195054692,5672487.546164541,599358.2858404669,5672680.9962608125
50667,119525,599135.4663799846,5672390.590005331,2019-01-17T11:14:45.746+01:00,10;2;69,155.12830355338866,429.46830274367113,429.48575731273104,599254.4461668461,5672490.131960715,599381.9761297349,5672742.265944712
14528,33894,598714.8473894243,5676290.359814919,2019-01-23T10:15:42.441111330+01:00,9;32;14;5;20;6;34;27;4;1,558.7882864042251,3995.3904636143125,3995.420295788009,598291.4083085413,5675925.745369506,602686.0105449468,5676729.686742117
14996,34998,599124.1240007228,5672372.123920826,2019-02-05T07:40:08.197+01:00,10;2;69,167.26477101142424,815.4776768413848,815.6678351464218,599224.2311703663,5672506.124138018,599746.8912792017,5672898.588314952
50376,118839,598346.5460114996,5674024.879033494,2019-01-09T08:55:27.558490767+01:00,37;18;32;1,2430.643281351828,1651.5487671806843,1651.531271805482,600566.5836442254,5675014.555581898,598464.7757672166,5675672.190496223
7795,18137,598606.9185412967,5674781.827440248,2018-12-28T19:31:04.279153561+01:00,14;9;32;27,374.0520708049745,4114.75760052171,4114.794957096933,598687.7030833549,5675147.051767803,602721.2351614755,5674842.067459936
39347,92936,599103.4483416686,5672414.160267839,2019-01-03T18:10:52.541+01:00,10;2;69,133.18175798615968,589.7414969723907,589.1621873886924,599214.9667375889,5672486.96842694,599027.569780422,5672998.999969975
23018,54145,598399.0161650928,5676841.044793505,2019-01-02T09:03:10.995805694+01:00,5;34;6;4;11,2203.1056363249027,5193.029960697654,5193.029960697654,596602.1179764888,5678115.733518096,603130.3059371194,5678981.712274881
52687,124113,600899.3578051025,5674879.851983915,2019-01-19T12:49:25.074+01:00,17;2;7;9;1;11;27,913.0802192493053,2673.9483192334897,2675.2132810827115,600489.451076199,5674063.952504577,603319.5071665052,5676016.899336682
47164,111379,597915.5144740159,5676368.822796161,2019-02-04T08:56:32.665876181+01:00,5;14;9;6;20;32;25;4,206.51982266966183,4927.686653254321,4927.77422552141,597781.2309035041,5676525.72518571,602825.9710782686,5676780.540770522
52449,123601,599085.2580812725,5674228.770010535,2019-01-02T16:30:22.41410375+01:00,11;14;9,2380.6405868246006,5158.073538781091,5158.545291376184,600038.4123317215,5676410.271002624,603251.5078408471,5677269.836529425
9498,22189,598786.3863629922,5676003.175585997,2019-01-18T10:40:39.357017276+01:00,9;17;6;20;32;4,438.80509866770353,4179.9877606026885,4180.571463411844,599084.9091944252,5675681.563966602,602902.0205193826,5676733.828150176
34110,80448,597224.3204096665,5673334.3048134055,2019-01-29T10:52:06.413+01:00,18;27;69,334.107310572725,1091.5868747176319,1091.0468149445408,597555.989386746,5673294.013565954,598284.5004274005,5673074.342825697
6312,14654,597812.2204797502,5674298.985959764,2018-12-19T09:43:03.922+01:00,27;14;32,181.55472425371278,4676.598826403206,4676.931498140652,597980.841043493,5674366.285464828,601880.4739560182,5676605.474684199
49665,117172,597935.4533626295,5676348.410126442,2019-02-05T17:23:28.359+01:00,5;20;4,825.9692201719586,4458.764836862516,4458.764836862516,597534.8608810316,5677070.733334126,602392.1918441949,5676482.819863351
49481,116742,599136.7225465309,5672385.9463653825,2019-01-17T14:06:07.781+01:00,10;2;69,149.19073112141686,444.5080289827149,444.2961654515848,599244.6644226282,5672488.933867717,599279.8530864283,5672806.780104974
45982,108590,598921.7673172107,5675423.144774721,2019-01-07T08:59:08.618358695+01:00,14;9;69,433.20913217983974,3812.3078891163336,3812.110434682391,598723.0552380353,5675038.198464447,602720.6821035593,5675103.867641997
43156,101980,598395.0320581001,5674787.521105061,2019-01-03T15:48:47.54915198+01:00,14;32;19,416.26653301716107,2548.883108370877,2548.988285727564,598127.1065066886,5675106.101903935,600939.5230938112,5674937.088712932
51101,120501,599137.3250996047,5672394.445058221,2019-01-15T08:57:20.134+01:00,10;2;69,172.7319230284705,1150.0292263169956,1150.4174019056586,599261.7731788055,5672514.232339751,600260.1002787784,5672643.328802999
37389,88299,599267.9464304274,5675015.658995034,2019-01-22T13:37:03.421178016+01:00,9;7;4,437.2467423583725,4586.611998368289,4586.611998368289,599465.8478011544,5675405.556111165,603295.1875788895,5677210.730373306
47489,112097,598667.4661289516,5675929.595629742,2019-02-01T08:51:14.646457165+01:00,14;20;32,743.9391956414727,3768.5028378804573,3767.9765634445384,598314.7169208424,5675274.604390877,601825.9715520295,5673874.00395543
45131,106646,599129.7929040913,5672411.698165027,2019-01-09T07:50:56.770+01:00,10;2;69,114.72127041482631,586.7580593415955,586.1422775528436,599216.7719297821,5672486.502035084,599022.6642634028,5672988.593714106
51155,120617,598434.9619165123,5676730.978014304,2019-01-02T10:42:49.807+01:00,20;4;14;9,645.6013954252961,4111.1402817518765,4110.918755060733,598566.2705726258,5676098.871062432,601902.4667772435,5674522.384693421
45218,106830,598152.24725934,5676470.948149383,2019-01-16T08:22:06.354678840+01:00,34;20;4,3022.908627399567,3588.1173993376638,3588.1173993376638,595281.7439045035,5677418.675462211,601712.2233099743,5676919.453434012
30615,72106,599422.490337725,5674518.335360247,2019-01-02T16:16:08.610+01:00,12;9;2;27;69,53.860974380409274,3563.142400387871,3563.142400387871,599371.6791135239,5674536.20220262,601873.9550802096,5677104.124288562
8529,19905,598512.610167467,5674766.012769907,2019-01-29T17:16:07.733920537+01:00,14;32;27,385.8660709046989,4185.0141570577125,4185.032179834282,598655.6260948046,5675124.396738861,602697.531564664,5674793.876618468
5245,12158,599193.5483948645,5676964.559954342,2019-01-16T11:04:45.754+01:00,4;9;14;11;6;27,250.2034921154532,4000.5719904526704,4000.6847099886204,599117.8693453453,5677203.04364127,603100.8659206522,5677823.306717636
26594,62633,598437.3393520934,5675876.374494795,2019-01-10T15:22:30.605556648+01:00,20;32;4,254.53793671069084,3537.125947705169,3537.1277758690517,598209.8514886606,5675762.186784354,601567.6879756955,5674229.505506489
51142,120585,598539.125772076,5674472.86938072,2019-01-08T09:02:51.128+01:00,27;14;32,767.7340626714341,4502.376917845133,4502.704899570168,597888.1558828931,5674065.863490881,601831.061982899,5677544.441273777
23751,55879,598761.268901602,5675965.348800853,2018-12-31T08:31:14.285311927+01:00,14;9;32;20;37;69;11;1;4;27,787.6947447768614,3626.3644149556835,3626.265644933187,599069.2245547788,5675240.347885939,602377.7345547111,5675697.589487404
11824,27665,599133.2584618252,5672413.462462298,2019-01-06T20:34:50.992+01:00,10;69;17;18,99.81351961545548,777.9312121412596,777.2136768871595,599196.1932215709,5672490.934745817,598843.5211231442,5673135.424542602
1401,3206,598367.8346971819,5674718.678970939,2019-01-24T16:23:51.255802954+01:00,14;32;27,186.58113481412138,3812.9627670425443,3813.1343038044834,598255.6516773191,5674867.767836797,602151.5485879952,5675190.053827416
34250,80735,600513.230676632,5676089.761321121,2019-01-02T16:57:57.115110738+01:00,11;9;7;4,721.7411478218421,3607.1701415815596,3607.1701415815596,600712.9108131441,5676783.330443517,603493.8400801843,5678121.421729204
485,1161,594957.4445372992,5675085.16056029,2019-01-29T14:27:11.590952418+01:00,19;15;27;25,740.5834293335399,2556.4667511570974,2556.354162595678,595504.4125383064,5674585.871243684,592755.3647385061,5676383.7624274995
35028,82534,599140.8601352167,5672404.697764721,2019-02-04T18:59:32.398+01:00,10;2;69,171.46201134332594,495.17642792555785,495.6757922555765,599289.1043283516,5672490.853905162,599622.0958610349,5672521.367687877
48012,113272,597331.760939351,5674785.494309064,2019-01-02T10:52:10.786649511+01:00,19;23;15,2525.934445081423,4204.68233452196,4204.566220016381,594861.4572765611,5674258.28976199,593133.3538204766,5675015.127055912
7674,17864,597229.8188565626,5673325.497598404,2019-01-21T08:51:05.546486229+01:00,18;27;69,343.7735671837204,1294.8479771468158,1294.3334732174558,597573.0571286043,5673306.320682592,598517.107928781,5673465.204894092
50816,119848,599644.4380162745,5676842.597880815,2019-01-11T11:40:19.233310027+01:00,11;9;14,692.1800182073106,3804.3051300802895,3804.4226997345527,600322.2104378036,5676702.106876762,603341.5791710956,5677739.194113287
44313,104722,599136.5395852249,5672386.791540411,2019-01-16T14:37:47.846+01:00,10;69;11,406.7006964228381,1591.963360466985,1591.6215364828781,599209.4343913107,5672786.906278601,599357.443424791,5673963.353887651
35800,84367,599127.5513232441,5672408.684432152,2019-01-09T07:17:45.373+01:00,10;2;69,119.23509860146477,581.8761839730889,581.2566299787037,599218.2108540136,5672486.130272706,599018.7540607476,5672980.298855647
15988,37351,596814.0972520168,5676355.131918898,2019-02-05T13:20:22.541664167+01:00,6;14;5;9;11;18;20;4,1575.1166606690526,5671.833520460012,5671.803824770245,598188.1838072607,5677125.118044367,602469.2866683939,5676789.33020161
972,2250,599114.6285259416,5672371.940684686,2019-01-19T20:59:49.874+01:00,10;2;69;1,218.88513436568465,529.8601235270122,530.3434779168241,599300.6122402238,5672487.356281848,599625.5063600539,5672512.495261691
40575,95913,600308.3294622019,5676379.407409547,2018-12-31T12:40:44.881545103+01:00,11;5;6;7;27,1244.1509090302088,3950.4426958598006,3950.4426958598006,600584.9633069792,5677592.414087337,603471.4548133784,5678745.973594131
17920,41960,599113.8837407193,5674963.456174617,2019-01-18T09:32:24.151451730+01:00,14;9;12,317.4760760132868,3706.50825046153,3706.7873995177974,598904.6471358181,5675202.226151813,602782.7512340954,5675490.347744854
16738,39143,598449.6537126853,5676640.448142168,2018-12-31T11:19:21.907046123+01:00,5;34;4,2731.496462284271,5096.279958515551,5096.279958515551,596123.8540000154,5678072.833781588,602976.4197689713,5678981.486050282
39803,94092,598296.486461806,5676434.2451593,2018-12-31T08:54:51.247647102+01:00,5;6;20;9;4,1483.4385465147466,4808.899271825449,4808.899271825449,597436.807747354,5677643.18784992,602911.0341590659,5677787.560257966
23213,54597,599130.4838084696,5672410.438439708,2019-01-05T14:30:59.978+01:00,10;2;69;11,111.66017935057718,755.6412024227477,754.8769328729959,599203.9166572678,5672494.555098997,598848.3137812283,5673111.418969057
50137,118255,598448.6430775903,5676651.461958524,2018-12-31T11:12:30.309181176+01:00,5;6;34;32;33;11;1;4,2261.147241634263,4391.441958119511,4392.066718717485,596574.3500202027,5677916.298858436,602434.0276699836,5678495.769991973
49082,115757,598387.435444763,5672259.086244203,2019-02-05T08:48:05.606157807+01:00,69;2;18,510.80004769345373,4349.107463247855,4349.031997547635,598388.2716917014,5672769.885607373,601006.6233337731,5675731.058382476
8592,20068,599144.0580251124,5672403.062077351,2019-02-05T13:31:57.317+01:00,10;2;69,185.21411843723996,634.6200689387224,635.198189783736,599306.3658699151,5672492.283337059,599778.6501703715,5672409.015318081
23408,55045,598728.7147399203,5676227.39780984,2018-12-31T09:45:55.665664431+01:00,14;9;6;4;5,240.44610911774052,4214.403962713411,4214.380267584963,598505.9487878089,5676136.901058684,602942.659972699,5676165.217941101
17069,39939,599331.6099406662,5674144.4164869785,2019-01-26T11:25:58.032+01:00,17;69;9;1;27;12,586.4516295143465,5069.826137376269,5072.039552595464,599535.6083788333,5673594.58910408,602618.3847877231,5678004.500445648
45440,107324,600335.0024109719,5676348.950820078,2019-01-18T16:29:43.848515820+01:00,11;6;7,1574.7130723520202,4013.9522946805573,4013.9522946805573,600675.0251706805,5677886.515707527,603528.4065689394,5678780.819013021
11898,27832,599111.16707833,5672357.870241466,2019-01-18T13:23:06.389+01:00,10;2;69,189.23126064705437,455.01253557607623,454.82374598871127,599248.591388033,5672487.9587848075,599270.5461901012,5672784.056475714
38793,91622,598567.1617276118,5676240.841094588,2019-01-30T11:33:50.209234657+01:00,14;32;5;6;20,574.8676857003312,4186.690847000813,4186.202425987712,598324.0490777731,5675719.910105348,602616.3322171825,5675176.604939052
1681,3836,597685.1186038267,5673862.879375347,2019-01-14T09:38:27.485+01:00,27;18;69;32,227.30900436986903,6285.022967537958,6285.020620459258,597694.4142513577,5673635.760520109,601637.5288273208,5678749.59270106
1778,4042,597979.7828555307,5676480.806042138,2019-01-21T07:29:28.842260562+01:00,5;6;34,2079.2412391075063,5796.436016074598,5796.436016074598,596632.0551288316,5678064.117162888,603208.766943119,5678982.084895084
42446,100282,598532.725939774,5673486.975198631,2019-01-02T09:56:46.082+01:00,14;17;69;18;27;19;32;25;7,613.0998130987234,3524.910302227403,3526.6744689770194,598448.9576331589,5674094.325387261,601001.0758990581,5676003.369666367
18657,43693,598426.1134919985,5674719.796234975,2019-01-09T15:40:28.906+01:00,14;27;18;1;32;69,431.3613651435167,3718.595223966428,3718.958596970526,598452.6929292253,5674289.254528685,601966.5060298089,5675857.148914631
29726,70008,600819.6238973527,5674997.5300647495,2019-01-19T12:49:10.248+01:00,7;17;70;9,1098.022447091112,3301.1778507827253,3301.3226129071672,601915.8197287391,5675060.838781109,603814.4733321809,5676386.289246612
23619,55549,601089.6897283236,5673752.678808013,2019-01-29T09:54:00.436+01:00,1;17;70;7;27;12,343.57395383373745,4881.428983803666,4884.013098992982,601111.5147929449,5673409.798758568,603360.8299303423,5678073.589719695
9588,22405,597224.8531040235,5673059.76124356,2019-01-22T10:16:03.383622155+01:00,18;25;27;23,62.74339197640868,1143.0830335932762,1142.6314973970727,597245.0380673225,5673119.169159643,598282.1738019441,5673494.1709159175
32615,76976,597810.4217256376,5674312.955270659,2019-01-10T11:54:03.612+01:00,14;27;32;69,383.6540333075556,4726.286514491289,4726.755339819939,598193.7821967854,5674297.949723869,602031.7937781482,5676438.467493947
36008,84857,596029.8375983824,5675956.780479512,2019-01-05T11:58:21.648374707+01:00,5;15;19;27,633.4456673057776,1611.7403453768266,1611.9803160287913,595573.8965528818,5675517.040583146,597630.9349882982,5676141.696917181
27176,64024,599354.7958716386,5674315.031541166,2019-01-10T15:44:36.518+01:00,14;17;1;2;7;12,749.3306060832591,4087.774762147139,4089.7411000272164,600043.7367922063,5674020.31682287,603077.9777622506,5676002.57979691
37940,89662,599141.7263835915,5672404.714484765,2019-02-05T18:44:58.497+01:00,10;2;69,111.70678019672181,588.5741756053595,587.9406783501124,599218.2108540136,5672486.130272707,599018.7540607477,5672980.298855647
50307,118674,596948.4004604913,5673456.392375976,2019-01-08T08:26:26.751+01:00,27;18;14;32;25,750.7003366094222,4658.32041873627,4658.262023127059,597680.010018378,5673624.613808006,600506.9199319473,5676462.534138249
18758,43954,598580.026440141,5676316.623379256,2019-01-10T16:03:06.340285367+01:00,5;14;32;9;4;27,672.6613033814644,4214.3099203088295,4214.390079727707,597909.039524929,5676364.055316609,602758.8046828253,5676862.71906948
54308,127909,599202.4437610845,5675152.307875349,2019-01-24T08:31:44.181875196+01:00,12;14;9,350.3517107916616,3729.56065325461,3729.8152825734132,599533.5593626469,5675037.814296243,601067.9415100461,5678381.787835795
21717,50967,599626.8788146134,5675601.436484511,2019-01-31T12:26:38.124424917+01:00,9;11;14,367.21534980140257,3929.806040320803,3930.0277719832447,599736.4598273034,5675951.920599397,603243.5045610747,5677138.769800541
51088,120470,599131.0682840438,5672414.693251443,2019-01-06T09:33:27.862+01:00,10;69;27,95.60385070419052,772.1324524183618,771.3565474984139,599195.1794065045,5672485.614759086,598830.3433657018,5673125.856416663
6709,15585,597893.2249711374,5673985.6615418475,2019-01-03T08:43:51.372+01:00,27;18;32,395.7195851949549,5970.687102161101,5970.681301959569,597691.5440514876,5673645.193045866,601603.04522008,5678663.94522205
5858,13586,596252.0700366629,5676420.938553046,2019-01-25T12:36:28.162072501+01:00,11;5;15;19,1422.4616265439533,3518.23473308045,3518.4176858245996,597673.3991753537,5676477.68851779,599741.8503249586,5676867.4910992
1701,3883,597018.5372783502,5674073.871353181,2019-01-04T07:50:12.570+01:00,19;27;25;18,271.9602536684594,3421.6257924886622,3421.6306745864326,596751.3004444109,5674023.4049865445,596750.8407756616,5677485.009234632
19614,45979,596926.5598223882,5673658.394166582,2019-01-10T10:10:10.983641084+01:00,32;18;69,1096.085765658743,3426.3735219192586,3426.1817465727704,597796.4029793032,5674325.310119344,600351.0522592991,5673771.915359536
26091,61441,599045.858690624,5674631.9950208925,2019-01-16T10:59:28.420937055+01:00,14;9;18;19;32;12;27,831.9103107874643,1623.514330430917,1623.9151400031021,598236.0176149207,5674822.342590612,600372.5304553255,5675567.805263334
32896,77613,599223.6160541277,5674648.1589130275,2019-01-16T10:40:19.564+01:00,12;18;25;27,552.4256215058801,2327.834293737476,2327.783823373399,598785.8146958408,5674311.255309636,599850.142311945,5676890.0949842315
5007,11575,593586.9211262304,5674302.536554164,2019-01-23T15:35:43.613275652+01:00,15;19;34;50,246.8028474266837,3118.5120082059325,3119.0204791579026,593362.4006472017,5674200.056312192,595966.6783295263,5672287.1277125925
46648,110178,599575.135355501,5674331.6072787065,2019-01-03T14:37:06.236+01:00,9;27;12,763.8408232491897,4574.098873232633,4574.098873232633,599010.6153345138,5674846.165292119,602333.1858539712,5677980.6534485975
22748,53494,598402.1260567049,5676835.163494794,2019-01-07T09:11:35.588711221+01:00,5;11;34;9;32;70;4,238.7353220096179,4761.599393381034,4761.599112615902,598194.1129258097,5676952.317629805,602937.779874884,5678284.533435383
52227,123137,598949.7567837784,5673599.385869008,2019-01-12T12:38:11.236101912+01:00,14;18;1,53.16022205692545,2440.3755839802548,2440.623077573643,598992.039713403,5673631.606407046,601162.7966376875,5674627.922497377
18508,43339,598689.1934002939,5675253.592847112,2019-01-08T14:58:44.978417747+01:00,14;12;9;20,156.41604996049801,3839.3405308692463,3839.3126671245723,598807.8760212656,5675151.708519737,602528.2422069679,5675206.264505174
1108,2566,597077.7280456453,5673482.599383896,2018-12-31T10:17:29.676+01:00,18;27;32;69,551.739842916813,2580.8157064843376,2580.4824899220976,597628.1363378549,5673444.290558167,599364.6090158697,5674678.753696208
13068,30558,599148.1941668227,5672392.533085904,2019-01-15T13:38:32.924+01:00,10;2;18,152.9626626356301,445.8480843782049,446.4335960468278,599189.4993344381,5672539.813292615,599570.6291582217,5672249.9526090305
41367,97752,600612.7932291843,5674599.241830834,2019-01-14T11:10:17.346+01:00,14;17;7;9;12;1;27,763.5929559156443,3051.6503688239677,3053.5531302178188,599849.2002889854,5674599.396757606,602984.3739124354,5676519.704024259
46805,110529,598891.8586750904,5674722.80787405,2019-01-22T08:38:55.783033166+01:00,2;14;9;27;69,1163.1118478014137,3879.9631116957066,3879.8152481621664,599123.7187249282,5673583.040315385,602602.9103466101,5673590.461089964
3788,8772,599135.2727306527,5672409.257806762,2019-01-07T08:21:07.062+01:00,10;2;69,114.24678983553125,572.3523105118636,571.7146419207976,599220.2694409278,5672485.598413454,599013.1599565957,5672968.431874258
13240,30942,598378.4850319452,5676404.414873105,2019-02-04T11:36:06.841170199+01:00,14;6;20;4;27,133.92430881401538,4237.156198080488,4236.975889711301,598245.107006415,5676416.498862388,602578.7190501452,5675846.268978838
11053,25798,596953.6763584058,5676145.168571647,2019-01-05T13:15:35.427+01:00,32;1;5;11;20,2156.8810434548095,5593.46408233977,5593.46379945321,598943.3670920635,5675312.5422328785,602530.7964851503,5676572.45247292
23352,54911,598776.7727362572,5675242.971581625,2019-01-10T15:20:00.107412082+01:00,14;12;9,112.44420977177,3981.7935827020574,3981.4818725754762,598706.0893483782,5675155.521258646,602731.2167140339,5674777.082150673
40940,96738,599133.7409268939,5672386.737525279,2019-01-16T13:04:27.417450051+01:00,10;2;11,339.67628534123355,1311.3739969259213,1311.9161537875261,599418.2500045797,5672572.303048848,600380.1403565098,5671979.073176008
25661,60459,596960.5165072957,5673444.739403864,2018-12-31T07:50:44.834+01:00,27;18;32;25,703.5774983377511,5242.098997049118,5241.999337865698,597638.7119747687,5673632.015147265,600771.8010262785,5677043.865993778
35178,82901,597953.8793632223,5675172.032569133,2019-01-17T11:24:28.861607252+01:00,14;32;20;69,518.6980903621989,3996.643347196911,3996.5360608381357,598341.6701148103,5674827.553191044,601930.1868657079,5674769.370564009
1512,3425,599135.3983806949,5672411.381997701,2019-01-09T17:28:19.059+01:00,10;2;1;27,114.00215890081431,690.5681501234252,689.8886972119793,599225.8751540476,5672480.739374509,598955.0030371416,5673077.971744088
44422,104995,597266.6706136196,5673364.386934142,2019-01-14T10:07:21.422497865+01:00,18;69;27,279.8698692959074,2218.1022622967334,2218.1433403108176,597493.9679884356,5673201.09870082,597144.6209276763,5671149.645071042
6388,14830,600294.7742962785,5674049.415865881,2019-01-08T12:58:39.191896877+01:00,17;2;27,861.8200440317235,3049.91185936365,3052.30365645057,600175.541869589,5673195.883548555,603176.4654019668,5675048.324631127
39761,93998,601475.2419121475,5675312.172275954,2019-01-14T11:33:27.317+01:00,7;9;11;17,614.4673374610056,2767.931177206519,2769.097031156632,600863.1431028837,5675366.071779702,603576.98976999,5677113.310511572
36860,86920,599131.1436749782,5672415.967765943,2019-01-07T13:29:38.760+01:00,10;69;2,95.62443206570632,758.2547771062249,757.4743546395274,599198.0398176018,5672484.29739429,598830.1974482511,5673111.94310719
19319,45221,599151.2576701993,5672387.499983149,2019-01-14T15:48:26.092+01:00,2;10;69;1,389.67378934469735,2556.2494238140453,2556.544488658898,599526.1419001872,5672493.836600589,601465.1544224165,5671301.087107291
49982,117926,601290.4641621964,5673517.296987611,2019-02-05T07:45:26.390+01:00,70;17;1,606.6793345587164,5424.648935375771,5428.0740245327115,601610.2740198101,5673001.757008605,603686.2672391097,5678384.220419177
19881,46654,598078.3904684088,5675120.093582994,2019-02-01T18:52:58.647779444+01:00,32;14;69;27,284.23655388598957,3519.319035382551,3519.29129351083,597911.2810877778,5674890.169957696,601529.701584707,5674431.574845905
35621,83899,597892.8843065317,5676135.845646626,2019-01-08T10:56:14.366195625+01:00,5;20;6,1540.313341096642,4602.787403305266,4602.787403305266,597346.026717515,5677575.815078974,602466.2780616919,5676655.192775518
9304,21712,598718.3660961394,5676263.2688177265,2019-01-18T10:42:45.764554186+01:00,9;32;6,385.20790725135896,4127.685207206906,4127.6849847291305,598708.5812349758,5675878.185205636,602826.1132884867,5676668.482555842
27583,64966,594957.8931292035,5675084.320171978,2019-01-25T14:34:59.920038442+01:00,19;15;27;32;25,969.5133412445538,2446.5932561457494,2446.543803879652,595842.2729137177,5674687.043800174,593136.4714911857,5676717.795539891
31451,74128,598345.1796361142,5674023.15544913,2019-01-10T08:58:17.374+01:00,14;18;69;27,267.44370532258597,2556.1663632097716,2556.334689768761,598136.2037541887,5673856.256628612,600715.1752017505,5674980.812744444
47598,112308,598239.9342737471,5674384.810128815,2019-01-29T14:07:17.909+01:00,27;14;18;19;32,681.0065287741658,1611.6617211332266,1611.9468654642455,597569.1661286099,5674267.166651723,599332.1603614935,5675569.9243328525
38229,90368,601033.59942922,5673892.037613991,2019-01-28T09:45:53.456796345+01:00,17;1;12,598.0518265625843,4288.669320454619,4297.320861524399,600696.8503053405,5673397.804860299,603514.7773777167,5677390.100010247
54561,128503,598672.4847276204,5676401.150115655,2019-01-10T11:58:13.955918653+01:00,5;4;17,942.7652471367466,5099.253611151663,5100.371511930391,598088.9933341936,5677141.652718625,603270.0230607085,5678606.831114038
29599,69714,598674.9577467669,5676404.168168422,2019-01-03T12:39:16.484290272+01:00,9;5;27;32;17;11;18;1;4,1205.9472090969819,3920.2124627093,3920.3440557140866,598944.7261652335,5675228.7815632885,602531.214549429,5677109.398077532
9465,22114,598496.1242201388,5673704.814399659,2019-01-15T09:04:03.876+01:00,27;18;69,793.2075670733232,4427.535521236585,4427.467990648459,597758.1224248774,5673414.071223207,600882.1820546836,5677434.3986663055
13908,32422,598790.6430290267,5673038.2978591705,2019-01-14T14:23:56.817077556+01:00,2;14;18;1;27;10,372.6740321097451,2980.380268281987,2980.277755940757,599126.6322060422,5673199.534353605,601761.83308613,5672804.4256972205
22725,53435,596357.2986182701,5675970.982750862,2019-01-05T13:32:24.224660093+01:00,32;5;25,974.4202918122095,5376.632813398878,5376.6303157357615,597241.247014456,5675560.94599888,601720.8175749583,5676346.27571824
26232,61772,599147.0673062876,5672385.297330228,2019-01-15T13:58:34.465+01:00,2;10;69,281.771042318792,1765.713938726223,1766.1498944702596,599402.2773827773,5672504.724032215,600803.9317446569,5671774.931909943
36574,86183,599123.4395603328,5672367.867181389,2019-02-04T12:41:13.532+01:00,10;2;69,165.89208740229185,735.8852889537677,735.9652075124317,599220.3827547072,5672502.4859086415,599597.3024648385,5672930.877932824
7450,17351,598588.9989900503,5676359.23125964,2019-01-10T15:58:53.333661488+01:00,32;5;20,1185.8900371881136,3582.46699864782,3582.4674820437594,597405.7063753427,5676280.785301934,602152.1162332713,5675987.390826845
16594,38812,599942.9914075419,5676397.7381732,2019-01-24T16:23:14.104073762+01:00,11;7;9,1119.4736760666588,3976.315978140913,3976.315978140913,600999.1326791903,5676768.934786502,603553.4334206694,5678063.810568945
8746,20404,599276.1141682614,5675018.787473875,2019-01-22T13:46:00.798365033+01:00,9;12;14;32;7;4,383.6329242009961,4339.138886854109,4339.206837283888,599399.7788896108,5675381.942065233,603086.7357463855,5677094.1885116855
2197,5011,598084.449245953,5675116.814559674,2019-01-10T11:24:31.383507637+01:00,14;32;69,478.42726715471645,4377.9966070284645,4377.901037582861,598532.6444051627,5674949.441475762,602457.7703952591,5674914.53649318
50215,118429,598388.922713778,5676011.238989702,2019-01-23T08:32:34.971986093+01:00,32;18;14;9;20;4,1188.722499367964,3412.597070147289,3412.383737390762,597990.1090042017,5674891.413643696,601089.0806956515,5673924.383547631
48050,113365,600067.6506595274,5676694.673211864,2019-01-22T10:12:57.620+01:00,11;7;4,1446.6452468293955,4061.694355922428,4061.694355922428,601181.578660318,5677617.682897203,603553.2926562898,5678779.777744337
28903,68037,598832.7267169141,5675231.318271451,2019-01-04T14:13:34.210254794+01:00,14;9;20,107.06488178957126,3929.221318582283,3928.9887824475963,598736.1160159016,5675185.174351348,602743.8511364163,5674854.640762731
26313,61940,599142.3074534982,5672398.784755985,2019-02-05T15:42:25.960+01:00,10;2;69,140.31111060776038,575.6466789911397,575.795641817093,599242.2944147157,5672497.22161568,599551.4686597006,5672803.699816674
18185,42561,597669.5971358246,5674317.912205397,2019-01-16T08:14:16.730+01:00,27;32;14;19;69,62.246839494210484,3882.5757899845175,3882.8050334518916,597708.1060736157,5674269.006881176,600629.161196635,5676830.95325857
42620,100632,599131.4161205546,5672408.759020427,2019-01-07T07:35:50.562+01:00,10;2;69;11;27,113.43400781465378,741.198635418987,740.4753067040621,599202.7643637251,5672496.944633343,598894.5253498725,5673111.082435894
5776,13401,598036.266709604,5673207.160654336,2019-01-09T15:08:33.895240404+01:00,18;69;27;25,437.21434894746596,1135.2383034354762,1134.9474068986044,597620.9874865358,5673070.414342454,598776.0555572754,5674068.252093411
22643,53262,599136.7897495942,5672387.64507505,2019-01-17T06:36:23.840+01:00,10;2;69,287.8166749886766,1548.0312751844854,1548.5344681917259,599402.7392171862,5672497.687426393,600563.694330598,5671787.358355507
51003,120273,599132.7073050796,5672409.208293326,2019-01-05T19:24:45.668+01:00,10;2;69,110.6705682905576,632.789353057556,632.0845245393023,599213.6063757406,5672484.7285889555,598941.7406569414,5673012.494381879
7628,17756,598763.026585328,5675969.201828353,2019-01-30T15:20:44.865684879+01:00,14;11;32;20,666.5539135797684,4061.5983975780387,4060.9648758534136,598771.2532480636,5675302.698683778,602669.720787875,5674858.201400363
36796,86738,598242.950389075,5674389.111375624,2019-01-04T11:43:12.653+01:00,14;27;32;15;19;1,938.7377210991027,1826.4178297173846,1826.8585025494012,597320.5295786558,5674214.846182542,599708.6922918506,5675478.791495273
26161,61604,599516.7652132064,5674350.420049723,2019-01-22T14:47:34.982+01:00,2;1;17;11;70;12;27,1344.4508930184943,3857.216151567323,3857.8997483825656,600565.9098125431,5673509.680010579,603108.782794773,5675755.954159458
4972,11490,599113.8166878559,5672360.467486185,2019-01-21T06:45:05.902+01:00,10;2;1;69,158.00267063979666,745.2086638562042,744.5271382451524,599214.6622808259,5672482.102227554,598922.3574941674,5673080.661439116
12371,28952,599629.6452317971,5675615.06961338,2019-01-31T12:34:00.609717766+01:00,9;14;11,133.9186139640165,3782.2116321165877,3782.428553429464,599515.2090469736,5675684.629334262,603196.9127755081,5676871.941564577
16017,37422,598631.369687676,5676441.946188538,2018-12-31T09:55:24.515605453+01:00,9;14;11;20;32;4;27,910.6705399938626,4143.846557042256,4143.841539911367,599212.0729081443,5675740.444512025,602775.0208181621,5676401.701969926
50234,118472,597914.1907682816,5676321.270020488,2019-01-18T08:28:58.916697268+01:00,5;14;20;6,610.3426196568568,4931.165070006482,4931.250249002799,597605.1075244016,5676847.564293421,602826.5212971327,5676751.848379174
24281,57150,598579.1220058282,5676530.056336459,2019-01-10T08:21:43.702+01:00,32;9;5,968.7343598926668,3772.3220759330216,3772.322811670643,598013.5359767622,5675743.571305602,602306.6503992763,5675950.447916394
48752,115029,598854.3462988227,5675696.402963534,2019-02-04T10:22:17.865742726+01:00,14;9;20,456.41761889493404,4024.782080862186,4024.685370393927,598916.8062667499,5675244.2793131415,602872.8787669226,5675472.198589679
26141,61567,597980.4253845423,5673353.344583532,2019-01-11T09:46:10.512+01:00,18;69;27;25,431.79780035947795,3429.420339527979,3429.2851086356463,597662.6204092912,5673061.027396044,599941.9165832124,5676166.434724766
17695,41444,599113.0673317331,5672361.3017327655,2019-01-19T08:32:53.699+01:00,10;2;69,174.27128723588197,536.6545091792217,536.3176401383604,599231.4637850125,5672489.179648786,599206.3874085662,5672889.780138646
14536,33912,598570.7246942503,5676242.606970675,2019-02-04T11:26:37.420708771+01:00,14;32;11;5;9;20,745.7575154972076,4227.075171424382,4226.637952587774,598705.9779031149,5675509.217005232,602679.9897664973,5675251.594826005
54196,127640,598296.2302347245,5676456.306648491,2019-02-01T08:54:40.411103804+01:00,5;4;11;6,1943.2128576570574,5572.601091426319,5572.601091426319,598056.4507392114,5678384.669167235,603261.6577840801,5678985.814935938
34536,81404,599113.5758562947,5672362.584604459,2019-01-21T12:55:05.942+01:00,10;2;69,148.71947399966925,804.8348428594861,804.2608101157358,599187.7668292572,5672491.476735629,599014.4529490009,5673161.292168922
42510,100427,599112.8516327931,5672363.843689101,2019-01-21T17:00:11.194+01:00,10;2;69,156.37225187306825,687.7310776729088,687.1831399319108,599206.3293041121,5672489.200005737,599051.0415620309,5673048.791534086
22316,52422,598645.710252227,5676851.300041729,2019-01-03T09:52:57.326602744+01:00,11;5;9;34;4;27,846.1797311709472,4915.07176452817,4915.07176452817,599310.2567491756,5677375.13025357,603202.2604177273,5678694.064551844
25819,60814,599123.4565055979,5672368.716214603,2019-02-04T12:34:22.710+01:00,10;2;69,249.27762481327986,1513.5330224584493,1513.9516456463216,599326.4904114561,5672513.341825421,600631.1356547592,5672235.728270576
23152,54455,599123.9240959916,5672372.120063042,2019-02-05T07:41:42.709+01:00,10;2;69,207.18512896298958,1356.1948186832337,1356.5699900098014,599270.468677823,5672518.579488138,600464.274688713,5672578.819542516
16554,38696,601295.7401231375,5673469.448429958,2019-01-31T08:34:08.587534795+01:00,17;1;70,413.6307843321222,4740.125493964075,4748.062970244879,600932.5997377988,5673271.409327043,603595.0551814118,5677614.558797767
20112,47143,601241.2938523277,5673758.212208549,2019-01-31T09:28:53.353141186+01:00,17;1;9;70;12;7,380.8236405609238,4714.581422821336,4717.4057815495835,600864.2073428704,5673704.991821521,603396.9457501239,5677951.116081515
22184,52104,597702.475908512,5673206.315494488,2019-01-03T13:52:13.765+01:00,18;27;69,177.6162901191544,1634.5062506279633,1634.162517852422,597594.9933917351,5673347.7193667935,598972.452776497,5674235.280721366
51485,121414,598524.2018221188,5676490.38493629,2019-01-08T09:09:47.790+01:00,14;4;11;27,710.4539910707322,4381.545302032803,4381.638872473606,599197.2838256413,5676262.996524178,602895.7562913965,5676786.105676017
5352,12407,597142.1804472742,5673573.7803038675,2019-01-30T10:22:00.240+01:00,27;18;69,551.876387437705,4195.312361879636,4195.141254048736,597676.1910892992,5673434.495770572,600251.6161412139,5676390.170809283
20333,47713,599114.1592009306,5672363.444566872,2019-01-21T07:15:40.131+01:00,10;2;69,153.0294758268229,719.6213016364758,718.9110964070491,599207.6672952896,5672484.581913554,598899.8000412338,5673050.397962979
45592,107681,600352.9729585632,5675319.383548243,2019-01-10T10:35:31.15311910+01:00,11;9;17,409.1263076895003,4029.3276473125043,4031.5953249879,600488.1672588423,5675705.527092557,603469.631114304,5677873.189184867
7920,18440,597858.9379561121,5675914.534764911,2019-01-18T08:04:45.426220526+01:00,14;20;9;15;19;32,1060.4881254519232,2383.4038255478545,2383.1222407965984,597321.3347348805,5675000.413415885,599600.7350342058,5674287.649171398
10735,25061,598063.2110596041,5676485.795071241,2019-02-01T08:56:47.918312977+01:00,14;5;11;4;20,346.6803722811404,4856.65996308881,4856.703932474372,598401.7375655733,5676560.541879075,602916.8774399228,5676656.290424943
44349,104808,598513.3551190854,5674833.074878808,2019-01-09T16:42:43.762414757+01:00,14;9;27,336.9658957828927,4251.964701445515,4252.166810664086,598718.7751052045,5675100.186548758,602748.5921600877,5675209.865309766
28319,66687,598789.7410459303,5675958.682928575,2019-01-31T10:43:34.133997657+01:00,14;4;20;17;27,544.9343423248043,3884.344010804298,3883.963123249041,598846.284113391,5675416.690014445,602637.9981546936,5675430.4352412885
41785,98695,598597.96325316,5676339.8832385065,2019-01-09T08:15:17.777767355+01:00,5;9;32;14;20;17;27;1;4,774.955403003891,4032.924133491801,4033.0090168542947,598387.0190843499,5675594.1899810005,602619.4120380207,5676643.900897933
34962,82384,597068.2957373459,5673486.240197571,2019-01-30T10:28:19.520+01:00,27;18;32,607.0955550636429,5509.780626071546,5509.695581202382,597663.7536402253,5673604.540235088,600918.410128481,5677427.598050216
13514,31578,601111.954143836,5673791.309572019,2019-01-29T12:48:44.85411121+01:00,17;70;1;7,533.6474569379595,4839.368962771515,4843.981564099026,601432.7074180834,5673364.815790873,603665.7945947335,5677901.953184544
14962,34921,598507.8493617162,5674807.508008259,2019-01-30T15:28:42.735746420+01:00,14;32;9,347.45637320907315,3948.1832132967884,3948.2233674715553,598554.7315984545,5675151.786946276,602454.7106951876,5674909.666219418
50249,118535,597132.8597097351,5673243.885038395,2019-01-08T10:20:22.823+01:00,25;18;27;15;32;19,599.5085377979203,3752.1996624685744,3752.1661905250025,596608.1463916912,5672953.9084518235,598988.5981759002,5676505.056155069
23890,56201,597019.4204105434,5672662.081026849,2019-01-25T16:30:13.947+01:00,25;18;27,492.9174065299507,5677.149343762715,5677.125186322204,596564.2743758397,5672472.846630521,599493.065060697,5677771.98384551
53432,125853,599137.472234558,5672410.997671504,2019-01-09T11:01:10.899+01:00,10;2;1,103.63540159536089,675.1690844024846,674.4237198522966,599211.6047097533,5672483.417783249,598897.0464361459,5673041.908701674
2638,6024,597865.8870254619,5676309.7394693205,2019-01-07T07:47:38.485608603+01:00,5;14;6;11;20,1161.3218485087734,5239.8327937240565,5239.956442802512,597865.209250158,5677471.061120046,602971.3168230889,5677488.9062461965
10229,23858,601324.6268077408,5673488.265849246,2019-01-31T08:16:15.805700859+01:00,17;1;70;7,595.293298850932,4413.332763210891,4422.881972062795,600729.3766747504,5673481.0971093485,603561.7931686253,5677292.551952125
28199,66431,597696.306673008,5673815.98936569,2019-02-04T09:50:17.048+01:00,27;18;32,154.50837746855797,5434.329441262191,5434.286452779099,597681.6729599737,5673662.175539424,601256.2127546319,5677921.961256265
40292,95174,598387.2876676037,5676511.520922049,2019-01-29T10:15:28.542364591+01:00,14;11;23;32;5;6;70;34,765.009979179589,3958.214917901305,3958.135265176191,597932.0292317388,5675896.720121124,602330.1087716712,5676162.770183532
29094,68487,598094.1203852331,5676837.326360772,2019-01-07T11:44:51.541348692+01:00,5;4;11;34;6;20;32,1782.2708898843775,5484.759920468002,5484.759901235567,596771.1543066776,5678031.583569217,603168.3635645183,5678919.307999176
27368,64460,597934.6552633913,5676350.0923012085,2019-01-28T19:58:03.101023136+01:00,14;5;6;20,677.8291922265381,4761.049625550451,4761.047448116319,597749.5479813851,5677002.156491287,602695.691986916,5676339.008339667
29851,70297,599114.3029607184,5672369.812637078,2019-01-19T20:41:23.216+01:00,10;2;69,157.30936836347658,603.3113018766087,602.7002706928123,599220.9954851802,5672485.410831695,599011.1869686506,5672964.246501483
44980,106300,599615.9317767456,5675597.404737244,2019-01-04T12:26:55.128264095+01:00,14;9;4,665.8981980892023,3357.122677860056,3357.2407296017777,598979.276333096,5675402.237485151,602963.7382798948,5675847.333310389
42928,101429,599750.8838764421,5676588.354812396,2019-01-02T09:17:56.453957675+01:00,14;11;5;6;4;12,1363.9720320735407,3482.8117736962595,3483.069830679833,598628.2389084239,5677363.008270442,603048.3665800309,5677709.330133502
21070,49435,598530.6480267806,5676380.1765991505,2019-02-04T08:47:55.652161644+01:00,14;9;32;5;6;11;19;27;4,653.8117895637595,3854.3531400533775,3854.1856969727673,598436.7594283074,5675733.141215845,602358.310297333,5675927.363535262
2037,4654,597597.4626006576,5673769.552646798,2019-02-04T09:48:42.375106770+01:00,27;18;32,164.9603354386952,6239.397812627547,6239.386190054245,597688.2156458781,5673631.799980576,601549.1660961917,5678598.022854597
21989,51610,597176.1957498046,5674487.623527959,2019-01-11T12:06:51.259378298+01:00,19;23;15;5;18;20,2048.275617596873,3013.2678151877585,3013.1713245494084,595128.1092635448,5674459.789188704,594189.6241154051,5674887.83946798
32011,75473,594262.3105717147,5675127.085682509,2019-01-30T16:13:16.771704881+01:00,15;18;32;50,1661.2368217965698,4732.944520535084,4733.2136724995535,593390.1203419272,5673713.228553533,595845.204586498,5670666.680950601
47358,111819,598367.2507349155,5674716.121662378,2019-01-23T16:29:42.996088856+01:00,14;32;27,239.6153347468305,3753.7943968390905,3753.8905194838344,598240.4195980309,5674919.417927377,602111.100146053,5674989.185685028
48644,114802,599198.5789938689,5674976.55011345,2019-01-17T11:35:10.231946187+01:00,14;69;11;37;20;12;27,311.2928112664533,3132.417604157335,3132.7217102887307,599050.6864731574,5675250.46801477,602299.0765506693,5675422.593773992
26166,61622,599106.4661466671,5672421.856851084,2019-02-04T11:56:25.164+01:00,10;2;69,115.00134253677791,705.9142454563106,705.1562136642341,599203.2722789544,5672483.93648975,598850.2148041634,5673079.618336277
1698,3878,598614.4695411485,5673372.271906786,2019-01-03T12:58:08.342154246+01:00,69;2;18;23;27;1;25,825.0177972922634,3735.7956277149865,3735.7468835468862,598095.7286368385,5672730.740738373,601087.852870063,5676172.0118733365
40716,96239,597291.7157421275,5673358.071830068,2019-01-16T10:10:05.124005151+01:00,18;27;69,251.82860205690773,1860.6451491179025,1860.6228050157586,597503.0410803816,5673221.10743241,597350.5985946457,5671498.358631584
33243,78395,598369.2787310145,5674726.769349769,2019-01-11T16:55:49.135064973+01:00,32;14;27,446.44208121246453,3345.6365512261004,3345.6035451777007,597993.3547167792,5674967.583941101,601707.7041184166,5674507.224671745
3587,8280,597848.8706258804,5674311.141923645,2019-01-30T11:06:47.351+01:00,14;27;32;18,276.0471254212031,3760.2283811822995,3760.3881419862646,598056.3125797578,5674493.267844987,601482.862633675,5675277.278335304
12799,29907,599098.364004406,5674669.927333277,2019-01-15T11:17:35.709+01:00,11;9;14;12;27;4,1499.5727232336358,4785.480229243021,4785.823962096129,599668.3800897236,5676056.938513746,602775.9170814082,5677732.0221048845
49121,115862,599149.6906262148,5672384.074908447,2019-01-15T07:11:54.777+01:00,2;10;69,216.72753613410552,1714.6137310433912,1714.9716942160976,599317.1332031882,5672521.675084084,600860.9430449824,5672276.765048953
45333,107092,599133.0568512465,5672408.366333266,2019-01-06T19:33:14.251+01:00,10;2;69;11;27,106.79981134950499,749.9479963637467,749.188032191055,599201.5486059637,5672490.311920335,598856.122031319,5673105.309015817
18985,44452,597903.846126109,5676338.046694105,2019-01-04T07:47:44.998005415+01:00,5;14;20;6,1426.1260119630967,5450.808389124247,5450.943475053776,597062.058420501,5677489.232543863,603071.913117906,5678070.788932075
12029,28122,599111.9952933494,5672368.495049146,2019-01-21T10:31:13.868+01:00,10;2;69;1,157.13585942670656,775.0236427404759,774.4506707169859,599221.6967482936,5672480.999578392,599021.3546821821,5673138.200139693
34277,80784,599409.1206786962,5674238.426288825,2019-01-11T16:17:43.570+01:00,2;17;9;12;7;11;18;1;27,916.8245620306001,3281.1519447479254,3280.7317627133966,599861.4178965153,5673440.933652937,602532.4811379192,5673233.15143771
31150,73422,599113.4389147668,5674951.990001586,2019-01-03T10:36:34.887452881+01:00,14;9;11,681.3353354850808,3961.3835370373513,3961.7888465046562,599234.4843065541,5675622.486722315,602973.2420075733,5675843.325859875
46470,109737,599195.6302449753,5674942.969063825,2019-01-08T09:42:38.485075962+01:00,14;9;70;32,299.76512753529875,3835.735011817994,3836.064964731712,599037.2997893605,5675197.509038114,602947.814493186,5675739.1954439245
21318,49978,599424.7969507748,5676965.642689545,2019-01-02T08:56:55.366796681+01:00,14;5;11;32;4,1133.5905405356812,3459.1575437329607,3459.0408787374145,598415.0540963289,5676450.42731566,602866.4255186765,5676617.844309779
5806,13465,599111.1554290737,5672348.1098962715,2019-01-20T11:56:02.252+01:00,10;2;69;1,166.91795365734322,838.6080859145507,837.9443405237289,599212.841410364,5672480.478942737,598919.457965142,5673164.513965396
33781,79688,597835.5846286454,5673950.614685473,2019-01-04T08:50:55.670+01:00,32;27;69,76.29284830122923,4646.408245076754,4646.405987099523,597908.301473828,5673973.698427124,601545.2447730178,5676748.38722683
50502,119118,597545.4994970213,5673791.48001869,2019-01-11T09:22:22.416+01:00,27;18;32,210.59408691114507,6427.378208770971,6427.375819880816,597692.1814203609,5673640.3698509075,601637.7328982524,5678747.770610295
35680,84052,601091.8309408795,5673733.624800407,2019-01-31T09:41:08.162+01:00,1;27;17;7,1556.7222865493736,5520.667599168234,5521.069639746726,600645.930541945,5672242.129875284,603345.0692354703,5678773.534316291
1211,2799,601565.963580732,5676652.405206767,2019-01-22T11:01:23.529719412+01:00,11;37;9,820.7973365395701,2070.0288990272556,2070.0288990272556,601619.9995440159,5677471.421923533,601890.3428461697,5678696.860570663
31415,74062,599371.4022280101,5674515.648640042,2019-01-23T08:46:41.790+01:00,2;9;12;27,492.9919466701449,3281.0403718048883,3281.0403718048883,599377.8048460821,5674022.698271381,602650.4990160739,5674628.565316948
38016,89825,597850.2910332732,5675992.450672721,2019-01-15T10:28:15.309978763+01:00,5;19;20,1846.458919638111,4334.012121552386,4334.012121552386,596688.1531201871,5677427.318615383,601532.949659855,5678277.551657322
32935,77688,598001.5658144801,5675987.275362534,2019-01-09T08:49:31.174379499+01:00,14;20;32;27,1021.8434433930172,4771.237093617657,4770.543982058238,598623.5331644434,5675176.522232177,602560.4280785009,5674579.625455349
4426,10242,598474.1976538793,5676841.63895335,2019-02-05T08:26:14.632134910+01:00,5;6;14;11,1526.4933364905403,4868.559909427891,4868.703129231074,597404.3938297117,5677930.538252709,603162.730472871,5678153.33083673
12845,30015,598384.8900772439,5676528.873454952,2019-01-30T08:54:01.721876766+01:00,14;5;9;11;17;20;32;4;34,225.07144407768877,4465.40642251101,4465.482916989207,598341.9568932961,5676307.934783245,602844.6686856888,5676752.992356119
8034,18726,598738.6002884512,5673141.687701611,2019-01-11T09:12:38.307221667+01:00,2;18;69;10,739.8165463700382,3648.7313545992515,3648.6926385150578,599256.3406931595,5672613.224462004,601800.0835147748,5671156.603080499
2911,6591,599116.4809392239,5672357.124071778,2019-01-22T16:21:37.418+01:00,10;2;69;1,177.67393526169684,681.0228505650972,680.6467282163592,599243.4690307296,5672481.3901246125,599201.2256023007,5673032.853651619
12971,30311,599099.8185090371,5672419.182470725,2019-01-03T20:10:53.464+01:00,10;2;69;1,132.20293440753798,636.03368953843,635.3809308284854,599215.0245189728,5672484.029915861,598958.5481389991,5673039.328854071
11115,25948,598379.4356120997,5676710.816779623,2019-01-08T09:01:57.077+01:00,14;5;4;6;34,710.0477887674421,4568.527064488731,4568.630014131358,597738.9956048606,5677017.418246451,602931.2653940236,5677101.054111713
30688,72299,599552.573392645,5673467.606611242,2019-01-03T08:54:43.552813229+01:00,2;17;70;1;27,1190.4063065103337,4031.2946186993922,4032.457342938995,600576.6378101226,5672860.680550312,603201.9816840766,5675180.25234962
38564,91122,598029.820939849,5673176.484338405,2019-01-07T14:28:51.591199205+01:00,69;18;27,197.86803180789823,3017.6192859125285,3017.4445706710408,597904.0510662914,5673023.730625138,599841.3775160142,5675589.840699588
5873,13619,599109.4674041427,5674950.6402405,2019-01-04T09:26:27.34240073+01:00,14;9;12;27,322.81805773217116,3709.1265598897858,3709.43911715484,598863.5292278756,5675159.747657519,602769.4129483806,5675552.652242451
42066,99409,599096.1454387686,5672419.535958027,2019-02-03T06:31:25.063+01:00,10;2;69,118.05670653824266,931.6296018442551,931.5867562617144,599171.4970831127,5672510.417835501,599567.829232354,5673222.933813327
39371,93009,598258.3836588043,5674143.28250469,2019-02-01T11:24:15.897+01:00,19;69;27,1160.3932338797565,3967.6547032669932,3967.6547032669932,597146.5594535475,5673811.078660885,597378.3493437163,5678012.109645908
5487,12710,599996.47584782,5675962.115995296,2019-02-02T12:41:28.857+01:00,5;17;9;1;11;2;12;27,1084.887867196493,3441.7495650860137,3442.7309165686893,599541.941622477,5674977.037154603,603090.2921585899,5677470.0751141
21694,50918,598400.8130028871,5676839.381847716,2019-01-02T09:06:51.39493980+01:00,5;34;6;4;11,2156.4234311769787,5182.855876971819,5182.855876971819,596696.9951859654,5678161.18624371,603120.2146825093,5678981.633660141
51638,121792,599134.0154324175,5672410.506599876,2019-01-06T19:13:13.687+01:00,10;2;69,178.6018133354561,485.37955908961936,485.9176773703768,599294.112121505,5672489.675140787,599612.4624523941,5672492.24866651
35151,82837,599148.3344182399,5674940.782083646,2019-01-02T09:12:43.176461287+01:00,14;9;12,470.333993521213,3598.640278310666,3598.594071029261,598734.0248201136,5675163.406481146,602746.3692434625,5674874.77262095
51371,121155,599134.5485077295,5672410.5168884145,2019-01-05T20:43:14.375+01:00,10;2;69,113.42474019768862,575.5912128477992,574.9584237830392,599219.3570076302,5672485.834150935,599015.6394471934,5672973.691709966
8434,19670,599136.6551110821,5672408.435781281,2019-01-09T18:14:10.209+01:00,2;10;69,313.79151576412255,1846.3491034803644,1846.8085944141342,599437.4775328246,5672497.716159543,600780.362237786,5671567.464977064
43042,101700,597967.233178486,5675158.283858819,2019-02-01T11:29:09.525830645+01:00,14;32;20;27,323.6964733044525,4093.547708694285,4093.319364608957,598288.69936871,5675120.3510844335,601982.7920952637,5674363.035828804
18596,43532,599128.8130041056,5672370.941352609,2019-02-05T17:33:28.405+01:00,10;2;69,145.40420828226914,793.3136190019231,793.1348332093622,599191.5165335772,5672502.130724045,599405.8134253729,5673114.323666571
26688,62860,597306.6278226961,5674737.066188744,2019-01-22T11:32:47.888344699+01:00,23;32;19;15;27,2711.769787456061,2116.5467191038615,2116.5628078648383,594893.6377289728,5673499.659954821,598098.6649868211,5672774.301010534
9132,21289,599025.6088259511,5676340.482089993,2019-01-25T08:21:14.123+01:00,9;11;14;4;37;17,1245.3883562525812,3879.6103947490246,3879.8810246599137,600261.7334353434,5676492.100386858,602683.6159439749,5677632.906455103
15849,37049,596961.694583184,5673438.820774368,2019-01-03T07:53:37.821+01:00,18;27;25;32,476.91645882822263,2425.725108506019,2425.4001988716377,597438.3353704942,5673455.033996551,599189.0987800113,5674399.452257296
19326,45235,599130.1828133317,5672407.037805415,2019-01-09T14:21:17.755+01:00,10;1;69,107.93589452583974,819.0738848962872,818.3520208030397,599209.991730171,5672479.706190012,598876.6024074383,5673185.869627226
20589,48298,598351.2625324046,5674709.025626029,2019-01-22T15:56:15.520872718+01:00,32;14;27;1,329.30862091266,3855.46854131661,3855.6414756658087,598389.5596939089,5674381.9514827095,602041.6591773721,5675825.094743913
31716,74759,599096.1939614591,5672415.293363487,2019-01-03T15:20:48.301+01:00,10;2;69,140.1430477174341,575.8848166429115,575.391208272096,599215.6808026744,5672488.525655544,599085.8031407972,5672991.08443053
39483,93310,599134.1557506856,5672406.690129612,2019-01-08T15:14:11.913+01:00,10;2;69,113.24606612148798,612.4248875042698,611.7534014162952,599215.6019595043,5672485.374223055,598976.4361176194,5672998.457617887
17232,40356,600187.8126806896,5673853.396164738,2018-11-30T13:03:24.374336750+01:00,17;2;27,782.0134590769597,2978.1454316160534,2978.6933031886206,600179.8743183976,5673071.422998586,603155.1398936021,5674107.008907644
1241,2873,599112.4910181637,5672356.622728541,2019-01-17T20:34:11.128+01:00,10;2;69,168.1233274189129,866.3812584046079,866.3139226365472,599189.7093965395,5672505.963865751,599527.0232969065,5673117.398303066
9239,21551,598435.4992647411,5675970.545739408,2019-01-09T15:44:03.526020654+01:00,14;20;32;27,826.5098771940443,4213.197421117098,4212.517832757506,598537.8791357308,5675150.4012770625,602407.9367122151,5674566.70342803
19609,45973,598403.9349695306,5676345.069087725,2019-01-10T10:07:14.120320533+01:00,5;14;20,847.5275329021024,4517.262593435974,4517.380188909982,597619.1511134881,5676665.095990223,602896.2166168763,5676819.48129138
21794,51161,599135.8387832978,5672383.383189345,2019-01-16T13:52:27.072+01:00,10;2;17;69;11,164.60308978090885,474.5213909775184,474.18837686451536,599250.8186344285,5672501.170332104,599201.7914853704,5672853.298917518
48389,114196,599118.9230303005,5672361.839080243,2019-01-19T09:43:01.654+01:00,10;2;69,230.09788893383907,656.1891517064041,656.7522643033524,599308.8681603187,5672491.7078065565,599774.3020500274,5672394.435756746
39581,93523,599351.1410470576,5676936.207825253,2019-02-01T16:32:04.047+01:00,4;14;9,329.34072783806397,3710.005355610837,3710.0911256930613,599035.7598746836,5676841.339331405,603039.8097896301,5677333.527150518
40773,96389,599131.8678963535,5672414.70868382,2019-01-09T10:19:32.715005394+01:00,10;2;69,111.18893909976062,584.1827294890267,583.5641575207975,599216.7719297821,5672486.502035084,599022.6642634027,5672988.593714104
52281,123259,600120.8438776437,5675048.777039134,2019-01-19T11:54:59.177840728+01:00,9;17;11;1;7;12,515.87812612436,4182.191608924195,4184.011405953938,600608.318825624,5674879.962300129,603281.8513767683,5677787.163104727
1218,2824,598307.2028765687,5674706.484131202,2019-01-31T16:44:32.68515651+01:00,32;14;9;69;1;27;4,286.1845571889078,4094.9696831844667,4095.1371752795058,598574.254852529,5674809.366796939,602263.698632055,5675762.380926831
1121,2598,599134.8074267855,5672412.643651484,2019-01-07T20:28:17.91120814+01:00,10;2;69;1,104.40471473327565,681.937893916636,681.2408119624555,599210.850754572,5672484.182149914,598938.0564275311,5673065.581883977
6504,15086,598422.9393582942,5674715.067484235,2019-01-10T16:55:52.126+01:00,14;18;27;32,357.4027434536347,2864.6962731667704,2864.5573041964735,598151.263577554,5674482.841320362,601287.6321475568,5674719.535217773
2647,6048,598617.3833341395,5676452.286154238,2018-12-31T09:27:04.523635175+01:00,14;11;5;6;4;32;1;2;27,479.52486315175946,4346.97622998253,4347.029466577727,599032.8315889094,5676212.814147545,602957.039709578,5676704.446593539
38821,91672,599158.6576217787,5676974.494192202,2019-01-07T13:07:02.747+01:00,9;5;11;7,380.14950245437666,4320.301008023049,4320.301008023049,598964.7761559585,5676647.502416422,603347.2504107606,5678033.121250241
52269,123226,599124.3227600048,5672368.732931638,2019-02-05T11:47:09.482+01:00,10;2;69,200.15667710557304,1168.5005197773487,1168.8808737034217,599261.7731788055,5672514.232339752,600260.1002787784,5672643.328802999
46546,109931,597394.7957016646,5673534.85791285,2019-01-31T08:52:46.571+01:00,27;18;69,315.97465340631317,6765.513392140028,6765.51301766582,597693.2093759523,5673638.729278458,601657.089555412,5678788.906120045
13703,31989,600700.7183462164,5676559.385334345,2019-02-01T17:04:21.48327552+01:00,11;37;5;4,1257.3286007236638,3592.691306446084,3592.691306446084,601164.4922649977,5677728.0550748855,603426.4332069823,5678899.878727032
17292,40508,599137.2480052719,5672388.07827288,2019-02-01T11:41:42.077+01:00,2;10;69,370.9536976835658,2386.267059641878,2386.623242252996,599490.6280629127,5672500.901943654,601220.4152727444,5671224.169077254
5034,11654,598588.8005742396,5676341.8289110195,2019-01-14T16:04:26.961122922+01:00,5;9;20;32,1127.5981155025881,4400.2472904389215,4400.247085240979,597589.4993959214,5676864.2029772755,602849.3211244507,5677441.892935631
14727,34393,598075.9201439024,5676023.068789267,2019-01-09T09:51:22.123515633+01:00,14;20;32,804.5207035674852,4480.861695111857,4480.19617286844,598480.1059467479,5675327.448634839,602023.8567584262,5673903.654243119
7852,18283,597959.2140349098,5676665.006781543,2019-02-05T10:32:18.638412628+01:00,5;6;32;4;20,1190.174716571286,4793.928666753883,4793.928428490487,597401.2563522877,5677716.291272234,602686.1404629126,5677463.704851012
53068,124994,598536.7678153712,5674604.373578269,2019-01-28T19:34:19.496232492+01:00,14;32;9,572.7851471586652,4157.922255274899,4158.048576015663,598675.8871083859,5675160.007132976,602688.8215178917,5674825.20729919
47982,113200,597150.5924863977,5673528.958487226,2018-12-31T07:57:35.552+01:00,27;18;32;69;25,513.7874055770953,5647.935316698891,5647.8710148458185,597661.772262449,5673580.656985132,601034.5512659174,5677629.450840664
37257,87973,599129.5591133925,5672409.996240386,2019-01-09T07:06:09.881+01:00,10;2;69,109.51792829427968,656.234868201082,655.5570150108713,599208.3006649092,5672486.114205956,598956.6708878494,5673043.047473472
48951,115476,597290.4601554318,5673739.113611553,2019-01-24T08:46:50.022+01:00,27;18;14;25,414.0903052514164,4246.504844947627,4246.472439846161,597680.2439382158,5673599.330266401,600505.4237339131,5676513.426605287
17969,42073,599266.7394141348,5675016.060003783,2019-01-22T13:39:41.665298029+01:00,9;14;12;11;4;19,440.3362455099635,4166.511473262801,4166.647092790338,599327.0233988455,5675452.250157611,602843.6045887978,5677152.845762607
30728,72383,599029.4362315084,5674469.574764051,2019-01-17T10:12:02.216+01:00,17;18;69;27;12,1016.2509560148536,3084.8018342551964,3087.3453397545895,598938.4689212022,5673457.403358578,601230.5634772319,5676630.833935172
30005,70656,599117.1484408427,5672360.531776948,2019-01-21T16:24:52.117+01:00,10;2;69,150.29212093962744,858.506677968792,858.1054003842813,599176.6907441756,5672498.526109188,599189.2321663504,5673216.006880404
24072,56632,597827.5879745206,5674177.914400822,2019-01-02T08:08:50.181+01:00,14;27;32,832.4244474473156,4623.225039475008,4623.662005694159,598335.6138067667,5674837.338554518,602286.8560992143,5675398.216641137
34935,82320,599125.2977255272,5672370.024806092,2019-02-05T14:25:35.132+01:00,10;2;69,165.56174363372344,1497.4029074702426,1497.47295661329,599118.6693656675,5672535.45381141,600104.8021579701,5673502.626472224
34715,81806,598499.3598785608,5676472.933688978,2019-01-30T08:31:26.312352709+01:00,5;11;32;9;4,847.1734646806373,4744.943760516318,4744.943304722442,598063.4240523073,5677199.337732639,602997.2382440444,5677984.086063749
746,1725,599148.8966514538,5672401.033709797,2019-01-15T11:53:06.428+01:00,10;2;18,137.26007490627433,334.31236594895097,334.870663528269,599212.3199653631,5672522.76214286,599483.1869742158,5672397.194682046
816,1904,599100.3761364063,5672417.920170206,2019-01-03T20:46:40.518394270+01:00,10;2;69,132.84878000322325,598.2662189272285,597.6295178924653,599214.685129168,5672485.612507454,598978.9763013545,5673003.739723275
48986,115552,598618.3813919184,5676450.607922974,2019-01-24T11:04:57.233453337+01:00,32;20;6,977.9471565618327,3565.836454449834,3565.8393993206396,597781.2191027786,5675945.098335855,601690.8253776156,5674640.835126561
3721,8611,598119.905081049,5676486.879195171,2019-01-25T08:40:33.712+01:00,14;5;20;4,244.9853924706947,4536.216385536798,4536.019879885834,598174.9318293761,5676248.153621567,602602.9355399014,5675794.2775770575
39869,94209,600274.1872952625,5674451.72893996,2019-01-16T10:54:59.577+01:00,2;7;9;17;70;1,1037.7798732915269,2993.926168812577,2993.922217407417,600565.1223656073,5673455.564370096,603268.1008030317,5674443.021914194
39570,93502,598568.8154308303,5676234.507552531,2019-02-05T11:09:34.999008382+01:00,14;20;32;9;5;11;27,551.4741583351478,3825.6204913344486,3825.50402188834,598481.9456822333,5675689.918354979,602313.3086495433,5675450.834994168
13699,31971,599136.5232107498,5672387.639930673,2019-01-16T14:08:47.492056628+01:00,10;2;11;69,148.69028235720953,561.2971912621247,560.7293951576502,599232.5622556276,5672501.153374487,599069.759410028,5672944.952349189
27648,65096,599112.6938071295,5672365.113702939,2019-01-20T08:59:55.829+01:00,10;2;69,149.11768174215788,760.3878089702052,759.7161374041151,599198.6749655707,5672486.946881512,598925.6768313276,5673102.144415184
39471,93271,599131.1495828094,5672408.7538763145,2019-01-06T07:16:03.731800525+01:00,10;2;69,116.47648544759137,582.491559406876,581.8681836424023,599218.2108540136,5672486.130272706,599018.7540607476,5672980.298855647
28850,67904,599115.5252188665,5672363.470925924,2019-01-21T09:32:42.914+01:00,10;2;69,157.6074029548688,653.7113999873508,653.1358147131988,599212.7040706798,5672487.55301257,599033.7184614721,5673012.043395983
53326,125583,597895.9824414642,5674211.468927301,2019-01-22T10:25:54.918+01:00,69;27;14,755.0935244835182,5346.54955648678,5346.884163236928,598145.5758806091,5673498.819402041,601808.4913374888,5677855.34959199
13815,32206,599132.6564752555,5672406.661193367,2019-01-05T07:17:05.998+01:00,10;69;1,102.01113033152264,773.2586931703489,772.4785908084717,599199.7166503344,5672483.5325380275,598827.4295433053,5673117.129719465
18588,43505,598132.1982917158,5673451.721916706,2019-01-03T09:52:23.471163560+01:00,69;18;32,386.944712868568,4329.55732185685,4329.486428858896,598117.2638712898,5673065.065513806,600887.3336738052,5676791.526645969
54514,128398,598096.2001207648,5676465.632510779,2018-12-18T11:48:08.996035101+01:00,5;4;20;9;11,1304.125203279651,5271.170576539405,5271.170576539405,597761.8480486709,5677726.168602177,603034.2813047904,5678309.702321537
21316,49973,597203.9208315818,5673552.882633491,2019-01-23T10:28:50.930+01:00,27;18;15,151.33042681228847,3515.3102015119352,3515.1748330003093,597347.5491547127,5673505.219200193,599856.0836663037,5675860.1403371245
53559,126145,598172.4808585262,5675617.112302892,2019-01-10T14:36:17.987899645+01:00,20;14;32;9,142.56109999406672,4112.48367359453,4112.472331460062,598311.4892992553,5675585.484456971,601212.7085600363,5672847.719320928
36759,86663,598716.6959198908,5673260.085311466,2019-01-02T11:38:28.056+01:00,69;18;27,685.3010925649783,5817.473439416163,5817.472981273576,598285.1496958741,5672727.726932169,601545.623162765,5678343.407834466
13427,31369,598401.7080238545,5676106.96380616,2018-11-23T09:22:39.46536517+01:00,9;71;20,17822.171295959608,2698.901929809496,2698.901929809496,591845.4014065595,5659534.558029009,601034.6316208416,5675513.849180511
12928,30208,598134.4431274293,5674106.5392261725,2019-01-21T08:58:33.650+01:00,27;69;14,561.2308199491708,5609.9235675900945,5610.083339553424,597861.1450576765,5673616.347224677,601727.7363719331,5678414.611427657
11961,27971,599138.4302460174,5672411.440515323,2019-01-09T13:56:01.331+01:00,10;69;2,93.83104213421026,765.0350734858011,764.2695587081938,599196.5328917677,5672485.117832217,598849.1865617511,5673119.689592114
3057,6934,598920.7367006605,5674831.9990559425,2019-01-15T09:15:25.304198459+01:00,14;27;2;9;11;32;69;15;70,261.0187430580331,3549.7054087220367,3549.9053073288646,598691.0033631285,5674708.090307849,602449.1928012746,5675219.8212249195
32843,77495,599115.2089904386,5672364.313530029,2019-01-21T09:38:31.031+01:00,10;2;69;1,168.87483004074514,685.0139554615205,684.6399224963139,599234.1297158147,5672484.215862355,599201.5608607907,5673043.862993765
12637,29568,599134.3819216941,5672410.513673239,2019-01-07T18:21:25.230+01:00,10;2;69,104.83829804708131,670.4760677320025,669.7630373995949,599207.8647691783,5672485.288935613,598925.4526801808,5673047.606075833
9639,22523,597933.6025360626,5676342.433853035,2019-02-05T17:45:06.951516696+01:00,5;6;14;20;9;32;34;27,949.8880870192116,4789.007846397772,4789.063322148373,597269.6187125099,5677021.707626944,602641.5036747117,5677220.080149424
11506,26880,598568.2081536244,5676255.71360409,2019-01-03T15:44:59.674274420+01:00,14;32;27,1337.9926481655816,3901.5584161271017,3901.0512256850607,598357.2075062651,5674934.463039905,602289.685422131,5675084.063052756
26318,61952,597747.3472818461,5673895.041378813,2019-01-15T09:35:44.713+01:00,27;69;32,265.5879783119024,5855.804202583173,5855.803555175617,597796.2869179233,5673634.001369917,601624.2358432695,5678283.683303292
26855,63262,598533.1821623327,5674610.670040976,2019-01-29T19:29:07.677511050+01:00,14;32;27,449.9397017916864,3962.9857404104923,3963.1080887586727,598510.1912479701,5675060.021966648,602489.7460215932,5674836.188125152
43650,103181,599857.3565909466,5676661.718582708,2019-01-22T12:23:50.649554165+01:00,11;7;14,1211.2732087958705,3898.2008247316635,3898.3193217920457,600986.5946611803,5677099.901383696,603487.8985348666,5678081.273042169
31163,73453,599024.7346621332,5673644.115454431,2019-01-31T11:28:45.138+01:00,14;69;17;1,1004.590103913611,4124.634385534371,4125.89179527667,598910.3424620429,5674642.171415507,602730.3509145835,5675455.473233531
7073,16434,598377.8978372924,5676771.894297272,2019-01-29T11:39:18.628945091+01:00,11;5;20;32;34,354.2885689428704,4268.844779308214,4268.844642591284,598284.0985775907,5677113.540443106,602620.2689043256,5677246.576801086
8201,19150,598989.999812145,5675216.951070698,2019-01-29T11:29:49.570993839+01:00,14;9;12;11;4;27,258.46233817358933,3748.927703123409,3748.700686525393,598735.6925757476,5675170.792542016,602724.2976799444,5674886.075931416
35346,83267,597778.3118374734,5674940.383322174,2019-01-02T10:55:46.488893968+01:00,32;14;20,242.1877021752271,3950.9371763155946,3950.854423530944,597989.7357986299,5675058.513723569,601656.4080561709,5674185.218247692
27578,64955,599135.5638300134,5672407.990365648,2019-01-05T18:42:06.533+01:00,10;2;69;11,109.59159895249306,739.1280480964004,738.3665888030671,599205.492485676,5672492.372245682,598860.237524392,5673093.924543915
40326,95267,599131.9415786619,5672410.890927457,2019-01-04T10:36:26.343+01:00,10;69;1;2;27,100.5564794893795,772.7846004748112,772.0202204393139,599200.9745711783,5672484.007625355,598844.0006378056,5673128.028329431
31033,73112,598051.8727709558,5673798.155378087,2019-01-10T09:50:22.449+01:00,27;18;69;32,378.17563139300245,5391.568160876441,5391.537775320304,597724.6657667357,5673608.544237674,601346.0675059654,5678066.326916488
30052,70774,598942.9363088764,5673737.169334932,2019-01-22T10:13:01.095+01:00,1;14;32;27,174.05793614161547,4630.549496759827,4630.970830999221,599113.783206997,5673770.4484956255,602524.8907785506,5676671.72054749
42047,99366,597201.4535427437,5673549.441132853,2019-01-23T10:27:15.852+01:00,27;18;25,362.6178087968755,3195.8855378832295,3195.651918684225,597510.9721900829,5673360.5234729955,599641.8310652173,5675612.991936457
6374,14803,598644.3608868223,5676419.280835814,2019-01-18T11:01:12.985481635+01:00,14;32;9;11;6;34,660.37076788576,3905.0912215396324,3904.968756803977,598422.9269703791,5675797.142128027,602506.1806888194,5675839.552222194
9198,21453,597934.7290466835,5676347.971945684,2019-02-05T17:25:34.577761191+01:00,5;6;9;20;32;34;27;4,1117.0278893423965,4940.594587660959,4940.594411857255,597274.9433369262,5677249.323221697,602703.7738512838,5677638.586733814
45802,108184,597571.260001635,5673933.278113815,2019-01-28T11:03:40.770+01:00,27;18;32,292.7244902834094,5430.328719577337,5430.2842073475085,597681.6729599736,5673662.175539422,601256.2127546318,5677921.961256263
7489,17428,599136.6551110821,5672408.435781281,2019-01-04T18:00:54.157+01:00,10;2;69;11,109.10686425633035,755.0575880483282,754.3251659708809,599201.9157683924,5672495.873498745,598885.6247449787,5673120.542315842
32006,75456,597142.6467802787,5673573.789126734,2019-01-30T10:21:28.909+01:00,27;18;69;25,520.1999493841641,5715.185254557252,5715.118369775244,597661.6190323805,5673538.070939664,601027.9392079961,5677765.1904729465
11508,26887,598422.1781653628,5676729.035282295,2019-01-29T08:50:47.370+01:00,5;4;9;14;6;11;20;32,596.7072611250679,4627.872936463585,4627.929010055196,598319.8593970203,5677316.90467691,602959.3070398575,5677640.994432849
27560,64912,598379.8950150027,5676714.644779026,2019-01-07T10:34:16.893+01:00,4;5;11;27,1152.2768791550102,5257.824690759544,5257.824690759544,598869.5032245475,5677757.729534633,603133.9111472159,5678960.541280073
4981,11516,598374.9166394733,5676597.427542624,2018-12-31T11:26:43.352810341+01:00,5;9;20;33,1462.2539995330567,4447.99981963056,4448.553544059319,597142.3802750368,5677384.219045814,602614.8303060352,5677941.984903072
9297,21693,598111.3592774539,5674036.504329997,2019-02-01T11:19:30.976+01:00,27;32;14;18;19,479.9356125028665,4867.4017236091595,4867.485074892113,597680.1741933819,5673825.749459538,601133.2276515946,5677852.249482436
29022,68336,598185.624708665,5676322.638824919,2019-01-18T12:51:21.180+01:00,5;71;4,5069.360495153007,4876.524800474468,4876.524800474468,594820.2310141877,5672531.525385441,602585.3207177744,5678425.772001175
20522,48162,599140.259290987,5672401.291342123,2019-02-04T20:01:05.113+01:00,10;2;69,124.80685532781722,513.9651484483994,513.6076564446373,599228.0005489339,5672490.050695381,599214.9790932685,5672909.796135578
12726,29749,597996.7663471438,5676362.311614704,2019-01-18T09:38:43.31736599+01:00,14;5;20;4,263.89878822878745,4679.9254078469385,4679.729111299689,598113.1519998045,5676125.463667102,602632.0018994429,5675717.103742996
33021,77888,598297.3908689049,5674714.358906246,2019-01-31T15:44:55.710743203+01:00,14;32;27,261.77165814155796,3900.6152237618107,3900.676543376883,598305.2578361935,5674976.012325547,602194.8092448264,5674872.248509676
15117,35288,598452.3333653292,5676464.392535803,2019-01-21T08:57:56.481407311+01:00,14;20;6;32;5,539.9899262736105,4185.806196323079,4185.354585005353,598176.8186308836,5675999.978117874,602416.7685697137,5675121.177354451
28266,66566,600297.30055458,5676125.849477973,2019-01-18T09:33:28.830+01:00,9;7;11,464.41502987243064,3457.17059111321,3457.17059111321,600712.4085186785,5675917.602753837,603532.7418606579,5677344.023542293
22366,52550,598582.2978128191,5676335.338625078,2019-01-07T15:59:25.269636942+01:00,32;5;9;14;20;2;11;4,777.4284487606078,3798.151888991207,3798.090220509315,598245.0637198281,5675634.861530901,602253.9987780831,5675363.448819839
45165,106715,601475.7663010352,5675312.607006891,2019-01-14T11:32:55.438+01:00,9;7;2;17;11,1096.2088627193484,2021.5824381857124,2022.0558800310482,600485.888401514,5674841.633955916,603399.8794420164,5675932.755517398
10470,24467,599137.3629600767,5672408.025090218,2019-01-08T17:56:27.519+01:00,10;2;11;69;1,145.6785847026551,620.4818858828485,619.9005480298828,599236.1189316188,5672515.120879704,599053.7020205915,5673022.841012192
34287,80814,598400.5052690593,5676839.800298276,2019-01-02T09:07:54.276862151+01:00,5;14;34;6;11;4;27,1818.1612912742191,4761.56870024526,4761.693712603064,596820.1889592165,5677738.861387376,602912.6666751568,5678360.634257813
16892,39522,599137.5636680125,5672385.538246503,2019-01-17T07:50:12.874+01:00,10;2;69,126.16400088729355,744.4483054966458,744.160128480765,599193.0697256242,5672498.83622834,599301.6363737602,5673111.681088364
51172,120661,599652.2760530403,5677011.644528122,2019-02-01T10:47:15.239206524+01:00,11;7;5,1336.5246600844569,4225.311044605225,4225.311044605225,600905.5245653741,5677476.043422766,603552.9323301722,5678635.877895386
7817,18186,599136.7217455236,5672408.437067381,2019-01-09T18:15:44.665220553+01:00,10;2;69,117.00666918888433,539.7698823741168,539.1913974581166,599223.9711081138,5672486.399297738,599063.8114268539,5672943.260039354
45108,106582,597141.4945909035,5673956.954438022,2019-01-15T12:22:11.394245234+01:00,19;27;18,753.0056063335966,3783.925739724226,3783.9779740090657,596516.6503119215,5674377.177081621,594893.7074099209,5677000.890507121
43098,101839,599420.3428444416,5673108.162422735,2019-01-03T12:30:54.040+01:00,2;17;1,685.7800396787956,4133.127302763934,4132.65868702597,599821.0167730158,5672551.60634669,602826.0170832868,5670766.341703782
4139,9560,597836.4814578083,5675839.844848242,2019-02-05T18:31:57.451666543+01:00,14;20;19;23,903.4900453591935,3590.8186001269696,3590.0463101436394,597893.9370283826,5674938.1835373975,601122.7035948277,5674392.5293038
2601,5932,600514.1878756923,5676090.204433948,2019-01-04T09:56:13.137868367+01:00,9;14;37;7,290.2854467006034,1238.3167877586322,1238.714473889634,600611.1688327692,5675816.598267112,601569.948042226,5676737.351200613
17018,39825,599133.3736493848,5672409.221153836,2019-01-08T13:30:58.91670489+01:00,10;2;69,104.81590852592925,695.9508860896901,695.2001449374344,599206.5496364197,5672484.265471419,598881.9283527649,5673058.16098052
15962,37279,599115.6164102246,5672362.199626348,2019-01-18T07:58:23.038+01:00,10;2;1,233.36423580861359,541.5705584547363,542.0454391884066,599315.4854057719,5672482.662281032,599635.5356800733,5672513.7998328945
30754,72451,598059.0083252615,5676486.1390832,2019-01-18T13:07:41.99471140+01:00,5;4;9;32;34,1415.4283572067523,5209.632476096796,5209.632174956436,597075.838308205,5677504.379797347,602935.8026675456,5678318.391107095
17910,41940,599130.7175988371,5672412.140364385,2019-01-09T12:59:09.157+01:00,10;2;69;1,114.45984530994632,641.4582972863391,640.8293646392508,599220.1945890925,5672483.519103539,599004.1886763267,5673040.995815921
25414,59874,598389.976479265,5676418.214596034,2019-01-02T10:14:55.886894783+01:00,5;14;32;9;20;11;4,677.0470462059241,4440.170085506446,4440.237500026649,597792.5532532373,5676736.771014552,602790.8310525019,5677007.781736779
19776,46380,597877.7729539883,5676589.1903413525,2019-02-01T09:37:29.872806063+01:00,5;9;20;6;11;32;4;27,1401.6945365006998,5569.171334218875,5569.171253406673,597082.6238165984,5677743.523665382,603095.6118892618,5678535.937935528
16615,38891,601504.4562701625,5674351.996413517,2019-01-26T11:37:15.380+01:00,7;70;1,708.1794894546654,4073.144053129703,4073.144053129703,602051.860235396,5673902.700199276,603787.4682650771,5677725.1786956685
20319,47681,598075.9601569596,5676466.942912031,2019-01-30T12:27:55.459+01:00,5;4;14;11;32;20;6;34,1142.3482631679026,5031.863371449559,5031.955162986376,597827.6135165502,5677581.969145157,602902.2322824115,5677890.581335234
9398,21951,598686.9348144173,5676384.029537414,2019-01-14T12:01:16.393606537+01:00,11;5;9;20;32,493.47332701382464,4409.388195386387,4409.38798199776,599030.9447242271,5676737.827652766,602968.5420535479,5677437.85291324
42651,100719,598383.5258369779,5676511.448770899,2019-02-05T07:39:35.519643644+01:00,14;32;9;11;20;1;4;27,1278.3698638348224,4211.477817589378,4211.291988286279,598960.7952963068,5675370.839512614,602504.055610741,5675640.9432904
17602,41228,599035.7819991396,5675333.683291766,2019-01-21T08:17:23.816040106+01:00,14;9;4,330.66412256463786,3772.3447663147695,3772.053339174296,598739.7776637393,5675186.305561509,602782.8972112869,5674898.123166368
11860,27747,598663.3508493957,5673287.491687435,2019-01-07T12:04:45.234+01:00,14;69;19;27,1172.6762873677353,4030.6018618494522,4031.390070953839,597803.0152957093,5674084.355797567,599910.2887066482,5677120.362328207
55282,130250,598402.9890739885,5674344.649354681,2019-02-01T11:41:38.982+01:00,14;18;27;32,361.9347341686027,2234.0876102484995,2233.756506404861,598046.7596928471,5674280.638575829,600628.3689882221,5674147.591780375
38901,91879,599115.2084145861,5672362.616106596,2019-01-19T08:04:56.475+01:00,10;2;1,203.2232819262994,425.95657699314336,426.01243680368043,599278.9912707843,5672482.927695117,599376.0983910711,5672699.328781815
18262,42749,598484.711130546,5673121.959922723,2019-02-02T10:38:02.958646987+01:00,69;18;2;27,355.2501553192853,3528.660523699996,3528.555757598592,598200.0988365446,5672909.3604990225,600711.3938602847,5675859.35450747
40460,95613,597836.4814578083,5675839.844848242,2019-02-05T18:53:57.160793523+01:00,14;20;19;15;18;32,890.1620318552186,3179.1873511106783,3178.3476201851304,597845.1829909172,5674949.725347119,600486.0771899885,5674082.894459222
40061,94643,599384.2359164124,5674529.052125459,2019-01-03T08:23:09.161286919+01:00,2;9;17,1445.1187534919804,4321.286410254991,4320.534353564776,599753.5367682131,5673131.91752473,602922.6767598601,5672048.537534315
31470,74161,598387.9992448501,5676483.102845422,2019-02-05T08:53:47.432989279+01:00,14;5;9;11;32;6;4;34,287.28133311137873,4453.686028542436,4453.622093824391,598284.1642433298,5676215.243074621,602837.2154087125,5676283.616585094
38398,90746,599491.8927901107,5674476.8202105835,2018-12-17T11:50:33.536+01:00,9;11;18;1;2;4;27,495.4503922224157,3148.964052582687,3148.84597198055,599607.8749938719,5674958.503944546,602061.4520481656,5676297.078385624
50728,119647,597992.2155131523,5673685.412033827,2019-01-08T09:50:08.793+01:00,18;27;69,490.31163641281006,2825.1993564457143,2825.0063770796355,597757.937195899,5673254.69266943,599906.130087219,5675763.5560150845
43021,101660,597889.3627512832,5674210.918340775,2019-01-03T08:10:39.966+01:00,69;27;32;14,352.6439911295084,4651.353036171585,4651.556863262168,598064.5474888188,5673904.865907009,601713.0785859071,5676859.367374294
11643,27239,597377.7139322269,5673694.089320942,2019-01-17T09:50:44.892+01:00,27;18;69;25,428.72437954165235,4777.334966844069,4777.232997890935,597665.9359154459,5673376.705197201,600641.7509799794,5677182.497487474
9094,21195,599137.8477176209,5672388.089847835,2019-01-17T07:10:08.657+01:00,2;10;69,289.00965516880837,1775.33057258194,1775.7664946348204,599402.2773827774,5672504.724032215,600803.9317446569,5671774.931909943
24823,58445,599415.3095657849,5676963.7613548655,2019-01-17T08:52:54.791334851+01:00,5;11;6;9;4,1075.7715110299,4358.072155202882,4358.072155202882,598812.0443971363,5677854.466401578,603362.93903387,5678810.113025772
32850,77510,597706.1877643614,5673216.1461698925,2019-01-21T11:27:31.68968483+01:00,18;27;69,171.121139083138,1189.8236979985966,1189.8452774062146,597535.2630188672,5673224.342243274,597667.4693277633,5672026.952613323
40268,95110,599113.8330584384,5672359.619095928,2019-01-18T13:43:08.337+01:00,10;2;69,218.9579713366408,533.3794929517487,533.8394750695828,599289.1043283516,5672490.853905163,599622.0958610349,5672521.367687879
34363,80977,599135.6304644606,5672407.9916517325,2019-01-04T17:56:09.934+01:00,10;2;69;11,119.29693320010414,670.5290900518758,669.8608642817521,599213.0921742204,5672498.718945267,598967.745043768,5673057.163236234
15414,36009,599444.7691657926,5676964.332465368,2019-01-08T10:30:12.452777148+01:00,11;5;4;9;14;6;17;27;34,494.8833985320268,4072.2887595131974,4072.6037481414933,599073.0173533191,5677290.997688594,603255.4466150791,5678400.394134781
10368,24190,597955.4675083442,5676678.090179194,2019-01-22T14:13:02.32003788+01:00,5;9;6;11;4,1046.4856598173083,5652.045123623366,5652.045123623366,598232.0308205256,5677687.36961055,603286.315764141,5678556.299686449
40402,95456,597464.3292486523,5674361.962276403,2019-01-17T08:10:52.564+01:00,14;27;18;19;69;25,440.5230320088674,3054.3393212769615,3054.738863678171,597685.2511288102,5673980.840163954,599777.2770266483,5676356.77085513
404,969,601409.9707724547,5674282.655599776,2019-01-08T12:04:27.868+01:00,70;9;7,15.791904614841641,4333.999480552908,4333.999480552908,601406.5811946554,5674298.079445396,603608.3660052208,5678017.707125255
43780,103502,599550.5856127985,5676822.5280770855,2019-01-22T11:41:15.795616579+01:00,5;6;4,3184.1291419846175,4273.462626279064,4273.462626279064,597109.320736484,5678866.764902042,603222.5219487792,5679008.704273715
14905,34797,597364.6018518681,5673686.202360395,2019-01-10T09:57:07.152+01:00,27;69;25,357.34765239357966,6634.405312841505,6634.405210725802,597706.4009520372,5673581.939616355,601630.9003801799,5678766.953360236
34981,82425,598402.2347956247,5676836.43864409,2019-01-07T09:03:10.927037832+01:00,5;14;34;9,1629.6058906591493,4905.678649670377,4905.800759919794,596908.8269281818,5677488.62596406,603094.3549004054,5678268.113165811
10996,25670,598062.523012007,5675103.240618993,2019-02-04T18:29:25.845027162+01:00,32;20;69,232.55614566410645,3507.0764595403675,3507.078736346926,597862.7843412512,5674984.132162992,601446.2118249246,5674181.158567113
34416,81126,599127.373310093,5672374.732746165,2019-02-04T17:29:13.824+01:00,2;10;69,302.64618914077596,1994.4529020074544,1994.8221775892089,599396.9097972169,5672512.372849007,601034.8624861134,5671792.214573324
12280,28741,599137.0134131744,5672408.867049983,2019-01-08T17:46:27.062+01:00,10;2;69,137.70445028152147,389.57084813040575,389.3683167661174,599249.9799245734,5672487.614005033,599267.2553626309,5672776.021622765
6204,14393,597999.5878968167,5674044.553895271,2019-01-21T09:08:02.581+01:00,27;14;32;69,392.9352498440469,5707.52532934138,5707.614811402592,597768.8738871076,5673726.482902734,601694.2480100393,5678394.879404108
10978,25645,598553.5396143221,5674476.965284266,2019-01-04T08:11:17.826+01:00,14;9;27;32;18,464.84071105050947,3936.379908170866,3936.727399615788,598565.8091241767,5674941.644039728,602408.7660867289,5675272.148048104
49613,117055,598169.6138883918,5674885.897823155,2019-01-28T16:34:01.465265988+01:00,32;69;27,321.3171472770395,3336.5700625273653,3336.5715629805445,597852.107121565,5674935.235052034,601455.9846252779,5674309.298168375
20863,48940,598585.8914670139,5676455.0756675815,2019-01-23T08:14:54.133618189+01:00,32;20;4,867.1269396773623,3599.8546183243093,3599.8575348781087,598139.6627673395,5675711.577801343,601641.0116633988,5674551.081482004
23155,54462,598520.5665103063,5676858.230528895,2019-01-07T09:44:46.652105983+01:00,5;20;11;4,651.743717510499,4138.126593714219,4138.126593714219,598008.2678498531,5677261.120037088,602651.6706772821,5677099.207845669
30010,70671,598287.2691920112,5676028.81080775,2019-01-02T09:30:40.488019689+01:00,5;14;20;19,768.4868738498437,2145.8035174441466,2145.7313404111546,597518.7824768603,5676028.316929106,600422.9322905414,5675820.446067325
55246,130168,599696.3197132549,5673526.410541126,2019-01-21T09:47:11.693+01:00,9;17;12,1023.2636390624009,5181.611593174436,5185.494734520603,599997.9345568342,5674504.212648487,603124.7637993321,5677411.622227915
35825,84423,596961.8636723995,5673442.218753558,2019-01-15T07:56:38.2615306+01:00,27;18;25,659.2488512376106,4652.506572895779,4652.352987654145,597618.6215664907,5673499.473590969,600354.82959754,5676625.550285408
44059,104163,599797.4696013517,5676718.690110154,2019-02-01T08:56:58.064+01:00,14;6;4,1652.8887965885153,3379.3134748763946,3378.192686856538,598575.6571980038,5675605.489398282,602796.514156756,5675161.291215786
47123,111255,597890.8690703218,5676272.873085333,2019-01-22T08:52:16.496+01:00,14;5;20,8.543925402588552,4762.887014869579,4762.797205419086,597894.2976020843,5676265.047241529,602641.0637684074,5675925.392083418
24144,56791,598437.988040623,5676451.810960548,2019-01-30T08:38:49.86996952+01:00,5;6;20;4;14;34;9,1841.9237754790436,4422.800428094154,4422.8542470329385,597190.1752339567,5677806.671246406,602730.2971828002,5677518.228259138
14604,34106,598402.5610119646,5676840.264092013,2019-01-02T09:12:39.117546172+01:00,5;34;6;14;70;4,1792.963482526895,4894.746275280852,4894.847700733763,596802.626840678,5677649.540742625,602999.7693858455,5678520.804560581
44212,104501,598753.8621044634,5674182.919216945,2019-01-16T10:00:48.445+01:00,27;69;14;18;32,830.5171145696585,3115.135081514533,3115.3799424700946,598011.9942971863,5673809.56839785,601130.4473121286,5676196.848045575
45003,106362,598367.5728459932,5674047.348206419,2019-01-11T08:44:15.087+01:00,14;27;1,284.0548428499679,4935.494581704603,4936.237855118047,598632.5043242176,5674149.810226662,602449.0820762647,5676822.305714065
11008,25694,597465.876273743,5674359.445548981,2019-01-11T08:30:45.835+01:00,27;32;18;19,426.6277342741496,3645.2355864513956,3645.169463206853,597497.7656710821,5673934.011312008,600019.8813256116,5676960.368592011
20101,47116,599132.88150889,5672407.089889672,2019-01-09T19:20:00.759+01:00,10;2;69,166.53507997670346,392.15659405219674,392.5134588222623,599278.0939444355,5672488.620751471,599476.5848458514,5672595.914703772
51929,122467,597223.130169116,5673323.249206941,2019-01-18T08:52:41.143128444+01:00,18;27;69,356.625260928588,1226.79378943418,1226.4961707814361,597560.4935081307,5673207.631067269,597797.9392905014,5672239.451497141
46027,108694,599132.2747507049,5672410.897357653,2019-01-10T09:24:30.464+01:00,10;2;69;27,104.27508673426587,696.1357923636988,695.3874784594841,599205.804380716,5672484.834406714,598883.2965406557,5673060.985730361
7533,17530,597834.7806011365,5675759.60985401,2019-01-08T09:08:14.775894667+01:00,14;20;6,715.4287410281596,4674.829274737624,4674.288181200948,598498.6828284246,5675493.016313032,602274.3595237484,5674295.312159603
20492,48097,598693.0837440541,5673822.747616952,2019-01-16T11:13:57.772+01:00,2;1;18;27,1681.8264363555213,3728.146502457951,3728.062549499539,599705.6236267202,5672479.876384095,602246.1610761427,5672693.713597984
25315,59651,600132.4300073751,5675028.633917905,2019-01-19T11:56:05.291304514+01:00,11;9;2;12;27;4,1342.678428524677,3945.1422413354953,3945.1422413354953,600339.7949552933,5676355.202853468,603157.4750531415,5677561.073408881
16282,38036,599130.3330259181,5672407.8894107565,2019-01-08T07:23:52.690+01:00,10;69;1,103.09028642367859,776.353492292025,775.5810532643288,599200.8202758702,5672483.116764486,598833.06249544,5673125.074865645
18468,43247,597892.7520504163,5676137.5405332325,2019-01-28T08:39:19.703206059+01:00,14;5;4;9;34;20;32;25;27,110.66390210803345,4724.883347372616,4724.9645100180605,597791.5298746151,5676092.812797365,602607.4031728136,5676448.32573294
41457,97949,599114.6894006215,5672354.967736201,2019-01-21T11:56:36.389+01:00,10;2;69,173.28232249353545,574.5799436492358,574.1278370604772,599225.5943884063,5672488.109942031,599132.9900065497,5672929.256165013
21448,50293,598175.1253737488,5676486.66267993,2019-01-09T08:51:26.688533472+01:00,5;14;69;4,448.7766937028393,4664.4241633965785,4664.595195693194,597883.6389669002,5676145.435196522,602776.2277219881,5677252.6326252315
54803,129105,598092.209537849,5676810.131187987,2019-01-03T12:28:50.879488346+01:00,5;4;11;34,1676.2465446171416,5557.248962657497,5557.248962657497,596963.4595578392,5678049.375296695,603207.0640273377,5678982.981754481
26736,62970,598408.5706419421,5676344.73365902,2019-02-05T11:21:09.426484422+01:00,32;14;9;5;20;6;19;4;27,925.3471270383332,3698.5180926570793,3698.2172552042366,598136.476338697,5675460.294856355,601892.5148034338,5675103.295315275
45312,107047,599129.2784836808,5672417.629181141,2019-01-10T15:43:57.394+01:00,10;2;69,162.96463595740522,401.38475196827784,401.7426944219766,599275.6861364832,5672489.199229161,599481.62138806,5672609.889933366
2238,5111,597025.5272355827,5674056.6051544165,2019-01-10T12:07:22.669+01:00,27;19;32;20,438.6513685432639,3118.1550051253294,3118.153274161625,597128.6202560926,5674482.969848366,598156.4181928147,5676962.45722891
6527,15145,599945.8746067914,5676362.572624159,2019-01-30T16:16:35.640690426+01:00,11;14;37,1421.303642890907,2542.385494172731,2542.768415364788,601144.26267421,5677126.751978214,601960.8361758179,5677912.944797647
26928,63461,599563.0295781234,5675776.305168397,2019-01-04T12:12:23.766043480+01:00,9;14;12,513.5366543739538,3646.3422225678814,3646.477185901941,599325.4065574158,5675321.052276681,603011.3381764819,5676961.6234440375
29547,69600,599127.3481791001,5672374.307908046,2019-02-04T19:54:34.503+01:00,10;2;69,148.80601061656333,920.5150981204285,920.5396310184731,599187.6404833638,5672510.352264203,599665.7912458777,5673120.918321653
37225,87886,599113.0673317331,5672361.3017327655,2019-01-19T14:52:58.204+01:00,10;2;69,175.65939406156951,519.7144993261439,519.3707924217573,599234.2329376017,5672488.48317275,599199.5176239491,5672873.775642136
5902,13674,599135.6807244597,5672408.841328106,2019-01-04T19:57:17.029+01:00,10;69;27,97.1300822066956,779.3212045568923,778.5440134062962,599195.1794065045,5672485.614759086,598830.3433657018,5673125.856416663
51086,120468,598371.006019293,5676902.038886615,2019-01-24T11:02:19.31760656+01:00,5;20;33;34,2208.333394190276,4041.485229772531,4042.1445738985944,596381.3324428448,5677860.128360036,602297.5993625002,5677858.83958663
36755,86648,598941.5195290713,5674935.942136084,2019-01-05T08:56:13.34610632+01:00,14;9;32;27,307.89755696323886,3750.0572204669797,3750.2001908957454,598682.7310316513,5675102.76365504,602682.7578864733,5675192.972698236
39314,92853,599136.1149845879,5672412.244534948,2019-01-05T20:56:24.6165263+01:00,10;2;69;1,113.87807239044669,594.7755216611968,594.1663969914405,599224.5843779108,5672483.947964548,599032.8612450566,5672997.989006915
33808,79766,598806.4249029808,5674751.291624965,2019-01-26T09:30:37.430+01:00,14;9;12;27,333.97900629202485,4066.419960342244,4066.9249779043207,598890.1077283499,5675074.616788511,602631.3952482108,5676131.6441712305
39961,94403,598941.3608010132,5673732.471083555,2019-01-17T09:35:03.23251508+01:00,69;2;17,1178.1178391740766,5223.562366686623,5223.640646280638,598322.1717527872,5672730.190401542,601581.303065494,5678239.832688627
29361,69127,598863.7269682366,5675321.878550954,2019-02-01T09:41:34.650653556+01:00,14;9;12,230.7039757453211,3926.449330667805,3926.0630694357305,598701.7058739178,5675157.642472639,602749.0328640264,5674754.954885508
48708,114947,598609.2917606588,5673886.487886329,2019-01-24T10:09:13.433+01:00,14;27;18;2,477.3496719521177,2457.6936728347564,2457.811793221717,598133.9713878952,5673930.456654206,600920.6118091512,5674721.986433862
50995,120257,598426.6234487548,5674724.473896738,2019-01-09T16:14:46.370308218+01:00,14;27;32;18,410.30163531829004,3222.242209722781,3222.368509739026,598069.2916288406,5674522.827169957,601582.9307293603,5675372.986971792
10721,25033,598055.0189675459,5675096.73195172,2019-02-04T18:38:55.792881409+01:00,32;14;20;69,198.61732188027705,3549.735861839505,3549.717524562383,597883.1528851722,5674997.178497333,601485.3510946232,5674183.799212264
41298,97578,597850.2829428328,5675992.8748707725,2019-01-15T10:29:54.444297060+01:00,5;6;19;20;32,1546.9135828822357,3359.150059097597,3359.149598712025,596982.9990287769,5677273.796509799,600985.1817955052,5677199.646722884
46091,108853,593031.1369846184,5673740.793372386,2019-01-29T13:46:48.54569705+01:00,15;23;14;32;50;19;34,167.12786043403625,4207.801426782158,4208.331176439243,593184.8810120989,5673675.260970116,595564.4263012442,5670381.025808179
21795,51162,599134.6404956449,5672386.754887119,2019-01-16T12:35:27.561+01:00,2;10;69,373.6646541930571,2571.646835066165,2571.9459406610376,599488.3099085764,5672507.35016128,601428.7996199712,5671224.7732364135
27308,64345,599116.1822324779,5672360.513132405,2019-01-21T07:46:14.348+01:00,10;2;69,165.08172205085876,592.9907660021576,592.44880541071,599222.5408318933,5672486.766145381,599067.6055241558,5672951.510892106
3120,7092,597760.5958660593,5673853.707279914,2019-02-01T12:50:41.052+01:00,27;69;32,219.65068196115502,6253.056818353853,6253.056748797616,597701.6527454036,5673642.113020509,601657.3694385176,5678744.093287026
49348,116440,598152.087583656,5674948.791118185,2019-01-08T19:29:47.304521006+01:00,32;27;69,523.0033488455158,3370.3580303020804,3370.3571918927196,597883.3137784799,5674500.134072598,601494.2958268619,5675383.483321322
41341,97687,599140.6373689382,5672411.058762645,2019-01-09T13:40:44.835+01:00,10;69;2;1,96.27696916692707,796.9436296787919,796.2888846066774,599203.3305335337,5672484.126004998,598958.4232219624,5673186.891962198
32282,76123,597021.7926219695,5674062.051107358,2019-01-08T11:50:30.797+01:00,27;19;14;25;32,633.5575706539229,5874.56609774241,5874.646553942616,597588.005102091,5673777.800121982,601059.6243526845,5678328.951826988
53038,124920,599532.9878094321,5674364.313959305,2019-01-16T10:22:14.011+01:00,9;11;18;27,936.3212011623395,2668.8623596258603,2668.7117967490562,599189.5874372087,5675235.390061665,601493.7035588092,5676174.954742225
41120,97146,599377.0915754477,5676878.998021466,2019-02-05T11:48:13.590+01:00,11;4;17,1015.695710271329,4323.677979308597,4324.963543797121,600377.3638637436,5676702.665593561,603412.3778705519,5678431.626690949
11370,26570,598610.286624015,5676332.906082952,2019-01-24T15:49:29.485656777+01:00,5;14;32;11,473.8860434993104,3991.132087357143,3991.1231076225667,598142.9885237337,5676254.16303439,602601.1582861873,5676287.313158048
53228,125356,597207.7041712339,5673544.891628719,2019-01-03T09:56:01.898+01:00,27;18;25,350.63105287339204,5112.4639595277085,5112.37133782017,597544.0377080849,5673445.78619381,600640.6196030416,5677333.34505664
4167,9630,598668.4006785238,5676407.436881797,2019-01-14T15:48:20.707195339+01:00,5;9;6;32;11;20;27;4,698.6639959755246,4267.073677061327,4267.073396847268,598115.1329947521,5676834.082225574,602788.0167866369,5677519.498430114
51617,121731,599464.2746016937,5676959.6184084155,2019-02-05T11:05:39.448261592+01:00,5;11;17;4,1241.7890714005605,4307.570913532032,4307.955381381395,598388.161292073,5677579.312076857,603347.4399742088,5678824.073788629
12836,29992,598796.0901788428,5673018.458073008,2019-01-09T12:16:34.457686302+01:00,69;18;1;32;10;27,240.31999578094275,3503.640369905442,3503.558464058766,598565.8227780135,5673087.237608391,600760.8545196175,5675919.353956498
2335,5364,598383.2760156608,5676567.8830774,2019-01-02T13:43:24.941+01:00,5;14;9;4;6,1046.2543594359677,4909.421923202385,4909.578269293409,597572.1438250702,5677228.725535196,603122.453420757,5677849.53090073
32817,77441,597883.3120960863,5674245.175410962,2019-01-23T10:33:35.914382222+01:00,27;14;32,137.30266821961447,5097.848865944297,5098.209379306644,597923.75318215,5674113.963592675,601871.5703346275,5677420.369780243
46241,109192,598701.9467496016,5676202.694511809,2019-01-07T08:18:30.137143210+01:00,14;9;5;32;20;17;69,805.504872908424,4014.626346279543,4014.5020391445387,598570.5599364487,5675407.977200051,602706.207906201,5675914.393818104
19980,46865,592717.9444350732,5673626.073048256,2019-01-24T13:49:41.235793888+01:00,15;23;50,473.2510265800858,4489.299081431618,4489.837692750911,593173.4225215496,5673497.59640875,596487.0542984572,5671187.299364561
50964,120182,597580.0424773524,5673476.420038887,2019-01-18T12:29:47.354+01:00,27;18;69,72.61419317662804,4234.505538728369,4234.3669463797205,597649.4161013367,5673497.870478183,600392.1780955311,5676642.321241151
25913,61051,600697.0207242761,5675446.216929588,2019-01-19T13:40:40.797242934+01:00,9;11;17;1,251.83478220107676,3737.542718319178,3739.525154933131,600505.5023780685,5675282.688703913,603485.559022748,5677934.847020464
19439,45555,599919.2945025826,5676384.970165615,2019-02-05T09:28:58.498860226+01:00,11;14;7;37,1410.1651620491646,3452.813653845368,3452.9990894722505,601114.3138891952,5677133.631938298,602929.304862872,5678076.64382183
20234,47472,599548.8201505295,5676896.331998127,2019-01-16T11:54:08.124+01:00,5;11;4;14;6;9,1035.3846903242063,3837.392627575071,3837.5262259755405,598711.9860576692,5677506.028773569,603207.4115224049,5678054.041526379
16927,39606,601088.9735422502,5673753.513425305,2019-01-29T09:50:16.180+01:00,17;1;7,589.1464675412701,4690.088590971819,4694.526764334252,601149.2968886137,5673167.463381281,603671.9291942525,5677668.263875966
20620,48366,598414.4671961517,5676834.12721179,2019-01-04T08:57:31.545871183+01:00,5;6;9;11;32;34,1691.8958522873997,4870.523826446762,4870.52358627714,597199.6455106098,5678011.717907798,603024.0961080206,5678406.80761125
262,629,598052.9478279188,5676006.928633932,2019-01-02T10:33:35.620260948+01:00,20;14;9;18;27,1055.6375385091853,3906.5058901944553,3906.054630431598,598456.589948303,5675031.508903067,601516.2038247305,5674199.542075757
37181,87758,598845.4382209464,5675972.061983455,2019-01-04T12:54:32.393863833+01:00,9;14;11,784.6482628752782,4437.141208126176,4437.30424355402,599622.7554146841,5675865.053213941,603189.5612739375,5676875.841271402
41822,98792,598314.88488159,5674244.511416527,2019-01-29T11:05:31.168+01:00,27;14;18,412.93558971971504,3309.7027496484225,3310.0301455408285,597964.7180965894,5674025.6529601235,601107.1663395577,5676021.38973271
52601,123926,599114.7665254793,5672361.33452054,2019-01-20T18:48:15.805+01:00,10;2;69;1,172.78619852187757,577.5900919103893,577.1523058275704,599235.5673831295,5672484.874891232,599144.0582222951,5672938.18138997
26707,62902,598269.9265790563,5674199.942291413,2019-01-10T09:14:26.388+01:00,27;14;69;32,447.8296902894085,4929.65958709251,4929.953871302654,597937.5220202551,5673899.844572674,601796.3584870815,5677644.622485956
25608,60330,599016.630838961,5675932.503168771,2019-02-02T09:56:52.54529879+01:00,9;14;11,478.9830361555931,4077.2326939554164,4077.3409966474455,599295.9926886853,5675543.425148519,603077.3057678422,5676299.580221465
33942,80086,598799.0699073718,5673035.065154875,2019-01-17T12:35:23.46587173+01:00,2;18;69;27,248.92991628718676,2288.978380708429,2288.8054339111554,598708.9349548888,5672803.026809846,601076.3321953046,5672803.767728798
50637,119458,598632.5601664736,5675894.976119539,2019-01-23T09:30:22.662645877+01:00,14;9;20;32,616.4569409493539,3761.7818839735673,3761.5334239797576,598574.3539983224,5675281.273258185,602206.7907772508,5674721.997652739
9113,21239,599115.2680158227,5672366.436434408,2019-01-22T11:10:10.503+01:00,10;2;69,168.36367416411358,515.606956599325,515.1232863976115,599233.773536896,5672486.030615927,599111.9330455756,5672882.032605521
30250,71225,597791.6086083107,5673007.29452164,2019-02-05T08:21:13.350592498+01:00,18;69;27,187.92142436949453,417.42711381379047,416.8966189312313,597651.6268477974,5673132.672224844,598179.9604852909,5672854.231740426
50457,119016,599122.8071014151,5672369.552388671,2019-02-04T13:33:55.598+01:00,10;2;69,145.22914262539746,1006.7590183147277,1006.5953473452915,599157.9196284804,5672510.472984436,599485.4379905075,5673308.734244987
49157,115970,598865.6199222812,5675424.184467554,2019-01-29T10:20:24.537684222+01:00,14;9;11;20,459.1478903043844,3955.6802118682185,3955.7903193180296,599242.5088592097,5675686.427702723,602799.2794251022,5675840.992402258
26233,61776,598082.0731135169,5675126.104897639,2019-01-07T18:44:31.50927963+01:00,32;14;20,83.352409247626,3834.4596197236538,3834.25351140351,598158.2270449763,5675159.990039673,601764.9462032081,5674058.618888119
54130,127496,598084.3044616594,5675110.446507397,2019-01-08T19:40:51.590040892+01:00,32;14;69,229.86534425379514,3542.3235787421463,3542.293835864547,597889.2223251987,5674988.869221184,601512.5001855885,5674218.521390054
23829,56051,597925.7034350466,5674129.287305887,2019-01-03T10:54:30.912+01:00,32;69;27,321.8985016798794,4595.7565503490305,4595.754545490421,597958.2231609612,5673809.0356660625,601546.0278260054,5676960.228770189
43427,102650,598548.1560343632,5676189.977798831,2019-01-18T11:42:25.2807583+01:00,14;32;5;9;6;23;20;70;4,751.4582094787785,3954.927962680195,3954.6656333915003,598204.4179641829,5675521.746117674,602423.1176012349,5675398.695266952
15065,35170,599135.4991286156,5672388.893224784,2019-01-17T08:26:34.466+01:00,10;2;69,209.29363772528853,1060.483084411955,1060.9827691405108,599310.5625705956,5672503.595526742,600195.5257738731,5672357.782395993
7545,17559,598147.5481357968,5675983.70066387,2019-01-29T10:46:52.500196010+01:00,14;20;9;32,833.3388799040721,4327.919338568003,4327.590904359932,598608.342061161,5675289.350142082,602265.2249695068,5674651.17550678
13488,31518,600782.4622012317,5674838.938515385,2019-01-16T09:42:29.896683983+01:00,17;9;1,1141.0295124262461,3872.0614186580738,3875.6775726312053,600384.6719030988,5673769.494161087,603501.785635384,5677595.410842532
3875,8967,597986.9374352053,5676346.847154521,2019-01-10T14:16:16.130818282+01:00,14;20;5;6;4,119.59012494951344,4565.583838046592,4565.342677815792,598084.9904072293,5676278.382472658,602457.1012658728,5675418.304689567
5857,13582,597015.5835195216,5674076.785974164,2019-01-21T07:36:50.331+01:00,27;14;19;18;69,711.1779245289513,5544.203465217042,5544.368715534612,597680.5077167662,5673824.496750739,600937.1343500782,5677995.922504968
48643,114798,599136.2730463372,5672386.786396046,2019-01-16T14:24:05.301+01:00,10;2;11;69,154.13601698727933,512.8979176736223,512.4044930325518,599239.488829518,5672501.260907773,599124.8615190305,5672899.557349785
6972,16205,599116.8567686161,5672360.10179556,2019-01-22T18:43:23.334+01:00,10;1;69,151.0015131338171,846.7036753462851,845.9863816538362,599208.0232553905,5672480.476745852,598864.4318691525,5673168.302750753
42615,100623,600964.5024799837,5675729.004472539,2019-01-15T14:12:52.139621940+01:00,11;5;7,2060.9671927613313,3709.1816493056017,3709.1816493056017,599696.9047305494,5677354.052691906,603483.6825583,5678451.459291367
49589,116999,598878.515112552,5675994.341459655,2019-01-14T11:57:04.499244183+01:00,14;9;4,630.0059531088408,4027.0385458852984,4026.6905090808473,598827.8659622167,5675366.374769039,602851.8343031702,5675338.769907869
45055,106469,601246.4041591308,5673504.121575958,2019-01-25T08:39:04.657719897+01:00,17;70;7,176.4762643893936,4668.445762381886,4676.181539810763,601073.7897074424,5673540.838369952,603601.2426654008,5677535.141477384
41555,98159,598589.4069288791,5674574.830953943,2019-01-29T19:32:49.999746717+01:00,14;9;18;32;27,257.76406832163457,2791.7735454153058,2791.662109045121,598347.1036320765,5674662.759488994,601378.3417318687,5674700.696729887
19060,44618,598195.8393887276,5676136.967545348,2019-01-22T12:28:12.412332919+01:00,11;5;14;32;34;69;27;4,331.8148385556602,4533.554926531504,4533.691699077804,597886.5700957534,5676257.19063593,602487.370350011,5677598.433343861
18056,42281,598573.4492666601,5676249.873346967,2019-01-03T15:44:27.787261424+01:00,14;20;5;32;27,889.2754469665986,4186.825762668743,4186.185503772438,598440.9850629435,5675370.519006947,602549.8711067495,5674939.308843935
7893,18362,598107.7074987066,5675907.403828087,2019-01-24T08:31:36.273584414+01:00,20;14;32;4;27,391.77699175670995,3959.0970653271993,3958.8910251474954,598370.8082828823,5675617.115714937,601831.764543218,5674563.585126808
45892,108379,599622.8234912733,5676789.557678255,2019-01-15T09:30:36.680657021+01:00,11;14;4,175.9243162097785,3540.9771187106617,3541.1027713311714,599798.383688416,5676800.87060065,603141.8023769531,5677183.647207896
2127,4856,600324.416390872,5676360.62583569,2019-01-29T16:27:12.164+01:00,11;6;7,1300.2247498600705,3750.391930043308,3750.391930043308,600305.3199411624,5677660.71034285,603549.399080594,5678275.025553598
10613,24774,593638.3316702106,5673893.136963444,2019-01-12T10:11:50.386222452+01:00,15;23;50,525.8413239926209,3989.136694388887,3989.5733109463213,593180.7258172258,5673634.088741423,595712.920339207,5670485.895642229
2042,4667,599109.9775645374,5672362.515173014,2019-01-22T14:34:06.043+01:00,10;2;69,163.0880923286546,709.7848246492699,709.5042283728503,599203.3009830954,5672496.262940876,599276.2544083652,5673052.548874009
47816,112790,599054.9142627507,5674623.682682801,2019-01-08T10:15:45.173986209+01:00,14;12;9;1;32,277.0299993623716,3673.1687510835754,3673.719365204354,599053.3474676555,5674900.708251476,602500.2898480169,5675897.0858987495
54407,128129,598150.6615418656,5674185.354373154,2019-01-10T12:10:22.963+01:00,27;32;69,552.0453153153715,4996.891534862492,4996.890259736113,597836.5187762082,5673731.406850915,601598.6661997839,5677802.008751188
40395,95439,597852.2019808741,5674209.785504518,2019-01-11T08:15:00.927+01:00,14;27;32,508.47435974574086,4530.043984435845,4530.459350317899,598144.715529016,5674625.696551104,602054.8031283427,5675900.774001291
2130,4861,597672.3180944227,5674328.9970961,2018-12-31T08:22:39.799812054+01:00,18;14;32;19,88.87244823475963,1066.7603628593454,1066.0750076849647,597583.4631066037,5674330.758684851,598425.2866868805,5673573.3411091985
19903,46700,599448.0313587168,5676964.395717392,2019-01-11T10:31:50.537+01:00,14;11;5;6;4;9;17;32;70;27,957.2439446143155,3538.8668361676946,3538.829492761298,598980.7341437661,5676128.9621279305,602986.0928375195,5676888.900973601
7700,17915,598073.8165824721,5675129.341922607,2019-01-05T09:25:40.777373672+01:00,32;14;69;18;20,482.7400431738908,3292.1572057457024,3291.960371185899,598073.0998396352,5674646.602411522,601268.2109511538,5674333.010531365
8564,19990,598446.3451897542,5675875.698581154,2019-01-28T15:37:14.802775987+01:00,14;20;32,587.5003475339095,4010.2407917533055,4009.643207739503,598400.7415971899,5675289.97085371,601952.5725273931,5673929.317050047
43404,102603,597697.4590559648,5674322.685914126,2019-01-03T08:00:08.076+01:00,27;18;69;19,726.3812349755701,4273.345111951365,4273.296433225299,597564.7457263374,5673608.531259542,600224.2575540805,5677768.954591371
35803,84373,598603.0514338859,5676347.195064128,2019-01-25T08:33:10.791890359+01:00,9;32;5;4,397.38170656673,4294.526254171079,4294.525979493949,598659.1176991719,5675953.788411146,602856.9981729339,5676936.171200409
16539,38651,599135.9661400287,5672390.59965095,2019-01-16T17:51:17.583382449+01:00,10;2;69,146.57740217204804,440.3517045007186,440.1438309240693,599244.6644226285,5672488.933867718,599279.8530864283,5672806.780104975
47203,111477,598507.9521608999,5676741.715076505,2019-01-29T12:23:46.103970208+01:00,14;5;11;4;32;27,158.18620832812113,4411.976581214712,4412.065636449867,598492.9573161957,5676584.241170294,602899.7054644501,5677163.6632652
42459,100311,598523.8680349069,5676528.5704271095,2019-01-29T12:35:21.551538172+01:00,14;5;19,1015.3410224484815,2695.002080623588,2694.8784191398927,597693.5217980007,5675944.239597252,601210.1379335652,5676311.798090018
28329,66709,597714.1858971814,5674392.59783144,2019-01-08T14:48:44.378+01:00,23;27;32;19,2105.741613266378,996.9719265975871,996.9718124324305,595732.4768035011,5673680.574791176,598709.7606909199,5674445.360057475
34132,80493,599113.8915082124,5672360.044576845,2019-01-19T06:36:52.748+01:00,10;2;69,165.12004256695494,615.8207685058218,615.2977441629832,599218.4971308826,5672487.803303213,599078.3322599258,5672974.837841922
21276,49895,598268.4198004588,5672382.415843721,2019-02-04T09:50:28.356915720+01:00,69;18;32;27,728.2855742085801,5222.305098232044,5222.250761904671,598098.4225951623,5673090.583075236,600921.6739392157,5676880.494657413
1576,3585,598101.0312436924,5676507.311527604,2018-12-31T11:40:57.967846900+01:00,14;5;4;6;20,527.8767835192699,4713.508616379639,4713.556254608338,597898.8213138966,5676994.923097269,602809.0552436627,5676734.629569978
20370,47813,597895.8065477244,5676323.040921283,2019-01-21T09:37:54.319248774+01:00,5;9;14;20;32,140.0571315838737,4810.0576436990705,4810.086372927131,597821.2080469176,5676441.578104415,602696.255821129,5676626.918049704
30752,72444,601043.6739211363,5673579.907555833,2019-01-22T10:48:30.247382751+01:00,17;1;70,557.7700563594684,4940.836334084943,4947.480037465132,600972.4921662026,5673026.698198053,603616.3592415235,5677798.100761754
49784,117460,598227.2207775789,5673997.557751958,2019-01-17T09:30:17.601+01:00,27;69;14;18,390.1910577606392,3641.403809598729,3641.694497241047,598061.1498773278,5673644.472043318,601043.6408117695,5676305.717169236
12877,30092,599085.823658185,5674611.973000655,2019-01-22T11:07:34.712688524+01:00,9;14;12;18;32;2;4;25;27,433.45300898950654,2723.513296938611,2723.5733245797687,598664.8856229973,5674715.378423793,601625.4915760057,5675595.645479579
6435,14929,599095.9104748152,5672414.439188071,2019-01-03T15:17:07.383+01:00,10;2;69,145.15146135506876,569.7642077948068,569.4927344670009,599218.2890177249,5672492.493265279,599239.0717084506,5672965.9245583825
37397,88315,599134.7484109707,5672410.520746631,2019-01-08T16:20:33.808+01:00,10;2;69;11,133.88961449473513,575.1156407976406,574.578247251158,599228.0476792074,5672506.55030154,599088.9189897684,5672983.807467602
38538,91056,599112.5108492352,5672365.9588787565,2019-01-18T14:10:33.086+01:00,10;2;69;1,179.42313545483185,506.5267427280573,506.1911954210198,599247.1942866597,5672484.5043688435,599202.517677822,5672864.424636764
15385,35931,599135.0810145368,5672408.829753375,2019-01-05T19:40:02.290+01:00,10;2;69,144.42329626500936,414.8938317234068,414.931945838121,599254.4461668459,5672490.131960714,599381.9761297349,5672742.265944712
33391,78787,598266.543180598,5674193.936593549,2019-02-05T09:59:37.888+01:00,14;27;69;19,394.4702487073382,3710.007587694513,3710.7403085227875,597872.1002426926,5674189.294842603,600561.6487355756,5677108.837413862
34831,82076,599137.1630012884,5673754.495343286,2019-01-19T10:51:14.240+01:00,1;69;27,1259.705754530745,5922.3159647365555,5922.3159647365555,599393.812247913,5672521.21121049,602450.5214632214,5678663.210255451
14402,33568,598571.8133887686,5676075.007924363,2019-01-09T08:24:14.802990199+01:00,14;11;5;9;20,321.7482603124074,4241.581713027108,4241.585730480897,598893.3299764828,5676062.800269442,602813.3712821288,5676089.222900944
447,1081,599132.0584736136,5672411.741889841,2019-01-08T19:09:09.753+01:00,10;2;69;11;27,111.21297799385658,765.0866852666612,764.3708739306426,599199.6080910253,5672500.089926954,598896.0473145759,5673139.516833613
43429,102656,592720.1558108471,5673629.083347106,2019-01-24T13:48:06.797016002+01:00,15;23;50,465.7560191347786,4670.103495213353,4670.5847567123865,593166.9137722478,5673497.41712788,597081.6586975751,5671959.6046185605
51922,122458,599133.2234373502,5672408.369548396,2019-01-08T16:08:58.355+01:00,10;1;69,107.50674221695225,856.241649247645,855.5564984292836,599215.5211350061,5672477.5417146385,598910.789197085,5673235.214618929
34414,81124,598446.3865529275,5675913.466865571,2019-01-14T15:26:32.593270735+01:00,14;9;5,513.9008690312199,4470.385106658593,4470.27366715854,598677.9154429683,5675454.676634346,602908.811524403,5675646.809077785
9869,23049,598035.903027203,5673831.7985141715,2019-01-08T12:47:24.018+01:00,27;69;32,230.7782075187242,5184.796814807655,5184.795364313004,597930.5503633207,5673626.47097759,601576.7741696996,5677619.192019351
13209,30871,598572.9689398191,5676255.805079337,2019-01-22T11:11:12.691224880+01:00,14;11;9;32;20;5;23;19;4;27,714.5133228733938,3709.834359392144,3709.5703748788032,598534.5698861325,5675542.324314888,602208.1125751209,5675515.128547475
5238,12145,597938.3585624978,5676428.24392829,2019-01-16T14:07:22.29848713+01:00,5;6;9;70;20;25,1512.7839619719555,5667.294919862619,5667.294662735521,597033.7503294876,5677640.761664395,603117.816486728,5678728.558541518
21575,50621,601153.3161174683,5673657.178025565,2019-01-22T10:17:30.964+01:00,1;17;37;70;27;7,511.2324936098882,4878.700378139474,4880.773569331382,601659.537023387,5673728.585706758,602147.5446519445,5678433.497424526
40827,96495,597364.4766610139,5673685.775636843,2019-01-10T09:59:44.886+01:00,27;18;69;25,411.8922657279266,4026.176326951266,4026.019632416476,597643.566168889,5673382.849432694,600251.4118271196,5676492.143603167
25942,61113,599116.2336475936,5672364.757655349,2019-01-18T11:31:21.174+01:00,10;2;1,337.1395444141056,1581.9201700332462,1582.4286275546133,599429.0948946764,5672490.379757232,600567.5824538458,5671735.426210918
12716,29732,599116.1898423643,5672358.391513854,2019-01-18T16:17:36.832+01:00,10;2;1,206.67673526590937,439.33396079858363,439.3827243559787,599281.8972539394,5672481.908017404,599382.2184341544,5672708.02434621
40677,96156,597704.0839797145,5673207.619140728,2019-01-03T13:31:42.612+01:00,18;27;69,185.96900510361172,2112.183415279389,2111.894590073868,597609.557162946,5673367.772666356,599229.3284644946,5674668.765280384
40771,96382,599135.6736738073,5672412.660370525,2019-01-07T11:13:47.569+01:00,10;2;69,114.88509970991993,562.843153225358,562.518490388473,599218.2890177248,5672492.493265279,599239.0717084504,5672965.924558382
25031,58961,598105.7100237943,5675443.972385956,2018-12-28T21:33:59.45769775+01:00,20;32;14;5;27,125.11644889365303,3767.1683120773455,3767.05938506894,598094.0259747787,5675568.542080434,601626.023562557,5674102.723087606
9171,21393,598066.8401319347,5675112.658863662,2019-01-17T11:17:49.333739672+01:00,32;14;27,121.1568144729488,3848.1001370290305,3847.974093527446,598104.3778121831,5674997.463827941,601872.4892636143,5674542.650660958
1406,3214,598982.2707097945,5674983.831274013,2019-01-14T11:44:02.135+01:00,9;69;25;12,887.5888096936229,4322.906964138181,4322.906315810816,598785.4889116044,5674118.330945305,602276.1302237648,5677783.476630629
687,1589,601152.2081968277,5673662.672870166,2019-02-05T09:25:56.980+01:00,70;1;17;7,755.155889730832,5284.687054150654,5287.302641090603,601700.9921429307,5673143.927654964,603706.8105526578,5678288.89422932
7696,17905,598509.7790003285,5676691.676321783,2019-01-21T12:15:36.787659735+01:00,5;11;14;6;32;4,841.0647557648139,4786.56260822916,4786.678559178278,598287.8915821932,5677502.944401436,603120.6685079454,5677976.541898817
24725,58215,597910.8482867626,5674172.712131167,2019-02-04T12:33:36.864+01:00,32;27;14;19,532.5891862397975,3043.7409635527906,3044.1045596806234,597692.978415778,5674658.699744812,600334.4925239778,5676013.990943466
32359,76308,599115.8326862595,5672361.355093548,2019-01-21T16:29:05.151+01:00,10;2;69,153.33251332812904,817.1086718644881,816.7628484227927,599184.072053386,5672498.665866679,599239.8879543212,5673168.991690108
12325,28854,599134.7653538676,5672411.369779962,2019-01-08T08:52:23.846+01:00,10;2;69;11,108.56469354601847,720.3082389730871,719.562527150363,599206.6639465488,5672492.714017958,598881.0051467451,5673085.4986373875
14129,32958,598200.8853299109,5674134.119593807,2019-01-08T09:08:33.056+01:00,27;14;32;18,261.991420364308,3897.6890280263615,3897.9980243642217,597945.0779522586,5674190.706605419,601448.4033830244,5676289.486442837
17350,40638,598302.7362833153,5676469.586291578,2019-02-05T09:52:34.866774477+01:00,14;6;20;34;4,822.763564340853,4223.42757886122,4223.339292242245,597602.6751209084,5676901.852704449,602513.6662311929,5676144.918017868
50939,120135,599235.6382878278,5675106.694920381,2019-02-05T08:38:29.203034617+01:00,9;12;70,492.7225242052942,4312.280523317281,4312.280523317281,599728.2721722992,5675116.040600125,602552.4055979267,5677862.564641982
6169,14309,599128.7197081356,5672415.496631359,2019-01-07T12:52:15.332+01:00,10;2;69,103.64603071581922,690.030086120671,689.2825941150687,599206.178614963,5672484.363295546,598883.0045252932,5673060.29549044
27403,64550,599101.467418134,5672418.36557837,2019-02-04T08:34:52.013+01:00,10;2;69,115.18204189390586,854.5377293197661,854.401338688585,599176.3294371425,5672505.901747379,599441.8067987447,5673202.204743529
28116,66238,599123.5827353107,5672372.537828544,2019-02-05T07:37:29.962+01:00,10;69;2,133.61144775264444,819.3582264965798,818.755488471167,599184.6578935358,5672491.373193728,598991.5736824747,5673181.19196555
34646,81654,599042.3844408897,5674649.750868759,2019-01-17T10:22:00.473582140+01:00,2;9;14;32;12;7;27,232.27820713182481,3543.6371947957023,3543.6467107952026,599213.589178759,5674492.772834501,602585.6251587148,5674702.7582633905
46873,110672,598367.1914774361,5674713.998762745,2019-01-24T16:02:13.380244490+01:00,14;32;27,216.74093781531397,3817.529886344104,3817.6621264086757,598275.0980304314,5674910.20128858,602168.5074097967,5675065.469409474
43412,102615,598703.771588716,5676647.877883384,2019-01-30T08:25:38.778664506+01:00,9;5;6;32;34,956.5171789710116,4347.295222822755,4347.295018917238,597754.5737598198,5676765.982054714,602936.282638089,5677640.261867189
34548,81433,597548.2463300787,5672662.76220581,2019-02-04T10:42:08.698766996+01:00,18;25;69;27,360.7282534957982,1647.5385489672472,1647.2715550642386,597428.4811384373,5673003.028530534,598521.5057668542,5673992.10389968
45967,108555,598567.4808287359,5676206.898875573,2019-01-22T11:04:21.172162922+01:00,32;4;5;20,654.9272627494245,3480.5168208068762,3480.5176851199603,597912.5543190129,5676205.905721724,601991.7768104596,5675583.846414322
9732,22749,600429.4105480444,5674215.001346921,2019-02-02T11:50:06.624275266+01:00,2;17;7;70;9,1623.344261918872,4026.0933097049583,4025.092496411734,599863.5894938875,5672693.458338203,602854.6407497862,5671001.329645111
22750,53498,599106.5228627934,5672417.190061361,2019-01-03T17:32:27.066+01:00,10;2;69,183.85193339422446,421.7014872255311,422.07634975558057,599275.6861364832,5672489.199229161,599481.62138806,5672609.889933366
20989,49231,597874.0061709726,5674264.942479375,2019-01-22T10:56:58.543065433+01:00,27;32;18,338.98209945016197,4289.018889556985,4288.9689653233845,597714.7673975878,5673965.690283395,601230.0162787976,5676935.6875423025
54055,127320,599116.4095714461,5672367.7315216735,2019-01-22T11:06:28.900+01:00,10;2;1,177.73004945316944,466.0009606515182,465.6406754476298,599251.1265792592,5672483.659509168,599185.7124168345,5672828.550369974
10211,23820,599089.7648024299,5674725.351773352,2019-02-05T10:50:10.539+01:00,14;32;4,789.8435172191693,3581.413637633925,3581.569890243494,598647.3058421701,5675379.632179737,602662.9210639797,5674968.411384102
3341,7644,599127.6027264567,5672412.928955644,2019-01-04T12:59:05.842+01:00,10;2;69,109.01420134869107,658.4758846355629,657.7600737942373,599209.5224104801,5672484.854343827,598920.7297305686,5673038.06418439
40645,96073,599400.1269350293,5674327.791074387,2019-01-04T08:18:40.972+01:00,17;9;11;12;18;27;69;2,26.289242739351685,3609.262755708945,3610.9663823061637,599401.1615221471,5674301.5221971115,602017.8359680694,5676812.620456475
54685,128817,597872.3468294131,5675990.325260852,2019-01-25T07:54:28.402917370+01:00,9;20;5;14;19,186.3583485439359,2979.6839743738033,2979.6942099630073,597952.8767694935,5675822.264668141,600851.4332881396,5676049.994839133
2914,6603,599783.9315435952,5675008.6911343075,2019-01-16T10:09:34.801+01:00,9;2;12;27,625.516961251617,2999.8198959330894,2999.8198959330894,599345.8922513667,5674562.1566482065,602514.341473129,5676251.180983256
4118,9516,597881.3502039298,5674444.158748113,2019-01-14T11:24:51.645842514+01:00,32;27;18,203.8130652580834,3445.9930819661613,3445.921400573775,597746.7837307119,5674291.084812201,601099.883582651,5675675.382209153
12278,28734,598531.3965363937,5673267.983914498,2019-01-04T10:09:02.80419507+01:00,2;14;69;18;27,360.1663944977259,3382.041130979844,3381.9180786558836,598867.7898691464,5673396.667081249,601907.3544427998,5673065.226853429
50563,119286,595480.3708558417,5675192.038169174,2019-01-22T14:46:55.298149770+01:00,19;5;25;32,452.20556620094936,3501.690254379696,3501.690477317247,595917.4593362582,5675076.091912701,592681.7027872772,5677296.626413847
23308,54824,598306.7231599039,5676033.851427146,2019-01-04T08:00:35.10392538+01:00,14;9;32;20,916.2905989669615,4454.726561952031,4454.201136190539,598678.1670112842,5675196.225062335,602601.7462511506,5674851.749321819
38459,90896,598536.6581724504,5676382.838167762,2019-01-23T08:49:16.353099986+01:00,14;20;32;19,1213.3001348209177,3235.580020596308,3234.6607315051633,598240.3765373633,5675206.26925356,601195.5660427747,5674539.149743215
52700,124136,598601.3664586616,5676358.620250149,2018-12-31T08:34:50.759805469+01:00,9;20;71,5761.906239685478,3536.6544275648175,3536.6544275648175,596891.6944680046,5670856.203944625,602005.8562322594,5675400.823861827
17295,40515,599127.6141470441,5672372.615628428,2019-02-05T14:16:06.785+01:00,10;2;69,229.6232650878401,1291.6017635551452,1292.050851902188,599311.7174903904,5672509.848287946,600418.7201983483,5672336.834629216
5531,12829,599426.5279097601,5676965.67624485,2019-01-30T10:22:28.720875361+01:00,5;14;9;11;17;4;27,972.5801134431678,3745.1106123743684,3745.4609943564224,598831.1631709132,5676196.616491123,603113.8743697547,5677620.908709617
18862,44189,598841.2612530339,5675236.150544095,2019-01-02T14:01:21.34793386+01:00,14;9;12;27,148.30446207430535,4049.702186138681,4049.9512471760154,598987.4054924409,5675210.930021513,602838.9968240092,5675882.832924383
8826,20574,597132.217579186,5673452.228075073,2019-01-24T10:16:12.420+01:00,27;18;25,434.2285177029278,3230.4887246719086,3230.2390361912394,597564.4241707926,5673410.372755718,599645.2811121906,5675482.146565879
35664,84008,598670.1507572922,5676413.411510513,2019-01-05T13:47:46.683+01:00,14;4;6;11;32;34,978.0739205673148,4117.058869614973,4117.193879925672,598075.6718482798,5677190.086101853,602732.7318994519,5677080.95042267
30665,72232,597669.4972216816,5674317.910304344,2019-01-16T08:13:45.413+01:00,32;14;27;19,404.05048804739664,3000.1798224050826,3000.5041706626585,597692.9832318495,5674721.277635964,600253.0355926163,5675843.167152444
2329,5350,596963.2816651175,5673434.182913552,2019-02-01T07:50:00.366281044+01:00,27;18;25,585.4512253800461,3855.8594094854084,3855.65197444114,597548.1571910962,5673408.226095371,599882.7270818424,5675953.010070084
48572,114650,599116.3324491244,5672361.364737223,2019-01-21T18:45:04.663+01:00,10;2;69;1,224.69576975476429,546.4985263141277,546.9526578324732,599303.0807544425,5672486.317766024,599635.5738363643,5672531.8024708405
46884,110696,599615.7234067095,5675596.127621936,2019-01-04T12:29:33.27804269+01:00,14;9;4,676.7534380556316,3334.3427108212695,3334.4593107521064,598946.4300764994,5675495.919568086,602941.9051601936,5675829.271903437
24674,58091,599140.3527557652,5672406.809737398,2019-01-08T18:04:53.430+01:00,10;2;69,117.7958369749517,522.4983060279887,522.0134236756195,599225.5943884061,5672488.109942031,599132.9900065495,5672929.256165012
25393,59821,599112.2595259795,5672361.710498555,2019-01-22T16:57:59.476+01:00,10;2;69;1,198.7557015353236,728.1295585218455,727.9987609630473,599274.037867207,5672477.173034481,599411.2611222259,5673025.616139015
16651,38962,598354.4989672456,5675119.012543485,2019-01-29T17:47:46.965831126+01:00,14;9;11;20,759.3141366838878,4391.104536770843,4391.176265408804,599011.712003184,5675499.313718293,602742.0839031473,5675294.789342574
24492,57680,599133.6238129925,5672410.074688356,2019-01-08T20:20:46.231+01:00,10;2;69,180.627964527726,480.5612310388441,481.110609960697,599295.9817429992,5672489.235058071,599608.8658925312,5672481.377301305
35160,82863,599109.3527166541,5672362.078763345,2019-01-20T08:41:28.929+01:00,10;2;69;1,201.83425451664448,406.9693708298003,407.030964392135,599268.2661769618,5672486.511791233,599360.8374044399,5672682.046762687
14014,32699,599004.4848474254,5673602.138282557,2019-01-02T09:44:50.874075184+01:00,69;14;2;1,299.73855371982216,3998.9373278217467,3999.369113904899,599052.0256872585,5673306.193914248,602407.9209224023,5675701.691243402
36651,86370,599113.2438341075,5672365.973022362,2019-01-18T10:32:50.614250003+01:00,10;2;69,179.97427754357713,471.2425352607415,471.05728405985445,599244.6644226284,5672488.933867716,599279.8530864281,5672806.780104973
6663,15475,593667.248507925,5674307.820741838,2019-02-04T16:05:03.758522839+01:00,15;19;25,799.836863106738,2076.292657277906,2076.7319903208436,594223.6858710728,5673733.263113329,595291.7957183231,5673014.8251657225
41291,97564,598515.0297974797,5674836.07749634,2019-01-07T16:55:57.257669366+01:00,14;32;9;19;27,299.391937648454,3273.7517000266594,3273.8726965472456,598360.241371388,5675092.350935223,601779.2527191745,5675085.674994144
25606,60325,599130.0670583042,5672409.581690301,2019-01-09T07:04:03.305710330+01:00,10;2;69,125.03936412965555,506.7931266508435,506.3131321916568,599227.8268086258,5672487.542409891,599127.2427107885,5672916.366946876
25179,59318,599131.8673268597,5672413.0112602,2019-01-07T20:10:54.811+01:00,10;69;2;1,98.34337115334478,759.687199704607,758.9258251179353,599199.8383379696,5672484.0841826005,598850.5629252405,5673118.69707912
23102,54327,598571.824718668,5676246.02294216,2018-12-31T10:22:48.977589014+01:00,14;32;20;11;34;27,869.2293902514646,3936.532948453135,3936.0384400095177,598320.8278495782,5675413.8208605815,602298.5483687931,5674978.023537643
25153,59252,598321.2549426686,5672354.14671768,2019-01-30T11:11:42.59628741+01:00,69;18;2,408.8268155505856,5481.127145256463,5481.086523898633,598295.7842623196,5672762.179326126,601165.4819466705,5677039.563191396
40954,96769,599220.4768060885,5675043.172833008,2019-01-03T13:53:25.480711803+01:00,9;14;11;12,429.05580756778414,4330.047809619224,4330.260547837413,599371.4872723748,5675444.775528566,603151.062789005,5676859.710161137
36041,84943,599115.2820832788,5672358.798350429,2019-01-17T18:45:33.768+01:00,10;2;1;69,194.0681568475627,527.4352788019654,527.2704752916354,599265.2359892932,5672481.99037766,599313.6932595134,5672847.491483663
55118,129861,599085.6435165674,5674647.190955127,2019-01-15T11:06:12.015+01:00,14;9;18;27,737.2427901808711,2272.2414573245337,2272.283825925278,598380.0385498351,5674433.535712747,601278.0640042989,5675244.161344141
53403,125787,598959.4884841656,5674994.000794346,2019-02-05T11:28:43.807370283+01:00,14;27;12,305.66235338247157,3772.3199697649857,3772.1819364787016,598691.3186244192,5675140.678674747,602726.6579329064,5674796.941669306
16079,37553,598843.4021894168,5675562.520401391,2019-01-24T10:25:03.163218594+01:00,14;9;11,321.7870177821971,4093.659692264012,4093.6781899025723,598966.6801719173,5675265.284091624,602936.8493396154,5675604.234962372
13279,31019,599643.5570086587,5677023.357142929,2019-01-02T09:05:19.790318963+01:00,11;9;5;4;7,258.4858989229642,4003.122079575083,4003.122079575083,599869.0615143246,5677149.700634516,603414.4291636883,5678367.049657756
35281,83146,599132.8078259734,5672410.907646011,2019-01-07T14:17:34.550+01:00,10;2;69,110.19191076633277,618.1046674574183,617.4431419413638,599213.5334772768,5672485.9118220275,598982.1670851752,5673010.3746986035
52985,124803,599133.4010555684,5672416.435686533,2019-01-06T13:49:23.697+01:00,10;2;11;69,104.97221470433135,755.6937371438696,754.9206037331954,599203.6738915984,5672494.4157761475,598841.2576998587,5673113.375629479
49977,117914,599087.4642275142,5674716.82026549,2019-01-15T11:31:23.635758590+01:00,14;9;18;27,474.36493817190745,3091.1453667159135,3091.32656490104,598631.9962983953,5674849.3761409195,602132.5771857699,5675248.296275891
29559,69627,598513.2714991578,5674832.224567273,2019-01-09T16:39:33.824467417+01:00,14;9;32;27,342.7864233778518,4196.887852065168,4197.021162022559,598693.1381580419,5675124.030182493,602702.5121362149,5675085.464626587
2001,4568,599159.526587237,5674951.1828351775,2019-01-04T11:06:52.884879007+01:00,14;7;9;5;37;70;20;32;19;12,373.9622958300354,3200.9514626573946,3201.258604461568,599099.5242350528,5675320.300047503,602315.1049130744,5675488.22631181
32655,77075,598503.4884460277,5672895.291785236,2019-01-11T08:55:41.113893937+01:00,69;15;18;25,282.9118110002456,6223.527172548318,6223.5277359704905,598274.611199896,5672728.99596747,601534.7473737488,5678330.708952351
37754,89150,601811.709368706,5674641.130525559,2019-01-26T11:59:23.002+01:00,7;9;70,456.7673008337579,3069.9661414485113,3069.9661414485113,601405.3620193291,5674849.740685344,603670.4223910674,5677084.463906444
1671,3812,598727.0662295629,5675873.454290276,2019-01-23T09:27:13.935930202+01:00,14;9;32;17,722.5708517928026,4170.453227682553,4169.767380650563,598718.2313654275,5675150.937452385,602757.4580462832,5674801.716482787
40881,96619,599132.5822231867,5672408.781526081,2019-01-06T19:29:01.512+01:00,10;69;27,99.72273662338958,770.6623327627393,769.8795587448941,599197.2578125007,5672484.687338418,598824.9503517622,5673115.381174272
15763,36844,599136.4890930249,5672410.129989679,2019-01-09T16:11:22.456+01:00,10;69;1;2,99.46506604486967,771.3453112991707,770.5872947194706,599204.9807651578,5672482.2561999755,598855.138616151,5673128.332954325
37825,89351,599130.7667197695,5672409.595193479,2019-01-09T06:58:15.390+01:00,10;2;69;27,109.379652163154,655.8255861762793,655.1455219453476,599207.9143109036,5672487.133296948,598955.8679677782,5673041.66926037
6084,14121,597010.996648985,5673522.499957638,2019-01-14T10:45:21.571+01:00,27;18;25;69;19,390.5317946377958,4412.988509011534,4412.901266020185,597374.512144113,5673379.770957694,599647.5657367497,5677061.280966137
35225,83023,599135.6815210037,5672386.35062614,2019-01-16T13:44:32.032+01:00,10;2;17;11;1;69,172.67555937713476,430.6931250321541,430.53594338092745,599265.939167935,5672499.7075589765,599287.0332729692,5672789.574156117
2231,5097,598368.3810031735,5677007.65278018,2019-01-21T08:34:27.426388127+01:00,5;11;23;4;32;70;19,1042.1963084443805,3792.227624973404,3792.2275134197707,597339.8144304559,5676839.65292654,602097.6227138516,5677695.945321873
26027,61305,598859.7908168321,5675325.621910389,2019-02-04T09:54:21.231445341+01:00,14;9;20;27;11,210.21032981091702,3905.918752264878,3905.6032736425377,598716.1427942804,5675172.149996423,602735.8368063171,5674843.471740118
55000,129585,599132.3246541378,5672385.861484999,2019-01-17T10:16:45.442+01:00,10;2;69,135.4608614203198,579.9626151842133,579.5115309194479,599219.3032634578,5672489.709289489,599149.1863101978,5672965.5789330425
55006,129603,598648.458175308,5676855.596442565,2018-12-31T10:31:56.431646405+01:00,32;5;9;11;34;6;20;7;4,550.6256386065554,4016.7738812931375,4016.773761281282,598098.0303179164,5676840.839488332,602656.1609479954,5677125.394328458
12055,28192,601030.9834804705,5673918.296406419,2019-01-24T09:42:42.588+01:00,17;9;12,538.3160135216557,4151.249233603249,4159.917583775134,600569.8247818624,5673640.5973154735,603471.7096723677,5677276.231166905
7393,17185,598506.9080399855,5674806.216881747,2019-01-30T15:35:02.791067381+01:00,14;32;9,331.1655775937335,3853.134494511341,3853.127783351313,598479.7214413745,5675136.264648955,602359.9991647885,5674787.935285618
5754,13340,599444.6861408127,5676965.179569971,2019-01-08T10:26:31.656+01:00,9;14;32;4,1503.6379394056662,3368.8583878836266,3368.5892728683466,598754.796539491,5675629.1483612005,602637.8458239089,5675891.430029406
7811,18176,597105.6195711686,5673498.403343734,2019-01-21T10:12:49.993+01:00,27;18;15;69;25,386.1309583073855,6021.865625217407,6021.863773892904,597481.2879083469,5673587.680537939,601118.4300091055,5677988.416483733
26758,63020,597346.858333127,5674702.608002559,2019-01-16T12:33:57.300574227+01:00,19;23;15,2678.851655183721,3751.3573408383295,3751.288992441166,594744.6107862995,5674066.562488849,593595.7314060192,5674744.185344807
494,1186,597913.6267690076,5676371.757234736,2019-01-09T14:25:34.270130132+01:00,14;9;6;20;34,208.6262362543517,4716.843593266652,4716.6922165291635,597914.3766845422,5676163.132346287,602600.1871852555,5675838.123513726
14188,33083,597581.4151923745,5673474.324377137,2019-01-18T12:30:50.612+01:00,27;18;69,148.3512369919116,5915.796137036443,5915.7556080223885,597701.0821556787,5673562.005090014,601260.633435287,5678106.817988141
10138,23651,599133.5907140718,5672385.885919875,2019-01-16T13:07:06.005+01:00,10;2;69,175.6836615791883,413.88784482846455,414.19535377081496,599275.6861364832,5672489.199229161,599481.62138806,5672609.889933366
15900,37157,598557.4821898302,5676588.625802818,2019-01-14T08:44:13.2335889+01:00,5;20;34;4,2180.500371877091,4042.954673340468,4042.954673340468,596621.9864793584,5677592.836052965,602473.261140734,5677594.686287254
29542,69585,598227.9927040673,5676473.67109097,2019-01-11T10:27:50.182333499+01:00,5;4;9;11;20;15,759.8132693505506,4630.906967019937,4630.95534247632,598441.0711295021,5677202.9952911,602685.1466322488,5677730.2848732
34099,80427,599453.032350898,5676962.370901676,2019-01-15T10:44:10.95103963+01:00,32;5;11;6;20,1446.0673722521578,3062.490122362819,3062.490290804276,598007.853037913,5677013.042377008,602510.9642242313,5676795.342737517
49065,115719,598085.9818948878,5675118.541262165,2019-01-08T09:25:07.523387067+01:00,32;14;69;9,220.25164676525296,3556.267087608939,3556.2457003960444,597953.163268838,5674942.842655235,601575.4577702502,5674432.542928585
34947,82350,599115.8245007987,5672361.779288683,2019-01-18T08:14:11.868+01:00,10;2;69,195.98036981078613,513.7070602172289,513.9226550500036,599261.8100488371,5672492.53296976,599510.6467515883,5672690.428545488
1999,4566,599155.0646000017,5672388.846531253,2019-01-14T17:33:10.816+01:00,10;2;69;12,191.0317240103336,764.8230501547197,765.1765960544242,599276.7190390526,5672536.133044681,599852.8651344962,5672701.941903476
34392,81045,599135.6970989077,5672407.992937815,2019-01-10T16:12:24.990+01:00,10;2;69,105.32849777807995,682.2970619034704,681.5573368001025,599208.1330730183,5672484.459414776,598898.4596953065,5673047.717640336
45710,107959,598613.418633792,5676528.593778893,2019-01-29T12:21:08.224679486+01:00,5;9;19;4,1085.546013129993,3747.262508763891,3747.262508763891,597570.8281708574,5676830.943366656,601959.846978013,5678214.830312296
22089,51841,598383.528568197,5676460.950687441,2019-01-15T10:16:28.253963410+01:00,5;11;20,1320.6942095010445,5329.531068977696,5329.531068977696,598658.3349433017,5677752.738073667,603255.3931803169,5678621.699774303
52490,123686,598539.4897835779,5674603.15277462,2019-01-24T19:23:44.331676044+01:00,27;32;14,600.3195687099683,3796.29849344188,3796.6070049351692,597972.3237201775,5674406.413756875,601854.2572221725,5676453.611928274
53688,126467,599440.3838059548,5676965.520510607,2019-01-31T10:26:23.140859926+01:00,9;11;5;6;14;17;4;32,484.48630826037686,3809.246487823439,3809.476094351095,599046.6729380877,5676683.175446165,603175.7724826065,5677711.999069802
14663,34249,597554.4998232687,5675318.040051808,2019-01-03T11:40:52.195643820+01:00,32;20;19,340.43396040929053,3607.366292883383,3607.3688757271643,597780.3949232153,5675063.350662119,600971.2230078712,5674160.847651715
18116,42399,598457.9213467083,5676433.521926233,2019-01-31T16:01:53.777257864+01:00,5;9;20;27;4,332.9565212031432,4298.778486251461,4298.778486251461,598133.513086373,5676358.559764858,602707.5287048055,5677081.853458602
23724,55789,598077.1668390862,5675152.745327724,2018-12-28T21:43:28.817361264+01:00,32;20;69;9;14;27,239.22820552335213,3571.0303469263977,3571.0091951074924,598011.9589974312,5674922.575669201,601595.637066801,5674542.315155342
11937,27928,599713.3637009546,5676529.488323285,2018-12-31T11:18:27.45458003+01:00,9;11;2;4,822.3716960780108,3539.119889227899,3539.119889227899,599898.7311587607,5675728.280415126,603252.1022730476,5676581.439345508
23333,54877,598629.5948526085,5676267.502310537,2019-01-25T15:35:37.292162622+01:00,20;32;18;34;17;27;4,1424.5137684716217,2983.1608766977183,2982.527151159759,597699.15279541,5675188.837833157,600963.2105170145,5674409.146384698
30519,71883,599551.5264938995,5676904.447317304,2019-01-09T11:13:57.148062423+01:00,5;6;4;9;7,2155.168213274273,4083.7276648959646,4083.7276648959646,597656.1257821277,5677930.218329432,603255.5344577221,5678624.085838906
2101,4796,599131.6242107517,5672408.338683368,2019-01-05T09:56:07.672328972+01:00,10;2;69;1,108.05532995938758,703.6291662248173,702.8905370913759,599209.5174941014,5672483.2292084135,598890.5644575636,5673069.386487203
166,404,598303.0238470673,5674707.252795282,2019-01-31T15:32:16.198013493+01:00,14;32;27,189.61663789092592,3997.486379173273,3997.688634188094,598336.3987904675,5674893.909117216,602269.9857251494,5675200.315478436
14737,34414,599113.8248731475,5672360.043291052,2019-01-18T16:59:15.227+01:00,10;2;69,168.58415225439936,574.096543453125,573.5425740666236,599226.017229624,5672485.874493619,599058.3836752137,5672931.4565519905
35287,83156,597097.9289633423,5674259.115531279,2019-01-28T07:38:44.797+01:00,14;27;19;32;18;25,479.2467944577827,2963.0890298012223,2963.5449004166862,597549.2514500553,5674420.3157266425,599448.6281156521,5676063.03074377
11571,27037,598078.5685586513,5675126.462271512,2019-01-02T11:24:54.865420134+01:00,14;20;9;18;32;27,413.2761609556157,3739.4547016302586,3739.1663492221587,598461.3802095912,5674970.730370095,601757.7160232221,5674457.586050162
9832,22966,599131.4260164972,5672413.4270961275,2019-01-07T20:10:22.944+01:00,10;69;1,98.57158820223594,766.1983194301571,765.4176887213806,599201.1845476344,5672483.069793765,598828.3045472492,5673117.115407512
46459,109715,598171.2272034795,5674118.700027023,2018-12-31T09:00:04.048+01:00,27;14;18;19,424.60296354948485,4214.534468036344,4214.933621547308,597759.2928697992,5674015.754500698,600888.7484755947,5677340.09396721
48221,113792,599131.8001229337,5672411.312550539,2019-01-08T20:01:48.868+01:00,10;69;1,96.6637677994507,799.843327956051,799.0943728693449,599194.6386535836,5672484.764596603,598851.4353391974,5673160.408630703
30748,72435,599132.7739395098,5672409.209579374,2019-01-05T16:55:13.809+01:00,10;2;69,100.77246838499138,748.5260678342428,747.7551943444324,599199.8819437857,5672484.386744434,598844.7213358005,5673100.090880122
35144,82811,598634.0016733473,5676447.089051681,2019-01-31T07:48:52.340347092+01:00,14;5;32,851.8008908695455,4041.823349264536,4041.653582741237,597900.1480096478,5676014.626847597,602642.7133649493,5675930.788208883
35848,84474,597407.6813336309,5674724.130768617,2019-01-09T13:09:29.258791165+01:00,32;19;14;27;18;20;25,197.12914282611948,1029.0439093092314,1029.1452234601375,597268.1429242196,5674863.374911224,598296.2162774244,5675243.204001354
29523,69533,597713.0509737867,5675739.891749047,2018-12-31T10:05:07.18723511+01:00,5;19;32;25,1529.3136168855765,2818.238563422824,2818.2376519065483,596502.2892694133,5676674.159501896,599387.9617517178,5678006.418273563
20931,49107,598862.0691686622,5675411.385420318,2019-02-05T10:10:33.737908916+01:00,14;9;20,200.5532206788259,3823.5545370503883,3823.275305990534,598756.7796009775,5675240.69358905,602647.6919971633,5674874.1432978725
17918,41957,599133.4648449351,5672407.949854447,2019-01-05T08:15:33.256511274+01:00,10;2;69,113.85995132669112,602.4735511252743,601.7939428781714,599217.3733224976,5672484.913845438,598971.5283530244,5672988.252320746
42854,101230,598182.5021532043,5674137.162785928,2019-01-24T11:58:52.853+01:00,27;14;69,493.50911440609184,5469.001785400477,5469.257745223316,597866.2901831946,5673758.2680300595,601789.1897435535,5678248.340859708
48763,115059,598520.4054156952,5676447.027869694,2019-01-31T16:03:28.327617699+01:00,14;9;11;32;5;4,895.338599595054,4390.3124613053205,4389.943708508461,598852.3627740178,5675615.50185075,602825.6876495045,5675587.150904577
44391,104920,599115.1265604411,5672366.858057919,2019-01-21T11:08:07.408+01:00,10;2;1,189.37421306764628,435.3887233109031,435.2127913913114,599264.6800943662,5672483.03177726,599274.3600483577,5672772.083966163
5028,11638,600401.7927186647,5676324.3716762075,2019-02-01T09:51:03.067+01:00,7;2;37;4,1697.7763809185228,2637.699445560162,2637.699445560162,601438.8396947745,5674980.132780421,602766.4225351567,5675155.618410516
36679,86456,599051.0490890015,5674642.704044983,2019-01-24T10:23:47.085+01:00,14;2;19;27,685.9459827519332,2545.227171767581,2544.670618340716,598659.438981235,5674079.531411815,601327.6108573601,5673504.526611209
49978,117916,597072.7291613689,5673341.62116141,2019-01-22T09:23:15.180+01:00,25;18;27,556.9112593401488,3570.822005895705,3570.6916300929624,596937.0168689038,5672801.498652664,599169.7899583298,5676231.795172025
25177,59310,598385.6319480046,5676493.666293149,2019-01-09T11:00:59.693876667+01:00,5;14;32;11;6;9;4,379.16599308349254,4539.928926097945,4540.014064806119,598189.6532213694,5676818.257095572,602885.894636476,5677092.4904649835
16980,39735,597134.1119339466,5673248.152211134,2019-01-08T10:17:13.025+01:00,25;18;27;15;19,793.843884542109,4460.818401987151,4460.778799120069,596613.2939005981,5672649.038958766,599227.6526499705,5677187.1861137375
18743,43916,597679.5475244808,5675639.955520408,2019-01-22T09:36:18.906746284+01:00,32;6;5;19;25,1345.3438944893576,3452.6747010079653,3452.672623045773,596976.7493629705,5676787.1368219545,600805.866645881,5677105.25117049
29659,69857,599426.8308167985,5673232.623894781,2019-01-03T11:04:06.515+01:00,2;1;17;27,843.0560263621712,3854.9184003597366,3854.6416897209824,599862.6747194194,5672510.970545773,602850.9847464372,5671461.871021122
5549,12881,599993.4299548175,5674306.214272005,2019-01-19T09:40:12.151277350+01:00,2;17;27,1443.121957307231,3435.4694093502517,3433.5753671320526,599942.5718925123,5672863.988755256,602961.8395174618,5672576.765015454
42180,99686,598038.9007379839,5673831.855757069,2019-01-08T12:34:14.691+01:00,27;69;32,290.33816384976825,5225.5053685463,5225.504026688401,597959.8035334906,5673552.4995657485,601574.6690697393,5677679.4847231805
31788,74961,599138.9037398362,5672407.630475756,2019-02-05T09:35:10.284+01:00,10;2;69,121.37270695813935,507.89547084499793,507.541341085541,599228.000548934,5672490.05069538,599214.9790932686,5672909.796135578
17136,40104,598962.7265323389,5675114.579933484,2019-01-11T11:35:19.111420781+01:00,14;9;4;12,251.23575255376633,3776.951772738138,3776.917742569036,598759.9582440343,5675262.918817865,602739.2945420004,5675060.739781264
37348,88184,599113.0597230783,5672363.423351315,2019-01-20T08:16:10.403+01:00,10;2;69;1,154.65969238965877,740.3270885729347,739.6412994583396,599210.6721686122,5672483.3876415305,598918.0979677069,5673077.618081075
27938,65806,601331.5981031084,5673477.7944290135,2019-01-22T08:51:08.525348108+01:00,70;17;7,612.0605588213208,5183.306547614763,5186.269234504591,601910.1868336507,5673677.427113096,603707.9616657497,5678084.264116822
28749,67698,599378.785980649,5676865.451428928,2019-01-23T11:43:55.444740549+01:00,11;14;5;9;6;70;12;4;27,431.2070758958167,3818.1833929290506,3818.319918459069,599207.8158974621,5676469.58683976,603028.6547667894,5677986.603633581
21697,50922,599123.8586067221,5672375.5136241,2019-02-05T10:11:17.080+01:00,10;2;69,257.94947944874633,1511.4220787371466,1511.8639110545178,599344.1482018596,5672509.716560812,600615.5175115612,5672131.894224814
2999,6805,601311.2642261815,5674940.162761437,2019-01-15T13:31:12.336020932+01:00,14;2;12,2450.326859030229,1378.274500685986,1377.564385774912,598861.9314025479,5674870.374258404,602618.3130283459,5674502.825331068
9471,22123,599139.4543246753,5672410.1872218,2019-01-06T06:16:03.536+01:00,10;2;69,111.99748763763411,555.739487030683,555.1724595294856,599220.7464131995,5672487.226390932,599072.3655831064,5672961.86237821
28213,66468,596957.9461388752,5672684.259258524,2019-01-21T16:15:28.355+01:00,25;18;15;19,596.0434393046323,5323.7786493080675,5323.772872036315,596382.017076884,5672530.722627415,599128.6703907009,5677545.388276495
24783,58347,597553.6675836691,5673605.345577474,2019-01-23T11:30:27.736005424+01:00,18;27;69,263.193619795552,2080.2941651937526,2079.969238776955,597625.9309474423,5673352.266760191,599285.5054862413,5674757.891148353
33712,79525,597371.590196622,5673651.538231984,2019-01-14T08:27:09.165179872+01:00,27;18;69;32,306.02931536860007,3810.453476664107,3810.27345297213,597635.4007533708,5673496.432036064,600171.6856628628,5676235.918443516
3413,7827,598105.0269477277,5676509.08535788,2019-01-02T11:12:46.193+01:00,4;5;6;14;20;11;34;27,1337.99349819552,5002.834723014199,5002.911078819781,598129.1405523623,5677846.861548162,602872.0429386164,5678026.950242647
42419,100213,599115.0994799194,5674964.328363188,2019-01-26T09:55:25.494+01:00,14;9;12,236.5176902978998,3635.362553014688,3635.8430050648526,599059.8308647302,5675194.29792204,602555.8796201069,5676137.739168811
19863,46616,598286.1275389213,5673492.857722973,2019-01-23T13:00:06.238+01:00,18;27;69,565.4024593886026,2968.4393459494486,2968.284284640755,597788.8280198921,5673223.835178461,600002.3078631996,5675914.914131305
18407,43113,598594.3841730754,5673432.568605903,2018-12-31T09:14:21.916+01:00,18;14;15;69;2;27,1176.7940039057892,1155.7956612540618,1155.7489778504462,597418.60660887,5673481.468985653,599750.1367585829,5673442.547166246
44910,106135,598376.7928119248,5676832.980120581,2019-01-10T07:29:48.355053713+01:00,5;34;14,2361.688380163744,4696.36187719206,4696.496989059509,596142.2068982751,5677597.308452856,602839.043258553,5678297.266920736
29602,69722,599116.415455187,5672360.5176327955,2019-01-18T06:57:15.067+01:00,10;2;69,163.3564524977761,631.7911659877483,631.3715819268836,599214.9393935543,5672490.818684753,599160.4209562454,5672990.774400547
32841,77492,598564.4069485534,5674481.841833404,2019-01-02T08:00:06.927+01:00,14;2;27;32;18,425.14757311084463,3075.240190465753,3075.0304250604077,598384.7187709623,5674096.533362493,601606.4217615433,5674031.011370141
26076,61408,598863.5990952419,5676111.600351825,2019-01-05T13:43:33.814+01:00,9;37;11,2832.498458107846,2848.1417135915062,2848.1417135915062,601586.3905844945,5676892.275714084,600732.3359099487,5678260.956985346
49567,116946,600211.1385041582,5676519.668095376,2019-01-07T10:07:57.373974706+01:00,9;14;11,933.7591537599232,3014.58953140591,3014.6825999185794,599600.7343593782,5675813.04730792,603200.0146636096,5676912.566741754
33294,78511,599129.7765305988,5672412.546555328,2019-01-06T20:09:34.157+01:00,10;69;17;18,102.91003822278813,789.8802611027634,789.1914322405864,599193.6858372473,5672493.206808804,598854.7047932582,5673152.983160445
43044,101705,598488.3411477889,5673711.030380323,2019-01-04T19:08:57.342+01:00,27;18;19,837.2316812854141,5125.873550024894,5125.838414965114,597656.9279279279,5673612.496396396,601155.6103593431,5678088.273188751
49158,115980,600292.199160286,5676022.206201051,2019-01-16T09:46:51.598+01:00,9;7;14,903.8275043991245,3163.4423623351263,3163.4924129985216,599697.6943190328,5675341.421248636,603321.1542775584,5676934.784130527
53487,125999,598870.9069215974,5673781.61191046,2019-01-11T12:17:08.328+01:00,2;14;18;1;27;25,946.760909867478,3545.7916907957315,3545.555363821089,599218.0661668868,5672900.795993901,601967.7341625403,5672054.678282821
839,1958,599138.223476871,5675143.428467828,2019-01-03T09:13:01.162+01:00,12;14;9,379.4600541642023,3719.5003132222987,3719.788550252713,599507.0774719414,5675054.340516752,601197.889381703,5678240.597972478
41562,98179,598565.9825326311,5674486.539972875,2019-01-17T08:22:31.597+01:00,14;27;2,63.88152757843808,3993.5253924257518,3993.8012302918314,598587.5655949652,5674546.665017458,602514.1851621995,5675086.490850713
51691,121910,598000.5626396631,5673157.254446558,2019-01-16T10:55:44.145711608+01:00,18;69;27,260.3085157453061,1047.4390446129992,1047.0878448126643,597751.6717054308,5673081.005995908,598786.5452591626,5673849.6126443315
41452,97939,597886.8629599714,5675990.602199863,2019-01-09T08:47:56.108338966+01:00,14;20;5;9;27;69,844.3763906199264,4649.593451179421,4649.3560243124975,598458.9651149687,5675369.578357097,602480.5077826957,5675271.473210106
5917,13707,599137.8042713765,5672407.609254781,2019-01-04T20:40:58.647+01:00,10;2;69,104.60691261341022,674.3064060494057,673.5914356721355,599207.8647691783,5672485.288935614,598925.4526801809,5673047.606075833
11201,26186,599593.8978595336,5675675.4829989085,2019-01-02T12:42:55.670557497+01:00,9;14;12,546.3364733208849,3477.6552455682604,3477.866064789839,599206.695533766,5675290.050902423,602962.0197585253,5676541.416530169
39644,93673,599116.2663896002,5672363.060874834,2019-01-18T07:04:06.478+01:00,10;2;69,166.10201844013568,566.442217692805,565.9884316424979,599225.5943884064,5672488.109942031,599132.9900065496,5672929.256165013
34068,80360,598714.7054174488,5676289.084018586,2019-01-28T11:00:58.355448996+01:00,9;14;32;2;6;5;20;34;1;27,833.8017294493352,3928.946013385521,3928.8821167882684,598298.076654087,5675566.83350971,602615.5809424332,5675820.269647352
33819,79783,598997.576025395,5674748.185361529,2019-01-21T09:13:44.190+01:00,9;11;14;18;20;32;4;19,949.1273905139832,2167.7057769059115,2167.774319516557,598692.1852061551,5675646.839494634,601013.5530626795,5675544.919269664
46295,109316,599617.0352565194,5677022.417583388,2019-01-21T09:05:31.898065822+01:00,11;5;9;6;7,570.0627315982003,4048.9611348104977,4048.9611348104977,599338.2698317105,5677519.671397741,603408.4608256249,5678443.395565322
11244,26293,598374.5857261504,5676981.037459287,2019-01-14T11:43:49.571746480+01:00,5;9;6,1117.697799582506,5107.198381538113,5107.198381538113,597468.2866853825,5677635.1555066565,603249.7572392051,5678502.93693911
3891,9005,599024.5441561705,5673647.082256442,2019-01-31T11:44:09.467+01:00,2;69;1;14;17;27,1181.2835858097087,4369.603864563504,4369.349596426478,599628.445515081,5672631.8315195255,602701.2992229576,5671285.957500724
2073,4731,596582.7585998058,5675612.828111668,2019-01-05T10:56:22.445198702+01:00,32;20;27,1552.2655419359899,4914.509638821728,4914.510382882307,597971.084628494,5674918.508912201,601409.8239663334,5674689.873650527
32318,76194,598581.0075884288,5676334.889476391,2019-01-07T16:01:31.793751081+01:00,32;5;9;20;14;4;27,917.0659118171961,3610.051015577917,3609.9902071846254,597953.9399818548,5675665.713786902,602044.4852023562,5675316.660055828
36306,85565,599132.7242483282,5672410.057326643,2019-01-06T09:51:53.868975333+01:00,10;2;69,120.66050358176409,522.8272069495991,522.2399353269091,599226.7388512795,5672485.68940685,599056.4694276458,5672927.293723902
14356,33466,599184.2567553378,5674938.505698946,2019-01-02T17:09:47.372762345+01:00,14;9;19,513.0051337034558,3362.105542043068,3362.2765274899016,598736.5629119348,5675188.994201248,602536.2410126791,5675199.187908491
50037,118039,597843.5514652458,5674254.601833576,2019-01-29T13:42:00.617+01:00,27;32;18,305.9383559809607,3263.8764431243494,3263.746250239288,597699.0341071797,5673984.948332064,600702.9708844873,5675828.326720857
40922,96698,598522.7430702294,5676848.936533847,2019-01-02T09:24:14.666670708+01:00,5;6;4,2247.046949410739,5167.78305353432,5167.78305353432,596802.2623855307,5678294.331361026,603226.2085809509,5678989.822770397
52433,123564,598104.1759405789,5676504.825548599,2019-01-03T11:12:28.509140801+01:00,14;5;6;20;9;4,104.93543006992886,4744.002886242699,4743.936213454298,598019.0290524556,5676443.494871716,602842.9420310004,5676281.981825441
10969,25625,601106.227213921,5673757.248042016,2019-01-30T09:17:29.155+01:00,7;1;9;70;12;27,319.3118509242462,4669.333128393493,4669.333128393493,600925.5289682499,5674020.512551877,603258.9751977293,5677900.718565879
35152,82841,599113.2765751397,5672364.276241835,2019-01-21T07:01:57.858+01:00,10;2;69,150.11534399980266,754.7116191795176,753.9873029315345,599202.8209933583,5672484.760322402,598875.8752154687,5673080.677123012
28892,68021,599091.6936931239,5674639.245017775,2019-01-07T10:01:42.711+01:00,14;27;12,589.3815508265985,3543.795544652443,3544.193489954555,598640.4458687603,5675018.383532651,602585.4591601634,5675232.616506491
37088,87518,599134.0978721813,5672407.962072019,2019-01-07T15:37:39.185+01:00,10;2;69;1,111.46414722841129,661.7236572407827,661.1673955520854,599212.6568160856,5672487.036394337,599064.8742794818,5673066.054993092
5330,12373,599260.9648541848,5675144.1036384925,2018-12-31T08:29:53.232+01:00,12;9;1;27,367.7057707581738,3982.231503946993,3982.231503946993,599613.32216935,5675038.975829144,601144.5116909455,5678652.724316873
43882,103754,598611.8067654799,5676451.330240398,2019-01-03T08:26:35.571503719+01:00,5;14;6;9;11;32;4,546.2669841652184,4397.464281027558,4397.553073228816,598428.7427739945,5676966.009939833,602936.7647026697,5677246.585510391
3231,7355,599116.4558071719,5672356.699233733,2019-01-22T16:17:56.371+01:00,10;2;69,235.0528204027761,658.9277080289062,659.487618853892,599308.8681603187,5672491.7078065565,599774.3020500274,5672394.435756746
12560,29387,599115.6906549754,5672360.079293614,2019-01-21T08:00:59.858+01:00,10;2;69;1;11,173.49664085988275,757.7544999388655,757.1178198110673,599219.524955304,5672499.073978638,598965.3617254023,5673102.772430186
4550,10527,600321.9613202739,5676363.548336554,2019-01-09T16:23:35.478+01:00,7;11;6;9;4,431.35955703148704,3482.1705101285775,3482.1705101285775,600516.287256436,5676748.656760219,603575.3412028829,5677604.930953254
49714,117306,598547.7731092016,5675887.405902623,2019-01-17T09:40:47.673865896+01:00,14;9;37;32,1385.0888348127212,2790.0790100128147,2790.1976750294266,599925.7967677647,5675747.685192766,601322.5783182363,5676178.948239219
183,441,598440.897636561,5676657.678621486,2019-01-03T10:48:15.978353269+01:00,5;11;20;4,1967.9066276799026,5292.296955906644,5292.296955906644,596967.978101967,5677962.732083946,603225.7320402787,5678919.042545868
12550,29360,597453.7681129484,5673737.118618447,2019-02-01T09:52:35.187+01:00,27;18;69,266.82744218569763,6361.090484584437,6361.078774369896,597693.6992655852,5673620.371344827,601549.3771656817,5678604.300414953
43905,103807,599111.7614940855,5672366.793125532,2019-01-20T10:32:43.617+01:00,10;2;69,172.6491299398129,514.521535478581,514.1811094114148,599234.2329376017,5672488.48317275,599199.5176239491,5672873.775642136
5097,11790,597774.4293327035,5674315.240044765,2019-01-18T10:53:43.113+01:00,27;14;18;32;19;69,217.89365477805015,4097.919342370256,4098.377162881815,597976.3918936616,5674233.455151516,601242.3304255693,5676498.495629133
34763,81915,599114.3018085732,5672366.417790202,2019-01-20T10:02:08.773+01:00,10;2;69,156.57464305847003,643.2318780066403,642.5847602442841,599216.3315152212,5672485.18461137,598974.4147997239,5672994.254451795
51049,120394,598385.4492227606,5676494.511496725,2019-01-30T08:48:26.172057283+01:00,5;4;9;6,1342.5845012554578,5255.793058471918,5255.793058471918,597955.6246784317,5677766.432879556,603214.8157351958,5678568.29542039
37235,87911,598589.1861662327,5673448.169840096,2019-01-09T13:49:39.853397121+01:00,23;69;18;27,2462.030778116528,1278.7794665452407,1278.6798365886932,596226.388322343,5672756.229162506,599522.7401680731,5674322.099957271
20601,48325,599050.8775499293,5674627.423972062,2019-01-28T10:55:56.615009662+01:00,14;9;12,606.1911737450636,4010.386037633908,4010.8962229764725,599078.5798428524,5675232.9818322975,602766.824042706,5676135.713676883
21465,50335,599115.1423554282,5672364.312244218,2019-01-22T20:56:11.136+01:00,10;2;69;1,194.95798262153517,638.5172900379048,638.5135997982338,599269.3729582699,5672483.566326475,599467.6974492088,5672896.674184562
27101,63839,597847.5365120069,5674307.7216839995,2019-01-29T13:29:21.840+01:00,27;32;69;18,412.2677732136585,3878.0229731667187,3877.956619081963,597816.7859646956,5673896.602333116,601106.8915716095,5676409.070483188
30726,72380,598371.8107901638,5674711.116825208,2019-01-08T16:41:03.756930742+01:00,14;11;32;27,1086.1520276577994,4427.598526620731,4427.970304360481,599034.2720349375,5675571.855651077,602691.614193329,5675682.161247949
15366,35887,598635.7778031114,5675781.31102942,2019-01-21T10:57:05.162211922+01:00,14;9;32,609.6952939555412,4054.020964454413,4053.693742625916,598673.5146066098,5675172.784706955,602621.9417220465,5675042.674994816
29337,69067,598461.605227316,5676465.419203423,2019-01-22T08:34:09.596336520+01:00,5;11;14;20;32;4,1808.6248077908026,5143.850974549635,5143.923483513999,597163.3011907178,5677724.59763554,603164.9309613858,5678548.18896689
35563,83776,597463.6925305863,5673247.607574603,2019-01-23T08:37:05.440434834+01:00,18;27;69,48.50163948677175,2003.9456310081755,2004.0389292662485,597494.8069088091,5673210.401331837,597209.2266631718,5671259.883948351
28518,67161,598566.0025730407,5676235.302216264,2019-02-04T11:10:48.398830756+01:00,14;9;11;27,1041.04352498879,4301.151218370084,4300.677508394121,598821.4254911136,5675226.079369791,602769.8664560128,5675325.670281508
2378,5468,599114.2088891016,5672362.596819512,2019-01-21T06:58:16.783+01:00,10;2;69;1,157.88232523166312,754.3923078636531,753.8394185837166,599214.3344322462,5672484.66935627,599043.23682644,5673113.6432365095
43837,103631,598350.9961145559,5674709.020520923,2019-01-22T15:55:43.595015722+01:00,32;14;27;1,225.97985915702452,3821.920690853508,3822.1086673126415,598340.8976576325,5674483.26641152,602043.3021440513,5675695.911574548
36563,86157,598571.5452770876,5676213.766639128,2018-12-31T10:11:12.635701522+01:00,14;32;5,830.5991221669758,4194.772448317799,4194.203162838362,598375.0039780615,5675406.755846436,602599.1490054236,5675041.3656408945
32445,76520,596900.6640534666,5673660.451457262,2019-01-29T11:35:53.677436171+01:00,18;19;32,382.2596240807946,1027.8394494748352,1027.8771947873606,597254.6421079721,5673804.749610857,596826.2691445209,5672635.307891014
48088,113458,599133.9564162071,5672408.383695033,2019-01-10T16:56:41.348+01:00,10;2;69,179.60553747628745,485.79971192658513,486.3356379857521,599294.112121505,5672489.675140787,599612.4624523941,5672492.248666509
786,1836,597118.4062302792,5673504.161714888,2019-01-04T09:57:18.022+01:00,27;18;19;25,382.80415604804693,5419.738563557094,5419.694854364726,597471.2216147555,5673652.6889055455,600299.3717304771,5677892.216475697
44545,105270,599134.5894434011,5672408.395912668,2019-01-10T16:51:57.025+01:00,10;2;69;1,106.79070137303663,692.2247095432772,691.4995034365911,599210.4018931913,5672483.607124309,598908.9779742482,5673062.822771445
39697,93818,598430.205288094,5676468.635785355,2019-01-05T13:48:49.808003004+01:00,5;32;9;20,1617.688600603123,4793.922775548933,4793.922406666173,597080.6328354988,5677360.5834316425,602951.7770736156,5678061.458489331
46972,110910,597217.7634108999,5673365.582482079,2019-01-24T10:31:30.470335111+01:00,18;27;25,331.0610012658045,2764.2425826694484,2763.9583855024753,597548.4267042683,5673381.805089079,599394.3162382417,5675069.5938804075
15959,37269,598792.4835036774,5675248.790615878,2019-01-21T09:48:03.523+01:00,14;9;12,125.92718550828535,3980.3260376155276,3980.0066612865253,598705.6656894883,5675157.574810288,602744.0533550347,5674771.201801557
33452,78919,598088.0638507963,5676807.5057842815,2019-01-03T12:27:15.811099796+01:00,5;4;14;6;20,1179.3103706839538,5127.192160544115,5127.273529318728,597449.029925919,5677798.671054687,603035.2137227776,5678154.282527213
14920,34826,598720.3234510886,5676267.125677034,2019-01-15T15:30:22.502201298+01:00,5;14;20;32;9;11;19,589.8431103666068,3096.436301924786,3096.4429020857165,598131.267905987,5676236.655041466,601816.4247124713,5676312.675113278
20256,47516,599979.9621024368,5676792.263136376,2019-01-11T10:15:01.382847556+01:00,11;7;4,1418.639516476827,4006.669678170742,4006.669678170742,601269.8046476519,5677382.893550647,603582.3032763264,5678546.269971275
15931,37222,598843.5369671212,5675705.954879325,2019-01-29T12:46:12.636264997+01:00,14;9;32,493.05628065153286,4009.2575816068415,4009.108116893568,598855.688681054,5675213.048365127,602839.6125513555,5675381.1067905845
13487,31517,600241.8410144638,5674042.0166485,2018-12-31T10:12:40.205741032+01:00,17;1;2;7;27;12,820.2083975287258,4420.721931695422,4427.061758410374,600658.1558066042,5673335.317413166,603471.3712102864,5677060.777505482
42286,99919,598129.060264635,5674098.7979981955,2019-02-01T09:25:11.166+01:00,27;14;18;32;69,551.5030227113357,5558.50764819717,5558.595607212208,597742.0680110517,5673705.869786271,601624.6675306887,5678420.57276287
1398,3196,599141.5849269091,5672405.136107585,2019-02-04T18:49:32.357+01:00,10;2;69,125.907138148093,458.8668471993542,458.4826020176588,599236.4441441443,5672487.927027028,599194.0320061644,5672860.995830895
4467,10326,598913.5031181646,5673974.664576672,2019-01-24T10:50:04.62074677+01:00,14;1;27,309.13536814352,4883.893486705959,4884.641337921501,599157.2663435113,5673784.548386394,602723.7126529022,5677029.941796645
25990,61216,598848.9300040104,5675240.966154393,2019-01-02T14:07:40.865425648+01:00,9;14;20;32;12,122.33559048103618,3864.557217227824,3864.696622186775,598964.6412238713,5675280.676484241,602671.9736114729,5675805.890981842
19280,45145,598493.2573914926,5673699.667174114,2019-01-25T19:09:02.039+01:00,27;2;18;19,526.6270097821489,3819.3487957796015,3819.3110865490594,598059.7175765176,5673400.703570537,601291.2268918066,5676299.434836644
7901,18385,598362.2318870064,5676444.416827918,2019-02-01T13:01:40.937167266+01:00,14;9;32;27;4,1244.0739672946627,4390.357102569382,4389.960985604007,598666.8616424941,5675238.215871124,602630.9449323755,5675418.100880279
13268,30998,599195.091455125,5674700.227575974,2019-01-30T09:55:24.219+01:00,12;9;14,515.325974534874,4097.861020315571,4098.108824649703,599465.7470522162,5675138.755121053,601753.1771171002,5677901.580834803
49455,116686,597367.4327042203,5673823.320943124,2019-02-04T11:16:41.192+01:00,27;25;18,435.64581460704375,5271.557793979424,5271.4991552452775,597489.528542506,5673405.134522902,600823.5838986195,5677803.815949617
42266,99877,598514.7886327205,5674817.401324111,2019-01-30T16:15:40.738682037+01:00,14;32;9;19;27,349.53903765134635,3128.9690124357903,3129.0764845917647,598283.909443017,5675079.836723027,601633.6702002446,5675068.448826671
52161,122991,597836.4814578083,5675839.844848242,2019-02-05T16:50:23.982580846+01:00,14;20;19;32,629.1615446040229,2660.4169246420374,2659.866709241442,597973.7309766229,5675225.836038212,600173.3477024445,5674568.281099308
20695,48540,599133.2070633086,5672409.217938701,2019-01-08T11:37:46.201+01:00,10;2;69;27,102.08549721625783,731.9746990239502,731.2064940102313,599201.9918110833,5672484.650738035,598853.1735234755,5673085.507947927
29994,70629,599132.3331981585,5672411.322838848,2019-01-08T19:11:47.968+01:00,10;2;69;17,109.85102522166227,671.4970210734435,670.8652893368032,599209.9906064792,5672489.018235592,598972.8338354311,5673063.602075526
50250,118538,598523.6561157017,5676478.916885042,2019-01-21T08:24:16.399535186+01:00,5;14;32,901.7917461483834,4087.2488711973815,4087.2150207250634,597640.9540800599,5676294.348551638,602607.8845388028,5676321.813342634
51555,121564,600424.5341648259,5673421.781680176,2019-01-22T15:15:31.750933093+01:00,17;1;9;14,250.57227130315786,4938.48762523029,4947.451254380739,600665.1035748983,5673491.87320665,603550.5177151771,5677244.985424091
37980,89746,597914.5997190968,5674346.343364086,2019-01-09T12:49:12.617663883+01:00,14;17;32,1099.224038834456,4797.467459092455,4798.0810685833085,598911.4836447914,5674809.502004557,602652.9925601328,5675096.894698153
2514,5768,598204.2137774889,5676122.275474769,2019-01-09T09:39:03.173+01:00,4;11;14;5;6;18;9;20;32;27,513.000837265911,3996.9825335171395,3996.9384267271475,598467.0879728165,5676562.805855636,602182.5287839174,5676508.1239979835
36779,86716,598908.1701187544,5674611.092680198,2019-01-10T10:34:07.202+01:00,2;14;9;11;69;12;32,839.5035956933722,3716.178424461442,3716.1032992132336,599421.8205240029,5673947.067418352,602515.5210041691,5673718.343178977
24856,58527,599105.9506337368,5674860.1847452875,2019-01-08T11:32:08.260292925+01:00,2;9;14;32;70;19;1;4;27,1069.1421661930315,3421.4510940300197,3421.320312951889,599382.3661149065,5673827.39267846,602318.545473022,5673683.085774327
10937,25562,597958.4133212655,5676549.991808997,2019-01-10T09:52:21.702290929+01:00,5;33;4;20,2161.045167281762,5120.966449461889,5121.545457967332,596515.9050565521,5678159.117696323,602641.5777367234,5678621.770859548
3753,8697,598607.2061262906,5676330.300741591,2019-01-17T15:54:23.921719609+01:00,32;71;5;20;27;9;4;25,10655.666748317853,2582.9553376784247,2582.9551565147653,593984.4183742208,5666729.620179749,601158.8333938902,5675929.231466173
29491,69461,597955.9496156878,5676581.3468849035,2019-01-15T09:16:58.616486666+01:00,5;6;20,1814.9741643568268,4959.997408263947,4959.997408263947,597103.0887391223,5678183.457849383,602798.1555725274,5677655.87736913
31508,74255,599134.8742861206,5672388.456811928,2019-01-17T14:59:23.961+01:00,10;2;69,276.57448357079346,1530.4297947934508,1530.9198619319588,599387.606863858,5672500.794201575,600577.0787493619,5671876.341939074
53991,127142,599115.3334992267,5672363.042873356,2019-01-19T07:26:58.570+01:00,10;2;1,213.49239154430816,438.7412459150869,439.0538296892596,599290.8572753278,5672484.576429506,599485.7157849643,5672598.225447708
41917,99043,597154.8162001705,5673955.5091279,2019-01-18T12:31:00.448+01:00,19;27;18,224.68475549184987,2187.733112670857,2187.789665995456,596933.7240006462,5673995.52760688,596574.202715722,5676064.789610423
2455,5635,600754.6301923364,5674880.40362595,2019-01-14T13:00:10.555068002+01:00,9;11;7,1318.2101023488606,3865.3684571876934,3865.3684571876934,600353.5395607507,5676136.1122622145,603447.2940732453,5677653.602957818
898,2084,599136.3642427188,5672385.515096738,2019-01-16T15:31:03.215+01:00,10;2;69;11,156.95322215943784,605.4896672212436,604.9584856235774,599229.9293740964,5672511.530493164,599093.1851623307,5672989.463193952
32187,75890,599111.6767578694,5672362.547959772,2019-01-21T09:14:16.291+01:00,10;2;69,161.70736705852525,641.9853152122234,641.4044092510044,599214.9667375889,5672486.968426941,599027.5697804221,5672998.999969976
31262,73668,598344.9960483671,5674022.303227721,2019-01-10T08:56:11.081+01:00,27;69;18,945.0665669997112,3360.108126306461,3359.9864476732696,597834.3599374582,5673227.066421294,600441.8784185373,5676647.833830502
30620,72120,597455.1692699745,5673740.540012383,2019-01-16T09:51:43.327+01:00,27;18;25,263.4016223173037,5368.923733110937,5368.855671644267,597659.9400897003,5673574.861631089,601032.3801387848,5677744.151438586
41379,97785,599132.5407190032,5672409.205078212,2019-01-05T15:35:45.206+01:00,10;2;69,104.31644196742604,705.0858260222429,704.3452238645766,599204.3874305644,5672484.835562162,598888.199975334,5673070.600287629
48219,113786,597645.8264611219,5675176.770646945,2019-02-01T09:47:42.82016213+01:00,32;14;20,281.9502147217874,4004.828250573917,4004.796794559818,597901.2116990152,5675057.295528833,601497.6202407681,5674080.260731041
15148,35364,599131.3669993137,5672411.304191328,2019-01-10T09:14:29.868+01:00,10;2;69,126.30214438456683,475.1883694604709,474.6835534993232,599233.0574802775,5672486.21265385,599113.7765108567,5672886.166867463
40885,96629,599110.3265322059,5672359.975788075,2019-01-21T08:54:44.746+01:00,10;2;69;1,165.32786821231738,745.6048432855042,745.0512261648065,599221.2013094289,5672482.613823705,599040.7834834885,5673102.330384414
7258,16858,599142.1676955272,5672404.298649709,2019-01-05T11:35:41.082+01:00,10;2;17;69;1;27,107.61334911974097,760.8284417010477,760.1328304339338,599209.1139174727,5672488.553241726,598883.7299705945,5673119.889217026
8917,20772,599135.2317946879,5672411.3787825,2019-01-07T11:52:45.382+01:00,10;69;2,94.32149410901475,778.1716245303504,777.4371029185849,599192.0572950741,5672486.660963371,598874.712503764,5673144.645975466
25373,59775,598448.8820773944,5676645.949938871,2019-01-03T10:41:24.434402412+01:00,5;32;33;4;20,2216.80920622536,4568.548468291574,4568.995769380708,596650.6726384785,5677942.362631882,602666.3318015245,5678402.2964114
10998,25672,598436.9211630584,5676467.491593119,2019-01-23T08:42:25.587530481+01:00,5;14;32;15;20;19;4,1447.5467416322817,3969.9711377661033,3970.0819992942793,597058.2704379918,5676908.75540025,602340.1322315269,5677192.484137688
48121,113542,600959.2551852374,5674769.847648092,2019-02-02T11:04:00.199+01:00,7;17;12,473.1541581856964,3288.4720925045312,3291.062374585633,601372.5797776328,5674539.5486278385,603584.995339019,5676749.629794693
1692,3869,600515.4362560872,5676085.985298448,2019-01-03T09:17:22.475521917+01:00,7;14;9;11;17;4,569.7913496110677,2997.106743891441,2997.438146418339,600623.8721441334,5675526.6072149705,603450.0770717133,5676694.698792254
40800,96435,598964.1300176287,5675031.433496792,2019-01-15T08:30:08.354515118+01:00,14;9;20;27,266.84950912578086,3754.4473549224494,3754.427480461149,598734.175017458,5675166.819457723,602718.4209197063,5674997.158674241
43254,102214,599158.395773739,5672387.213425339,2019-01-14T18:09:29.406+01:00,2;10;69;1,381.3811580877328,2865.8038914829062,2865.9227522595265,599528.3311153442,5672479.946541192,602024.0997175688,5672411.147726175
18981,44447,597709.8701243196,5673828.129295593,2019-02-01T10:56:51.666616909+01:00,18;32;69,437.0573571650167,1425.1338326980751,1424.88886849205,597653.3223190818,5673394.745540504,598364.8102109517,5672562.404236971
26079,61417,599132.7067357695,5672407.510869705,2019-01-05T20:20:35.221+01:00,10;2;69;11,119.61805078574868,640.9474603069457,640.2525391931074,599216.6415686982,5672492.736581172,598948.7972394484,5673021.5067524575
48055,113372,598152.2035875767,5675432.1309122285,2019-01-31T17:33:04.343533176+01:00,20;14;32,219.53971203549668,4009.0999364182894,4008.7244529144655,598368.8045476043,5675396.329944703,601686.6723199527,5673539.932962741
26435,62240,599136.2233545503,5672387.634143264,2019-01-16T13:57:43.513+01:00,10;2;69;1,163.7023305511128,412.4777085092003,412.50982978193764,599266.6662648609,5672486.543698806,599379.1121576548,5672721.015140538
4690,10825,598381.9256912706,5676374.351723766,2019-01-21T11:38:11.341777110+01:00,5;20;32,1011.5759326765386,3874.8737094855765,3874.8738302189113,597413.4604461534,5676666.517663893,602247.9197927772,5676112.176454949
14407,33579,598637.218700511,5676821.856239549,2019-01-22T08:26:15.234173054+01:00,11;4;5;27,2289.70716426676,5244.973399754947,5244.973399754947,600781.1305162935,5677625.846926213,603450.7568346792,5678905.026082612
9755,22799,598226.3270842208,5673992.0240776045,2019-01-07T12:28:56.869+01:00,18;69;27,1016.7419859386332,1349.0448003552667,1348.7354806391872,597827.3402909173,5673056.837569607,599336.4790977599,5674758.499374141
13690,31959,597551.4443474426,5673936.2963491725,2019-01-17T10:44:28.487+01:00,27;14;18;69,409.6948382912431,4721.478027433894,4721.653597539068,597880.4098718433,5673692.100640205,601137.485953822,5677007.559991528
2958,6719,598015.6880209073,5673206.343466977,2019-01-16T11:07:18.136132809+01:00,18;69;27,197.82585035862095,2937.6984974952743,2937.516611123042,597848.8659328,5673100.016339725,599798.9202745619,5675540.900211139
4961,11455,598112.8963932259,5676501.597507018,2018-12-31T11:50:26.020+01:00,5;20;4;34,1790.5056978695911,4874.264738609241,4874.264738609241,596808.3644719499,5677728.017957139,602742.6627473863,5678025.972870219
37177,87750,599348.0275799894,5676931.903947061,2019-01-24T11:23:30.367+01:00,14;4;11;5,688.8584839104277,3627.2625623223807,3627.032915491223,598899.9744602982,5676408.669379405,602939.0887209635,5676420.7155494895
45081,106520,599114.5923285693,5672363.452924581,2019-01-21T12:40:20.623+01:00,10;69;2,144.59546431665805,845.6262097354842,845.0165116731231,599182.1609719713,5672491.290034724,598973.1983479251,5673197.174358172
34679,81713,599133.0737944477,5672409.215366596,2019-01-09T14:51:18.484+01:00,10;69;1;2,99.61936226840336,785.1582660352377,784.4000101578282,599199.3314593782,5672483.60581744,598847.3985506312,5673140.558759124
30466,71761,598241.6896244072,5674381.873258064,2019-01-21T11:36:03.838+01:00,14;27;32,465.0488020697285,4170.890274416365,4171.293730011894,598335.6138067667,5674837.338554518,602286.8560992143,5675398.216641137
22682,53348,598458.2432205441,5676427.162790549,2019-01-24T11:29:52.960269142+01:00,20;5;6;14;4,1008.0452257635221,4064.22195361914,4064.208929601768,597775.0531888508,5677168.382432612,602521.1627373601,5676324.278932947
26021,61284,599071.7491151349,5674882.015228836,2019-01-11T11:21:42.520355660+01:00,14;2;32;9;12;4;27,344.4786145052176,3609.3390327621514,3609.0149282076163,598945.7583765376,5674561.403548389,602573.327000102,5674006.640698175
45048,106456,600509.5516736102,5676087.143087509,2019-01-15T09:56:53.517446113+01:00,11;9;7;70,870.5569624414367,3819.6025057602965,3819.6025057602965,601073.9090130514,5676749.993159753,603547.1189143735,5678402.860807753
7001,16286,598669.6914869816,5676366.29929831,2019-01-17T11:46:03.840404496+01:00,9;14;5;6;11;32;70;4;23,301.8945421583712,4319.297553171647,4319.370119116683,598811.8688347453,5676099.980098161,602934.8337202161,5677048.129983388
3096,7012,600206.2919372666,5676784.797779585,2019-01-14T16:00:50.703576789+01:00,11;17;7,964.7270036486048,3696.3208610373276,3697.373296273541,601146.1308922262,5676567.080232499,603575.1462128637,5678305.852932277
1621,3697,598523.4510230639,5674768.76697837,2019-01-29T16:00:42.221261804+01:00,14;32;27,391.66180298856676,4181.438393133605,4181.437158580941,598662.4574064101,5675134.931140064,602704.8881265343,5674765.482881462
22934,53923,599241.5003677658,5673862.5996863395,2018-12-31T11:09:44.758+01:00,18;69;1;2;11;7;12;27,347.5025487054756,3193.863463528512,3193.763894464114,599584.1681079759,5673804.834288599,601660.7062639019,5675947.835082107
30936,72874,597720.58675869,5675686.991288647,2019-01-09T09:52:42.563636386+01:00,5;14;6;20,1443.1403859239247,4991.721024532645,4991.835730297333,597645.3955949596,5677128.171521089,602654.1698181109,5676446.620792126
30471,71771,598935.7205587107,5674946.439205022,2019-01-08T14:27:07.5580978+01:00,14;9;18;4,252.26526276550686,3440.745678292758,3440.834745200522,598823.6519796016,5675172.444506673,602352.5748668447,5675351.207607539
24415,57478,598507.8418308443,5674847.821421108,2019-01-14T17:29:14.580735762+01:00,14;9;32,363.07718054058194,4165.554380395235,4165.591602711677,598682.1956753465,5675166.295558106,602672.795525683,5674918.560490084
48863,115287,597712.2454002362,5673207.7744330345,2019-01-14T11:25:38.832058263+01:00,18;27;69,161.1180778287158,1273.0403516915976,1272.6432632845497,597594.1004422884,5673317.322613826,598778.3921716737,5673903.448781267
34124,80476,599138.0476217372,5672388.093706168,2019-01-16T09:54:36.260+01:00,2;10;69,348.41023117154265,2324.209590373022,2324.5563910382994,599466.0770789753,5672505.50905597,601227.1579954413,5671369.48285483
20203,47400,599141.7421925988,5672402.1686708415,2019-02-05T17:42:54.222+01:00,10;2;69,113.68573730626757,591.5665216412687,591.0199818978703,599215.6808026743,5672488.525655544,599085.8031407971,5672991.084430531
8964,20874,599128.4427015102,5672409.125988112,2019-01-10T07:19:03.868+01:00,10;69;1,103.18683324655557,773.3647065061946,772.5914060398304,599200.1215629992,5672483.3530948255,598831.4681904776,5673123.19818969
40093,94726,597851.4856081943,5675833.765696042,2019-01-09T19:38:52.786234092+01:00,14;20;5;9,400.0750212606949,4603.061733694539,4602.920107760793,598249.560096197,5675873.724733044,602413.3343151782,5675219.181528664
49454,116679,599115.0675350118,5672364.735153531,2019-01-19T19:09:40.146+01:00,10;2;1,227.12397012784015,519.0957520101188,519.5966303134908,599307.3916553797,5672485.552083352,599619.215113266,5672488.410612274
22367,52552,598486.5557087036,5673703.357788229,2019-01-09T10:03:29.620+01:00,27;18;69,813.0042116853969,3777.665524952005,3777.566878201058,597734.2025683484,5673395.2334619975,600546.4717763688,5676869.981007462
38305,90525,599113.8189930753,5672367.257179883,2019-01-19T20:12:23.447662887+01:00,10;2;69,155.9211600226624,645.9783645022134,645.3347940583797,599215.6019595044,5672485.374223055,598976.4361176194,5672998.457617887
265,636,597868.3111204269,5674844.922243047,2019-01-22T11:38:30.667118412+01:00,32;14;23;18;69;25;27,319.119679849343,3354.7182685239222,3354.6349230797573,597601.3466605917,5674670.087042781,601123.5311170928,5674033.949102632
43887,103766,599138.3141605591,5672388.0988506265,2019-01-16T17:01:43.865+01:00,2;10;69,302.0362448640253,1799.7106644532,1800.1577215752277,599418.2344453349,5672501.547197387,600793.2471283958,5671680.882230549
34998,82464,599134.6326536706,5672413.064631454,2019-01-10T08:38:07.463+01:00,10;2;69,138.74949921126864,374.01875829484123,373.82238569638406,599251.9659257994,5672487.120872129,599262.5485456331,5672764.529503297
10354,24165,599126.244336702,5672410.780974456,2019-01-09T07:29:52.232+01:00,10;2;69,111.7903941968832,657.4185522601719,656.7017185287283,599210.1067212916,5672484.701152254,598919.0649129042,5673034.7007122515
35845,84467,597701.3927566118,5673205.446186005,2019-01-03T13:42:13.838+01:00,27;18;69,211.92750884750015,4581.532637871804,4581.41798676083,597716.3494834352,5673416.845252533,600513.9828865416,5676822.043768389
17642,41335,599135.5556428008,5672408.414560787,2019-01-09T17:03:01.229381951+01:00,10;2;69;1,117.19372589356223,605.3005994522397,604.783729603233,599223.540996167,5672485.828687288,599102.9338517804,5673012.835469135
52702,124138,598116.7978435217,5673017.74078997,2019-01-10T10:54:57.453132085+01:00,69;18;27,125.54135873399683,4450.003589343923,4449.908780829127,597991.8292239775,5673005.762606385,600540.8704535057,5676749.550528783
37217,87842,599410.7775866269,5674333.513942874,2019-02-04T08:16:30.335+01:00,2;9;11;17;1;12;7,854.1480602515752,3954.8485338373,3955.4525954818873,600264.5487416183,5674358.885654213,603033.393563546,5675920.170934591
47021,111019,597058.7541466015,5673419.861455185,2019-01-17T09:42:00.213877677+01:00,18;27;25,453.9807899791076,1418.4461311203215,1417.9403568987786,597489.5738535171,5673276.707908938,598471.0451535457,5673551.859707427
32921,77664,599125.0645032449,5672370.020305293,2019-02-04T20:04:34.507+01:00,10;2;69,163.19529751999326,733.1916330199213,733.2716945164848,599220.3827547072,5672502.485908642,599597.3024648386,5672930.877932824
36704,86523,598609.9076292367,5676848.065458494,2018-12-31T10:22:27.512397637+01:00,5;9;32;11;34;27,1133.6491146705234,4125.7953104867,4125.7949484732535,597488.4415869613,5676682.311932992,602632.9575322826,5677763.082628626
53967,127085,598313.1376666817,5674194.828734744,2019-01-10T08:12:32.172+01:00,27;14;18;19;32,645.7145416757746,3583.765575279996,3584.037290786128,597687.7635161654,5674034.035571962,600572.3261433978,5676976.814199342
42794,101098,599136.6141745573,5672410.556757023,2019-01-08T06:20:09.518+01:00,10;2;69;11;1,115.81876133183918,675.1826061669677,674.4783958342216,599217.2440608856,5672493.700048436,598935.4450255103,5673055.074037739
21581,50636,598637.8085087091,5676434.431608999,2019-02-01T10:11:05.885855500+01:00,9;14;32;6;20;11;27;34,478.99050829972185,4002.0130412286644,4001.962504302805,598512.5292790397,5675972.11459476,602630.2198343655,5676157.375317004
10604,24759,598438.2393115874,5674339.38428093,2019-01-25T19:16:57.041+01:00,14;27;18;32,305.48115208428055,3476.532129597154,3476.947092826063,598135.1808653482,5674377.781057381,601621.3585113584,5675737.249728021
42305,99971,598704.6320945801,5673819.999154622,2019-01-02T09:15:34.191+01:00,14;1;18;19;27,322.01392493798716,2571.8349240545867,2572.441371741019,598383.2528752967,5673799.791105067,599812.9336812304,5676140.775419068
32362,76313,599116.2243110572,5672361.787003618,2019-01-18T08:10:30.732+01:00,10;2;69,155.52786055207122,690.7439278151903,690.1317123715547,599208.0006662674,5672487.349800784,598997.4963734621,5673042.250706285
28048,66071,599133.3233890124,5672408.371477476,2019-01-10T16:45:05.636+01:00,10;2;69;11,117.5880080578791,712.4760101391618,711.7456162768053,599210.020861979,5672497.503050331,598897.5308437531,5673080.698734565
26262,61837,598581.0415648427,5676336.587547277,2019-01-07T16:03:38.285130770+01:00,14;9;20;5;27;4,654.9029054442162,3976.0886698229237,3976.0101079758074,598365.513117627,5675718.16592411,602540.9927192661,5675978.721699682
50551,119256,598374.153550682,5676887.246853202,2019-01-21T08:45:32.439590385+01:00,5;14;6;4;19;27,1273.747603144404,3899.848747707165,3899.9923077471003,597193.1687778357,5677364.434366472,602067.5906649971,5678139.182369749
47779,112701,597657.8984310494,5675515.632778128,2019-01-09T10:06:01.77046017+01:00,5;6;19;32,1987.1154563560435,3434.3199614702153,3434.318801315685,596774.5548976018,5677295.613687802,600358.1621213312,5677637.690647437
11146,26024,597061.9895748853,5673414.40608308,2019-01-15T09:33:42.136+01:00,27;18;25,354.57094366326965,3640.719532363603,3640.534407374935,597355.5951238837,5673215.618921302,599631.802284808,5675993.340232928
38011,89818,598687.6997207107,5674823.693669184,2019-01-08T11:26:16.207394734+01:00,14;27;32,252.45688567493255,3861.608406833029,3862.041018459708,598436.4570588233,5674798.963040959,602457.497496002,5675660.738602944
12101,28286,597493.5883601906,5673310.554471562,2019-01-02T10:39:13.758059679+01:00,18;27;69,106.97021369302094,2183.538398418071,2183.6565282014917,597492.5975804934,5673203.588846368,597147.2086370809,5671154.664626327
22949,53958,596916.4448003025,5673650.564954134,2019-01-09T10:20:56.308960277+01:00,32;18;19,810.4990900650985,772.0023696274899,771.745074011197,597259.1134265553,5674385.062733285,597680.6591064228,5673759.945724983
17426,40805,599078.1085358005,5674775.200601354,2019-01-21T11:29:52.341+01:00,9;14;18;27;12,530.8483504619608,4529.593524344465,4529.622848001366,599293.4641910193,5675260.403561932,603011.2068281937,5677021.966124981
13270,31002,599137.7802767968,5672410.579263862,2019-01-04T14:05:26.691+01:00,10;2;69,98.61600445663706,722.996043920404,722.2290100454674,599203.3655580708,5672484.224950872,598860.759856289,5673078.398824931
20504,48120,599111.7346307536,5672361.276017258,2019-01-19T08:30:15.233+01:00,10;2;69,157.0993883556895,708.307275279823,707.6629658298431,599206.480144961,5672486.589645245,598961.7938174745,5673053.530991041
40565,95888,599712.3463411186,5676518.435249951,2019-01-09T11:38:07.214928961+01:00,14;9;37;11;2;7;12;4,909.1467635405219,1908.4824629000284,1908.531516810908,600436.8081308809,5675969.160316215,601617.424384268,5676632.378045716
37641,88874,599136.3309253501,5672385.514453693,2019-01-16T15:29:59.936+01:00,10;2;1;11,191.4039027932419,418.5067835688351,418.554069544864,599284.9097519988,5672506.1783931125,599389.1517932869,5672719.025377995
33981,80174,597785.5243775089,5675928.8360635685,2019-01-02T08:49:36.642971482+01:00,14;5;20,555.4638258699862,4852.113948784155,4851.815640426229,598293.565976685,5675704.261364734,602570.3646795638,5675123.65716679
47679,112466,598268.1320784925,5674190.996543941,2019-01-30T09:16:40.568+01:00,27;18;69,817.8249323254104,5377.370191469607,5377.353333198967,597696.435098505,5673606.188726786,601487.8983400584,5678497.876551207
25149,59235,600248.8786243941,5674735.978571477,2019-01-14T11:48:11.822299970+01:00,11;9;7;12,2072.652614333406,4678.477483667171,4678.477483667171,600748.0603109162,5676747.621309029,603346.9459103015,5678241.70683493
52508,123725,599114.6671489596,5672363.030015263,2019-01-18T09:49:36.949+01:00,10;2;69,153.0645165651482,722.9858246545298,722.4003529090187,599201.5965740656,5672489.01422571,599015.23964635,5673079.146398525
4829,11147,599112.658759502,5672360.020789795,2019-01-19T11:50:04.459+01:00,10;2;69,160.4233444717021,775.0520905932071,774.7820103399197,599193.0697256242,5672498.836228341,599301.6363737601,5673111.681088362
47544,112199,597394.1093344941,5673655.3601479875,2019-01-24T11:16:44.699+01:00,27;18;69;32,299.54695172546235,6228.762391863437,6228.739553280102,597691.745283999,5673621.578231962,601445.073369828,5678386.868503546
36724,86570,598511.9507627164,5676530.0389650045,2019-01-18T08:03:36.338089906+01:00,11;14;5;20;32,258.7408568559944,4131.729033454444,4131.685400618162,598753.0716629078,5676436.190456772,602635.3264361646,5676267.4406757755
12443,29119,597501.1893359201,5673970.138374128,2019-01-18T10:15:15.845+01:00,18;27;69,699.0015218759241,2278.3865752696015,2278.0766254994473,597685.4846821217,5673295.869619882,599489.8291384166,5675082.054343209
40906,96670,598490.9049451433,5673690.286293868,2019-01-16T11:26:13.919+01:00,27;18;69,820.0970040995334,3469.7510594626215,3469.638073630031,597740.0869065541,5673360.390296526,600387.7169335525,5676595.673823143
23187,54544,599136.6147425256,5672412.254180657,2019-01-10T18:47:22.792+01:00,10;69;1,96.45007532510871,795.0574571143475,794.304121766945,599203.0777034289,5672482.149043545,598853.181655749,5673155.074512523
6695,15553,597497.576994063,5675184.560745782,2019-01-24T07:44:45.22828477+01:00,32;23;20,1441.9252013158978,3698.355116866337,3698.358097570669,596402.0060432676,5674247.078704374,600344.9148172506,5672824.370522284
1675,3821,599113.0608761454,5672366.818198173,2019-01-18T10:42:20.105+01:00,10;2;69;1,161.74870654368107,736.4533190798783,735.9550717486949,599226.2119785559,5672482.401380738,599094.5075276266,5673103.037774416
36763,86677,601293.9997706957,5673468.1410180805,2019-01-31T08:42:34.897699945+01:00,17;1;70,383.3592374728367,4883.190970185027,4890.262919748266,601040.207264568,5673180.819475573,603612.8652080846,5677765.630649782
7105,16513,598203.9965143545,5676486.790962483,2019-01-23T07:44:57.117619822+01:00,5;14;9;6;20;4,462.38168589886163,4657.956578624588,4658.009513139838,598113.6632647453,5676940.262822106,602843.3996976648,5676902.119255574
16124,37663,597964.2000036528,5676030.694422138,2019-01-31T09:36:14.331746861+01:00,14;19;5;20;32,666.170778832834,1313.958274388344,1313.8381477532403,597496.6644255513,5675556.148333986,599271.928397782,5675902.894602021
54783,129067,600360.7852564619,5674015.0598815875,2019-01-26T12:36:08.410+01:00,7;17;1;2;4;9,630.3710697155544,3957.42036561343,3959.0267410828756,600840.4973980654,5674424.014581686,603514.9653398037,5676405.106733016
24949,58754,599115.0762962853,5672366.008381834,2019-01-20T20:23:08.911+01:00,10;2;69,149.3728622344038,728.9686286013062,728.3006198723814,599203.4238466162,5672486.453233624,598938.1057514276,5673073.169387361
9814,22927,599151.9491461967,5672387.937684292,2019-01-14T19:41:36.695+01:00,2;10;69;1,262.70200034202725,2520.8519625338663,2520.975118115231,599402.8327418818,5672465.846364167,601259.4116458446,5673771.15727264
38884,91841,599499.145391112,5674343.288799094,2019-01-11T15:51:22.742+01:00,17;9;12,612.3381086022549,4750.735834495319,4754.787911171442,600111.3709908659,5674331.551071351,603093.1308967763,5677450.177782343
25164,59282,598139.570097779,5676484.284909135,2019-01-28T09:37:42.924+01:00,34;20;14;4,2321.971001549914,3644.3246956618073,3644.2763004979843,595841.3231814343,5676815.359588853,601764.4603952052,5676108.422142907
9837,22976,600177.1210004908,5676580.111323822,2019-02-01T10:15:12.721571349+01:00,11;7;14;4;9,1083.2567212543324,3657.0719952918057,3657.109462184738,601236.992471681,5676803.980903489,603587.526125961,5677900.456906961
50653,119495,598629.318622045,5676432.570949348,2019-02-05T10:34:16.514300736+01:00,14;11;32;4,816.793953767143,4216.704892103961,4216.280214046395,598968.2809621847,5675689.431060176,602736.8106528433,5675479.098682304
5714,13245,599146.9882494602,5672398.026399705,2019-01-03T11:08:02.248901116+01:00,10;2;69;1,253.90894998536842,1203.487555918916,1203.8962796373803,599388.9943572361,5672474.856072891,600331.8019687001,5672609.210556195
55080,129766,599106.3054343968,5672414.6397475265,2019-01-03T17:50:20.647+01:00,10;2;69;1,137.02922990701126,578.6233993915048,578.0369924188959,599224.4262805481,5672484.098192322,599026.8732192288,5672987.785070736
26271,61851,597185.1760328388,5672904.122997111,2019-01-09T08:52:52.576+01:00,25;27;18;15;32,297.87234177045536,4700.67741054659,4700.6304413220105,596917.2593269037,5673034.30967336,599749.1928297632,5676843.943549257
27538,64866,600322.5876505512,5674670.370227059,2019-01-10T11:35:50.457+01:00,9;17;12;7;11,419.0006131795956,3978.565821024251,3980.8786909524474,600363.757425655,5675087.343323869,602939.3968164325,5677667.251235972
35052,82594,599134.1568883482,5672410.084976853,2019-01-05T20:11:38.255+01:00,10;2;11;69,115.43900096015246,765.0974830345785,764.3350524032938,599205.8243320923,5672500.583266615,598850.6017344258,5673120.697834343
51595,121679,598495.5323983227,5674228.878502612,2019-01-18T09:48:57.473+01:00,14;18;2;27,476.37600200959935,2585.018762893363,2584.3309850360747,598392.216334634,5673763.840992002,600716.5948121042,5672906.303832282
18160,42501,597859.5560400963,5676299.434232811,2019-02-01T07:50:48.634557558+01:00,5;20;32,1283.4970029344333,5009.788595193738,5009.788339051471,597053.057415205,5677297.895310966,602721.2795643271,5677508.41154545
1349,3073,598084.4938195101,5674108.555093688,2019-01-15T13:16:25.180749807+01:00,32;69;27,152.91798386928915,3829.203177210447,3829.200701210941,597961.2682574557,5674199.105469982,601500.5173955456,5675838.751585514
46553,109953,596950.5173229385,5674150.666486617,2019-01-16T08:51:11.37549948+01:00,19;27;23;15,1328.589602753021,4284.600784302651,4284.567810623258,595665.8840331425,5674489.58778027,593431.1455719102,5676594.398542083
47296,111679,597833.1301528312,5675830.445195993,2018-11-28T01:07:26.961271054+01:00,14;20;19,612.3365066049832,2317.728249938098,2317.073204121689,597972.83711283,5675234.259014797,599890.6021026507,5674763.358781373
50032,118029,597705.6415687485,5673208.073126929,2019-01-03T13:26:26.972+01:00,27;18;69,169.71011590908995,3268.2143608245706,3268.0195305926386,597671.2895639931,5673374.270188308,599838.2399487569,5675684.612902076
12597,29466,598369.1505239888,5674719.55289497,2018-12-28T17:09:15.389121032+01:00,14;1;2;27,893.7520718593556,4456.324341173384,4456.384397599259,599134.8474196977,5674258.574555073,602823.1009390686,5674864.991314051
28332,66717,597960.0624750932,5676664.1742786225,2019-02-05T10:22:55.458406696+01:00,5;14;6;9;20;34;4,722.0434168877771,4818.768158874419,4818.82219177878,597413.4811082267,5677135.974559743,602752.4541556619,5677167.670603334
9840,22986,598737.8688756529,5676447.389827296,2019-02-04T17:45:31.467936562+01:00,11;9;70;5;17;19,1817.4869384459362,4834.080034139282,4834.334104186524,600553.1508014713,5676357.889541159,603111.5800442591,5678506.268257431
30675,72250,598007.2614466312,5673178.17548009,2019-01-17T13:45:19.913975718+01:00,18;69;27,271.2893785703849,1115.067272673075,1114.7264959102702,597750.7364416369,5673089.89836676,598832.2844504622,5673928.316843925
4791,11039,598599.4534825042,5674608.547845446,2019-01-14T19:33:44.181285642+01:00,14;9;32;27,467.4345831174356,4109.234975085023,4109.56093561823,598661.8241781218,5675071.802619649,602590.2924187251,5675587.84180826
28337,66728,597915.8986410715,5676355.675192634,2019-01-31T11:52:06.701798103+01:00,5;9;32;4;25,1324.7688396944222,5460.824511465328,5460.824036090576,597087.2411626388,5677389.280176205,603011.089050626,5678320.271597854
26579,62605,597883.3132140494,5675998.597170305,2019-01-28T08:46:02.879327116+01:00,14;20;5,331.9600955923017,4594.114779902425,4593.817633912642,598179.7064106481,5675849.10276213,602361.5931504787,5674973.463314707
7551,17570,599115.6257470984,5672365.170278089,2019-01-22T11:20:42.784+01:00,10;2;69,147.05450406624774,773.0445968156627,772.448461710296,599193.3150739366,5672490.027779512,598998.8402296442,5673129.342439044
10981,25648,598517.5521772862,5676853.929082712,2018-12-31T09:51:22.866245302+01:00,11;5;6;27;14;34;32;4,612.4857288062576,4685.38137605206,4685.4501046147725,598221.5197776663,5677390.122691744,602952.4651944737,5678365.334114144
22295,52364,599131.4467719725,5675142.448849424,2019-01-04T08:16:34.929706577+01:00,14;9;12,191.85527294969486,3667.489883072562,3667.748968280674,598950.9622181152,5675207.516288113,602761.0760437893,5675668.066002502
43584,103025,598645.4106570594,5676851.294279734,2019-01-03T09:48:12.694377370+01:00,11;14;5;9;34;4;27,517.5403717051804,4479.841558996404,4479.956191159328,599144.1436194519,5676713.042811141,603082.4686687666,5677468.94838557
21970,51567,599127.3972977645,5672371.762737264,2019-02-04T17:47:08.070+01:00,2;10;69,338.00320323641813,2446.8401102331622,2447.118421986055,599432.3317806218,5672517.574693436,601434.498644591,5671556.710652721
28769,67737,599742.497857898,5676894.57808652,2019-01-28T10:58:52.232728295+01:00,11;14;2;6;17;4;7;32,1088.270870163626,3889.864468781846,3890.0026441468704,600766.9542304216,5677261.760095396,603423.8608373257,5678151.006436721
11425,26685,597733.780050119,5673890.115228012,2019-01-22T08:45:20.338+01:00,27;18;32;69,249.3314590211732,6087.036182023132,6087.028874155882,597699.2143721154,5673643.19137262,601587.2454677459,5678602.101407577
2284,5218,599114.1095127693,5672364.2923142435,2019-01-20T19:59:25.818+01:00,10;2;69,155.4538980838934,679.3794208055692,678.7095139467907,599211.8282308332,5672485.192961758,598946.7443435157,5673022.733881533
29789,70150,598420.9436214713,5676838.495026237,2019-01-03T08:58:42.758800005+01:00,5;4;6;34,2313.350939313891,5153.711245487847,5153.711245487847,596602.8862839969,5678268.970501763,603104.1959186152,5678989.747573746
53935,126999,599098.142725763,5672414.482255154,2019-02-03T14:33:42.052+01:00,10;69;2,103.13999047972374,1197.4494745193188,1197.2127425003775,599114.8902433603,5672516.25346076,599417.9943520285,5673568.423406688
33891,79963,598514.8721647807,5674837.347530404,2019-01-07T17:02:48.212172282+01:00,32;14;9;27,245.63009934026908,3738.5419076629532,3738.6217366689925,598421.7504634877,5675064.641380849,602232.2984576699,5675234.131290516
52536,123789,599737.1723381205,5676897.869388787,2019-01-11T11:55:37.844609554+01:00,11;14;6;4,1531.548464982802,4238.256300621952,4238.285295439851,601038.4860723534,5677705.4727974525,603522.9820453514,5678803.246341098
612,1423,598515.2029829463,5674832.2616412565,2019-01-14T17:16:35.958124688+01:00,14;32;9,355.17300048174656,4037.095990539938,4037.179365805877,598630.4572211609,5675168.214496349,602546.6799209404,5675045.188237188
32488,76641,600050.7492211597,5674317.515704897,2019-01-05T11:56:09.531+01:00,2;7;12,1098.190165491114,3803.376431372181,3803.376431372181,600209.448620511,5673230.852859196,602894.3268455436,5671791.70126737
20678,48503,598712.8240981034,5676288.199107842,2019-01-24T10:39:48.306929395+01:00,14;5;6;4,478.0024391675807,4185.96067241903,4185.6415306957015,598367.9846673496,5675957.1823426355,602850.872297198,5675656.674086161
31900,75214,596792.3439269774,5675389.750549484,2019-02-01T13:22:01.406336961+01:00,32;14;9;20;5;19;69;1;25;27,1171.6180483305886,4757.617416778574,4757.598985529537,597899.640908772,5675006.889941322,601441.7117804426,5674380.641017471
562,1319,600177.3873223837,5676580.1165249515,2019-02-01T10:14:41.930892278+01:00,11;7;9;37;4,1284.9910784303215,3645.3907911265787,3645.3907911265787,601314.8806223972,5677177.871545064,603362.1926545221,5678353.781943347
28843,67884,597964.9703718753,5674021.826915714,2019-01-15T08:14:02.865+01:00,27;32;18;69,386.6347678011403,5190.04992732985,5190.023951403779,597721.5861294091,5673721.409615627,601403.358535229,5677909.513256751
51948,122518,599131.5259680612,5672413.429025173,2019-01-06T20:26:57.188+01:00,10;69;18,94.1947326626583,769.5037842887384,768.7263603461729,599190.3904425007,5672486.965555621,598824.9327308678,5673119.216996835
30076,70830,599130.8824751445,5672407.051308605,2019-01-06T07:31:51.406+01:00,10;2;69;14,117.52884594056513,608.5637056648936,607.9005003359691,599215.7033599213,5672488.405147689,598978.966113623,5672996.348519658
12879,30096,598385.2782885989,5676484.323720111,2019-01-05T08:30:58.740548476+01:00,5;9;14;32;20;6,327.3065886602643,4565.554597227675,4565.613295276089,598087.0052359287,5676349.554328069,602935.7437827808,5676855.2045183815
46675,110250,600511.0338169602,5676106.692656829,2018-12-28T17:08:59.095+01:00,9;7;11;14,470.5613005838017,2945.27847114033,2945.4060479852515,600227.5154348424,5675731.132722054,603364.4194212591,5676836.66242726
49615,117061,598598.7084706335,5676455.322007532,2019-01-18T10:02:36.182+01:00,4;5;20,1496.4248283181043,4439.614117071218,4439.614117071218,598059.8669042067,5677851.3653568225,602800.6804092226,5677888.362598656
37895,89553,599134.0727420463,5672407.537233836,2019-01-08T16:59:01.778+01:00,10;2;69,132.18875232944958,438.2477924474081,437.86575731127067,599239.61363419,5672487.1298611825,599186.1690541378,5672842.6775581585
47976,113184,597764.1302231863,5674215.745771492,2019-01-10T11:11:55.554+01:00,14;27;32;69,459.4402123273132,4722.233862672906,4722.6811482151525,598214.6649400992,5674305.766755488,602013.213044316,5676276.034060289
27500,64791,599003.7830475111,5675234.615509868,2019-01-12T09:49:11.129251191+01:00,9;12;14,413.6715738727746,4063.9334476497997,4064.099009313447,599417.4419550049,5675231.378338045,602365.8750143108,5677517.572512027
6633,15408,598687.5975632436,5676288.986819135,2019-01-11T16:15:33.114+01:00,9;32;4;20,347.85805949746174,3633.8645887793414,3633.8649893957254,598651.1373275067,5675943.044799763,602283.7550524776,5675766.853539013
26564,62562,597836.4814578083,5675839.844848242,2019-02-05T16:55:05.431672272+01:00,14;20;19;23;18,1296.45329263404,2498.75984470707,2497.8528919255345,597307.2725661588,5674656.320835397,599386.5538172061,5673879.978413468
1667,3799,599190.1093850832,5674744.264206933,2019-02-05T11:18:57.257631317+01:00,14;9;37;17;12;70;69,1011.9569417412978,3492.934682202596,3494.274982247266,600142.8377765621,5675085.388031971,601901.5156057014,5676946.278966404
20121,47165,601047.5941944655,5674543.704864071,2019-02-02T12:48:54.921+01:00,7;2;17;9;37;70;14;27,294.1347943295336,2492.688653571992,2493.186352051912,601335.0472429976,5674606.042831033,603314.9276737138,5675579.415063657
605,1412,598473.8799686392,5676462.684343885,2019-01-24T07:35:05.390107080+01:00,5;11;32;20,1613.3723485332378,4956.96689911915,4956.966632690273,597376.054252635,5677644.948710383,603052.1349483108,5678362.974369138
28046,66068,599139.6618484837,5672408.069461417,2019-01-09T11:40:41.451+01:00,10;69;2,94.65136986053882,799.924142366587,799.3484572691559,599180.8777813015,5672493.275850253,599033.8386788263,5673200.962953826
45370,107167,597999.2759765341,5674331.409531683,2019-01-24T13:19:59.234848333+01:00,27;14;32,530.3197197548045,5377.502207139069,5377.668729325325,597787.1125101596,5673845.379009291,601742.9438384576,5678191.782690768
36921,87096,599155.1066683657,5672390.120402959,2019-01-14T17:34:13.968+01:00,10;2;7;1;12,267.790327435214,644.6795277653854,645.0346014523764,599369.0554560843,5672551.171872066,599732.203461098,5672677.472078329
6763,15715,598517.2164491678,5676044.254430993,2019-01-11T08:59:30.994489981+01:00,14;32;20,842.264572634846,3953.6171989138074,3953.0517250297353,598315.3585869948,5675226.536255951,601921.033186577,5674033.005919824
29825,70234,599390.0993942413,5676915.744771563,2019-01-02T11:06:10.048+01:00,6;9;11;5;14;4;32;7,883.6505943106672,3842.8947415226307,3842.9763439913554,598628.1467176803,5677363.256214442,603141.9682231761,5677747.201496168
25728,60609,598935.2625257457,5674946.006020941,2019-01-08T14:23:57.193489600+01:00,14;9;12,319.873420922025,4097.9974382598075,4098.348712476733,599037.1443953122,5675249.220615026,602912.3115475533,5675934.2691853475
9703,22684,598819.1411996955,5674737.957114305,2019-01-10T15:05:49.176+01:00,14;27;69,1011.2546144888089,4046.8024991968455,4047.394817953286,598220.3091841365,5673923.073004467,602019.2634326251,5677215.017501501
16867,39461,597667.9269837206,5674337.400560485,2019-01-29T13:40:57.384+01:00,14;27;18;19,141.7955004042355,1776.5241544802852,1776.933153270388,597577.3767186804,5674228.283130915,598971.2643242554,5675544.608019135
36162,85237,599331.1951479849,5674570.460934654,2019-01-29T08:54:30.574114424+01:00,9;27;1;12,355.2131850653796,4766.468840710001,4766.468840710001,599414.6685184613,5674915.726923807,603012.41634872,5677598.304338913
5358,12420,597104.3999054724,5672847.429759738,2019-01-31T07:53:22.657994096+01:00,18;27;32;25,587.8607821083111,1027.1680209746157,1026.7919628282066,597497.0762756118,5673284.906121928,597705.1262992474,5672014.241939895
37082,87509,599138.08093909,5672388.094349226,2019-01-16T17:01:12.502+01:00,10;2;69,122.95897776663652,648.6485569693469,647.9939357424652,599212.0876898232,5672486.287582492,598986.1728053481,5673018.704267766
9800,22902,599158.6181469423,5675167.162027677,2019-01-18T08:26:11.842601839+01:00,14;9;12,102.44649281339328,3533.186310391925,3533.595262332545,599059.8308647303,5675194.29792204,602555.879620107,5676137.739168811
19807,46479,599099.8687747396,5672420.03214669,2019-01-03T20:12:59.759+01:00,10;2;69,140.73374821681878,524.4688360593584,523.9351667440103,599223.9711081138,5672486.399297738,599063.8114268539,5672943.260039354
39236,92673,599114.3006563121,5672363.022943348,2019-01-19T07:40:09.847+01:00,10;2;69,154.161564423099,707.1489940752322,706.5021589114978,599206.480144961,5672486.589645245,598961.7938174745,5673053.530991041
27238,64170,596904.8276683064,5673660.530039361,2019-01-24T10:53:40.245687947+01:00,18;32;25;19;69;27,415.60721711813346,1982.0748397736859,1981.8592156353563,597316.3141935824,5673602.150261723,598473.2504303142,5674872.41729075
33363,78719,597804.7874238257,5675963.151416251,2019-01-22T13:31:03.849431409+01:00,9;14;11;20;32,1386.3096320448965,4778.706138089799,4778.670183975206,599178.6153332434,5675777.540879898,602576.3787021288,5675702.481074557
1139,2635,600513.4637307586,5676089.765887096,2019-01-02T16:50:07.271050057+01:00,9;17;7;11,1071.8742132244633,3223.177009866106,3224.5616345593244,600592.7336785306,5675020.826878379,603521.3656490527,5677247.952438068
53541,126107,600210.2563738975,5676520.4995802045,2019-01-31T10:03:15.448+01:00,7;11;6;14;12;4,1070.5930687195662,3317.1746198031583,3317.195924428133,601096.3047136193,5675919.593715308,603503.2747431413,5676920.096224447
44811,105893,598418.9774477577,5676448.051355425,2019-01-08T08:51:26.839+01:00,14;9;32;4,889.3749995305548,4250.392752790521,4250.212397563831,598707.935817317,5675606.926542778,602605.6799252904,5675715.002300044
5467,12655,599136.4967122688,5672408.008370901,2019-01-09T19:52:41.095+01:00,10;2;69,177.51641764132472,483.363024213908,483.89809402169,599294.112121505,5672489.675140787,599612.4624523941,5672492.24866651
50497,119109,599113.3186543602,5672365.550113023,2019-01-22T08:46:17.108+01:00,10;2;69;1,157.9652438813055,753.1523237010213,752.5577755321561,599220.426933507,5672481.657110283,599004.2821165986,5673110.767837
16906,39557,597687.7242883679,5675530.628462405,2019-01-08T09:33:30.88216705+01:00,5;19;20;32,759.7145729798361,1847.8801514383376,1847.8796168837696,597112.268876156,5676026.629773849,599476.7710374619,5675993.200385068
49317,116375,598208.4208791762,5676130.418723326,2019-01-28T09:50:26.694298730+01:00,14;32;5;20;9;27;34,867.9889725320753,4472.568505009463,4472.001713715214,598402.2321380515,5675284.344227569,602490.7255369605,5674839.784828714
892,2074,597432.7030900067,5674021.881877135,2019-02-01T10:18:23.768+01:00,27;14;18;32,458.541874863954,6340.009669935159,6340.016383331648,597696.5847590229,5673646.879056131,601653.4200537225,5678752.766670392
6180,14331,599114.4070656742,5672357.508406655,2019-01-21T08:25:14.609+01:00,10;2;69,188.51300506979024,438.64171752604705,438.4458055829772,599251.0857373119,5672487.33942683,599264.6345897304,5672769.622768659
14999,35002,599115.2668641998,5672363.041587543,2019-01-20T17:49:13.360+01:00,10;2;69,154.279478471433,698.2554608521856,697.6000961568784,599208.3006649092,5672486.1142059555,598956.6708878494,5673043.04747347
29493,69465,598313.7094924662,5676460.036448209,2019-01-03T11:48:14.809592034+01:00,5;6;14;11;9;32;4;25,1168.4088148138594,4947.709207152449,4947.87302154294,597858.039992037,5677535.928852175,603067.0505362567,5677833.19897317
41765,98649,598793.3530166034,5673025.6194114555,2019-01-16T11:34:39.685874741+01:00,18;2;69;19;1;27;10,826.0410878062233,1441.062734209332,1441.2299238372282,597969.0893077916,5673079.77859424,598346.8618233248,5671655.470726731
48053,113368,598376.3821464124,5676599.153065315,2019-01-03T10:57:12.509+01:00,14;5;20;6;34;4,800.5171906464644,4223.795025839016,4223.726331490233,597601.3241688227,5676799.4351261575,602589.9492271664,5676305.38976555
24971,58807,598521.3581031585,5674280.720787488,2019-01-11T08:24:14.677735615+01:00,14;1;32,698.1210161574912,4451.967481981481,4452.421909767505,599217.737960062,5674231.445559433,602739.9612955278,5675703.183991213
49478,116733,599371.9097784066,5676924.728176256,2019-01-28T08:48:32.745+01:00,6;4;11;5;9,1627.3799581035184,4306.514408117363,4306.514408117363,598493.2497259879,5678294.517225825,603286.1474119489,5678720.503801295
649,1503,598716.1229580288,5676185.993086126,2019-01-21T08:10:33.724898324+01:00,14;9;11;17;18;20;32;6;27,941.4909638898814,3931.570136318303,3930.964306872608,598825.1980934362,5675250.841841715,602529.3777545828,5675228.740980697
24614,57955,599101.0097419707,5672419.62980723,2019-01-04T06:38:06.522+01:00,10;2;69;1,160.29837612449828,471.265444096514,470.9735906835198,599247.7348915037,5672484.184434351,599210.1730725563,5672878.07771709
50048,118063,598074.0939545986,5675118.314063061,2019-01-09T08:51:47.207217403+01:00,32;14;11;69;27,112.06721073956113,3628.647628847758,3628.6314993338074,598137.4173580563,5675025.852144968,601691.1999076364,5674829.12876115
53875,126859,597331.2379574792,5673677.931479511,2019-01-03T09:36:32.560+01:00,27;18;25,336.71976897831604,3830.1603388429494,3829.9851232590904,597578.4459512378,5673449.30862273,600119.7231154066,5676303.665423623
22622,53214,599226.4772568267,5676992.355732886,2018-12-31T10:36:25.636+01:00,4;32;9,482.44044992488,3432.2911039412716,3432.29098048755,598782.9205688227,5676802.602597864,602655.1554545335,5677149.797908825
38814,91659,599206.994156338,5674718.704889895,2019-02-04T09:54:01.482445574+01:00,14;9;12;11;17;70;69;1;7,366.50869245217143,3948.034899764244,3948.747326356147,599353.9753761109,5675054.450541657,602834.6275112188,5676276.670169455
42821,101152,600548.873799836,5676203.339396493,2019-01-08T10:08:08.906+01:00,11;17;7;9;1;70;4,1182.0390825535458,3512.618947613405,3513.8714239840683,601015.1155278165,5675117.137277284,603576.045941917,5677985.113987551
16987,39750,599134.523377655,5672410.092050226,2019-01-10T19:46:56.900+01:00,10;2;1;69;11,116.97464327176017,766.7187429413922,765.9967898886708,599216.073682995,5672493.952737485,598893.7626000877,5673138.028777396
53179,125255,598275.5791513169,5673227.436069395,2019-01-14T12:39:17.174+01:00,69;18;27,418.56199103255096,3410.2139007218393,3410.080690208461,597870.987510017,5673120.199209467,600126.2731076895,5676091.7842899375
48688,114893,596723.9957887402,5676073.361518144,2019-01-22T13:09:30.722050471+01:00,6;32;9;1;5;15;20;19;27;25,1072.7643629914344,4707.501521786943,4707.564719690503,597725.9337669014,5675690.029199623,601397.5342814358,5676637.815710191
54600,128580,599099.8950673988,5672423.851831703,2019-01-03T20:26:40.753+01:00,10;2;69,127.63920758459915,618.1543932013503,617.4836403484355,599211.8282308333,5672485.192961758,598946.7443435157,5673022.733881533
27381,64496,601475.3001210599,5675312.597788418,2019-01-14T11:34:30.516+01:00,7;9;2;17;11,895.7409890248077,2081.263570031095,2081.596113706492,600770.38082003,5674759.930891947,603485.8564992573,5675850.483555127
9587,22404,600513.4384970823,5676080.853845442,2019-01-31T09:28:35.038+01:00,7;9;37;17,1017.6739201588399,2584.2309759738314,2584.4605835822563,601209.9571315343,5675338.882148116,602978.9760373773,5676855.046569884
51620,121747,599132.6149710573,5672407.084745485,2019-01-05T20:19:00.709+01:00,10;2;69,102.1128659438769,756.1266000504904,755.3495536384531,599199.5660383957,5672484.18592559,598835.8220093936,5673102.528038077
27820,65509,599131.1769921497,5672415.968408957,2019-01-09T10:14:48.576+01:00,10;2;69;1,119.748317411054,528.4690415820022,527.8971070432882,599229.1728666509,5672484.790412005,599065.335227458,5672940.319808243
17375,40690,599112.1946214393,5672366.801483043,2019-01-21T10:20:41.333+01:00,10;2;69,146.81995655621347,774.7267409548623,774.0434265403079,599196.7029005848,5672486.861677941,598910.4894680436,5673114.80987487
36623,86302,600515.8934897319,5674501.438346877,2019-01-16T13:04:51.987940729+01:00,17;7;27;1;9;2;12,811.4650697951151,3886.562505031707,3891.2269785847297,600382.6944869721,5673700.979987459,603243.0982785957,5677270.5035583
33425,78868,597234.7588274556,5673244.116158915,2019-01-04T08:58:12.651607491+01:00,18;25;27,256.274814236558,2115.5361490955743,2115.573684036556,597487.4546890359,5673201.436164161,597128.7115214228,5671131.239644063
9940,23214,599113.8465467487,5672350.283588652,2019-01-20T13:54:40.069+01:00,10;2;69,179.85709717956712,547.6305734062852,547.1596328854896,599231.0270479707,5672486.728836056,599119.003795078,5672897.889877621
10833,25306,599112.692077035,5672360.021432685,2019-01-21T06:28:45.878+01:00,10;2;69;1;11,171.8584090603495,794.4744297210891,793.7933081941575,599213.5222453874,5672499.192514145,598911.3921245122,5673128.570681982
29159,68619,599135.8221805664,5672408.419705128,2019-01-04T18:01:57.382+01:00,10;2;69,101.14691270351803,724.7822279377123,724.0352162945469,599201.8925839909,5672485.005602921,598878.5852159958,5673086.0172420135
15444,36098,599662.2806446983,5676666.411776587,2019-01-08T11:36:26.332314318+01:00,11;6;9;5;12,1032.96733137201,4230.87200257527,4230.87200257527,599945.6817072293,5677659.742207732,603364.5746970973,5678714.165827187
24398,57444,597016.3700441254,5673525.571923436,2019-01-15T09:54:17.960+01:00,27;19;25,377.21665463253873,6073.210248065479,6073.20950035477,597372.8246075033,5673648.992135635,600384.7768540129,5678579.057678863
16872,39472,598362.1470857495,5674733.846669357,2019-01-24T16:29:08.094+01:00,32;27;14,417.4645716882577,3626.04118337476,3626.2244728892524,597976.230734188,5674574.644790561,601806.5572306087,5675867.078074465
28330,66712,598048.6996363383,5672346.390668096,2019-02-01T10:08:50.718695750+01:00,69;1;32,560.3779824948373,6938.382054371959,6938.381830387668,598450.2338139528,5672737.279127215,601674.7268995363,5678261.884884049
27108,63862,599131.5674721443,5672413.005473046,2019-01-06T20:28:31.717+01:00,10;69;14,100.01735844682558,778.5178322270228,777.7620324777172,599193.3260674893,5672491.677881752,598843.5762804761,5673136.297314986
44879,106058,598133.3235820706,5676152.745467366,2019-01-21T09:11:21.588+01:00,4;9;23;6;11;17;20;32;70;34,226.15133502892667,4136.507223681718,4136.619655065436,598202.9143052209,5675937.567500123,602250.585672247,5676551.298967373
2753,6264,600096.4419962974,5674050.212901837,2019-01-10T16:13:04.34184104+01:00,17;9;11;27,388.9191680202598,4778.023728426008,4784.274718073044,600477.5845108837,5674127.598319252,603462.3649856936,5677441.388683016
15468,36161,598836.8956128291,5674727.690126784,2019-01-17T08:58:59.841128702+01:00,14;2;32;18;12,457.2719640446122,3126.0515032770368,3125.4823026347085,598617.4781064513,5674326.499888872,601649.2090253507,5673362.7391126845
32222,75987,599136.6889962826,5672410.13384797,2019-01-09T16:12:57.601+01:00,10;1;27,100.54379645198796,778.251704913539,777.4804121376624,599206.940736313,5672482.062618484,598839.7633477056,5673129.516135365
4536,10484,598627.078357222,5672422.389536212,2019-01-31T10:24:10.255594689+01:00,69;1;27,478.12220656163237,7111.828762581743,7111.828762581743,599078.5595355846,5672579.760403884,602194.5227112626,5678574.742673761
12772,29848,599114.86705404,5672363.033872681,2019-01-19T18:50:09.548+01:00,10;2;69,155.3329318165052,689.2832391040407,688.672069331537,599208.0006662672,5672487.349800784,598997.4963734621,5673042.250706284
49936,117808,596242.3499571034,5676450.8849268025,2019-01-30T12:39:03.156388012+01:00,5;14;11;19;25,1306.9960452105124,5408.956575793778,5409.0971292047225,597517.3685490763,5676738.228366469,601461.795352268,5677870.110421823
33357,78690,594955.3721180804,5675085.5465587545,2019-01-21T14:33:50.32517784+01:00,19;27;25,1297.0883135502877,2887.223758387342,2887.22414266157,596146.988886391,5674573.211150424,593568.8751321068,5677618.072400455
20432,47966,598730.8893747027,5673123.292280578,2019-01-08T13:52:02.763+01:00,2;69;14;15;18;27;10,768.1356526561065,4325.853481210768,4325.826983419674,599337.7212459865,5672652.349119596,602308.6976975958,5670691.770957303
39480,93301,601007.0819800368,5673803.673496168,2019-01-22T10:03:46.120622780+01:00,17;1;70,823.3752141768236,5034.995486722323,5039.949972356751,601302.654422358,5673035.179075459,603651.0590912609,5678088.596434406
52804,124392,599262.7928640841,5676769.422491205,2019-01-16T11:42:02.991+01:00,5;9;11;14;4;7,97.7054984267777,4110.284378848287,4110.3721030208035,599201.0863422098,5676693.668484176,603275.100450236,5677661.513018625
51028,120342,597692.1995117703,5673192.965131734,2019-01-08T15:01:30.630364397+01:00,18;27;25,204.82562895465537,2002.8901558206755,2003.0721104697716,597487.7515454491,5673205.397643299,597196.2042106749,5671252.46065156
24714,58198,599132.3168242485,5672412.1712291455,2019-01-07T10:49:02.498+01:00,10;69;2,97.22385044164123,763.5825541046001,762.8123250392687,599196.9814717468,5672484.772609701,598840.0446533731,5673117.603929738
41598,98273,598563.8732202117,5676855.667720703,2018-12-31T10:19:49.740190956+01:00,5;9;6;11;34;4,1303.8485272267526,4916.028162694929,4916.028162694929,597604.3203088972,5677738.435636035,603154.4988268545,5678614.499559182
21750,51047,600050.2579153354,5674317.081772135,2019-01-05T12:02:01.92295582+01:00,17;7;2;69;1;12,946.3125558892449,3723.2218897207663,3725.520332856277,600515.2788018568,5673492.907622739,603121.0702902863,5676422.430341361
39527,93413,599867.7940223976,5673822.972855357,2019-01-10T14:49:16.491015243+01:00,17;9;70;27,596.6432112748284,5291.297343859726,5294.735549763911,600450.4498540382,5673951.406898413,603304.5233414765,5677846.24505203
21472,50348,597014.9093785498,5674077.197583133,2019-01-14T08:10:16.704+01:00,27;18;14;25,800.8168737078234,5340.13283529961,5340.2254150373665,597705.3875175883,5673671.552905213,601129.9772436738,5677480.612803771
8372,19553,598802.6085926628,5673033.011473001,2019-01-02T13:48:01.644540347+01:00,2;14;18;69;1;27;10,223.2014817611615,2975.978392705851,2976.0686730818966,599007.6830181836,5673121.1215261035,601603.6227289955,5674038.380659875
55110,129835,599633.2913682017,5675615.989124203,2019-01-31T11:50:48.34007605+01:00,9;14;11,170.50349726117022,3713.421936632691,3713.6573210389192,599466.979510493,5675653.563165292,603170.5981766131,5676746.017009979
42231,99805,596925.8190178374,5673658.80452994,2019-01-10T10:08:03.630+01:00,25;32;19,309.08966282754034,3191.4560063254826,3191.450081741014,596870.4998087904,5673962.903534833,598618.008458229,5676364.702964497
51092,120476,599125.5981550429,5672371.728016346,2019-02-04T20:00:21.773+01:00,10;2;69,166.7056964604461,814.6084460493189,814.7975830227913,599224.2311703663,5672506.124138018,599746.8912792017,5672898.588314952
22363,52545,598456.0691542348,5676403.3572267415,2019-01-21T11:42:56.133747633+01:00,14;20;32;9;5,859.8259842383674,4058.166846172546,4057.841841354917,598314.7999734943,5675555.215881361,602212.6421917554,5674868.144809795
45911,108419,598516.919183169,5676529.710029361,2019-01-28T08:23:07.213966043+01:00,14;9;20;32;27;4,1179.2678273847625,3989.3673092001627,3989.1587216551147,598625.9336146516,5675355.491794775,602378.5159131198,5675528.1501345225
18915,44310,598411.5672100715,5674771.28836304,2019-02-05T16:27:31.50645120+01:00,14;32;27,305.11275735997896,4078.69518325016,4078.7297940640856,598510.1912479701,5675060.021966648,602489.7460215933,5674836.188125153
3506,8062,599133.122916501,5672406.670195708,2019-01-04T15:03:21.942+01:00,10;69;1,101.82870739457394,777.4367754948448,776.6612464581099,599200.1215629992,5672483.3530948255,598831.4681904775,5673123.19818969
51132,120563,597955.5116382147,5676412.446034887,2019-01-08T09:58:53.810997923+01:00,5;14;18;6;20;33;32;34;4,1168.9726843614026,3245.799569197665,3246.2740704943553,596860.9901503077,5676822.957726916,601162.8764226107,5675914.42396387
23565,55431,597935.3498789516,5676357.31956019,2019-01-25T19:58:06.993200975+01:00,5;14;18;6;9;69;19;32;25,487.73785861372977,3810.4336985132945,3810.4235209076332,597647.1820463459,5675963.812865232,601739.4547438561,5676576.84438242
49550,116909,599133.0568512465,5672408.366333266,2019-01-10T16:36:08.373+01:00,10;69;1,100.8935512537118,776.960574225333,776.1863505741524,599200.8202758702,5672483.116764488,598833.0624954401,5673125.074865645
36442,85855,599410.7442818736,5674333.513297891,2019-02-04T08:15:58.244+01:00,2;17;7;9;14;1;12,1393.9786427344911,4258.231465978199,4257.664285865835,599882.7087313168,5673021.863186443,602865.42184469,5671843.987609167
5224,12104,598135.9795568769,5674115.055632275,2019-01-22T08:23:13.246977030+01:00,14;18;32,849.6734884071684,3780.3346280296632,3780.3016004168708,598447.3811370541,5674905.608661973,601914.8768070259,5674219.293210417
39408,93103,598104.230051574,5676698.756105286,2019-01-03T11:59:21.286990196+01:00,5;14;4;6;20;11;18;34,528.9228811692983,4606.4546855079925,4606.490279361397,597658.8340449387,5676984.031080525,602696.9750869705,5677053.886798805
23626,55567,599131.9497655827,5672410.466732313,2019-01-07T07:51:38.330+01:00,10;69;18,98.19278595918034,768.314316107983,767.5315845249368,599196.0675669771,5672484.835615314,598823.9467180925,5673114.342439433
35100,82706,599135.5316495004,5672411.384569866,2019-01-07T13:59:08.636+01:00,10;69;25,90.43954832861972,802.3412683891269,801.5856400768165,599186.9873091963,5672485.7594781825,598844.9004222169,5673159.2381656235
14868,34701,597665.8863119468,5674336.088681575,2019-02-04T11:04:02.520+01:00,32;27;18;19,310.15722376656606,1653.7673042665526,1653.667239234177,597358.1600138298,5674297.332663954,598870.5513619867,5675469.106075031
15441,36077,597200.2037975984,5673015.162373109,2019-01-14T09:22:31.479+01:00,27;25;18;14;23,291.94709780039284,5146.436908869914,5146.570384482872,597200.0106042566,5673307.109406987,600473.2333127715,5676986.697422656
4276,9894,596971.1399690981,5673441.545236313,2019-01-18T13:47:20.254+01:00,27;32;18;25,778.1093467325298,4755.544166135254,4755.437132797519,597646.475461792,5673828.037316155,600730.4414817081,5676354.078919097
28255,66542,599137.3804703148,5672410.571547202,2019-01-09T13:48:07.155+01:00,10;2;69;1,192.29596522300048,653.3330559944798,653.9023202872809,599312.4666406073,5672490.086144688,599790.4707776001,5672428.379763987
46913,110763,598136.5796994349,5674360.766829682,2019-01-17T08:52:17.950366363+01:00,14;27;32;69,132.45409390452403,4328.419167937883,4328.836541158944,598173.9454574159,5674233.692492687,601950.8295379994,5676406.912147684
2095,4778,598223.8441541473,5673223.051403982,2019-02-02T11:16:10.340464654+01:00,69;18;27,485.36714393579456,5984.894917415528,5984.888588864667,598270.2839468532,5672739.911041286,601483.0431806028,5678242.67179585
2920,6620,599270.859968411,5675014.866640339,2019-01-22T13:29:09.673695489+01:00,9;12;14;70;19;4,332.3421708930513,4239.776496100271,4239.850346065558,599446.3813629098,5675297.0785441045,602831.3213169444,5677316.783172814
37308,88095,599037.287589567,5673630.778252944,2019-01-02T08:45:18.589512746+01:00,69;17;2;1;27,929.4687802661435,4721.1443121579505,4723.209634398761,599531.586240139,5672843.643539231,602597.5334427659,5676731.399655341
26646,62757,596913.6055296707,5673650.935708753,2019-01-16T09:54:27.545264611+01:00,27;18;32;69;25,724.3434776098005,4407.244359588846,4407.113676317797,597634.229216441,5673577.621483521,600466.3961973944,5676258.9006848335
28835,67870,598164.8770230672,5674886.231572135,2019-01-28T16:04:29.330605671+01:00,32;14;27,278.5470453726075,3460.3818652253967,3460.3405270207722,597913.5344661648,5675006.295619941,601569.9689679727,5674270.12159825
27638,65075,599112.158996511,5672360.011146479,2019-01-22T19:39:46.057+01:00,10;2;69,176.84767012521647,575.7095071113404,575.5293586809802,599228.9056240143,5672492.846847235,599317.2013922641,5672897.969372109
3481,8002,601334.2299816962,5673474.451491494,2019-01-21T08:26:02.71742046+01:00,17;70;1,309.102314262741,4803.435149446951,4810.893930547276,601067.2802536673,5673318.62439697,603606.1631799174,5677706.626910562
9923,23171,597934.639964832,5676352.638126088,2019-01-24T14:23:31.639885537+01:00,5;6;20;25,1946.5919922959786,5346.667653214567,5346.667243708683,596881.7224827517,5677989.887392511,602904.0999097815,5678325.281745568
3591,8289,598517.9176520661,5676852.238683875,2018-12-31T09:49:47.748638159+01:00,5;6;14;11;34;27;4,1578.371967905819,4714.3396598750005,4714.471474017376,597250.8756657256,5677793.441464322,603003.4993245588,5678302.947299713
54020,127221,598300.9956906429,5675995.549865098,2019-01-08T09:14:30.230705529+01:00,14;20;32,748.63797889628,4283.15027835864,4282.446627872476,598481.664918523,5675269.03940162,602140.7881253395,5674097.822180352
2644,6044,598212.0619083506,5674155.975356625,2019-01-30T11:42:37.333+01:00,27;14;18;1,447.06253607685915,4166.340575387644,4166.589909065239,598122.1188176041,5673718.053957753,601344.5704332549,5676902.934426492
9954,23264,598747.1914747711,5673133.365845393,2019-01-03T12:17:54.913674683+01:00,2;15;18;69;19;27;10,1061.8371640707096,521.467041128227,521.5318089343039,597685.589535872,5673155.715036146,599257.8426875428,5673027.709733985
1640,3745,597834.871126516,5674246.798070911,2019-01-24T12:41:32.870+01:00,32;14;27,643.0448493816245,4229.708181840104,4229.924876707025,598123.5784228236,5674821.389034445,601958.9867737123,5675186.0006220555
55009,129617,598789.9564152189,5673028.948891107,2019-01-15T12:04:25.634272693+01:00,2;69;18;10;27,303.3919626030138,2498.36734641413,2498.301952202898,598863.8287261539,5672734.687842633,601283.8685781695,5672879.812976199
24982,58839,599134.8986226737,5672411.37235211,2019-01-06T12:06:09.710+01:00,10;2;1,102.12527742272856,717.9570778800758,717.1908186476281,599207.8520677073,5672482.8381981235,598861.5328168155,5673075.2499777805
3297,7512,599133.5238613628,5672410.072759269,2019-01-06T10:01:22.613+01:00,10;2;69;1;27,101.04776582071457,742.4723065152087,741.6959245461346,599202.5072316842,5672483.910050636,598841.908842267,5673092.880057545
50788,119774,599113.2175488636,5672362.153337486,2019-01-19T06:55:20.955289889+01:00,10;2;69,162.46191736242116,625.321702974678,624.725461452181,599218.2108540136,5672486.130272707,599018.7540607477,5672980.298855648
9434,22043,598354.3665279855,5676462.088884039,2019-01-09T08:21:32.421901636+01:00,5;14;15,1677.7769000820506,4487.916301183493,4488.103894195895,596849.5992474032,5677204.120391279,602678.1693743191,5677664.636875791
32959,77744,598118.978785789,5676498.743372394,2018-12-31T11:55:42.101+01:00,14;20;4,743.0884354493004,4507.75892548492,4507.327318317971,598669.8463660177,5676000.019669376,602414.3415784893,5675131.355713617
2759,6274,598361.6926082863,5676448.225673331,2018-12-31T08:56:57.627929951+01:00,14;5;6;15;11;1;4;27,598.0011007454341,4025.7691402100195,4025.906414969634,597780.1198018563,5676309.019397201,602380.0103387827,5676693.051707579
25709,60554,597243.1274469837,5673338.9044326395,2019-01-02T08:55:59.128258304+01:00,18;27;25,270.7202120034421,1211.5035865804343,1210.9881305429499,597510.2073937104,5673294.658130606,598448.7065673305,5673458.570321184
22657,53290,601059.6431125615,5673635.388527012,2019-02-04T09:35:55.970376410+01:00,17;1;70,684.4626661254715,4966.473083159264,4972.606557427876,601021.3135511151,5672951.999921577,603626.7791495791,5677886.937356932
13320,31134,599130.2085139281,5672409.160067185,2019-01-07T07:34:15.465+01:00,10;2;69,102.18325767360135,748.9946661789146,748.2356434297974,599198.843731627,5672484.860959123,598854.6589688201,5673105.626475675
2531,5799,597278.8254960163,5674669.4918717705,2019-01-05T09:10:48.583381598+01:00,23;19;20,3762.990229802615,3063.9876885864537,3063.9876885864537,593940.749871182,5672932.440752063,597755.5035132638,5671642.810748216
1572,3575,599661.8294697923,5674108.381126332,2019-01-02T11:46:32.881636398+01:00,2;69;70;12,1021.043371741301,3067.977667524512,3067.977667524512,599922.4134927074,5673121.1498798765,602354.2590832353,5675579.200539137
31014,73072,597711.9434239749,5674387.887284647,2019-01-08T15:04:32.954+01:00,14;23;27;19,381.5027420346639,3714.8049122862026,3714.6052965696763,597338.7608481116,5674467.128102739,601407.1012121402,5674006.331971609
30775,72502,597892.9278220743,5676278.428955338,2019-01-04T12:04:48.220553986+01:00,14;5;6;20;9;11;27;4,631.9688491965687,5020.386267635082,5020.496877256783,598116.0162575778,5676869.712454431,602877.2968545984,5676878.715240266
32428,76480,599115.0511641982,5672365.583543804,2019-01-19T09:54:37.782+01:00,10;2;69,156.98393924747242,641.3017310829982,640.6514744215913,599216.9118387583,5672485.033785159,598972.8069467208,5672990.9110523015
34359,80963,598166.5993679767,5675034.787870699,2019-01-09T17:53:58.744981758+01:00,14;32;69;27,242.3298452205621,4073.373816732418,4073.3421277327748,598368.7908450356,5674901.212571749,602239.1642559122,5674953.612231521
40298,95190,598576.2838650254,5672849.5854810765,2019-01-11T15:09:26.101017090+01:00,69;2;18;1;27,287.0498900739314,6065.637845337622,6065.635023647735,598317.9914355788,5672724.355052338,601548.5263869395,5678137.0931039285
49699,117268,598369.049052973,5674716.156127842,2019-01-08T16:05:43.974818985+01:00,14;9;19;1;4;27,496.77389524684713,3651.3313394153215,3651.841411882287,598707.7428558796,5675079.571607523,601202.8658926204,5677018.698780982
5291,12275,599155.187993847,5672384.18102808,2019-01-14T17:13:10.720+01:00,10;2;69;12,191.303112212922,919.8596602663586,919.8494631679085,599215.9830962402,5672565.566904783,599655.7320689032,5673155.930614093
18223,42665,598070.4660515381,5675121.639551497,2019-02-04T17:05:02.717582162+01:00,32;14;20,121.31278177346671,3674.1166558029004,3674.0243357251793,597967.1598126515,5675058.042287179,601616.2269926765,5674158.9804484155
39275,92776,597936.3734631417,5673940.230221207,2019-02-01T11:15:18.894481882+01:00,32;27;69,440.7168434039333,3997.885678034293,3997.8830726579295,597882.419095952,5674377.631938535,601508.5662790469,5675735.370433176
37371,88243,599118.3233149139,5672361.827507538,2019-01-19T09:37:45.274+01:00,10;2;69,228.86399006301647,662.0107593554586,662.5633191048488,599306.3658699151,5672492.283337059,599778.6501703715,5672409.015318081
52901,124595,598009.541687856,5673159.971917241,2019-01-22T10:41:38.675450999+01:00,18;69;27,268.12396003980894,1125.7262454887702,1125.3896296892563,597750.7364416369,5673089.89836676,598832.2844504622,5673928.316843925
52308,123309,598573.5961335597,5676841.850862798,2019-01-04T09:57:02.299111772+01:00,11;32;34;4,430.6159463954473,3923.1778223978513,3923.1774245359616,598180.064585121,5677016.673669301,602460.7784730806,5677372.075046961
16814,39321,598859.6995733931,5675280.214222398,2019-02-01T14:16:03.75172815+01:00,14;9;20;27,189.92317839451385,3886.147261581182,3885.8594540407416,598708.2137924603,5675165.659118336,602719.3709399131,5674827.359409946
39515,93388,598784.8583295422,5676331.596858946,2019-01-23T08:47:19.986323296+01:00,9;17;4;14,1173.4636539054254,4573.8667775725735,4574.1143405991315,599484.4644019252,5675389.488430726,603274.0009172997,5677207.87086048
22621,53210,599131.0338272972,5672411.297761192,2019-01-08T20:07:04.649728448+01:00,10;2;1,108.35840512588648,673.3913225916527,672.6518385798124,599212.0362567978,5672483.27102273,598898.023196645,5673043.090384878
5962,13813,599106.4889678016,5672415.491994977,2019-01-03T17:51:55.649+01:00,10;2;69,122.30066166935724,663.0531692597337,662.3671487928066,599206.7052940478,5672485.59292078,598928.7562553345,5673054.280370094
24117,56728,599134.7811595749,5672408.823966037,2019-01-04T17:38:46.532+01:00,10;2;14;69;1;27,124.7183566962857,698.5341816471133,697.9115869749555,599207.155918895,5672510.394447528,598980.7884963241,5673090.172821319
41079,97052,596902.5786739993,5673659.638895932,2019-02-04T10:37:48.836040776+01:00,32;19;25;69,1286.6273627315773,3784.865342531045,3784.862246159537,597606.2448452738,5674736.794358218,600498.7709098365,5674839.726631652
3360,7676,598902.9930852957,5675870.052891707,2019-01-15T14:43:28.64428924+01:00,14;9;11;20;27;4,287.9057936828107,3793.4482383844042,3793.5229688852864,599188.8660596332,5675835.900460175,602678.6146777621,5676237.382617978
35917,84650,601100.536482306,5673673.9615606405,2019-01-28T09:57:28.448364370+01:00,27;17;1;70;7,1377.1557521552709,4900.467942877699,4903.435340629977,599750.8381447499,5673400.333412796,602801.4401035607,5678269.776279531
23827,56047,599225.7111843076,5676990.643485397,2019-01-23T10:47:09.391+01:00,4;9;11;5;14;6,548.9482647208567,4148.120075918018,4148.210102504069,598920.504913005,5677446.925557473,603215.5364661132,5678125.629998488
9472,22124,599135.4813895237,5672410.534893489,2019-01-06T18:03:43.187+01:00,10;69;2,96.4027936411154,766.3090023536323,765.5372359387601,599196.9814717468,5672484.772609701,598840.0446533731,5673117.603929738
37677,88966,599075.3769991127,5674644.022290942,2019-01-03T15:06:02.080+01:00,9;14;27;12,351.47231626018583,4084.7220936021236,4085.226365732948,598828.0444760846,5674893.740956944,602487.8392189442,5676889.029235293
27758,65373,599115.5912781474,5672361.774788319,2019-01-20T18:51:25.584+01:00,10;2;1;69,176.4965219843322,589.2344314838452,588.8107818505531,599245.0123531647,5672481.779819938,599156.1842026936,5672949.609314119
2466,5668,600521.0040987532,5676068.695652532,2019-01-03T16:55:04.668+01:00,7;9;17;1,1703.6529133239865,3236.796312220718,3237.7946530311133,600843.9945566423,5674395.940316809,603595.3700210386,5677081.1799944835
13627,31831,599425.462704231,5676965.655595362,2019-01-02T09:00:04.514130449+01:00,5;14;11;6;9;4,860.3354141137704,3808.1982456952846,3808.326784813785,598581.9294234244,5677134.855562708,603173.8095982764,5677638.165402292
11093,25898,599447.5657186508,5676966.084117575,2019-01-10T10:34:39.676+01:00,11;5;6;32,1223.3246101354875,4304.4096870807825,4304.4095041479495,600385.9509858659,5677750.912883636,603399.8966864132,5678671.083435903
54778,129052,598902.4554258323,5674788.36260616,2019-01-09T09:58:44.643359648+01:00,14;9;2;27,34.953775428638174,3867.6845936197456,3867.748465528392,598879.1600475328,5674762.303216939,602767.2621119317,5674937.53832404
12166,28440,599114.9675825051,5672364.733224817,2019-01-18T09:36:57.752+01:00,10;2;69;1,167.37698339135983,595.2652904341002,594.7377162701046,599233.0149666771,5672483.391851386,599078.186156924,5672958.861066891
49265,116232,597990.1089600087,5673685.796180015,2019-01-08T09:47:31.221+01:00,27;18;69,387.1882932044763,4083.383874216546,4083.2706177254886,597734.2025683484,5673395.2334619975,600546.4717763688,5676869.981007462
33976,80168,597331.6043547149,5673677.938425344,2019-01-03T09:34:26.078+01:00,27;18;25,353.1059324106763,3459.255352324389,3459.0603600757477,597512.9234042716,5673374.941392733,599872.6575180365,5676025.1700742785
19444,45571,598520.0671858536,5676858.220937756,2019-01-07T09:43:43.451585238+01:00,5;11;6;14;34;4,1308.566697357887,4846.568612374547,4846.68855307662,597771.5115544333,5677931.5388161605,603126.0075574423,5678366.3789559435
55048,129693,598036.6458276697,5673215.23055888,2019-01-09T15:39:34.486166017+01:00,69;18;25,455.24644969194645,3207.7598886306055,3207.6208134494523,597776.8456763315,5672841.394750908,599799.7441957267,5675895.008095852
10169,23734,599114.2749479443,5672360.900681886,2019-01-18T14:00:00.455+01:00,10;2;69;1,163.20932037066012,815.7735509041194,815.3761940478485,599219.8472936683,5672485.3665891625,599191.3517388823,5673173.024843978
37956,89692,601594.1768105541,5674722.541201781,2019-01-08T11:34:18.591+01:00,9;1;7,1057.7839431654277,3432.5413780244644,3432.5413780244644,600712.8703294975,5674137.557649135,603577.8169852527,5677523.882303677
4628,10676,598322.8456399802,5674246.361297425,2019-01-29T11:12:53.686899978+01:00,27;14;32;69;11,104.4871675195226,4881.274546042828,4881.635543284313,598256.503788606,5674327.08506674,602002.8840584841,5677453.2536299145
1596,3629,599133.1071116624,5672409.216009621,2019-01-09T16:48:16.014+01:00,10;2;1,110.5592967463874,684.2631217458594,683.5352447049605,599216.5627160366,5672481.731664452,598908.2683521674,5673055.4849567395
18091,42357,597938.2514861509,5676430.363648421,2019-01-22T19:56:49.570723806+01:00,5;14;9;34,1008.5252791700069,5238.0511522384695,5238.206693392033,597129.6551402209,5677033.1033833595,602994.4829262856,5677798.465800039
44069,104186,597956.3034153141,5676414.582918872,2019-01-09T10:20:05.357315643+01:00,5;14;4,658.9291997086956,5149.327047915549,5149.519509291006,598015.333641858,5677070.862678261,603014.6111886988,5677378.476852928
7961,18540,598866.9920234072,5675327.033709742,2019-01-31T10:18:15.783437806+01:00,14;9;20;18;12,192.15491371350208,3610.4680048856917,3610.225906894762,598752.0496742486,5675173.047453102,602451.6234556689,5674895.876303283
1335,3039,598016.7188962728,5675101.516883852,2019-01-02T11:29:39.822092783+01:00,32;14;69,151.45678180804947,3634.2700035029525,3634.2252595762493,597910.7156437868,5674993.33894147,601545.4852676108,5674232.191654219
48671,114853,597645.5752923333,5673795.928485613,2019-01-31T10:14:23.346+01:00,27;18;69;32,172.9001782299277,6208.790104112792,6208.780964313673,597697.3111161533,5673630.950074403,601570.6458961158,5678606.6348071685
45112,106604,598493.3804016835,5676048.889020777,2019-01-28T09:23:58.456222914+01:00,20;32;4,232.9557599689777,3507.7170282372745,3507.7185458733607,598272.5931270483,5675974.583129612,601680.9641752323,5674584.857451174
25176,59309,599114.6425928515,5672364.302600656,2019-01-22T20:45:06.928+01:00,10;2;69;1,175.1961087884352,622.1238596323707,621.7234683772293,599244.9062121427,5672481.456627577,599174.8465722948,5672983.506587709
14266,33271,596252.2690883424,5676429.853607734,2019-02-04T13:00:59.894221561+01:00,5;19;11,1362.134566214688,5704.500339375998,5704.500339375998,597065.9324535223,5677522.26493349,601476.3832024221,5678721.131819784
29272,68918,597170.8507348665,5673738.545861804,2019-01-11T12:14:14.141+01:00,27;18;32,477.47916920302725,3472.072468499421,3471.859261735081,597644.4990207216,5673678.183138793,600108.225126651,5675589.793794686
48988,115556,597698.7530431161,5673205.820312771,2019-01-03T13:39:04.490+01:00,27;18;69,271.0105616435875,5189.588294226414,5189.506035695805,597710.0652790352,5673476.594679802,600821.3126785251,5677350.871336207
35688,84083,599114.2030083099,5672369.810708377,2019-01-19T20:40:19.968+01:00,10;2;69,144.04903216928676,761.4198959065781,760.7250589812779,599199.0007676352,5672486.255818546,598903.8243511135,5673101.590100324
53744,126593,598437.9578563004,5675958.711003129,2019-02-01T15:30:32.766330068+01:00,32;14;20;9,773.9670695163242,3858.0293546264165,3857.709015898549,598308.0083017168,5675195.7312275395,601937.7579823646,5674335.199506786
37372,88249,601145.6092584975,5674066.957476166,2019-01-10T16:28:52.621983894+01:00,70;7;17;1;27,758.0546339842509,4694.302057518651,4695.816313636926,601821.8609244175,5673724.422058369,603660.5914824937,5678030.710271209
48373,114160,599789.5785780902,5675023.229061358,2019-01-09T11:58:17.322+01:00,12;14;17;70;15;20;4;7,147.84075279760486,3977.417425715692,3977.422072085497,599642.2304127028,5675011.170606037,600788.2434302778,5678873.231384914
12600,29473,598247.7851960331,5674709.165593656,2019-01-03T11:50:52.767456466+01:00,32;14;1;69,873.7691868905831,4165.58738931252,4165.7763920583775,598819.8648493312,5674048.713125842,602244.5998383694,5675882.873825205
17823,41729,599131.5423418472,5672412.580634874,2019-01-09T19:00:31.345215471+01:00,10;2;69,160.34152655710787,419.84943915902016,420.17138049393304,599271.8938740174,5672490.1103230985,599489.5538687038,5672631.90071649
10163,23721,598086.7010134178,5674109.870320613,2019-01-15T13:14:50.155323538+01:00,32;69;27,275.9299716207198,4232.285661468112,4232.283368475943,598012.9894190449,5673843.968176782,601522.3408670735,5676581.432724486
43891,103777,597919.4086375281,5676351.498662426,2019-02-04T13:21:52.591148721+01:00,5;6;14;9;20,1166.8236423340143,5315.100993221986,5315.229094712956,597485.3020822322,5677434.563254664,603058.0578604344,5677709.652826015
18296,42851,599670.0537556362,5675885.745380281,2019-02-02T11:34:49.605070518+01:00,9;12;11,405.2984165743859,3628.0803344411293,3628.0803344411293,599592.4035441021,5675487.954918949,602840.9356750919,5677648.832095683
42741,100949,599113.951110555,5672363.864904616,2019-01-18T10:52:52.706+01:00,10;2;1,301.09091759273764,1082.7620738418716,1083.3330308702143,599390.8497406739,5672482.114172246,600171.3017351165,5672130.662491915
9891,23105,599134.9226156081,5672408.402343034,2019-01-09T20:19:02.222+01:00,10;2;69;1;27,102.50387570513925,756.6363904810638,755.8840705388573,599204.6738616548,5672483.51431418,598864.0659684509,5673114.897427299
27023,63670,599112.8837970169,5672360.449485159,2019-01-21T13:59:55.321+01:00,10;2;69,156.20131025315214,725.2996852613471,724.7161376561191,599201.5965740656,5672489.01422571,599015.2396463501,5673079.146398524
39503,93359,597787.2199742517,5675909.772534523,2019-01-31T19:50:53.845594655+01:00,14;5;6;9;19;27,358.51684616838435,4343.854146943499,4343.9208048559885,598141.5282000182,5675855.000186201,602127.7202784873,5676080.435825388
5306,12304,598692.8573613134,5673818.924088102,2018-12-31T09:17:01.045+01:00,18;69;27,1127.880864222265,1747.6586245845197,1747.4813825825124,597861.3203970453,5673056.912591512,599650.2435767156,5675281.019263746
32619,76995,599110.7257651936,5672358.286079185,2019-01-21T13:10:54.447+01:00,10;69;2,151.3633370584079,836.6987491733762,836.060618527243,599185.7448349193,5672489.7508995095,598942.2740697572,5673177.852320055
38301,90516,598607.2329675799,5676460.578119942,2019-01-21T09:01:06.140749985+01:00,5;9;11;14;32;20;4,203.19996932184728,4044.008254741723,4044.000477276521,598721.7514676442,5676292.721810333,602650.6083008137,5676389.033175919
782,1820,600510.6338388342,5676091.407882388,2019-01-16T10:02:46.394+01:00,9;11;7;14;37;1,489.17383975715484,2146.6635991014045,2146.921884502982,600942.2873874588,5675861.263885154,602218.0942100892,5677392.462719165
27394,64530,601007.962230392,5673665.774124265,2019-02-05T09:35:57.032+01:00,7;9;70;27,1041.260969761052,4421.599878182541,4421.599878182541,601186.3564366435,5674691.639570765,603527.1224462965,5677299.556903869
21594,50669,599140.9852165449,5672405.12453217,2019-02-04T14:21:09.407+01:00,10;2;69,116.65836104593262,569.3132962557453,568.9798572741809,599218.2890177248,5672492.493265279,599239.0717084504,5672965.924558382
2730,6209,598589.8146671157,5672880.8229156565,2019-01-14T10:14:20.196937179+01:00,2;69;6;18;70;10;27,758.9110441505567,3735.17053555363,3735.1542755765745,599330.6649071133,5673045.403883053,602238.6875476205,5672082.55877918
2840,6433,598980.0898150363,5674984.637921415,2019-01-14T11:44:44.629+01:00,9;14;69;32;5;6;1;4;27,440.03850729689884,4313.486263551169,4313.7557455418255,598825.7305432506,5675396.714495753,602892.7409052313,5676800.491768023
20206,47405,599133.3572753142,5672410.069544128,2019-01-04T10:32:45.534+01:00,10;2;69,107.30203442178734,658.2705990624696,657.5461640356702,599210.5713832205,5672484.5793296015,598917.7409986928,5673032.025975758
4169,9632,601167.0489042621,5672792.60473349,2019-01-26T09:58:44.106+01:00,2;17;70;1;7,428.24256966834423,3124.6638767576083,3127.0760514256613,600802.8182468417,5673017.832899294,603330.5258641101,5675047.131687625
32286,76129,598550.6785529067,5676232.037333872,2019-02-04T11:30:19.33033672+01:00,14;32;20;11;27,945.7144272905135,4217.892184433322,4217.229479583456,598715.9125650137,5675300.869519121,602537.474700517,5674855.058409958
41158,97254,598384.5771020827,5676517.409891146,2019-01-23T08:10:29.108934140+01:00,5;14;9;4,246.4277032314134,4708.538218059593,4708.650201716146,598156.2711726959,5676424.657448986,603061.6392004475,5677060.937515989
14802,34562,599267.2056185127,5675016.069021266,2019-01-22T13:39:09.791487855+01:00,9;12;14;70;19;4;27,277.36701109123675,4076.4616791012963,4076.5707747664796,599396.3632324341,5675261.529343126,602562.2009985023,5677416.182615875
12767,29837,597891.1008250096,5674207.132323635,2019-01-09T11:24:17.394+01:00,27;69;32;18,606.7550456082865,4870.09560842974,4870.062041398148,597814.7313177123,5673605.202607035,601331.8354276548,5677653.750467469
15423,36034,598776.7786903682,5673022.754469016,2019-01-15T12:06:32.217+01:00,2;69;14;18;27,293.7701660189028,3291.6083168275186,3291.4736400253464,599059.8332802848,5672944.135072109,601965.8502914091,5672207.581091848
31088,73240,599738.495322265,5676896.6220415365,2019-01-23T11:12:37.737432494+01:00,11;7;14;37;4;6;9,1269.2398262793113,3721.5341667010684,3721.61198903346,600972.3060633475,5677194.41524462,603238.4444572396,5678161.601332479
43451,102709,597215.9604922783,5673550.564482734,2019-01-21T09:07:56.411325466+01:00,27;18;25,462.7843652594405,6346.312058955492,6346.282951104847,597675.1533057545,5673608.108629094,601382.3763801128,5678337.698844671
17495,40963,599130.2850453184,5672413.829428888,2019-01-09T12:42:49.449+01:00,10;69;1,97.05780948924068,790.4898561533735,789.7358586512589,599197.3657990174,5672483.974926719,598847.9260615483,5673152.170553955
54474,128306,599113.589034117,5674952.8416105015,2019-01-03T10:37:06.140759914+01:00,14;9;11;32;12,582.2782827317418,3755.6967381768395,3756.064194145125,599136.7653782949,5675534.65846795,602754.5327178111,5675874.138023889
53282,125472,599135.77248888,5672409.267452386,2019-01-07T15:55:02.654+01:00,10;2;69,117.83710056571887,532.7242009259099,532.1412804968234,599225.1103349376,5672486.10710056,599060.7893970131,5672936.688166983
10618,24785,596615.943343207,5676104.000402362,2019-02-04T13:17:18.330394437+01:00,32;19;11,1376.3649508583894,2351.523265397019,2351.5238751635534,597843.4062139234,5675481.3324499475,598949.94421943,5675817.466673992
38782,91603,598381.6241968838,5676596.707478129,2019-01-03T12:42:57.83173205+01:00,5;4;34,2239.7852754563214,5316.371938695788,5316.371938695788,596703.5956094404,5678080.236426237,603130.9717574702,5678985.746686536
10489,24505,599175.166385634,5675162.389539654,2019-01-11T08:16:35.274+01:00,12;14;9,47.530640090048784,3371.358462623892,3371.9115337880116,599219.1750855006,5675144.434148168,602072.0572883923,5676886.94193985
40797,96424,598383.2004791442,5676547.512630287,2019-01-09T08:19:26.159+01:00,9;1;4;27,1910.5730695779168,4939.183407378765,4939.183407378765,599385.9859173661,5674921.255941112,602991.1442247842,5678325.8228306575
8724,20361,600889.5416188351,5673970.681565274,2019-01-18T16:28:54.104701811+01:00,70;7;17;1;27,807.8851861651943,4862.490830955507,4864.569752015474,601639.3356744002,5673669.870414775,603613.4605930869,5677998.59448673
24074,56639,599115.9494430161,5674966.89090763,2019-01-21T09:25:09.44572750+01:00,14;32;12,461.8682530348977,3217.321349332462,3217.419102805859,598680.3351999826,5675120.391768957,602329.4337208002,5675123.9751566965
10824,25286,599155.8209428856,5676978.2585583655,2019-01-08T15:10:52.856+01:00,14;4;5;9,622.9395838787364,3849.181077849375,3849.2100913441673,598581.271700437,5676737.536949106,603003.6214297075,5677081.342910654
44677,105588,600681.4281407346,5674383.316004638,2019-01-14T14:33:36.664525397+01:00,1;17;70;7,2362.619253351143,5262.784886947453,5263.7520811812155,601374.2064949468,5672124.54910913,603728.6603633757,5678674.15281668
54521,128417,598535.3202319755,5674606.891907329,2019-01-31T19:14:28.946634434+01:00,14;27;32,384.83975001498897,4001.78500285649,4002.039467824842,598508.560859427,5674990.800189569,602509.3373018404,5675077.49953318
23624,55564,599132.8826473801,5672410.484736916,2019-01-07T07:55:19.134+01:00,10;2;1;27,101.28637205703772,750.3608377234556,749.5816253955458,599202.8014687994,5672483.766982895,598836.1535107032,5673099.682245788
44042,104129,598087.8744665566,5675124.0940156095,2019-01-02T18:13:55.225214716+01:00,32;14;20,135.4263772959139,3631.368754594041,3631.290554194583,597961.0868353018,5675076.4998959275,601569.1165166056,5674090.753403414
12605,29485,597916.3197572103,5676365.018991847,2019-01-09T14:07:38.364547433+01:00,14;5;20,630.9730098405917,4858.290099473621,4857.940605398987,598221.2196975106,5675812.603418612,602685.3458852846,5675437.995539938
3460,7950,597965.3313614979,5676553.943103541,2019-01-17T10:02:10.641008079+01:00,5;9;4,1723.9710325187882,5759.046994473837,5759.046994473837,596890.3595431505,5677901.723393767,603224.2294441855,5678901.412643378
19140,44798,598736.9377143654,5676049.327069168,2019-01-31T12:33:39.914824242+01:00,14;9;11,717.1130997341791,4207.4994680980435,4207.239360817751,599014.9931077649,5675388.315423271,602908.6082260528,5675501.406531167
19680,46134,599115.2668641998,5672363.041587543,2019-01-19T08:02:18.600+01:00,10;2;1;69,155.95449569731946,705.9166258143525,705.2299627921991,599214.7267269938,5672483.164609571,598927.1015164305,5673043.418016073
24081,56651,600027.1526853528,5676542.811683397,2019-01-24T16:26:55.715393481+01:00,11;14;9;7,959.6049802537617,3782.578169003897,3782.718607678605,600786.5542428006,5677129.455521406,603444.2422270651,5678164.969711625
38645,91303,598339.7260707832,5672825.53017508,2019-01-11T09:20:17.65020395+01:00,69;18;27,111.60328224620937,6371.327668928424,6371.326726546117,598283.7144602021,5672729.000427912,601540.1752815911,5678334.698997497
45334,107093,598508.0788540522,5674779.92945414,2019-01-15T14:30:07.251406173+01:00,14;32;27,193.66881598434884,3843.5706383199217,3843.7364237933066,598385.097883754,5674929.539919113,602335.0589860239,5675136.6622971045
16177,37794,600385.0821123068,5675076.005474796,2019-01-08T12:01:01.485789302+01:00,11;14;18;1;7;4;27;12,712.7348451011635,2350.366260716925,2350.6209140517035,599673.7459414947,5675120.635190409,602141.3377936698,5676637.987402091
33769,79666,599131.6583068036,5672385.848624664,2019-01-17T10:15:10.231+01:00,10;2;69,125.91273423918494,691.8353572758942,691.2837767780973,599201.9087989895,5672490.342093318,599063.0540575385,5673074.274087993
54080,127369,598344.9383631804,5674023.575179404,2019-01-11T08:26:21.196+01:00,14;69;27;2,400.94279164204966,4284.015322408584,4284.526930312255,598605.4218445924,5674328.37589804,602425.7537998687,5675327.313134024
42773,101045,598238.2929247449,5676113.167804825,2019-01-22T12:36:52.128338427+01:00,6;14;20,1326.1571864968644,4579.339646607105,4579.422935553758,597844.790472196,5677379.599288615,602806.6489413722,5676430.145571132
44501,105180,596779.5365791572,5676691.838015971,2019-01-25T13:05:00.763226127+01:00,5;6;11;32;20;69,1051.202935880762,6315.727335610184,6315.727168284322,597318.9729708309,5677594.077447465,602913.2856193746,5678197.007272037
21196,49726,599135.8970022482,5672407.996796076,2019-01-04T17:55:06.711+01:00,10;2;69;11;27,112.1213368343231,772.7490199972885,772.0208195935967,599199.5910234823,5672500.269575554,598884.5442970882,5673138.724423524
